% Model,SiGratingSlab80.mph
% Version,COMSOL 5.4.0.388
% Date,"Aug 17 2026, 16:22"
% Table,"Table 6 - Global Evaluation 2 (freq, real(freq)/(2*abs(imag(freq))))"
% U (rad),lambda (THz),Frequency (1/s),Q (1)
0,0.5873578572585191+0.061258863810630115i,5.87357857258519E11+6.125886381063012E10i,4.79406424410859
0,0.9830528460190294+0.09071704388013395i,9.830528460190294E11+9.071704388013396E10i,5.418236772121646
0,1.2267366985512904+0.00454463645466351i,1.2267366985512905E12+4.54463645466351E9i,134.96532789685148
0,1.2368321467654118+2.4702627308092177E-8i,1.2368321467654119E12+24702.62730809218i,2.503442511072994E7
0,1.247873940463146+0.4000218471662698i,1.247873940463146E12+4.0002184716626984E11i,1.5597572348898046
0,1.2574879545927633+0.48608669452786213i,1.2574879545927634E12+4.860866945278621E11i,1.2934811513552806
0,1.4871625234954977+0.08030122921002893i,1.4871625234954978E12+8.030122921002893E10i,9.25989887157147
0,1.626379009257896+7.661773279390738E-8i,1.626379009257896E12+76617.73279390739i,1.0613593941970736E7
0,1.674607735514428+0.024984615171513545i,1.674607735514428E12+2.4984615171513546E10i,33.51277824410416
0,1.8987646000629674+0.08581731966635466i,1.8987646000629675E12+8.581731966635466E10i,11.06282861924079
0,2.032432999158545+6.402983002886816E-8i,2.032432999158545E12+64029.830028868164i,1.5870985431651251E7
0,2.1835908345567296+0.017491564456991935i,2.1835908345567295E12+1.7491564456991936E10i,62.418397162978714
0,2.2539367364321996-4.440879000191154E-9i,2.2539367364321997E12-4440.879000191154i,2.5377146465093744E8
0,2.2972324927069736-4.712780532611126E-9i,2.2972324927069736E12-4712.780532611126i,2.4372368677161667E8
0,2.2974018164628194+2.0742638237278385E-5i,2.2974018164628193E12+2.0742638237278387E7i,55378.72738709679
0,2.4350895760565585+0.08429417464190195i,2.4350895760565586E12+8.429417464190195E10i,14.44399679100776
0,2.545289022883926-2.5955565651905914E-7i,2.545289022883926E12-259555.65651905915i,4903166.159079691
0,2.5957106345240484+0.005242435847599584i,2.5957106345240483E12+5.242435847599585E9i,247.5672292406379
0,2.656647591260692-7.246352412968372E-7i,2.656647591260692E12-724635.2412968372i,1833093.0100130416
0,2.70695221028574+0.03438453572721295i,2.70695221028574E12+3.438453572721295E10i,39.362930937342526
8.726646259971648E-4,0.5873585318496544+0.0612585002511041i,5.873585318496544E11+6.12585002511041E10i,4.794098202225152
8.726646259971648E-4,0.9830531260677225+0.09071667106131909i,9.830531260677225E11+9.071667106131909E10i,5.418260583014763
8.726646259971648E-4,1.2267173534693205+0.00453557581025718i,1.2267173534693206E12+4.53557581025718E9i,135.23281329518358
8.726646259971648E-4,1.2368514865871472+9.098937079130109E-6i,1.2368514865871472E12+9098937.07913011i,67966.81171826471
8.726646259971648E-4,1.2478749355067393+0.4000215989259557i,1.2478749355067393E12+4.000215989259557E11i,1.5597594465614366
8.726646259971648E-4,1.2574890313227938+0.48608640209178i,1.2574890313227937E12+4.8608640209178E11i,1.293483037080887
8.726646259971648E-4,1.4871622677167395+0.08030083944910989i,1.4871622677167395E12+8.03008394491099E10i,9.259942224260422
8.726646259971648E-4,1.6263774476691704+2.0322156485097514E-6i,1.6263774476691704E12+2032215.6485097515i,400148.8348103738
8.726646259971648E-4,1.6746095639703216+0.024983004056210758i,1.6746095639703215E12+2.498300405621076E10i,33.514976025351416
8.726646259971648E-4,1.8987644608554723+0.08581725940242502i,1.8987644608554724E12+8.581725940242502E10i,11.062835576882902
8.726646259971648E-4,2.0324325020868206+1.2137817836180885E-7i,2.0324325020868208E12+121378.17836180885i,8372314.2393374285
8.726646259971648E-4,2.1835905492937573+0.017491710655321426i,2.1835905492937573E12+1.7491710655321426E10i,62.41786730646191
8.726646259971648E-4,2.2539368888443807+1.408258543872308E-8i,2.253936888844381E12+14082.585438723081i,8.002567776534483E7
8.726646259971648E-4,2.296828507176915+8.600408199033595E-6i,2.296828507176915E12+8600408.199033596i,133530.20310332498
8.726646259971648E-4,2.2978060548846737+1.2139810870722705E-5i,2.297806054884674E12+1.2139810870722705E7i,94639.28554382335
8.726646259971648E-4,2.4350895347501536+0.08429396685590342i,2.435089534750154E12+8.429396685590341E10i,14.444032150680638
8.726646259971648E-4,2.5452865745408575+8.454062088863254E-8i,2.5452865745408574E12+84540.62088863253i,1.5053630714954335E7
8.726646259971648E-4,2.5957119913647353+0.005242058390009467i,2.5957119913647354E12+5.242058390009467E9i,247.5851848876532
8.726646259971648E-4,2.6566485676350537-4.2575499190664253E-7i,2.6566485676350537E12-425754.99190664256i,3119926.5048401244
8.726646259971648E-4,2.706952410573537+0.03438443087958543i,2.706952410573537E12+3.4384430879585434E10i,39.363053878269895
0.0017453292519943296,0.5873605556156359+0.061257409586117674i,5.87360555615636E11+6.1257409586117676E10i,4.79420007786899
0.0017453292519943296,0.983053966216495+0.09071555261345696i,9.83053966216495E11+9.071555261345695E10i,5.418332016370623
0.0017453292519943296,1.2266594548659953+0.0045088641310963296i,1.2266594548659954E12+4.50886413109633E9i,136.0275469830728
0.0017453292519943296,1.2369093694100217+3.585138754602624E-5i,1.2369093694100217E12+3.5851387546026245E7i,17250.509032907994
0.0017453292519943296,1.2478779206333708+0.40002085420106703i,1.2478779206333708E12+4.00020854201067E11i,1.5597660816030054
0.0017453292519943296,1.2574922615037443+0.4860855247882013i,1.2574922615037444E12+4.860855247882013E11i,1.2934886942494974
0.0017453292519943296,1.4871615003638328+0.08029967015285307i,1.4871615003638328E12+8.029967015285307E10i,9.260072286305608
0.0017453292519943296,1.6263727623079514+7.897877143947616E-6i,1.6263727623079514E12+7897877.143947616i,102962.6526638421
0.0017453292519943296,1.674615049946544+0.024978171854174308i,1.674615049946544E12+2.497817185417431E10i,33.52156954726623
0.0017453292519943296,1.89876404323061+0.08581707860933006i,1.89876404323061E12+8.581707860933006E10i,11.062856450022384
0.0017453292519943296,2.032431010895663+2.9342477577278204E-7i,2.032431010895663E12+293424.77577278204i,3463291.410111713
0.0017453292519943296,2.183589693484086+0.017492149241739023i,2.1835896934840862E12+1.7492149241739025E10i,62.41627782004332
0.0017453292519943296,2.253937345700666+6.965125082042713E-8i,2.253937345700666E12+69651.25082042713i,1.6180164168994632E7
0.0017453292519943296,2.29635102176716+9.520009476234718E-6i,2.29635102176716E12+9520009.47623472i,120606.5512592008
0.0017453292519943296,2.2982842993537163+1.1227095687491174E-5i,2.2982842993537163E12+1.1227095687491175E7i,102354.35607422415
0.0017453292519943296,2.435089410833581+0.08429334349636051i,2.435089410833581E12+8.429334349636052E10i,14.444138231026033
0.0017453292519943296,2.5452792305621976+1.1164130331151463E-6i,2.5452792305621978E12+1116413.0331151462i,1139936.1862786848
0.0017453292519943296,2.595716060775208+0.005240926478027324i,2.595716060775208E12+5.240926478027325E9i,247.6390454681813
0.0017453292519943296,2.6566514967949972+4.708862477258383E-7i,2.656651496794997E12+470886.24772583833i,2820905.8022244107
0.0017453292519943296,2.7069530114470286+0.034384116427684186i,2.706953011447029E12+3.438411642768419E10i,39.36342260154081
0.0026179938779914945,0.5873639285357921+0.06125559185674855i,5.873639285357921E11+6.125559185674855E10i,4.794369874911935
0.0026179938779914945,0.9830553664737287+0.09071368856225018i,9.830553664737288E11+9.071368856225018E10i,5.418451074223102
0.0026179938779914945,1.2265634411660815+0.004465865136439775i,1.2265634411660815E12+4.4658651364397745E9i,137.32652058363638
0.0026179938779914945,1.2370053568102282+7.891833841097439E-5i,1.2370053568102283E12+7.89183384109744E7i,7837.249121797337
0.0026179938779914945,1.2478828958305888+0.4000196129797385i,1.2478828958305889E12+4.0001961297973846E11i,1.5597771400946232
0.0026179938779914945,1.2574976451081923+0.4860840626312462i,1.2574976451081924E12+4.860840626312462E11i,1.29349812283617
0.0026179938779914945,1.4871602213868078+0.0802977212808477i,1.4871602213868079E12+8.02977212808477E10i,9.260289069632163
0.0026179938779914945,1.6263649513927305+1.767020477126114E-5i,1.6263649513927305E12+1.767020477126114E7i,46019.98031278772
0.0026179938779914945,1.6746241952655458+0.02497012199771163i,1.674624195265546E12+2.497012199771163E10i,33.53255934069957
0.0026179938779914945,1.8987633471813834+0.0858167772831046i,1.8987633471813835E12+8.581677728310461E10i,11.062891239305529
0.0026179938779914945,2.0324285256572328+5.801742811686142E-7i,2.0324285256572327E12+580174.2811686143i,1751567.237316535
0.0026179938779914945,2.183588267065595+0.017492880190535316i,2.1835882670655947E12+1.7492880190535316E10i,62.413628953082444
0.0026179938779914945,2.2539381058589747+1.6225990733637362E-7i,2.2539381058589746E12+162259.90733637364i,6945456.036735057
0.0026179938779914945,2.295871404618455+9.855279532121588E-6i,2.295871404618455E12+9855279.532121588i,116479.26358331376
0.0026179938779914945,2.2987651828824798+1.0903320001703745E-5i,2.29876518288248E12+1.0903320001703745E7i,105415.83584281102
0.0026179938779914945,2.435089204314926+0.08429230455862088i,2.435089204314926E12+8.429230455862088E10i,14.444315036027096
0.0026179938779914945,2.5452669940975214+2.8348140222219927E-6i,2.5452669940975215E12+2834814.0222219927i,448930.1545260599
0.0026179938779914945,2.595722839422823+0.005239041492710073i,2.595722839422823E12+5.239041492710073E9i,247.7287919015981
0.0026179938779914945,2.6566563789473028+1.965198419988834E-6i,2.6566563789473027E12+1965198.419988834i,675925.736537687
0.0026179938779914945,2.706954012868339+0.034383592336415865i,2.706954012868339E12+3.438359233641586E10i,39.36403716026769
0.003490658503988659,0.5873686505756561+0.06125304713146001i,5.873686505756561E11+6.125304713146001E10i,4.794607599806895
0.003490658503988659,0.98305732685328+0.09071107895061019i,9.8305732685328E11+9.071107895061018E10i,5.418617759957023
0.003490658503988659,1.2264301244556624+0.004408698077383845i,1.2264301244556624E12+4.408698077383845E9i,139.09209736397227
0.003490658503988659,1.2371386367032808+1.361805446022029E-4i,1.2371386367032808E12+1.361805446022029E8i,4542.273789244593
0.003490658503988659,1.2478898610776907+0.4000178752420086i,1.2478898610776907E12+4.000178752420086E11i,1.559792622170602
0.003490658503988659,1.2575051820904504+0.48608201564436126i,1.2575051820904504E12+4.8608201564436127E11i,1.2935113227995827
0.003490658503988659,1.4871584307023644+0.08029499276575064i,1.4871584307023645E12+8.029499276575064E10i,9.260592594116922
0.003490658503988659,1.6263540119657502+3.134353374605391E-5i,1.6263540119657502E12+3.1343533746053904E7i,25944.01169221236
0.003490658503988659,1.6746370029532651+0.02495886020968229i,1.6746370029532651E12+2.495886020968229E10i,33.54794627808411
0.003490658503988659,1.898762372696099+0.08581635541715643i,1.8987623726960989E12+8.581635541715643E10i,11.062939945807218
0.003490658503988659,2.0324250464917624+9.816344581678852E-7i,2.0324250464917622E12+981634.4581678853i,1035224.9911260572
0.003490658503988659,2.1835862699347515+0.01749390345886042i,2.1835862699347517E12+1.749390345886042E10i,62.4099211210862
0.003490658503988659,2.25393916741106+2.9189978856072897E-7i,2.25393916741106E12+291899.78856072895i,3860809.866503439
0.003490658503988659,2.2953914613534545+1.0042987196276995E-5i,2.2953914613534546E12+1.0042987196276994E7i,114278.32259929457
0.003490658503988659,2.2992469017751715+1.0731741390071896E-5i,2.2992469017751714E12+1.0731741390071897E7i,107123.66326224749
0.003490658503988659,2.435088915207653+0.0842908500349281i,2.4350889152076533E12+8.42908500349281E10i,14.444562572323159
0.003490658503988659,2.545249870388944+5.2376697662022305E-6i,2.5452498703889443E12+5237669.766202231i,242975.40547640075
0.003490658503988659,2.5957323217607025+0.005236405730425282i,2.5957323217607026E12+5.2364057304252825E9i,247.85439243932368
0.003490658503988659,2.6566632144386855+4.05702932781885E-6i,2.6566632144386855E12+4057029.3278188505i,327414.83974765433
0.003490658503988659,2.7069554147718353+0.034382858551469664i,2.7069554147718354E12+3.4382858551469666E10i,39.36489763815942
0.004363323129985824,0.5873747216865798+0.06124977550606632i,5.873747216865798E11+6.124977550606632E10i,4.794913261587423
0.004363323129985824,0.9830598473746507+0.09070772383854582i,9.830598473746508E11+9.070772383854582E10i,5.418832078315828
0.004363323129985824,1.226260770223201+0.004340021581311097i,1.226260770223201E12+4.340021581311097E9i,141.27357977938374
0.004363323129985824,1.2373079436029182+2.049793871809203E-4i,1.2373079436029182E12+2.049793871809203E8i,3018.12772644997
0.004363323129985824,1.2478988163456903+0.40001564096006403i,1.2478988163456904E12+4.00015640960064E11i,1.5598125280184678
0.004363323129985824,1.2575148723865288+0.48607938386045374i,1.2575148723865288E12+4.8607938386045374E11i,1.293528294081634
0.004363323129985824,1.4871561281938754+0.08029148451323495i,1.4871561281938755E12+8.029148451323495E10i,9.260982887598361
0.004363323129985824,1.6263399399101757+4.8909928515286606E-5i,1.6263399399101758E12+4.890992851528661E7i,16625.867071159893
0.004363323129985824,1.6746534772219954+0.024944394506956565i,1.6746534772219954E12+2.4944394506956566E10i,33.56773155497848
0.004363323129985824,1.898761119758397+0.08581581300225331i,1.898761119758397E12+8.581581300225331E10i,11.0630025710328
0.004363323129985824,2.032420573567561+1.4978161769849868E-6i,2.032420573567561E12+1497816.1769849868i,678461.2841005297
0.004363323129985824,2.1835837019466733+0.017495218986728497i,2.1835837019466733E12+1.7495218986728497E10i,62.40515490555145
0.004363323129985824,2.2539405276753346+4.585584573434985E-7i,2.2539405276753345E12+458558.45734349854i,2457637.070672262
0.004363323129985824,2.294911566150845+1.017302899114334E-5i,2.2949115661508447E12+1.017302899114334E7i,112793.91654878795
0.004363323129985824,2.299729084560702+1.062250046570696E-5i,2.299729084560702E12+1.062250046570696E7i,108248.01053127788
0.004363323129985824,2.4350885435305996+0.08428897991441844i,2.4350885435305996E12+8.428897991441844E10i,14.444880849210836
0.004363323129985824,2.545227866760383+8.322088343042145E-6i,2.5452278667603833E12+8322088.343042145i,152920.02210529128
0.004363323129985824,2.5957445000389705+0.005233022394827604i,2.5957445000389707E12+5.233022394827604E9i,248.0158027418956
0.004363323129985824,2.6566720037537794+6.746165689186218E-6i,2.6566720037537793E12+6746165.689186218i,196902.36840849445
0.004363323129985824,2.706957217065611+0.034381914996640714i,2.706957217065611E12+3.438191499664072E10i,39.366004152620555
0.005235987755982989,0.5873821418062908+0.06124577710368315i,5.873821418062908E11+6.124577710368315E10i,4.795286871876161
0.005235987755982989,0.9830629280628875+0.09070362330323033i,9.830629280628876E11+9.070362330323033E10i,5.419094035397132
0.005235987755982989,1.2260571421525308+0.004262766849687627i,1.2260571421525308E12+4.262766849687627E9i,143.81001652041743
0.005235987755982989,1.237511513828162+2.8238367556745895E-4i,1.237511513828162E12+2.823836755674589E8i,2191.188126121922
0.005235987755982989,1.2479097615972548+0.4000129100981649i,1.247909761597255E12+4.000129100981649E11i,1.5598368578791775
0.005235987755982989,1.2575267159141748+0.48607616732175474i,1.2575267159141748E12+4.8607616732175476E11i,1.2935490366078406
0.005235987755982989,1.4871533137113389+0.080287196402095i,1.4871533137113389E12+8.0287196402095E10i,9.26145998586976
0.005235987755982989,1.6263227299741285+7.035917806083364E-5i,1.6263227299741287E12+7.035917806083363E7i,11557.289146896976
0.005235987755982989,1.674673623446412+0.024926735205077197i,1.6746736234464119E12+2.4926735205077198E10i,33.59191666434733
0.005235987755982989,1.8987595883472403+0.08581515002652332i,1.8987595883472405E12+8.581515002652332E10i,11.063079116918058
0.005235987755982989,2.0324151071009795+2.1287334140125496E-6i,2.0324151071009797E12+2128733.4140125494i,477376.61600143375
0.005235987755982989,2.183580562915175+0.01749682669701733i,2.183580562915175E12+1.749682669701733E10i,62.39933105376783
0.005235987755982989,2.2539421831867616+6.622196296785497E-7i,2.2539421831867617E12+662219.6296785497i,1701808.6463858339
0.005235987755982989,2.294431851547337+1.0275682781670494E-5i,2.294431851547337E12+1.0275682781670494E7i,111643.76617581496
0.005235987755982989,2.300211602200788+1.0545367394545984E-5i,2.300211602200788E12+1.0545367394545984E7i,109062.65832854943
0.005235987755982989,2.4350880893079916+0.08428669418310857i,2.4350880893079917E12+8.428669418310857E10i,14.445269878647075
0.005235987755982989,2.5452009926026293+1.2084371023216707E-5i,2.5452009926026294E12+1.2084371023216708E7i,105309.6180062969
0.005235987755982989,2.595759364320457+0.005228895585720141i,2.595759364320457E12+5.22889558572014E9i,248.21296598552757
0.005235987755982989,2.656682747514401+1.0032332997708048E-5i,2.656682747514401E12+1.0032332997708049E7i,132406.02899252533
0.005235987755982989,2.7069594196313997+0.0343807615738152i,2.7069594196314E12+3.43807615738152E10i,39.36735685478609
0.006108652381980154,0.5873909108586958+0.06124105207484051i,5.873909108586958E11+6.1241052074840515E10i,4.795728444874414
0.006108652381980154,0.9830665689484994+0.090698777439004i,9.830665689484994E11+9.0698777439004E10i,5.419403638652259
0.006108652381980154,1.2258214806618002+0.004179862462597766i,1.2258214806618003E12+4.1798624625977664E9i,146.63418852063825
0.006108652381980154,1.237747106964317+3.6546484293155824E-4i,1.237747106964317E12+3.6546484293155825E8i,1693.3873817188398
0.006108652381980154,1.2479226967868406+0.40000968261256487i,1.2479226967868406E12+4.000096826125649E11i,1.559865612047614
0.006108652381980154,1.2575407125728773+0.48607236607989973i,1.2575407125728772E12+4.860723660798997E11i,1.2935735502871242
0.006108652381980154,1.48714998707134+0.08028212828416029i,1.48714998707134E12+8.02821282841603E10i,9.262023932696087
0.006108652381980154,1.6263023758015223+9.567879013532284E-5i,1.6263023758015222E12+9.567879013532284E7i,8498.761185741214
0.006108652381980154,1.6746974481327548+0.024905894924016264i,1.674697448132755E12+2.4905894924016266E10i,33.62050336360082
0.006108652381980154,1.8987577784369134+0.08581436647546072i,1.8987577784369133E12+8.581436647546072E10i,11.063169585828485
0.006108652381980154,2.032408647356388+2.874403251181172E-6i,2.0324086473563877E12+2874403.2511811717i,353535.7550338866
0.006108652381980154,2.1835768526128523+0.017498726495476093i,2.1835768526128525E12+1.7498726495476093E10i,62.39245047853533
0.006108652381980154,2.2539441296837484+9.02862954812516E-7i,2.2539441296837485E12+902862.954812516i,1248220.5176708084
0.006108652381980154,2.293952381132048+1.0364049690839382E-5i,2.2939523811320483E12+1.0364049690839382E7i,110668.7274550428
0.006108652381980154,2.300694395408623+1.0487300212540835E-5i,2.300694395408623E12+1.0487300212540835E7i,109689.5458688894
0.006108652381980154,2.435087552569443+0.08428399282389815i,2.435087552569443E12+8.428399282389815E10i,14.445729675249739
0.006108652381980154,2.545169259354206+1.6520026690294297E-5i,2.545169259354206E12+1.6520026690294296E7i,77032.84344115261
0.006108652381980154,2.595776902500736+0.005224030284839472i,2.595776902500736E12+5.224030284839472E9i,248.44581299938818
0.006108652381980154,2.6566954464786363+1.3915195347448432E-5i,2.656695446478636E12+1.3915195347448433E7i,95460.2281945608
0.006108652381980154,2.706962022324605+0.03437939816289851i,2.706962022324605E12+3.437939816289851E10i,39.3689559296285
0.006981317007977318,0.5874010287535512+0.06123560059728577i,5.874010287535511E11+6.1235600597285774E10i,4.796237997374907
0.006981317007977318,0.9830707700675695+0.09069318635733153i,9.830707700675695E11+9.069318635733154E10i,5.419760896889577
0.006981317007977318,1.2255564092454865+0.004093997416661074i,1.2255564092454866E12+4.093997416661074E9i,149.6772328504556
0.006981317007977318,1.238012099521064+4.515339083899893E-4i,1.238012099521064E12+4.515339083899893E8i,1370.896046251962
0.006981317007977318,1.2479376218606342+0.40000595845165265i,1.2479376218606343E12+4.0000595845165265E11i,1.5598987908719717
0.006981317007977318,1.2575568622438242+0.48606798019592945i,1.2575568622438242E12+4.8606798019592944E11i,1.2936018350117557
0.006981317007977318,1.4871461480570147+0.08027627998438915i,1.4871461480570146E12+8.027627998438914E10i,9.26267477981174
0.006981317007977318,1.6262788699697386+1.2485398463293383E-4i,1.6262788699697385E12+1.2485398463293383E8i,6512.723141159408
0.006981317007977318,1.6747249588811848+0.024881888594800276i,1.6747249588811848E12+2.4881888594800278E10i,33.65349363454594
0.006981317007977318,1.8987556899970297+0.08581346233191955i,1.8987556899970298E12+8.581346233191956E10i,11.063273980560275
0.006981317007977318,2.0324011946461344+3.734845877104482E-6i,2.0324011946461345E12+3734845.877104482i,272086.35396513285
0.006981317007977318,2.183572570771176+0.017500918270720575i,2.183572570771176E12+1.7500918270720577E10i,62.384514257870144
0.006981317007977318,2.2539463620919538+1.1804637422974968E-6i,2.2539463620919536E12+1180463.7422974969i,954686.8240549149
0.006981317007977318,2.2934731929427166+1.0444769598253911E-5i,2.293473192942717E12+1.0444769598253911E7i,109790.51147888052
0.006981317007977318,2.3011774312688034+1.0441729589223924E-5i,2.301177431268803E12+1.0441729589223925E7i,110191.39174240179
0.006981317007977318,2.435086933349949+0.08428087581654475i,2.435086933349949E12+8.428087581654475E10i,14.446260256303184
0.006981317007977318,2.545132680478206+2.1623789208751495E-5i,2.545132680478206E12+2.1623789208751496E7i,58850.29344089587
0.006981317007977318,2.595797100332482+0.005218432338734924i,2.595797100332482E12+5.218432338734924E9i,248.7142624294106
0.006981317007977318,2.6567101015397045+1.8394355213812425E-5i,2.6567101015397046E12+1.8394355213812426E7i,72215.36364440668
0.006981317007977318,2.706965024974278+0.03437782462183739i,2.7069650249742783E12+3.437782462183739E10i,39.37080159596206
0.007853981633974483,0.5874124953870504+0.06122942287622215i,5.874124953870504E11+6.122942287622215E10i,4.796815548747939
0.007853981633974483,0.9830755314618103+0.09068685018677383i,9.830755314618103E11+9.068685018677383E10i,5.4201658202767
0.007853981633974483,1.225264788988227+0.004007457561992895i,1.225264788988227E12+4.0074575619928946E9i,152.8730834992183
0.007853981633974483,1.2383036304184545+5.383050399533634E-4i,1.2383036304184546E12+5.383050399533634E8i,1150.1876617444789
0.007853981633974483,1.2479545367565235+0.40000173755590335i,1.2479545367565234E12+4.000017375559034E11i,1.5599363947539253
0.007853981633974483,1.257575164789938+0.4860630097402207i,1.257575164789938E12+4.860630097402207E11i,1.2936338906575677
0.007853981633974483,1.4871417964180176+0.08026965130079665i,1.4871417964180176E12+8.026965130079665E10i,9.263412586939058
0.007853981633974483,1.6262522040340524+1.5786768628769178E-4i,1.6262522040340525E12+1.5786768628769177E8i,5150.681061703898
0.007853981633974483,1.6747561643414264+0.0248547334667786i,1.6747561643414265E12+2.48547334667786E10i,33.69088963637336
0.007853981633974483,1.898753322992533+0.08581243757612043i,1.8987533229925332E12+8.581243757612044E10i,11.063392304339523
0.007853981633974483,2.0323927493305045+4.710084588313183E-6i,2.0323927493305046E12+4710084.588313184i,215749.07108604207
0.007853981633974483,2.1835677170805856+0.017503401894250186i,2.1835677170805854E12+1.7503401894250187E10i,62.375523634576446
0.007853981633974483,2.2539488745049048+1.494992629116231E-6i,2.253948874504905E12+1494992.629116231i,753832.7716830727
0.007853981633974483,2.292994313984695+1.0521609459185377E-5i,2.292994313984695E12+1.0521609459185377E7i,108965.9487400432
0.007853981633974483,2.301660688737652+1.0404970842029977E-5i,2.301660688737652E12+1.0404970842029978E7i,110603.8990248917
0.007853981633974483,2.4350862316898993+0.08427734313766615i,2.4350862316898994E12+8.427734313766615E10i,14.446861641759469
0.007853981633974483,2.5450912714351053+2.738963768093119E-5i,2.5450912714351055E12+2.7389637680931192E7i,46460.84225508049
0.007853981633974483,2.5958199414540006+0.005212108438805191i,2.5958199414540005E12+5.212108438805191E9i,249.01822093028622
0.007853981633974483,2.656726713724663+2.3469353198553353E-5i,2.656726713724663E12+2.3469353198553354E7i,56599.91332629532
0.007853981633974483,2.7069684273830688+0.03437604078651126i,2.706968427383069E12+3.437604078651126E10i,39.37289410660186
0.008726646259971648,0.5874253106414421+0.06122251914413455i,5.874253106414421E11+6.122251914413455E10i,4.797461120951936
0.008726646259971648,0.9830808531783632+0.09067976907307837i,9.830808531783633E11+9.067976907307837E10i,5.4206184203342165
0.008726646259971648,1.224949556071599+0.003922047945560848i,1.224949556071599E12+3.9220479455608478E9i,156.16198132636964
0.008726646259971648,1.2386187634803354+6.239732111894933E-4i,1.2386187634803354E12+6.239732111894933E8i,992.5255934618815
0.008726646259971648,1.247973441404236+0.3999970198578199i,1.247973441404236E12+3.999970198578199E11i,1.5599784241490497
0.008726646259971648,1.2575956200558625+0.4860574547925309i,1.2575956200558625E12+4.860574547925309E11i,1.2936697170838123
0.008726646259971648,1.487136931870417+0.08026224200452027i,1.487136931870417E12+8.026224200452028E10i,9.264237421792075
0.008726646259971648,1.6262223685788209+1.9470051702740948E-4i,1.6262223685788208E12+1.947005170274095E8i,4176.214818037399
0.008726646259971648,1.6747910741616254+0.024824449115269126i,1.6747910741616255E12+2.4824449115269127E10i,33.73269365182988
0.008726646259971648,1.8987506773836882+0.0858112921856497i,1.8987506773836882E12+8.58112921856497E10i,11.063524560822415
0.008726646259971648,2.0323833118176666+5.800145787417773E-6i,2.0323833118176667E12+5800145.787417773i,175201.0541033732
0.008726646259971648,2.1835622911906216+0.017506177220441406i,2.1835622911906218E12+1.7506177220441406E10i,62.36548001584679
0.008726646259971648,2.2539516601613268+1.8464151936051739E-6i,2.2539516601613267E12+1846415.1936051738i,610358.8369418763
0.008726646259971648,2.2925157660678934+1.0596902596316257E-5i,2.2925157660678936E12+1.0596902596316257E7i,108169.14401312078
0.008726646259971648,2.302144152828877+1.0374785032733077E-5i,2.302144152828877E12+1.0374785032733077E7i,110949.00499458409
0.008726646259971648,2.435085447635077+0.08427339476071449i,2.435085447635077E12+8.42733947607145E10i,14.447533854244558
0.008726646259971648,2.5450450496517236+3.381081939823761E-5i,2.5450450496517236E12+3.3810819398237616E7i,37636.54792974913
0.008726646259971648,2.5958454074218174+0.005205066098685576i,2.5958454074218174E12+5.2050660986855755E9i,249.35758338182688
0.008726646259971648,2.656745284192883+2.9139667759690292E-5i,2.656745284192883E12+2.9139667759690292E7i,45586.403148151745
0.008726646259971648,2.7069722293272203+0.034374046470715014i,2.70697222932722E12+3.437404647071501E10i,39.375233748424506
0.009599310885968814,0.5874394743849564+0.061214889660680755i,5.874394743849564E11+6.1214889660680756E10i,4.798174738541411
0.009599310885968814,0.9830867352698888+0.09067194317911993i,9.830867352698888E11+9.067194317911993E10i,5.421118709940008
0.009599310885968814,1.2246135754043275+0.0038390909275376754i,1.2246135754043274E12+3.8390909275376754E9i,159.49265054133176
0.009599310885968814,1.2389546338039865+7.07216084956534E-4i,1.2389546338039866E12+7.07216084956534E8i,875.9378216631862
0.009599310885968814,1.2479943357251646+0.3999918052820801i,1.2479943357251646E12+3.9999180528208014E11i,1.5600248795660456
0.009599310885968814,1.2576182278679946+0.4860513154419698i,1.2576182278679946E12+4.860513154419698E11i,1.2937093141332554
0.009599310885968814,1.4871315540966785+0.08025405183986589i,1.4871315540966785E12+8.025405183986589E10i,9.265149360084719
0.009599310885968814,1.6261893532753056+2.3533078825965323E-4i,1.6261893532753057E12+2.3533078825965324E8i,3455.113895851661
0.009599310885968814,1.674829698930591+0.024791057449231997i,1.674829698930591E12+2.4791057449232E10i,33.77890802682311
0.009599310885968814,1.8987477531260881+0.08581002613546321i,1.8987477531260881E12+8.581002613546321E10i,11.06367075409491
0.009599310885968814,2.0323728825636196+7.00505898548231E-6i,2.0323728825636196E12+7005058.98548231i,145064.6516164694
0.009599310885968814,2.1835562927100742+0.017509244086562157i,2.1835562927100742E12+1.7509244086562157E10i,62.35438497273252
0.009599310885968814,2.2539547114189977+2.23469150541742E-6i,2.2539547114189976E12+2234691.50541742i,504310.0369681629
0.009599310885968814,2.292037568484131+1.0672204298775375E-5i,2.292037568484131E12+1.0672204298775375E7i,107383.51254890894
0.009599310885968814,2.3026278119622696+1.0349723814891406E-5i,2.3026278119622695E12+1.0349723814891405E7i,111241.02696582102
0.009599310885968814,2.435084581236657+0.08426903065597173i,2.4350845812366567E12+8.426903065597173E10i,14.448276919061097
0.009599310885968814,2.544994034486492+4.087987533266454E-5i,2.5449940344864917E12+4.087987533266454E7i,31127.712765466127
0.009599310885968814,2.595873477747216+0.005197313629108111i,2.5958734777472163E12+5.197313629108111E9i,249.73223312989512
0.009599310885968814,2.656765814234323+3.5404714899211466E-5i,2.656765814234323E12+3.540471489921147E7i,37519.94362611708
0.009599310885968814,2.7069764305565+0.0343718414661345i,2.7069764305565E12+3.43718414661345E10i,39.377820842441615
0.010471975511965978,0.5874549864721217+0.061206534713051854i,5.874549864721217E11+6.120653471305186E10i,4.798956428641361
0.010471975511965978,0.9830931777946232+0.09066337268485669i,9.830931777946233E11+9.066337268485669E10i,5.4216667033324875
0.010471975511965978,1.2242595309139914+0.0037594764748160973i,1.2242595309139915E12+3.7594764748160973E9i,162.82314028496197
0.010471975511965978,1.2393085574684595+7.871437197654018E-4i,1.2393085574684595E12+7.871437197654018E8i,787.2187291526759
0.010471975511965978,1.2480172196325496+0.3999860937454604i,1.2480172196325496E12+3.999860937454604E11i,1.5600757615672904
0.010471975511965978,1.2576429880344353+0.4860445917870111i,1.2576429880344353E12+4.860445917870111E11i,1.293752681632085
0.010471975511965978,1.4871256627455487+0.08024508052423725i,1.4871256627455488E12+8.024508052423724E10i,9.266148485553435
0.010471975511965978,1.6261531469461068+2.797344934439268E-4i,1.626153146946107E12+2.797344934439268E8i,2906.6010539598897
0.010471975511965978,1.674872050113434+0.02475458271867846i,1.674872050113434E12+2.4754582718678463E10i,33.82953510360865
0.010471975511965978,1.8987445501706595+0.08580863939787249i,1.8987445501706594E12+8.58086393978725E10i,11.06383088867469
0.010471975511965978,2.032361462072125+8.324856801828088E-6i,2.0323614620721248E12+8324856.801828089i,122065.85112826386
0.010471975511965978,2.1835497212071173+0.017512602312769538i,2.1835497212071174E12+1.751260231276954E10i,62.342240239617446
0.010471975511965978,2.2539580197249993+2.659775609739366E-6i,2.2539580197249995E12+2659775.609739366i,423712.0626776984
0.010471975511965978,2.291559739368625+1.0748620332476875E-5i,2.291559739368625E12+1.0748620332476875E7i,106597.85481698961
0.010471975511965978,2.303111656631896+1.0328801438512919E-5i,2.303111656631896E12+1.032880143851292E7i,111489.7827372449
0.010471975511965978,2.4350836325512124+0.08426425079052259i,2.4350836325512124E12+8.42642507905226E10i,14.449090864195353
0.010471975511965978,2.5449382471910713+4.858866802084309E-5i,2.5449382471910713E12+4.8588668020843096E7i,26188.59860594829
0.010471975511965978,2.5959041299365637+0.005188860110447678i,2.595904129936564E12+5.188860110447678E9i,250.1420422483309
0.010471975511965978,2.656788305267653+4.22638478181132E-5i,2.6567883052676533E12+4.22638478181132E7i,31430.979932321992
0.010471975511965978,2.7069810307941573+0.034369425542221096i,2.706981030794157E12+3.43694255422211E10i,39.38065574399502
0.011344640137963142,0.5874718467437052+0.06119745461544698i,5.874718467437052E11+6.119745461544698E10i,4.79980622098799
0.011344640137963142,0.9831001808162263+0.09065405778738617i,9.831001808162263E11+9.065405778738617E10i,5.422262416106746
0.011344640137963142,1.2238898583335505+0.0036837387768349703i,1.2238898583335505E12+3.6837387768349705E9i,166.12060904398652
0.011344640137963142,1.2396780987481042+8.63221954063345E-4i,1.2396780987481042E12+8.63221954063345E8i,718.0529253876774
0.011344640137963142,1.2480420930313971+0.3999798851568041i,1.2480420930313972E12+3.9997988515680414E11i,1.5601310707688802
0.011344640137963142,1.2576699003450376+0.4860372839354545i,1.2576699003450376E12+4.8603728393545447E11i,1.2937998193900446
0.011344640137963142,1.4871192574320249+0.08023532774823938i,1.487119257432025E12+8.023532774823938E10i,9.267234889961903
0.011344640137963142,1.6261137376361132+3.2788530137412025E-4i,1.6261137376361133E12+3.2788530137412024E8i,2479.699045399876
0.011344640137963142,1.6749181399806972+0.024715051521350624i,1.6749181399806973E12+2.4715051521350624E10i,33.884577147933186
0.011344640137963142,1.8987410684636514+0.0858071319425698i,1.8987410684636514E12+8.58071319425698E10i,11.064004969508057
0.011344640137963142,2.032349050894638+9.759574964238029E-6i,2.0323490508946377E12+9759574.964238029i,104120.77669067383
0.011344640137963142,2.183542576209501+0.017516251702126732i,2.1835425762095012E12+1.751625170212673E10i,62.32904771356953
0.011344640137963142,2.2539615755821365+3.1216149461647438E-6i,2.2539615755821367E12+3121614.946164744i,361024.92050651263
0.011344640137963142,2.291082296455602+1.0826984326331748E-5i,2.291082296455602E12+1.0826984326331748E7i,105804.26771670757
0.011344640137963142,2.303595678683933+1.0311317942305784E-5i,2.303595678683933E12+1.0311317942305785E7i,111702.2911897919
0.011344640137963142,2.43508260164071+0.0842590551282314i,2.43508260164071E12+8.42590551282314E10i,14.449975720323643
0.011344640137963142,2.544877710868623+5.6928411607075756E-5i,2.544877710868623E12+5.692841160707576E7i,22351.56083779013
0.011344640137963142,2.595937339535254+0.005179715363114239i,2.595937339535254E12+5.179715363114239E9i,250.58687182131948
0.011344640137963142,2.6568127588381345+4.9716356575983106E-5i,2.656812758838135E12+4.971635657598311E7i,26719.70496045544
0.011344640137963142,2.7069860297368873+0.03436679844617527i,2.706986029736887E12+3.436679844617527E10i,39.38373884283293
0.012217304763960308,0.5874900550262138+0.0611876497094948i,5.874900550262137E11+6.1187649709494804E10i,4.8007241478916445
0.012217304763960308,0.9831077444038935+0.09064399870091013i,9.831077444038936E11+9.064399870091013E10i,5.422905865217652
0.012217304763960308,1.2235067156809136+0.0036121386185960567i,1.2235067156809136E12+3.612138618596057E9i,169.36043226331918
0.012217304763960308,1.2400610996329358+9.351900331753702E-4i,1.2400610996329358E12+9.351900331753702E8i,662.9995271775929
0.012217304763960308,1.248068955818558+0.3999731794172101i,1.248068955818558E12+3.9997317941721014E11i,1.5601908078400217
0.012217304763960308,1.257698964571395+0.4860293920044651i,1.257698964571395E12+4.860293920044651E11i,1.2938507272003015
0.012217304763960308,1.48711233773719+0.08022479317562788i,1.48711233773719E12+8.022479317562788E10i,9.268408673124329
0.012217304763960308,1.6260711126897691+3.797545505530989E-4i,1.626071112689769E12+3.7975455055309886E8i,2140.9501351879194
0.012217304763960308,1.6749679815311889+0.024672492808341415i,1.674967981531189E12+2.4672492808341415E10i,33.94403627032179
0.012217304763960308,1.898737307946649+0.08580550373661325i,1.898737307946649E12+8.580550373661325E10i,11.064193001972068
0.012217304763960308,2.0323356496302294+1.1309252310203383E-5i,2.0323356496302292E12+1.1309252310203383E7i,89852.78574944449
0.012217304763960308,2.1835348572047346+0.01752019204060366i,2.1835348572047349E12+1.752019204060366E10i,62.314809453695375
0.012217304763960308,2.2539653685113237+3.620149683079252E-6i,2.2539653685113237E12+3620149.683079252i,311308.3112345413
0.012217304763960308,2.2906052575326763+1.0907959581853084E-5i,2.2906052575326763E12+1.0907959581853084E7i,104996.96301329436
0.012217304763960308,2.304079870899806+1.0296758012114227E-5i,2.3040798708998057E12+1.0296758012114227E7i,111883.75351683682
0.012217304763960308,2.435081488572535+0.08425344362974052i,2.435081488572535E12+8.425344362974052E10i,14.45093152081548
0.012217304763960308,2.5448124504287515+6.588970385975598E-5i,2.5448124504287515E12+6.5889703859755985E7i,19311.15410569532
0.012217304763960308,2.5959730801751184+0.005169889916014961i,2.5959730801751187E12+5.169889916014961E9i,251.06657224300616
0.012217304763960308,2.6568391766153296+5.776146769796501E-5i,2.6568391766153296E12+5.776146769796501E7i,22998.36969610913
0.012217304763960308,2.7069914270547657+0.03436395990285786i,2.7069914270547656E12+3.436395990285786E10i,39.38707056327406
0.013089969389957472,0.5875096111326085+0.06117712036382827i,5.875096111326085E11+6.117712036382827E10i,4.801710244276068
0.013089969389957472,0.983115868632314+0.09063319565671658i,9.831158686323141E11+9.063319565671658E10i,5.423597068981082
0.013089969389957472,1.2231119817314877+0.0035447387587067194i,1.2231119817314878E12+3.5447387587067194E9i,172.52498209173166
0.013089969389957472,1.24045568135609+0.0010029852312640323i,1.24045568135609E12+1.0029852312640322E9i,618.381827912252
0.013089969389957472,1.248097807882645+0.3999659764199535i,1.248097807882645E12+3.9996597641995355E11i,1.5602549735032658
0.013089969389957472,1.2577301804668264+0.4860209161204843i,1.2577301804668264E12+4.860209161204843E11i,1.2939054048396508
0.013089969389957472,1.4871049032081936+0.0802134764434271i,1.4871049032081936E12+8.021347644342711E10i,9.26966994291176
0.013089969389957472,1.6260252588346216+4.3531124510575857E-4i,1.6260252588346216E12+4.353112451057586E8i,1867.6582297335092
0.013089969389957472,1.6750215884085105+0.02462693788812144i,1.6750215884085105E12+2.462693788812144E10i,34.007914341970235
0.013089969389957472,1.8987332685565654+0.08580375474442149i,1.8987332685565654E12+8.58037547444215E10i,11.064394991875405
0.013089969389957472,2.0323212589255086+1.29739307869328E-5i,2.0323212589255085E12+1.29739307869328E7i,78323.26579745747
0.013089969389957472,2.183526563640281+0.017524423097085226i,2.1835265636402812E12+1.7524423097085228E10i,62.299527680413604
0.013089969389957472,2.2539693870097133+4.155311983150834E-6i,2.2539693870097134E12+4155311.9831508347i,271215.4221090041
0.013089969389957472,2.290128640736375+1.0992100558709296E-5i,2.290128640736375E12+1.0992100558709295E7i,104171.56523017127
0.013089969389957472,2.3045642267424244+1.0284730224069632E-5i,2.3045642267424243E12+1.0284730224069633E7i,112038.14667637029
0.013089969389957472,2.4350802934194604+0.08424741625242207i,2.4350802934194604E12+8.424741625242207E10i,14.451958301744673
0.013089969389957472,2.5447424925394717+7.546255994602472E-5i,2.5447424925394717E12+7.546255994602472E7i,16860.96055023592
0.013089969389957472,2.5960113236250733+0.0051593949732892655i,2.596011323625073E12+5.159394973289266E9i,251.58098353245865
0.013089969389957472,2.6568675603906104+6.63983437959851E-5i,2.6568675603906104E12+6.6398343795985095E7i,20007.031866292295
0.013089969389957472,2.706997222391121+0.034360909614683105i,2.706997222391121E12+3.4360909614683105E10i,39.39065136439763
0.013962634015954637,0.5875305148618677+0.06116586697449881i,5.875305148618677E11+6.116586697449881E10i,4.802764547642398
0.013962634015954637,0.9831245535815274+0.09062164890320867i,9.831245535815275E11+9.062164890320868E10i,5.424336047071847
0.013962634015954637,1.2227072723020194+0.0034814664470206105i,1.2227072723020193E12+3.481466447020611E9i,175.60233466394524
0.013962634015954637,1.240860228110028+0.0010666803337296162i,1.240860228110028E12+1.0666803337296163E9i,581.6457793739371
0.013962634015954637,1.2481286491041972+0.39995827605037443i,1.2481286491041973E12+3.9995827605037445E11i,1.5603235685351793
0.013962634015954637,1.2577635477664157+0.48601185641928013i,1.2577635477664158E12+4.8601185641928015E11i,1.293963852068404
0.013962634015954637,1.4870969533580796+0.08020137716185391i,1.4870969533580796E12+8.020137716185391E10i,9.271018815281552
0.013962634015954637,1.6259761622708482+4.945220527132947E-4i,1.6259761622708481E12+4.9452205271329474E8i,1643.9875161780983
0.013962634015954637,1.6750789748116561+0.024578420428568275i,1.6750789748116562E12+2.4578420428568275E10i,34.07621290554252
0.013962634015954637,1.8987289502256448+0.08580188492780084i,1.8987289502256448E12+8.580188492780084E10i,11.06461094545508
0.013962634015954637,2.0323058794745217+1.4753655452512511E-5i,2.0323058794745217E12+1.4753655452512512E7i,68874.6557087459
0.013962634015954637,2.183517694923794+0.017528944623384602i,2.1835176949237942E12+1.75289446233846E10i,62.283204774657634
0.013962634015954637,2.2539736185042063+4.727025169822353E-6i,2.2539736185042065E12+4727025.169822353i,238413.54102509608
0.013962634015954637,2.28965246476024+1.107989174220343E-5i,2.2896524647602397E12+1.1079891742203431E7i,103324.67672219792
0.013962634015954637,2.305048740194423+1.0274929009692174E-5i,2.305048740194423E12+1.0274929009692175E7i,112168.59688374039
0.013962634015954637,2.4350790162596905+0.08424097295037192i,2.4350790162596904E12+8.424097295037192E10i,14.453056101893822
0.013962634015954637,2.544667865576243+8.563644774164442E-5i,2.544667865576243E12+8.563644774164443E7i,14857.388020421055
0.013962634015954637,2.596052039844839+0.005148242379529432i,2.596052039844839E12+5.148242379529432E9i,252.12993566186051
0.013962634015954637,2.656897912074478+7.562608313778815E-5i,2.656897912074478E12+7.562608313778816E7i,17566.01559830687
0.013962634015954637,2.707003415362552+0.0343576472615634i,2.7070034153625522E12+3.4357647261563404E10i,39.39448174018207
0.014835298641951803,0.5875527659989459+0.061153889964584957i,5.875527659989459E11+6.115388996458496E10i,4.803887098099611
0.014835298641951803,0.9831337993371212+0.09060935870584688i,9.831337993371212E11+9.060935870584688E10i,5.425122820528698
0.014835298641951803,1.2222939659815606+0.0034221618681476145i,1.2222939659815605E12+3.4221618681476145E9i,178.58506012796778
0.014835298641951803,1.2412733613155447+0.0011264351936378782i,1.2412733613155447E12+1.1264351936378782E9i,550.9741564922128
0.014835298641951803,1.2481614793555653+0.3999500781861468i,1.2481614793555654E12+3.999500781861468E11i,1.5603965937651847
0.014835298641951803,1.2577990661869782+0.48600221304593083i,1.2577990661869783E12+4.8600221304593085E11i,1.2940260686303777
0.014835298641951803,1.487088487665733+0.08018849491441245i,1.4870884876657332E12+8.018849491441245E10i,9.27245541428946
0.014835298641951803,1.6259238087666148+5.573513051013494E-4i,1.6259238087666147E12+5.573513051013495E8i,1458.6166694908472
0.014835298641951803,1.6751401553997205+0.024526976456455154i,1.6751401553997205E12+2.4526976456455154E10i,34.14893308137145
0.014835298641951803,1.8987243528814668+0.08579989424592126i,1.8987243528814668E12+8.579989424592126E10i,11.06484086937979
0.014835298641951803,2.032289512018664+1.6648474476131955E-5i,2.032289512018664E12+1.6648474476131955E7i,61035.30731696321
0.014835298641951803,2.1835082504233347+0.017533756354249128i,2.183508250423335E12+1.7533756354249126E10i,62.26584327705067
0.014835298641951803,2.2539780493001484+5.335202809520413E-6i,2.2539780493001484E12+5335202.809520413i,211236.39810636934
0.014835298641951803,2.2891767490134525+1.1171773205644498E-5i,2.2891767490134526E12+1.11717732056445E7i,102453.59921273975
0.014835298641951803,2.3055334056507015+1.0267110014191294E-5i,2.3055334056507017E12+1.0267110014191294E7i,112277.6225473367
0.014835298641951803,2.435077657176833+0.08423411367437103i,2.435077657176833E12+8.423411367437103E10i,14.454224962764265
0.014835298641951803,2.5445885995683697+9.64003244562921E-5i,2.5445885995683696E12+9.640032445629211E7i,13198.02922822156
0.014835298641951803,2.59609519704155+0.005136444583734609i,2.59609519704155E12+5.136444583734609E9i,252.71324889423607
0.014835298641951803,2.6569302336936684+8.544371924097858E-5i,2.6569302336936685E12+8.544371924097858E7i,15547.83814009943
0.014835298641951803,2.707010005558723+0.034354172500775736i,2.707010005558723E12+3.4354172500775734E10i,39.39856221973616
0.015707963267948967,0.5875763643151808+0.061141189784319185i,5.875763643151808E11+6.114118978431918E10i,4.80507793835798
0.015707963267948967,0.9831436059900931+0.09059632534718726i,9.831436059900931E11+9.059632534718726E10i,5.425957411751782
0.015707963267948967,1.2218732334096831+0.003366613806841337i,1.221873233409683E12+3.3666138068413367E9i,181.46917102975988
0.015707963267948967,1.2416939103435445+0.0011824610664663815i,1.2416939103435444E12+1.1824610664663815E9i,525.0464245956832
0.015707963267948967,1.248196298500984+0.39994138269712315i,1.2481962985009841E12+3.9994138269712317E11i,1.5604740500762921
0.015707963267948967,1.2578367354270918+0.48599198615480116i,1.2578367354270918E12+4.8599198615480115E11i,1.2940920542529666
0.015707963267948967,1.487079505575697+0.08017482925789662i,1.487079505575697E12+8.017482925789662E10i,9.273979872113234
0.015707963267948967,1.6258681837590363+6.23761001504432E-4i,1.6258681837590364E12+6.237610015044321E8i,1303.2781624994584
0.015707963267948967,1.675205145191122+0.024472644353934453i,1.675205145191122E12+2.4472644353934452E10i,34.226075469482325
0.015707963267948967,1.8987194764469484+0.08579778265532859i,1.8987194764469485E12+8.579778265532858E10i,11.065084770748594
0.015707963267948967,2.032272157346575+1.8658439139805008E-5i,2.0322721573465752E12+1.8658439139805008E7i,54459.865107661244
0.015707963267948967,2.1834982294676437+0.017538858007370515i,2.1834982294676436E12+1.7538858007370514E10i,62.2474458870142
0.015707963267948967,2.253982664524754+5.979747681037073E-6i,2.253982664524754E12+5979747.681037073i,188468.0411911497
0.015707963267948967,2.2887015137513247+1.1268158110084668E-5i,2.2887015137513247E12+1.1268158110084668E7i,101556.15014413955
0.015707963267948967,2.3060182178443793+1.0261073622397692E-5i,2.3060182178443794E12+1.0261073622397693E7i,112367.29716132447
0.015707963267948967,2.4350762162599184+0.08422683837185736i,2.4350762162599185E12+8.422683837185736E10i,14.455464928584737
0.015707963267948967,2.5445047261429807+1.0774267432179695E-4i,2.544504726142981E12+1.0774267432179695E8i,11808.2493411258
0.015707963267948967,2.596140761728951+0.0051240146021901915i,2.596140761728951E12+5.124014602190191E9i,253.33073412976475
0.015707963267948967,2.656964527388105+9.585022041840525E-5i,2.656964527388105E12+9.585022041840525E7i,13859.98131141445
0.015707963267948967,2.7070169925423486+0.03435048496687275i,2.7070169925423486E12+3.4350484966872753E10i,39.40289336748764
0.016580627893946133,0.5876013095677911+0.06112776691110179i,5.876013095677911E11+6.112776691110179E10i,4.806337113723953
0.016580627893946133,0.9831539736367849+0.09058254912683059i,9.831539736367849E11+9.058254912683058E10i,5.426839844505846
0.016580627893946133,1.2214460664227953+0.0033145848265456524i,1.2214460664227954E12+3.3145848265456524E9i,184.2532519669658
0.016580627893946133,1.242120883368741+0.0012349954314097484i,1.242120883368741E12+1.2349954314097486E9i,502.8848090356329
0.016580627893946133,1.2482331063966556+0.39993218944539954i,1.2482331063966558E12+3.9993218944539954E11i,1.5605559384049905
0.016580627893946133,1.2578765551670659+0.4859811759095203i,1.257876555167066E12+4.8598117590952026E11i,1.294161808647149
0.016580627893946133,1.4870700064980973+0.08016037972244257i,1.4870700064980974E12+8.016037972244257E10i,9.27559232907277
0.016580627893946133,1.6258092724603244+6.937108157078578E-4i,1.6258092724603245E12+6.937108157078577E8i,1171.8206172130674
0.016580627893946133,1.6752739594575294+0.024415464851436863i,1.6752739594575295E12+2.4415464851436863E10i,34.30764004804395
0.016580627893946133,1.8987143208403383+0.08579555010995131i,1.8987143208403384E12+8.579555010995131E10i,11.06534265709026
0.016580627893946133,2.032253816294027+2.0783603837580087E-5i,2.032253816294027E12+2.078360383758009E7i,48890.79469026893
0.016580627893946133,2.183487631346384+0.017544249283390982i,2.1834876313463843E12+1.7544249283390984E10i,62.22801546183787
0.016580627893946133,2.2539874480649402+6.6605506375736215E-6i,2.2539874480649404E12+6660550.637573621i,169204.28735649158
0.016580627893946133,2.2882267801901364+1.1369445137531567E-5i,2.288226780190136E12+1.1369445137531567E7i,100630.53880424175
0.016580627893946133,2.3065031717939344+1.0256653663548078E-5i,2.3065031717939346E12+1.0256653663548078E7i,112439.3611920034
0.016580627893946133,2.435074693603406+0.08421914698690201i,2.4350746936034062E12+8.421914698690201E10i,14.456776046319465
0.016580627893946133,2.544416278466736+1.1965154714368421E-4i,2.544416278466736E12+1.1965154714368421E8i,10632.609185618217
0.016580627893946133,2.5961886987890384+0.0051109659805290055i,2.5961886987890386E12+5.110965980529006E9i,253.9821932565791
0.016580627893946133,2.6570007954076265+1.0684448934508099E-4i,2.6570007954076265E12+1.0684448934508099E8i,12433.96272327241
0.016580627893946133,2.707024375849034+0.034346584271567886i,2.707024375849034E12+3.4346584271567886E10i,39.40747578340577
0.017453292519943295,0.587627601500031+0.061113621849434654i,5.87627601500031E11+6.1113621849434654E10i,4.807664672106706
0.017453292519943295,0.9831649023789658+0.09056803036142061i,9.831649023789658E11+9.056803036142061E10i,5.42777014392137
0.017453292519943295,1.2210133050547598+0.0032658283767840923i,1.2210133050547598E12+3.2658283767840924E9i,186.93776343769616
0.017453292519943295,1.2425534403690333+0.0012842848841282384i,1.2425534403690332E12+1.2842848841282384E9i,483.7530425394938
0.017453292519943295,1.2482719028907168+0.3999224982854187i,1.2482719028907168E12+3.999224982854187E11i,1.560642259740841
0.017453292519943295,1.2579185250689917+0.4859697824829668i,1.2579185250689917E12+4.859697824829668E11i,1.2942353315075528
0.017453292519943295,1.487059989808471+0.08014514581154539i,1.4870599898084712E12+8.01451458115454E10i,9.277292933655447
0.017453292519943295,1.625747059968881+7.671581071690115E-4i,1.625747059968881E12+7.671581071690115E8i,1059.5906142270064
0.017453292519943295,1.6753466136129143+0.024355481016523302i,1.6753466136129143E12+2.4355481016523304E10i,34.393626068734214
0.017453292519943295,1.8987088859752133+0.0857931965610933i,1.8987088859752134E12+8.57931965610933E10i,11.06561453636445
0.017453292519943295,2.032234489743807+2.302402607786698E-5i,2.0322344897438074E12+2.302402607786698E7i,44132.90887681448
0.017453292519943295,2.18347645531044+0.017549929865925948i,2.1834764553104404E12+1.754992986592595E10i,62.207555015640466
0.017453292519943295,2.2539923824991073+7.377489343758498E-6i,2.2539923824991074E12+7377489.343758498i,152761.48005595084
0.017453292519943295,2.2877525706141157+1.1476027690892746E-5i,2.2877525706141157E12+1.1476027690892747E7i,99675.28103952084
0.017453292519943295,2.3069882627643046+1.0253709470978111E-5i,2.3069882627643047E12+1.0253709470978111E7i,112495.30081254774
0.017453292519943295,2.435073089307184+0.08421103946017446i,2.435073089307184E12+8.421103946017445E10i,14.458158365678363
0.017453292519943295,2.5443232911855738+1.3211459747194707E-4i,2.5443232911855737E12+1.3211459747194707E8i,9629.228487509981
0.017453292519943295,2.5962389715359184+0.005097312755181049i,2.5962389715359185E12+5.097312755181049E9i,254.66741950423088
0.017453292519943295,2.657039040108523+1.1842536259186093E-4i,2.657039040108523E12+1.1842536259186094E8i,11218.200991563332
0.017453292519943295,2.7070321549871785+0.03434247000358872i,2.7070321549871787E12+3.4342470003588722E10i,39.41231010326717
0.01832595714594046,0.5876552398415292+0.06109875513078365i,5.876552398415293E11+6.109875513078365E10i,4.809060664031831
0.01832595714594046,0.9831763923238604+0.09055276938466149i,9.831763923238605E11+9.055276938466148E10i,5.4287483364942695
0.01832595714594046,1.2205756614876644+0.003220099959583606i,1.2205756614876643E12+3.220099959583606E9i,189.52449874343313
0.01832595714594046,1.2429908691747602+0.0013305739702373605i,1.2429908691747603E12+1.3305739702373605E9i,467.08822544943655
0.01832595714594046,1.2483126878231816+0.39991230906390784i,1.2483126878231816E12+3.9991230906390784E11i,1.5607330151266932
0.01832595714594046,1.2579626447767422+0.48595780605725936i,1.2579626447767422E12+4.8595780605725934E11i,1.2943126225124566
0.01832595714594046,1.4870494548476063+0.08012912700209765i,1.4870494548476064E12+8.012912700209766E10i,9.279081842540714
0.01832595714594046,1.6256815313849031+8.44057936746263E-4i,1.625681531384903E12+8.44057936746263E8i,963.0153693309849
0.01832595714594046,1.6754231230981123+0.02429273823809131i,1.6754231230981123E12+2.429273823809131E10i,34.48403194974185
0.01832595714594046,1.8987031717605125+0.08579072195743229i,1.8987031717605125E12+8.579072195743228E10i,11.065900416962412
0.01832595714594046,2.032214178625603+2.5379766483192212E-5i,2.0322141786256028E12+2.5379766483192213E7i,40036.108684676816
0.01832595714594046,2.183464700572209+0.01755589942155366i,2.1834647005722092E12+1.755589942155366E10i,62.18606771839711
0.01832595714594046,2.2539974490224144+8.130426876544617E-6i,2.2539974490224146E12+8130426.876544618i,138614.95117340935
0.01832595714594046,2.2872789084794816+1.1588300982369014E-5i,2.2872789084794814E12+1.1588300982369015E7i,98689.13967455
0.01832595714594046,2.307473486237381+1.0252120197528264E-5i,2.307473486237381E12+1.0252120197528264E7i,112536.40426463696
0.01832595714594046,2.43507140347658+0.0842025157288967i,2.43507140347658E12+8.42025157288967E10i,14.45961193912945
0.01832595714594046,2.544225800362677+1.451191241603596E-4i,2.5442258003626772E12+1.451191241603596E8i,8765.990750989014
0.01832595714594046,2.5962915417815253+0.005083069414442197i,2.5962915417815254E12+5.083069414442197E9i,255.38619779663543
0.01832595714594046,2.657079263949939+1.3059161016648477E-4i,2.6570792639499395E12+1.3059161016648479E8i,10173.238773006016
0.01832595714594046,2.707040329437835+0.034338141728541646i,2.707040329437835E12+3.4338141728541645E10i,39.41739699891448
0.019198621771937627,0.5876842243076588+0.06108316731354907i,5.876842243076588E11+6.108316731354907E10i,4.810525142638621
0.019198621771937627,0.9831884435838336+0.09053676654727724i,9.831884435838336E11+9.053676654727724E10i,5.429774450087215
0.019198621771937627,1.2201337407204553+0.003177164068099907i,1.2201337407204553E12+3.177164068099907E9i,192.01616828213605
0.019198621771937627,1.243432564800005+0.0013740982467725527i,1.2434325648000051E12+1.3740982467725527E9i,452.4540249289118
0.019198621771937627,1.2483554610261487+0.39990162161985626i,1.2483554610261487E12+3.9990162161985626E11i,1.5608282056590743
0.019198621771937627,1.2580089139158908+0.48594524682377843i,1.2580089139158909E12+4.8594524682377844E11i,1.2943936813236194
0.019198621771937627,1.4870384009214486+0.08011232274446153i,1.4870384009214485E12+8.011232274446153E10i,9.280959220622854
0.019198621771937627,1.62561267193005+9.24363087512377E-4i,1.62561267193005E12+9.24363087512377E8i,879.3150082966091
0.019198621771937627,1.6755035032612744+0.024227284205493135i,1.6755035032612744E12+2.4227284205493134E10i,34.578855166964644
0.019198621771937627,1.8986971781004898+0.08578812624504549i,1.8986971781004897E12+8.578812624504549E10i,11.066200307703685
0.019198621771937627,2.0321928839158643+2.7850888792473375E-5i,2.0321928839158645E12+2.7850888792473376E7i,36483.44760302693
0.019198621771937627,2.183452366305909+0.017562157599852374i,2.1834523663059092E12+1.7562157599852375E10i,62.16355689474803
0.019198621771937627,2.2540026273649896+8.91921017450947E-6i,2.2540026273649897E12+8919210.17450947i,126356.62705913045
0.019198621771937627,2.286805818519043+1.1706667743254673E-5i,2.286805818519043E12+1.1706667743254673E7i,97671.08235546746
0.019198621771937627,2.307958837889021+1.0251780651216246E-5i,2.307958837889021E12+1.0251780651216246E7i,112563.80312893304
0.019198621771937627,2.435069636222368+0.08419357572682282i,2.435069636222368E12+8.419357572682281E10i,14.461136821907134
0.019198621771937627,2.544123843414921+1.5865211011899656E-4i,2.544123843414921E12+1.5865211011899656E8i,8017.932574318451
0.019198621771937627,2.596346369903199+0.00506825085937856i,2.5963463699031987E12+5.06825085937856E9i,256.1383051017277
0.019198621771937627,2.657121469490048+1.4334193505951114E-4i,2.657121469490048E12+1.4334193505951115E8i,9268.472161991162
0.019198621771937627,2.7070488986546044+0.034333598988783624i,2.7070488986546045E12+3.4333598988783627E10i,39.42273717851375
0.020071286397934793,0.5877145546000679+0.061066858983307035i,5.87714554600068E11+6.106685898330704E10i,4.812058163665524
0.020071286397934793,0.9832010562767923+0.0905200222170059i,9.832010562767924E11+9.05200222170059E10i,5.430848513932862
0.020071286397934793,1.2196880580911273+0.003136798198540975i,1.2196880580911274E12+3.136798198540975E9i,194.41608622742186
0.020071286397934793,1.243878011920492+0.0014150802702511116i,1.243878011920492E12+1.4150802702511117E9i,439.5079339561991
0.020071286397934793,1.2484002223236743+0.3998904357847818i,1.2484002223236743E12+3.998904357847818E11i,1.5609278324870397
0.020071286397934793,1.2580573320938744+0.4859321049830493i,1.2580573320938745E12+4.859321049830493E11i,1.2944785075867329
0.020071286397934793,1.4870268273008804+0.0800947324624588i,1.4870268273008804E12+8.00947324624588E10i,9.28292524104419
0.020071286397934793,1.6255404670706814+0.001008024091278842i,1.6255404670706814E12+1.0080240912788421E9i,806.3004054835732
0.020071286397934793,1.6755877692348218+0.02415916888197795i,1.6755877692348218E12+2.415916888197795E10i,34.67809214423685
0.020071286397934793,1.8986909048947564+0.08578540936737702i,1.8986909048947566E12+8.578540936737703E10i,11.066514217840883
0.020071286397934793,2.0321706066376786+3.04374598596124E-5i,2.0321706066376787E12+3.0437459859612398E7i,33382.723394309505
0.020071286397934793,2.183439451647905+0.017568704033387544i,2.1834394516479053E12+1.7568704033387543E10i,62.14002602293544
0.020071286397934793,2.2540078957025034+9.743668329436069E-6i,2.2540078957025034E12+9743668.32943607i,115665.26176250489
0.020071286397934793,2.2863333268497823+1.1831543026118111E-5i,2.286333326849782E12+1.183154302611811E7i,96620.25155141241
0.020071286397934793,2.308444313570683+1.025259820376708E-5i,2.308444313570683E12+1.025259820376708E7i,112578.50291658258
0.020071286397934793,2.4350677876607647+0.08418421938418855i,2.4350677876607646E12+8.418421938418855E10i,14.462733072025838
0.020071286397934793,2.544017459047978+1.727002620031082E-4i,2.544017459047978E12+1.727002620031082E8i,7365.412853288525
0.020071286397934793,2.5964034149126314+0.0050528723647623236i,2.5964034149126313E12+5.052872364762323E9i,256.9235107757131
0.020071286397934793,2.6571656593820463+1.5667497277823417E-4i,2.6571656593820464E12+1.5667497277823418E8i,8479.866350904478
0.020071286397934793,2.7070578620634205+0.03432884130326997i,2.7070578620634204E12+3.4328841303269974E10i,39.428331386844114
0.020943951023931956,0.5877462304065063+0.061049830752427016i,5.877462304065063E11+6.104983075242702E10i,4.813659785478936
0.020943951023931956,0.9832142305258279+0.0905025367786097i,9.832142305258279E11+9.05025367786097E10i,5.431970558631959
0.020943951023931956,1.2192390539637872+0.003098794887072819i,1.219239053963787E12+3.098794887072819E9i,196.72793753630845
0.020943951023931956,1.244326770186476+0.0014537275597101822i,1.244326770186476E12+1.4537275597101822E9i,427.97798042521373
0.020943951023931956,1.2484469715318909+0.39987875138242485i,1.2484469715318909E12+3.9987875138242487E11i,1.561031896813562
0.020943951023931956,1.2581078988998566+0.4859183807448271i,1.2581078988998567E12+4.8591838074482715E11i,1.2945671009310238
0.020943951023931956,1.4870147332215633+0.08007635555345648i,1.4870147332215632E12+8.007635555345648E10i,9.284980085219278
0.020943951023931956,1.6254649026440804+0.0010949892611574943i,1.6254649026440803E12+1.0949892611574943E9i,742.2286958895968
0.020943951023931956,1.6756759358093243+0.024088444472051468i,1.6756759358093242E12+2.4088444472051468E10i,34.781738143231316
0.020943951023931956,1.8986843520382624+0.08578257126527243i,1.8986843520382625E12+8.578257126527243E10i,11.06684215705546
0.020943951023931956,2.032147347860619+3.313954965652547E-5i,2.0321473478606194E12+3.3139549656525474E7i,30660.455089504685
0.020943951023931956,2.183425955697061+0.01757553833773782i,2.1834259556970613E12+1.757553833773782E10i,62.1154787335548
0.020943951023931956,2.2540132305584955+1.0603610687798976E-5i,2.2540132305584956E12+1.0603610687798977E7i,106285.17478258946
0.020943951023931956,2.2858614610853496+1.1963358436879216E-5i,2.2858614610853496E12+1.1963358436879216E7i,95535.94306924586
0.020943951023931956,2.3089299092944335+1.0254490453857727E-5i,2.3089299092944336E12+1.0254490453857727E7i,112581.40615001581
0.020943951023931956,2.435065857913451+0.08417444662767427i,2.435065857913451E12+8.417444662767427E10i,14.464400750291762
0.020943951023931956,2.54390668719041+1.8725004970186648E-4i,2.54390668719041E12+1.8725004970186648E8i,6792.806440480888
0.020943951023931956,2.596462634526104+0.005036949540243257i,2.596462634526104E12+5.0369495402432575E9i,257.7415768990123
0.020943951023931956,2.657211836370018+1.7058929089925668E-4i,2.657211836370018E12+1.7058929089925668E8i,7788.331325966009
0.020943951023931956,2.7070672190624703+0.03432386816736257i,2.70706721906247E12+3.4323868167362568E10i,39.43418040564162
0.02181661564992912,0.5877792514005883+0.06103208326018971i,5.877792514005883E11+6.103208326018971E10i,4.8153300690621155
0.02181661564992912,0.9832279664593355+0.09048431063376985i,9.832279664593356E11+9.048431063376985E10i,5.433140616161046
0.02181661564992912,1.2187871059536384+0.0030629624489447453i,1.2187871059536384E12+3.0629624489447455E9i,198.9556069114618
0.02181661564992912,1.2447784619977453+0.001490231857691849i,1.2447784619977454E12+1.490231857691849E9i,417.6459037473957
0.02181661564992912,1.2484957084590154+0.3998665682291304i,1.2484957084590154E12+3.9986656822913043E11i,1.561140399894104
0.02181661564992912,1.258160613904765+0.4859040743280594i,1.258160613904765E12+4.859040743280594E11i,1.2946594609693625
0.02181661564992912,1.487002117883783+0.08005719138840679i,1.487002117883783E12+8.00571913884068E10i,9.287123942866161
0.02181661564992912,1.6253859649871758+0.0011852047307281289i,1.6253859649871758E12+1.185204730728129E9i,685.6983957483118
0.02181661564992912,1.6757680173050393+0.024015165382231907i,1.6757680173050393E12+2.4015165382231907E10i,34.889787153930854
0.02181661564992912,1.8986775194213004+0.08577961187695518i,1.8986775194213003E12+8.577961187695518E10i,11.067184135461114
0.02181661564992912,2.032123108700605+3.5957231273005644E-5i,2.0321231087006047E12+3.595723127300564E7i,28257.50254895447
0.02181661564992912,2.1834118775150717+0.017582660111504295i,2.1834118775150715E12+1.7582660111504295E10i,62.08991880831701
0.02181661564992912,2.2540186066976697+1.149882475960446E-5i,2.25401860669767E12+1.149882475960446E7i,98010.82518519938
0.02181661564992912,2.285390250455048+1.210256601912965E-5i,2.285390250455048E12+1.210256601912965E7i,94417.59073417558
0.02181661564992912,2.3094156212204218+1.0257383440235338E-5i,2.309415621220422E12+1.025738344023534E7i,112573.3299664693
0.02181661564992912,2.435063847107575+0.08416425738036931i,2.435063847107575E12+8.416425738036931E10i,14.466139920314534
0.02181661564992912,2.5437915689268875+2.0228774536238683E-4i,2.5437915689268877E12+2.0228774536238682E8i,6287.557272364255
0.02181661564992912,2.596523985235745+0.005020498291975962i,2.596523985235745E12+5.020498291975962E9i,258.5922585996746
0.02181661564992912,2.6572600032845997+1.8508338863105085E-4i,2.6572600032845996E12+1.8508338863105085E8i,7178.548066735578
0.02181661564992912,2.707076969022001+0.03431867905268021i,2.707076969022001E12+3.4318679052680214E10i,39.44028505389959
0.022689280275926284,0.5878136172421241+0.06101361717279129i,5.878136172421241E11+6.101361717279129E10i,4.81706907801769
0.022689280275926284,0.9832422642109998+0.09046534420122065i,9.832422642109999E11+9.046534420122066E10i,5.434358719865087
0.022689280275926284,1.2183325390629738+0.0030291248913550976i,1.2183325390629739E12+3.029124891355098E9i,201.10305496812072
0.022689280275926284,1.2452327623676371+0.0015247692173537585i,1.2452327623676372E12+1.5247692173537586E9i,408.3348313290133
0.022689280275926284,1.2485464329053855+0.3998538861335834i,1.2485464329053855E12+3.9985388613358344E11i,1.5612533430377495
0.022689280275926284,1.2582154766613651+0.4858891859607613i,1.2582154766613652E12+4.858891859607613E11i,1.294755587298638
0.022689280275926284,1.4869889804522425+0.08003723931187634i,1.4869889804522424E12+8.003723931187634E10i,9.28935701204024
0.022689280275926284,1.6253036410669195+0.0012786145002041068i,1.6253036410669194E12+1.2786145002041068E9i,635.5721919341092
0.022689280275926284,1.67586402744165+0.023939388174837064i,1.6758640274416501E12+2.3939388174837063E10i,35.00223178642402
0.022689280275926284,1.8986704069295082+0.08577653113805499i,1.8986704069295083E12+8.5776531138055E10i,11.067540163600519
0.022689280275926284,2.0320978903197444+3.889058091816502E-5i,2.0320978903197446E12+3.889058091816502E7i,26125.836158063044
0.022689280275926284,2.183397216126853+0.017590068936315i,2.1833972161268533E12+1.7590068936315002E10i,62.06335017878161
0.022689280275926284,2.254023997009454+1.242907390445882E-5i,2.254023997009454E12+1.242907390445882E7i,90675.46038972553
0.022689280275926284,2.284919725930702+1.2249641957933683E-5i,2.284919725930702E12+1.2249641957933683E7i,93264.75556499169
0.022689280275926284,2.3099014456462634+1.0261210250744168E-5i,2.3099014456462637E12+1.0261210250744168E7i,112555.01978817479
0.022689280275926284,2.43506175537575+0.08415365156171531i,2.43506175537575E12+8.415365156171532E10i,14.46795064852273
0.022689280275926284,2.5436721464308087+2.1779946182361892E-4i,2.5436721464308086E12+2.1779946182361892E8i,5839.482166605988
0.022689280275926284,2.596587422381559+0.00500353478480567i,2.596587422381559E12+5.00353478480567E9i,259.4753043654924
0.022689280275926284,2.6573101630384883+2.001556963752827E-4i,2.6573101630384883E12+2.001556963752827E8i,6638.107761010594
0.022689280275926284,2.7070871112841575+0.03431327340693094i,2.7070871112841577E12+3.431327340693094E10i,39.44664618819715
0.02356194490192345,0.5878493275769915+0.06099443318311361i,5.878493275769915E11+6.099443318311361E10i,4.818876878584867
0.02356194490192345,0.9832571239196883+0.09044563791658085i,9.832571239196884E11+9.044563791658086E10i,5.435624904467802
0.02356194490192345,1.2178756340704608+0.002997121322966788i,1.217875634070461E12+2.9971213229667883E9i,203.17423000829862
0.02356194490192345,1.2456893905338415+0.0015575005929302239i,1.2456893905338416E12+1.557500592930224E9i,399.9001336462568
0.02356194490192345,1.248599144663397+0.3998407048970418i,1.248599144663397E12+3.998407048970418E11i,1.5613707276062712
0.02356194490192345,1.2582724867042097+0.48587371588018474i,1.2582724867042097E12+4.8587371588018475E11i,1.2948554794992209
0.02356194490192345,1.4869753200558615+0.08001649864212833i,1.4869753200558616E12+8.001649864212833E10i,9.291679499163788
0.02356194490192345,1.6252179186118005+0.0013751604899200224i,1.6252179186118005E12+1.3751604899200225E9i,590.9193619670971
0.02356194490192345,1.6759639792069814+0.023861171514406268i,1.6759639792069814E12+2.386117151440627E10i,35.119063164922814
0.02356194490192345,1.8986630144438832+0.08577332898158162i,1.8986630144438833E12+8.577332898158162E10i,11.067910252449158
0.02356194490192345,2.0320716939261807+4.193967792158657E-5i,2.0320716939261807E12+4.193967792158657E7i,24226.124217328128
0.02356194490192345,2.1833819705209088+0.017597764376849102i,2.183381970520909E12+1.7597764376849102E10i,62.035776924973405
0.02356194490192345,2.2540293723809057+1.3394094766242418E-5i,2.254029372380906E12+1.3394094766242418E7i,84142.65434577224
0.02356194490192345,2.2844499203626873+1.240509023706284E-5i,2.2844499203626875E12+1.240509023706284E7i,92077.1182114181
0.02356194490192345,2.310387378997874+1.0265909924709457E-5i,2.310387378997874E12+1.0265909924709458E7i,112527.16008334068
0.02356194490192345,2.4350595828560824+0.08414262908746628i,2.4350595828560825E12+8.414262908746628E10i,14.469833004176976
0.02356194490192345,2.5435484628965472+2.3377119025992792E-4i,2.5435484628965474E12+2.3377119025992793E8i,5440.252197177078
0.02356194490192345,2.5966529002239995+0.004986075405266452i,2.5966529002239995E12+4.986075405266452E9i,260.39045633779745
0.02356194490192345,2.6573623186217654+2.1580457533745088E-4i,2.6573623186217656E12+2.158045753374509E8i,6156.872055345633
0.02356194490192345,2.7070976451627864+0.034307650653672396i,2.7070976451627866E12+3.4307650653672398E10i,39.453264703116744
0.024434609527920616,0.5878863820368759+0.0609745320109543i,5.87886382036876E11+6.09745320109543E10i,4.820753539619296
0.024434609527920616,0.9832725457294825+0.09042519223245803i,9.832725457294825E11+9.042519223245802E10i,5.436939206066393
0.024434609527920616,1.217416634473548+0.002966805077195468i,1.217416634473548E12+2.9668050771954684E9i,205.17300644914232
0.024434609527920616,1.2461481030158323+0.0015885727165039212i,1.2461481030158323E12+1.5885727165039213E9i,392.22255615667194
0.024434609527920616,1.2486538435177725+0.3998270243133054i,1.2486538435177725E12+3.998270243133054E11i,1.561492555014646
0.024434609527920616,1.258331643549632+0.4858576643326135i,1.2583316435496318E12+4.858576643326135E11i,1.2949591371354698
0.024434609527920616,1.486961135787602+0.07999496867116809i,1.486961135787602E12+7.999496867116809E10i,9.29409161906163
0.024434609527920616,1.625128786243602+0.0014747826015059137i,1.625128786243602E12+1.4747826015059137E9i,550.9723211353892
0.024434609527920616,1.6760678847254031+0.023780576106445926i,1.676067884725403E12+2.3780576106445927E10i,35.24027082487481
0.024434609527920616,1.898655341840759+0.08577000533795111i,1.898655341840759E12+8.577000533795111E10i,11.068294413412207
0.024434609527920616,2.032044520773917+4.510460473298593E-5i,2.0320445207739167E12+4.510460473298593E7i,22525.9098578004
0.024434609527920616,2.1833661396497415+0.017605745980835044i,2.1833661396497417E12+1.7605745980835045E10i,62.00720327404679
0.024434609527920616,2.2540347015580378+1.4393594448881169E-5i,2.2540347015580376E12+1.439359444888117E7i,78299.92395447985
0.024434609527920616,2.283980868626406+1.2569446339401904E-5i,2.2839808686264062E12+1.2569446339401904E7i,90854.4738946348
0.024434609527920616,2.3108734178214285+1.0271426591806602E-5i,2.3108734178214287E12+1.0271426591806602E7i,112490.3827704316
0.024434609527920616,2.435057329692159+0.08413118986964603i,2.435057329692159E12+8.413118986964603E10i,14.4717870593835
0.024434609527920616,2.543420562471528+2.5018883688977475E-4i,2.543420562471528E12+2.5018883688977474E8i,5083.0016920220905
0.024434609527920616,2.5967203720168754+0.00496813672547436i,2.5967203720168755E12+4.96813672547436E9i,261.33745058807125
0.024434609527920616,2.6574164730971215+2.3202831713977541E-4i,2.6574164730971216E12+2.3202831713977543E8i,5726.491718457528
0.024434609527920616,2.707108569943295+0.03430181019219226i,2.707108569943295E12+3.4301810192192257E10i,39.46014153153183
0.025307274153917782,0.5879247802399281+0.060953914402663865i,5.879247802399281E11+6.0953914402663864E10i,4.822699132627273
0.025307274153917782,0.9832885297896842+0.09040400761839483i,9.832885297896842E11+9.040400761839484E10i,5.438301662135666
0.025307274153917782,1.2169557522392818+0.0029380426928128857i,1.2169557522392817E12+2.9380426928128858E9i,207.10314305783058
0.025307274153917782,1.2466086878642024+0.001618119117374344i,1.2466086878642024E12+1.618119117374344E9i,385.203003437418
0.025307274153917782,1.2487105292453+0.3998128441686858i,1.2487105292453E12+3.998128441686858E11i,1.561618826730907
0.025307274153917782,1.258392946695785+0.48584103157344133i,1.2583929466957852E12+4.8584103157344135E11i,1.295066559755526
0.025307274153917782,1.4869464267042043+0.07997264866479421i,1.4869464267042043E12+7.997264866479422E10i,9.296593594997386
0.025307274153917782,1.625036233608726+0.001577418787001774i,1.625036233608726E12+1.577418787001774E9i,515.0934701042388
0.025307274153917782,1.6761757551267364+0.023697664628252964i,1.6761757551267366E12+2.3697664628252964E10i,35.365842614051445
0.025307274153917782,1.8986473889918354+0.08576656013498207i,1.8986473889918354E12+8.576656013498207E10i,11.068692658325608
0.025307274153917782,2.0320163721626567+4.8385446924483924E-5i,2.0320163721626567E12+4.8385446924483925E7i,20998.218486377347
0.025307274153917782,2.1833497224302443+0.017614013279073783i,2.1833497224302441E12+1.7614013279073784E10i,61.977633598816425
0.025307274153917782,2.25403995099451+1.5427247382426938E-5i,2.25403995099451E12+1.5427247382426938E7i,73053.86032644002
0.025307274153917782,2.2835126077804526+1.2743281079759216E-5i,2.2835126077804526E12+1.2743281079759216E7i,89596.72918960678
0.025307274153917782,2.3113595587762585+1.0277708767237687E-5i,2.311359558776259E12+1.0277708767237687E7i,112445.27409378407
0.025307274153917782,2.4350549960330774+0.08411933381648706i,2.4350549960330776E12+8.411933381648706E10i,14.473812889111446
0.025307274153917782,2.54328849018834+2.6703825860831184E-4i,2.5432884901883403E12+2.6703825860831186E8i,4762.030173958709
0.025307274153917782,2.5967897900803725+0.004949735468088253i,2.5967897900803726E12+4.949735468088253E9i,262.31601737328157
0.025307274153917782,2.657472629594855+2.4882514346887E-4i,2.6574726295948555E12+2.4882514346887E8i,5340.0403844785205
0.025307274153917782,2.7071198848823803+0.034295751397223524i,2.7071198848823804E12+3.4295751397223526E10i,39.46727764508959
0.026179938779914945,0.5879645217897492+0.060932581131415635i,5.879645217897493E11+6.0932581131415634E10i,4.824713731736258
0.026179938779914945,0.9833050762546558+0.09038208456078504i,9.833050762546558E11+9.038208456078505E10i,5.439712311533097
0.026179938779914945,1.2164931725762462+0.0029107128444653034i,1.2164931725762463E12+2.9107128444653034E9i,208.9682558156498
0.026179938779914945,1.2470709598886474+0.0016462611916151313i,1.2470709598886475E12+1.6462611916151314E9i,378.75853668917443
0.026179938779914945,1.2487692016151881+0.399798164242247i,1.2487692016151882E12+3.99798164242247E11i,1.5617495442757086
0.026179938779914945,1.2584563956226338+0.48582381786712114i,1.2584563956226338E12+4.8582381786712115E11i,1.295177746891402
0.026179938779914945,1.486931191826028+0.07994953786267485i,1.486931191826028E12+7.994953786267485E10i,9.299185658709199
0.026179938779914945,1.6249402515081734+0.001683005126049709i,1.6249402515081736E12+1.683005126049709E9i,482.74964418028145
0.026179938779914945,1.6762876004164908+0.02361250165162567i,1.676287600416491E12+2.361250165162567E10i,35.49576459851898
0.026179938779914945,1.8986391557641498+0.08576299329788992i,1.89863915576415E12+8.576299329788992E10i,11.069104999457052
0.026179938779914945,2.0319872494376185+5.178229319151006E-5i,2.0319872494376184E12+5.178229319151006E7i,19620.483414307073
0.026179938779914945,2.1833327177441366+0.017622565785441902i,2.1833327177441365E12+1.7622565785441902E10i,61.947072416316345
0.026179938779914945,2.2540450846865614+1.649469185972502E-5i,2.2540450846865615E12+1.649469185972502E7i,68326.37747511514
0.026179938779914945,2.283045177237814+1.2927204641755134E-5i,2.2830451772378145E12+1.2927204641755134E7i,88303.90020529002
0.026179938779914945,2.3118457986284966+1.0284708785266666E-5i,2.3118457986284966E12+1.0284708785266666E7i,112392.3801294367
0.026179938779914945,2.4350525820334346+0.08410706083238571i,2.4350525820334346E12+8.410706083238571E10i,14.475910571207413
0.026179938779914945,2.5431522918971505+2.8430529740689094E-4i,2.5431522918971504E12+2.843052974068909E8i,4472.572820648945
0.026179938779914945,2.5968611058739732+0.004930888472444958i,2.596861105873973E12+4.930888472444958E9i,263.32588136863006
0.026179938779914945,2.6575307913077943+2.661932057650097E-4i,2.6575307913077944E12+2.6619320576500973E8i,4991.7329476354325
0.026179938779914945,2.7071315892079117+0.0342894736187799i,2.7071315892079116E12+3.4289473618779907E10i,39.4746740545654
0.027052603405912107,0.5880056062763918+0.060910532996805704i,5.880056062763917E11+6.09105329968057E10i,4.826797413734897
0.027052603405912107,0.9833221852839552+0.09035942356297914i,9.833221852839552E11+9.035942356297914E10i,5.441171194494145
0.027052603405912107,1.2160290579038804+0.002884705281521855i,1.2160290579038804E12+2.884705281521855E9i,210.7718014892586
0.027052603405912107,1.2475347566886437+0.0016731092631664904i,1.2475347566886438E12+1.6731092631664906E9i,372.81927252246106
0.027052603405912107,1.2488298603887602+0.39978298430559395i,1.2488298603887603E12+3.9978298430559393E11i,1.5618847092228358
0.027052603405912107,1.2585219897919797+0.48580602348715646i,1.2585219897919797E12+4.858060234871565E11i,1.2952926980589938
0.027052603405912107,1.4869154301367797+0.07992563547841071i,1.4869154301367798E12+7.99256354784107E10i,9.301868050448103
0.027052603405912107,1.624840832025346+0.0017914759112894589i,1.624840832025346E12+1.791475911289459E9i,453.4922355879814
0.027052603405912107,1.6764034293482688+0.023525153557358444i,1.6764034293482688E12+2.3525153557358444E10i,35.630020974377565
0.027052603405912107,1.8986306420201162+0.08575930474930141i,1.8986306420201162E12+8.57593047493014E10i,11.069531449504797
0.027052603405912107,2.0319571539893526+5.529523535290688E-5i,2.0319571539893525E12+5.529523535290688E7i,18373.70924475622
0.027052603405912107,2.183315124438391+0.017631402996908793i,2.183315124438391E12+1.7631402996908794E10i,61.91552438626632
0.027052603405912107,2.25405006399289+1.7595526204868012E-5i,2.25405006399289E12+1.759552620486801E7i,64051.79469339429
0.027052603405912107,2.2825786189514736+1.3121870877507107E-5i,2.2825786189514736E12+1.3121870877507107E7i,86976.11187685753
0.027052603405912107,2.312332134245305+1.0292382331489392E-5i,2.312332134245305E12+1.0292382331489392E7i,112332.21132734057
0.027052603405912107,2.435050087853353+0.08409437081784471i,2.435050087853353E12+8.409437081784471E10i,14.47808018641266
0.027052603405912107,2.5430120141984864+3.0197581348977566E-4i,2.5430120141984863E12+3.0197581348977566E8i,4210.622011097898
0.027052603405912107,2.5969342700690694+0.0049116126619857614i,2.5969342700690693E12+4.911612661985762E9i,264.36676187522596
0.027052603405912107,2.6575909614860254+2.8413058494755004E-4i,2.6575909614860254E12+2.8413058494755006E8i,4676.706947927854
0.027052603405912107,2.7071436821186614+0.03428297618192158i,2.7071436821186616E12+3.428297618192158E10i,39.48233181030266
0.027925268031909273,0.5880480332757075+0.06088777082520479i,5.880480332757075E11+6.088777082520479E10i,4.828950258040011
0.027925268031909273,0.9833398570421795+0.09033602514514738i,9.833398570421796E11+9.033602514514738E10i,5.442678352640591
0.027925268031909273,1.2155635511631748+0.0028599198101309457i,1.2155635511631748E12+2.8599198101309457E9i,212.51706898514726
0.027925268031909273,1.2479999353428415+0.0016987636018608516i,1.2479999353428416E12+1.6987636018608515E9i,367.32595811911773
0.027925268031909273,1.2488925053198228+0.39976730412308065i,1.2488925053198228E12+3.997673041230806E11i,1.5620243231989188
0.027925268031909273,1.2585897286474457+0.48578764871606084i,1.2585897286474458E12+4.8578764871606085E11i,1.2954114127581307
0.027925268031909273,1.4868991405832837+0.07990094069958371i,1.4868991405832837E12+7.990094069958371E10i,9.304641019020133
0.027925268031909273,1.6247379686508436+0.0019027637420350062i,1.6247379686508438E12+1.9027637420350063E9i,426.9415936297972
0.027925268031909273,1.6765232492992312+0.0234356884414995i,1.6765232492992312E12+2.34356884414995E10i,35.76859398613769
0.027925268031909273,1.898621847617493+0.08575549440924984i,1.898621847617493E12+8.575549440924985E10i,11.069972021598547
0.027925268031909273,2.031926087253561+5.892436835263917E-5i,2.0319260872535613E12+5.892436835263917E7i,17241.814753900144
0.027925268031909273,2.1832969413256857+0.017640524393544053i,2.1832969413256858E12+1.7640524393544052E10i,61.88299430953177
0.027925268031909273,2.2540548474381534+1.8729304532333256E-5i,2.2540548474381533E12+1.8729304532333255E7i,60174.54741970999
0.027925268031909273,2.282112977615904+1.3327981939350343E-5i,2.282112977615904E12+1.3327981939350342E7i,85613.59806761348
0.027925268031909273,2.312818562589663+1.0300688058570783E-5i,2.312818562589663E12+1.0300688058570784E7i,112265.24623591824
0.027925268031909273,2.4350475136584993+0.0840812636694244i,2.4350475136584995E12+8.40812636694244E10i,14.480321818379073
0.027925268031909273,2.542867704376762+3.200357169585627E-4i,2.542867704376762E12+3.2003571695856273E8i,3972.7873634585685
0.027925268031909273,2.597009232621121+0.004891925013061714i,2.597009232621121E12+4.891925013061714E9i,265.43837300111517
0.027925268031909273,2.657653143431532+3.026352911802462E-4i,2.6576531434315317E12+3.026352911802462E8i,4390.851333079762
0.027925268031909273,2.707156162784111+0.03427625838651055i,2.707156162784111E12+3.4276258386510548E10i,39.490252002673586
0.02879793265790644,0.5880918023495629+0.06086429546939606i,5.88091802349563E11+6.0864295469396065E10i,4.831172346727227
0.02879793265790644,0.983358091698983+0.09031188984431825i,9.83358091698983E11+9.031188984431825E10i,5.444233828979322
0.02879793265790644,1.2150967785865112+0.0028362653381045827i,1.2150967785865112E12+2.836265338104583E9i,214.20717629305713
0.02879793265790644,1.2484663696391178+0.0017233153784832823i,1.248466369639118E12+1.7233153784832823E9i,362.2280591315541
0.02879793265790644,1.2489571361544565+0.3997511234518681i,1.2489571361544565E12+3.997511234518681E11i,1.5621683878830135
0.02879793265790644,1.2586596116145123+0.485768693845331i,1.2586596116145125E12+4.85768693845331E11i,1.2955338904726437
0.02879793265790644,1.48688232207527+0.07987545268787666i,1.48688232207527E12+7.987545268787666E10i,9.3075048218221
0.02879793265790644,1.6246316564032512+0.0020167996260779656i,1.6246316564032512E12+2.0167996260779657E9i,402.7746820745508
0.02879793265790644,1.6766470661494837+0.023344176013433502i,1.6766470661494836E12+2.3344176013433502E10i,35.91146385258255
0.02879793265790644,1.8986127724094104+0.0857515621951872i,1.8986127724094104E12+8.575156219518721E10i,11.070426729298523
0.02879793265790644,2.0318940507108927+6.266979026042217E-5i,2.0318940507108926E12+6.266979026042217E7i,16211.112581256666
0.02879793265790644,2.183278167184864+0.017649929438528555i,2.1832781671848638E12+1.7649929438528557E10i,61.84948712652983
0.02879793265790644,2.2540593904985244+1.9895532052565883E-5i,2.2540593904985244E12+1.9895532052565884E7i,56647.37652009219
0.02879793265790644,2.2816483008860065+1.3546293307858162E-5i,2.2816483008860063E12+1.3546293307858162E7i,84216.70227539033
0.02879793265790644,2.313305080715555+1.0309587263710579E-5i,2.3133050807155547E12+1.0309587263710579E7i,112191.9346305121
0.02879793265790644,2.4350448596200667+0.08406773927967265i,2.435044859620067E12+8.406773927967265E10i,14.48263555368887
0.02879793265790644,2.5427194103345068+3.3847099801699723E-4i,2.542719410334507E12+3.384709980169972E8i,3756.1850575552376
0.02879793265790644,2.597085942841061+0.0048718425251938246i,2.597085942841061E12+4.871842525193825E9i,266.5404238140617
0.02879793265790644,2.657717340492642+3.217052636968954E-4i,2.657717340492642E12+3.217052636968954E8i,4130.671208097939
0.02879793265790644,2.7071690303442306+0.03426931950696427i,2.7071690303442305E12+3.426931950696427E10i,39.49843576254957
0.029670597283903605,0.5881369130457893+0.0608401078085365i,5.881369130457893E11+6.08401078085365E10i,4.8334637645338585
0.029670597283903605,0.9833768894290702+0.09028701821438948i,9.833768894290702E11+9.028701821438948E10i,5.445837667902652
0.029670597283903605,1.2146288520225181+0.002813658992282617i,1.214628852022518E12+2.813658992282617E9i,215.8450713739718
0.029670597283903605,1.2489339477497767+0.0017468475475054751i,1.2489339477497769E12+1.7468475475054753E9i,357.4822398020003
0.029670597283903605,1.2490237526312296+0.3997344420418189i,1.2490237526312295E12+3.997344420418189E11i,1.5623169050073507
0.029670597283903605,1.258731638100452+0.48574915917542305i,1.2587316381004521E12+4.8574915917542303E11i,1.2956601306703188
0.029670597283903605,1.4868649734850736+0.07984917057909043i,1.4868649734850737E12+7.984917057909042E10i,9.310459724890551
0.029670597283903605,1.6245218919451885+0.002133513089523204i,1.6245218919451885E12+2.133513089523204E9i,380.7152390867767
0.029670597283903605,1.6767748841663628+0.0232506874859522i,1.6767748841663628E12+2.32506874859522E10i,36.0586087009137
0.029670597283903605,1.8986034162443537+0.08574750802197796i,1.8986034162443538E12+8.574750802197797E10i,11.070895586596652
0.029670597283903605,2.031861045886751+6.653160227286815E-5i,2.0318610458867512E12+6.653160227286815E7i,15269.894129059268
0.029670597283903605,2.1832588007614016+0.017659617578166947i,2.1832588007614016E12+1.7659617578166946E10i,61.81500791559106
0.029670597283903605,2.2540636453677343+2.1093659876586146E-5i,2.2540636453677344E12+2.1093659876586147E7i,53429.8850592005
0.029670597283903605,2.2811846396152506+1.3777619264131631E-5i,2.2811846396152505E12+1.3777619264131632E7i,82785.87889106644
0.029670597283903605,2.3137916857635465+1.0319043612786746E-5i,2.3137916857635464E12+1.0319043612786746E7i,112112.70019715941
0.029670597283903605,2.435042125914818+0.08405379753707493i,2.435042125914818E12+8.405379753707492E10i,14.485021481871511
0.029670597283903605,2.542567180527668+3.5726775559676976E-4i,2.542567180527668E12+3.5726775559676975E8i,3558.3496421061523
0.029670597283903605,2.5971643494659418+0.004851382192865378i,2.597164349465942E12+4.851382192865377E9i,267.67261846380893
0.029670597283903605,2.657783556058405+3.4133837067252187E-4i,2.657783556058405E12+3.413383706725219E8i,3893.1801760550784
0.029670597283903605,2.707182283909189+0.03426215879204876i,2.707182283909189E12+3.426215879204876E10i,39.506884261733184
0.030543261909900768,0.5881833648983388+0.0608152087482334i,5.881833648983387E11+6.0815208748233406E10i,4.83582459885435
0.030543261909900768,0.9833962504121223+0.09026141082605234i,9.833962504121223E11+9.026141082605234E10i,5.4474899151935405
0.030543261909900768,1.2141598708939956+0.0027920253111190342i,1.2141598708939956E12+2.7920253111190343E9i,217.4335358026114
0.030543261909900768,1.2490923544810888+0.39971725963569893i,1.2490923544810889E12+3.997172596356989E11i,1.5624698763564873
0.030543261909900768,1.2494025702736329+0.001769435654444442i,1.2494025702736328E12+1.769435654444442E9i,353.051145752433
0.030543261909900768,1.2588058074944604+0.4857290450157442i,1.2588058074944604E12+4.857290450157442E11i,1.2957901328030097
0.030543261909900768,1.4868470936473857+0.0798220934832944i,1.4868470936473857E12+7.98220934832944E10i,9.313506002937402
0.030543261909900768,1.6244086736935583+0.002252832294380635i,1.6244086736935583E12+2.2528322943806353E9i,360.52587619269553
0.030543261909900768,1.6769067058943632+0.023155295457542965i,1.6769067058943633E12+2.3155295457542965E10i,36.21000450996409
0.030543261909900768,1.898593778966181+0.08574333180190752i,1.8985937789661812E12+8.574333180190752E10i,11.071378607916094
0.030543261909900768,2.0318270743510825+7.050990871355586E-5i,2.0318270743510823E12+7.050990871355586E7i,14408.09604934614
0.030543261909900768,2.1832388407678933+0.017669588241895472i,2.1832388407678933E12+1.7669588241895473E10i,61.77956189129878
0.030543261909900768,2.2540675607017486+2.2323079261051186E-5i,2.2540675607017485E12+2.2323079261051185E7i,50487.37977279406
0.030543261909900768,2.2807220481147876+1.4022838877591534E-5i,2.2807220481147876E12+1.4022838877591534E7i,81321.6948445217
0.030543261909900768,2.3142783749567113+1.0329022916147638E-5i,2.3142783749567114E12+1.0329022916147638E7i,112027.94270785952
0.030543261909900768,2.435039312725076+0.08403943832598809i,2.4350393127250757E12+8.40394383259881E10i,14.487479695423378
0.030543261909900768,2.5424110639020023+3.7641222435267827E-4i,2.5424110639020024E12+3.764122243526783E8i,3377.1632527001807
0.030543261909900768,2.5972444007285076+0.004830560978871484i,2.597244400728508E12+4.830560978871484E9i,268.8346562737395
0.030543261909900768,2.6578517935528336+3.615324091624705E-4i,2.6578517935528335E12+3.6153240916247046E8i,3675.814015830613
0.030543261909900768,2.707195922559153+0.03425477546455854i,2.7071959225591533E12+3.4254775464558537E10i,39.515598713530245
0.031415926535897934,0.5882311574267963+0.060789599220493054i,5.882311574267964E11+6.078959922049306E10i,4.83825493974054
0.031415926535897934,0.983416174832713+0.09023506826674109i,9.83416174832713E11+9.023506826674109E10i,5.449190618029273
0.031415926535897934,1.2136899238524437+0.0027712955118338427i,1.2136899238524436E12+2.7712955118338428E9i,218.97519024402263
0.031415926535897934,1.249162941427631+0.39969957596918754i,1.249162941427631E12+3.9969957596918756E11i,1.5626273037676774
0.031415926535897934,1.2498721485814652+0.001791148568790132i,1.2498721485814653E12+1.791148568790132E9i,348.90242226688014
0.031415926535897934,1.2588821191675446+0.48570835168460375i,1.2588821191675447E12+4.8570835168460376E11i,1.2959238963066089
0.031415926535897934,1.4868286813589886+0.07979422048481415i,1.4868286813589885E12+7.979422048481415E10i,9.316643939406307
0.031415926535897934,1.6242920019232638+0.0023746841635801223i,1.624292001923264E12+2.3746841635801225E9i,342.0016916006312
0.031415926535897934,1.6770425320517282+0.023058073787275892i,1.6770425320517283E12+2.3058073787275894E10i,36.365625063121456
0.031415926535897934,1.8985838604141152+0.0857390334446848i,1.8985838604141152E12+8.57390334446848E10i,11.071875808111374
0.031415926535897934,2.0317921377181727+7.460481703579567E-5i,2.0317921377181729E12+7.460481703579567E7i,13617.030497798227
0.031415926535897934,2.1832182858845512+0.017679840842293616i,2.1832182858845513E12+1.7679840842293617E10i,61.74315440277801
0.031415926535897934,2.254071081340189+2.358311524401697E-5i,2.254071081340189E12+2.358311524401697E7i,47789.93483297432
0.031415926535897934,2.2802605844355592+1.428290258587805E-5i,2.280260584435559E12+1.428290258587805E7i,79824.83149784007
0.031415926535897934,2.3147651455967977+1.033949292486352E-5i,2.314765145596798E12+1.033949292486352E7i,111938.04001888965
0.031415926535897934,2.4350364202387498+0.08402466152658382i,2.43503642023875E12+8.402466152658382E10i,14.49001028982634
0.031415926535897934,2.5422511098307528+3.958908000326333E-4i,2.542251109830753E12+3.958908000326333E8i,3210.7984191868
0.031415926535897934,2.597326044425657+0.004809395789288334i,2.597326044425657E12+4.809395789288334E9i,270.02623179927497
0.031415926535897934,2.657922056429029+3.822851051003273E-4i,2.6579220564290293E12+3.822851051003273E8i,3476.3609946710862
0.031415926535897934,2.7072099453440233+0.03424716872110914i,2.7072099453440234E12+3.424716872110914E10i,39.52458037319978
0.0322885911618951,0.5882802901370557+0.06076328018351117i,5.882802901370558E11+6.076328018351117E10i,4.840754879924114
0.0322885911618951,0.9834366628803867+0.09020799114074105i,9.834366628803867E11+9.020799114074104E10i,5.4509398249765075
0.0322885911618951,1.2132190901809514+0.0027514068284618456i,1.2132190901809514E12+2.751406828461846E9i,220.4725011275764
0.0322885911618951,1.2492355131868647+0.39968139077086473i,1.2492355131868647E12+3.9968139077086475E11i,1.5627891891307055
0.0322885911618951,1.250342603413137+0.0018120491458901216i,1.2503426034131372E12+1.8120491458901217E9i,345.00791721047364
0.0322885911618951,1.2589605724726174+0.485687079509169i,1.2589605724726174E12+4.85687079509169E11i,1.2960614206012147
0.0322885911618951,1.4868097353784953+0.0797655506424438i,1.4868097353784954E12+7.97655506424438E10i,9.319873826504706
0.0322885911618951,1.6241718788635338+0.002498994512936423i,1.6241718788635337E12+2.498994512936423E9i,324.9650750443353
0.0322885911618951,1.6771823614343984+0.022959097462705306i,1.6771823614343984E12+2.2959097462705307E10i,36.52544191161714
0.0322885911618951,1.898573660422752+0.08573461285745018i,1.8985736604227522E12+8.573461285745018E10i,11.072387202467956
0.0322885911618951,2.031756237646425+7.881643782107745E-5i,2.031756237646425E12+7.881643782107745E7i,12889.165596767705
0.0322885911618951,2.1831971347597077+0.017690374775086535i,2.1831971347597078E12+1.7690374775086536E10i,61.705790931979514
0.0322885911618951,2.2540741480023687+2.4873019589775356E-5i,2.2540741480023687E12+2.4873019589775357E7i,45311.63053739079
0.0322885911618951,2.279800310675508+1.455883942760595E-5i,2.279800310675508E12+1.4558839427605951E7i,78296.08678671982
0.0322885911618951,2.315251995060699+1.0350423163025709E-5i,2.315251995060699E12+1.0350423163025709E7i,111843.3497159496
0.0322885911618951,2.4350334486493512+0.08400946701476845i,2.435033448649351E12+8.400946701476846E10i,14.492613363570584
0.0322885911618951,2.5420873680537657+4.1569006311335935E-4i,2.5420873680537656E12+4.1569006311335933E8i,3057.671560650867
0.0322885911618951,2.5974092279855543+0.004787903450054897i,2.597409227985554E12+4.787903450054896E9i,271.24703485361357
0.0322885911618951,2.6579943481631805+4.0359411337039924E-4i,2.6579943481631807E12+4.0359411337039924E8i,3292.9052482534617
0.0322885911618951,2.707224351283169+0.03423933773179726i,2.707224351283169E12+3.4239337731797264E10i,39.533830538565496
0.033161255787892266,0.5883307625206818+0.06073625262165193i,5.883307625206819E11+6.073625262165193E10i,4.843324514813309
0.033161255787892266,0.9834577147495889+0.09018018006901093i,9.834577147495889E11+9.018018006901094E10i,5.452737586002777
0.033161255787892266,1.2127474409878651+0.0027323019163731856i,1.2127474409878652E12+2.7323019163731856E9i,221.92778801649544
0.033161255787892266,1.24931006946744+0.3996627037623678i,1.24931006946744E12+3.996627037623678E11i,1.5629555343876385
0.033161255787892266,1.2508138636839445+0.0018321948225401479i,1.2508138636839446E12+1.8321948225401478E9i,341.34302976301973
0.033161255787892266,1.2590411667444583+0.4856652288254887i,1.2590411667444583E12+4.856652288254887E11i,1.2962027050909817
0.033161255787892266,1.486790254426029+0.07973608298940012i,1.486790254426029E12+7.973608298940012E10i,9.32319596526756
0.033161255787892266,1.6240483087860107+0.0026256881895785136i,1.6240483087860107E12+2.6256881895785136E9i,309.2614567167455
0.033161255787892266,1.67732619082819+0.022858442461324385i,1.67732619082819E12+2.2858442461324387E10i,36.689424348709714
0.033161255787892266,1.8985631788220692+0.08573006994477038i,1.898563178822069E12+8.573006994477039E10i,11.072912806703497
0.033161255787892266,2.0317193758381418+8.314488478191207E-5i,2.0317193758381418E12+8.314488478191207E7i,12217.945705062402
0.033161255787892266,2.1831753860103285+0.017701189419162048i,2.1831753860103286E12+1.770118941916205E10i,61.66747709187774
0.033161255787892266,2.2540766969557224+2.6191962997449677E-5i,2.2540766969557227E12+2.6191962997449677E7i,43029.930539669804
0.033161255787892266,2.2793412933141974+1.4851764990775386E-5i,2.2793412933141973E12+1.4851764990775386E7i,76736.37762009849
0.033161255787892266,2.315738920797112+1.036178477986594E-5i,2.315738920797112E12+1.0361784779865941E7i,111744.21057735347
0.033161255787892266,2.4350303981559933+0.08399385466212436i,2.435030398155993E12+8.399385466212436E10i,14.495289018174027
0.033161255787892266,2.54191988861809+4.357968007690112E-4i,2.54191988861809E12+4.3579680076901126E8i,2916.404943924087
0.033161255787892266,2.5974938985333704+0.00476610068522231i,2.5974938985333706E12+4.76610068522231E9i,272.49675049743655
0.033161255787892266,2.6580686722485276+4.254570179519646E-4i,2.658068672248528E12+4.254570179519646E8i,3123.7804996656932
0.033161255787892266,2.7072391393651007+0.03423128163996275i,2.7072391393651006E12+3.423128163996275E10i,39.543350550517786
0.03403392041388943,0.588382574055237+0.06070851754552633i,5.883825740552369E11+6.070851754552633E10i,4.845963942489611
0.03403392041388943,0.9834793306395441+0.09015163568930928i,9.834793306395441E11+9.015163568930928E10i,5.4545839524693776
0.03403392041388943,1.2122750402257807+0.0027139283178107126i,1.2122750402257808E12+2.713928317810713E9i,223.34323133554716
0.03403392041388943,1.2493866099706847+0.39964351465831394i,1.2493866099706848E12+3.9964351465831396E11i,1.563126341533256
0.03403392041388943,1.2512858654656052+0.0018516381514416748i,1.2512858654656052E12+1.851638151441675E9i,337.88617513939244
0.03403392041388943,1.2591239012997248+0.4856427999784062i,1.2591239012997249E12+4.856427999784062E11i,1.2963477491643147
0.03403392041388943,1.4867702371829246+0.07970581653354926i,1.4867702371829246E12+7.970581653354926E10i,9.32661066559128
0.03403392041388943,1.6239212980839177+0.0027546892161677407i,1.6239212980839177E12+2.754689216167741E9i,294.75580921304055
0.03403392041388943,1.6774740149299154+0.02275618560622352i,1.6774740149299155E12+2.2756185606223522E10i,36.85753939516006
0.03403392041388943,1.8985524154374094+0.08572540460865427i,1.8985524154374094E12+8.572540460865427E10i,11.07345263696629
0.03403392041388943,2.0316815540392934+8.759027476080256E-5i,2.0316815540392935E12+8.759027476080257E7i,11597.64345749312
0.03403392041388943,2.1831530382225477+0.017712284136569393i,2.1831530382225479E12+1.7712284136569393E10i,61.62821862469829
0.03403392041388943,2.2540786596541684+2.7539026468389467E-5i,2.2540786596541685E12+2.7539026468389466E7i,40925.16963592561
0.03403392041388943,2.2788836035772286+1.5162890191955588E-5i,2.2788836035772285E12+1.5162890191955589E7i,75146.74230069446
0.03403392041388943,2.316225920323423+1.03735504210408E-5i,2.316225920323423E12+1.03735504210408E7i,111640.94385782295
0.03403392041388943,2.4350272689634225+0.08397782433584319i,2.4350272689634224E12+8.39778243358432E10i,14.498037358203565
0.03403392041388943,2.5417487218202677+4.561980271104565E-4i,2.5417487218202676E12+4.561980271104565E8i,2785.7953901287356
0.03403392041388943,2.597580002955461+0.004744004096814287i,2.597580002955461E12+4.744004096814287E9i,273.77505899497413
0.03403392041388943,2.6581450321891604+4.478713321552701E-4i,2.6581450321891606E12+4.478713321552701E8i,2967.532013488667
0.03403392041388943,2.707254308547253+0.03422299956186822i,2.707254308547253E12+3.422299956186822E10i,39.553141793621684
0.03490658503988659,0.5884357242042343+0.060680075991819904i,5.884357242042343E11+6.068007599181991E10i,4.848673263721353
0.03490658503988659,0.9835015107543025+0.09012235865605853i,9.835015107543025E11+9.012235865605853E10i,5.4564789771410735
0.03490658503988659,1.2118019455643736+0.0026962379828916047i,1.2118019455643735E12+2.696237982891605E9i,224.72088021413555
0.03490658503988659,1.2494651343906402+0.3996238231664689i,1.2494651343906401E12+3.996238231664689E11i,1.5633016126145187
0.03490658503988659,1.2517585511134481+0.0018704272801424904i,1.2517585511134482E12+1.8704272801424904E9i,334.61834213038435
0.03490658503988659,1.25920877543702+0.48561979332154886i,1.25920877543702E12+4.856197933215489E11i,1.2964965521939156
0.03490658503988659,1.4867496822914574+0.0796747502574203i,1.4867496822914575E12+7.96747502574203E10i,9.330118246294678
0.03490658503988659,1.6237908553416298+0.0028859209402319454i,1.62379085534163E12+2.8859209402319455E9i,281.32975382394284
0.03490658503988659,1.677625826278121+0.022652404416616083i,1.677625826278121E12+2.2652404416616085E10i,37.02975179640405
0.03490658503988659,1.8985413700894993+0.08572061674854708i,1.8985413700894993E12+8.572061674854709E10i,11.074006709836688
0.03490658503988659,2.0316427740392933+9.215272773296096E-5i,2.0316427740392932E12+9.215272773296097E7i,11023.23731494179
0.03490658503988659,2.183130089952207+0.017723658272528392i,2.183130089952207E12+1.7723658272528393E10i,61.58802140007548
0.03490658503988659,2.254079962343876+2.891319177277921E-5i,2.254079962343876E12+2.891319177277921E7i,38980.13024743286
0.03490658503988659,2.278427317833147+1.5493530930064303E-5i,2.278427317833147E12+1.5493530930064302E7i,73528.3431555292
0.03490658503988659,2.3167129912227886+1.0385694112292923E-5i,2.3167129912227886E12+1.0385694112292923E7i,111533.85446239142
0.03490658503988659,2.435024061282041+0.08396137589865464i,2.435024061282041E12+8.396137589865465E10i,14.500858491297416
0.03490658503988659,2.5415739181503367+4.768810017292131E-4i,2.541573918150337E12+4.768810017292131E8i,2664.7883947298833
0.03490658503988659,2.59766748796188+0.004721630146325502i,2.5976674879618804E12+4.721630146325502E9i,275.0816357337364
0.03490658503988659,2.658223431493786+4.7083449892318255E-4i,2.658223431493786E12+4.7083449892318255E8i,2822.88515133582
0.03490658503988659,2.707269857755645+0.0342144905863995i,2.707269857755645E12+3.42144905863995E10i,39.56320569670857
0.03577924966588376,0.5884902124170832+0.06065092902310419i,5.884902124170833E11+6.0650929023104195E10i,4.8514525819786325
0.03577924966588376,0.9835242553026962+0.0900923496402916i,9.835242553026962E11+9.00923496402916E10i,5.458422714190368
0.03577924966588376,1.2113282091404567+0.002679186841048944i,1.2113282091404568E12+2.679186841048944E9i,226.06266024100856
0.03577924966588376,1.249545642414068+0.3996036289878304i,1.249545642414068E12+3.9960362898783044E11i,1.5634813497303373
0.03577924966588376,1.2522318685163367+0.0018886063797418165i,1.2522318685163367E12+1.8886063797418165E9i,331.5227254202975
0.03577924966588376,1.259295788436798+0.4855962092173103i,1.2592957884367979E12+4.855962092173103E11i,1.2966491135366827
0.03577924966588376,1.4867285883544805+0.07964288311834042i,1.4867285883544805E12+7.964288311834042E10i,9.333719035167071
0.03577924966588376,1.6236569913940533+0.003019306187792121i,1.6236569913940532E12+3.019306187792121E9i,268.8791547473624
0.03577924966588376,1.677781615193997+0.02254717695407911i,1.677781615193997E12+2.254717695407911E10i,37.20602403154649
0.03577924966588376,1.898530042594452+0.08571570626133584i,1.8985300425944521E12+8.571570626133585E10i,11.074575042327046
0.03577924966588376,2.0316030376707546+9.68323668049137E-5i,2.0316030376707546E12+9.68323668049137E7i,10490.309721354772
0.03577924966588376,2.183106539725396+0.017735311155437153i,2.183106539725396E12+1.7735311155437153E10i,61.546891413182685
0.03577924966588376,2.25408052563368+3.0313330921815008E-5i,2.25408052563368E12+3.0313330921815008E7i,37179.69053693683
0.03577924966588376,2.277972518025431+1.584511874623821E-5i,2.277972518025431E12+1.5845118746238211E7i,71882.46912211512
0.03577924966588376,2.317200131141329+1.0398191165811582E-5i,2.317200131141329E12+1.0398191165811582E7i,111423.2318963368
0.03577924966588376,2.435020775327884+0.08394450920874205i,2.435020775327884E12+8.394450920874205E10i,14.50375252818977
0.03577924966588376,2.541395528237645+4.978332465708908E-4i,2.541395528237645E12+4.9783324657089084E8i,2552.4566164905114
0.03577924966588376,2.5977563001472066+0.004698995137827601i,2.5977563001472065E12+4.698995137827601E9i,276.4161511080195
0.03577924966588376,2.6583038736693934+4.943438912349192E-4i,2.6583038736693936E12+4.943438912349192E8i,2688.7192507109694
0.03577924966588376,2.707285785884556+0.03420575377475156i,2.7072857858845557E12+3.420575377475156E10i,39.57354373349457
0.03665191429188092,0.5885460381289792+0.06062107772804737i,5.885460381289792E11+6.062107772804737E10i,4.854302003415872
0.03665191429188092,0.9835475644982448+0.09006160932984979i,9.835475644982448E11+9.00616093298498E10i,5.460415219186297
0.03665191429188092,1.2108538782045435+0.0026627344174160812i,1.2108538782045435E12+2.6627344174160814E9i,227.37038104227395
0.03665191429188092,1.24962813372053+0.3995829318164616i,1.24962813372053E12+3.995829318164616E11i,1.56366555503241
0.03665191429188092,1.2527057704501645+0.0019062160284231328i,1.2527057704501646E12+1.906216028423133E9i,328.5844184949049
0.03665191429188092,1.2593849395614871+0.4855720480367946i,1.259384939561487E12+4.855720480367946E11i,1.2968054325339338
0.03665191429188092,1.4867069539351414+0.07961021404854476i,1.4867069539351414E12+7.961021404854477E10i,9.33741336902182
0.03665191429188092,1.623519719375322+0.0031547674204815113i,1.623519719375322E12+3.1547674204815116E9i,257.31210941812066
0.03665191429188092,1.677941369733038+0.02244058166528743i,1.677941369733038E12+2.244058166528743E10i,37.38631633440652
0.03665191429188092,1.8985184327637665+0.0857106730413665i,1.8985184327637666E12+8.57106730413665E10i,11.075157651880096
0.03665191429188092,2.031562346809252+1.0162931821732264E-4i,2.0315623468092522E12+1.0162931821732263E8i,9994.961997408018
0.03665191429188092,2.183082386039012+0.017747242096871837i,2.1830823860390122E12+1.7747242096871838E10i,61.504834782859206
0.03665191429188092,2.2540802640273334+3.173819455471462E-5i,2.2540802640273335E12+3.1738194554714616E7i,35510.530697350216
0.03665191429188092,2.27751929214256+1.6219212527413018E-5i,2.27751929214256E12+1.621921252741302E7i,70210.53852932731
0.03665191429188092,2.3176873377855545+1.0411018077697323E-5i,2.3176873377855547E12+1.0411018077697324E7i,111309.35132801985
0.03665191429188092,2.435017411322694+0.08392722411967235i,2.435017411322694E12+8.392722411967235E10i,14.50671958273389
0.03665191429188092,2.54121360279857+5.190425611225401E-4i,2.5412136027985703E12+5.190425611225401E8i,2447.981912410665
0.03665191429188092,2.597846386049524+0.004676115202651884i,2.597846386049524E12+4.676115202651884E9i,277.7782703659923
0.03665191429188092,2.6583863622148822+5.183968126102579E-4i,2.6583863622148823E12+5.1839681261025786E8i,2564.04582122066
0.03665191429188092,2.7073020917962265+0.034196788160071705i,2.7073020917962266E12+3.419678816007171E10i,39.58415742325886
0.03752457891787808,0.5886032007611738+0.0605905232211028i,5.886032007611738E11+6.0590523221102806E10i,4.857221636899249
0.03752457891787808,0.9835714385591738+0.09003013842906883i,9.835714385591738E11+9.003013842906883E10i,5.462456549114887
0.03752457891787808,1.2103789956799835+0.0026468434897581844i,1.2103789956799836E12+2.6468434897581844E9i,228.64574357408716
0.03752457891787808,1.2497126079824152+0.39956173133981004i,1.2497126079824153E12+3.9956173133981006E11i,1.5638542307240986
0.03752457891787808,1.2531802140186148+0.0019232935545863584i,1.2531802140186147E12+1.9232935545863583E9i,325.7901559099582
0.03752457891787808,1.2594762280554346+0.4855473101598362i,1.2594762280554346E12+4.8554731015983624E11i,1.296965508511241
0.03752457891787808,1.4866847775565268+0.07957674195529149i,1.4866847775565269E12+7.957674195529149E10i,9.34120159375078
0.03752457891787808,1.62337905475636+0.003292226895167235i,1.62337905475636E12+3.2922268951672354E9i,246.54726214942383
0.03752457891787808,1.6781050756477522+0.022332697222227353i,1.6781050756477522E12+2.2332697222227352E10i,37.5705867264784
0.03752457891787808,1.8985065404043326+0.08570551698042903i,1.8985065404043328E12+8.570551698042903E10i,11.075754556371553
0.03752457891787808,2.031520703373071+1.065437113434309E-4i,2.031520703373071E12+1.0654371134343089E8i,9533.742901186853
0.03752457891787808,2.1830576273613356+0.01775945039159257i,2.1830576273613357E12+1.775945039159257E10i,61.461857749686
0.03752457891787808,2.2540790854146455+3.318639914448266E-5i,2.2540790854146455E12+3.318639914448266E7i,33960.88674160048
0.03752457891787808,2.2770677347290254+1.6617511409682103E-5i,2.2770677347290254E12+1.6617511409682103E7i,68514.10173855227
0.03752457891787808,2.318174608919872+1.0424152464500857E-5i,2.318174608919872E12+1.0424152464500858E7i,111192.47424739551
0.03752457891787808,2.4350139694938924+0.0839095204803229i,2.4350139694938926E12+8.390952048032289E10i,14.50975977192548
0.03752457891787808,2.5410281925861837+5.404970360159821E-4i,2.5410281925861836E12+5.404970360159822E8i,2350.6402655934703
0.03752457891787808,2.5979376922075286+0.004653006285586237i,2.597937692207529E12+4.653006285586237E9i,279.16765342175034
0.03752457891787808,2.658470900614591+5.429904976976777E-4i,2.658470900614591E12+5.429904976976777E8i,2447.990261235432
0.03752457891787808,2.70731877432052+0.03418759274717198i,2.70731877432052E12+3.4187592747171978E10i,39.59504833145164
0.038397243543875255,0.5886616997206364+0.06055926664240687i,5.886616997206365E11+6.0559266642406876E10i,4.8602115940124655
0.038397243543875255,0.9835958777083615+0.0899979376589224i,9.835958777083616E11+8.999793765892241E10i,5.464546762371548
0.038397243543875255,1.2099036006478927+0.0026314797814376276i,1.2099036006478928E12+2.631479781437628E9i,229.8903470933946
0.038397243543875255,1.249799064865102+0.3995400272387376i,1.249799064865102E12+3.995400272387376E11i,1.5640473790606069
0.038397243543875255,1.253655160168331+0.00193987334392618i,1.253655160168331E12+1.9398733439261801E9i,323.1280959897652
0.038397243543875255,1.2595696531449079+0.4855219959748525i,1.259569653144908E12+4.8552199597485254E11i,1.2971293407787718
0.038397243543875255,1.4866620577013394+0.07954246572097763i,1.4866620577013394E12+7.954246572097763E10i,9.34508406438087
0.038397243543875255,1.6232350153710366+0.003431606825212198i,1.6232350153710366E12+3.431606825212198E9i,236.51238298120907
0.038397243543875255,1.6782727163618791+0.022223602360806782i,1.6782727163618792E12+2.222360236080678E10i,37.758791061742
0.038397243543875255,1.8984943653184294+0.08570023796777362i,1.8984943653184294E12+8.570023796777362E10i,11.076365774108654
0.038397243543875255,2.031478109322966+1.1157567869045266E-4i,2.031478109322966E12+1.1157567869045267E8i,9103.588403701084
0.038397243543875255,2.183032262132598+0.017771935317540476i,2.1830322621325984E12+1.7771935317540478E10i,61.41796667406271
0.038397243543875255,2.254076890518533+3.4656412937885215E-5i,2.254076890518533E12+3.465641293788522E7i,32520.343270356938
0.038397243543875255,2.276617947440275+1.7041868927269068E-5i,2.276617947440275E12+1.7041868927269068E7i,66794.8438389116
0.038397243543875255,2.318661942364254+1.0437572980312633E-5i,2.318661942364254E12+1.0437572980312632E7i,111072.84934618986
0.038397243543875255,2.4350104500746275+0.08389139813479839i,2.4350104500746274E12+8.389139813479839E10i,14.512873215928549
0.038397243543875255,2.540839348341922+5.621850650136258E-4i,2.540839348341922E12+5.621850650136257E8i,2259.7890858949972
0.038397243543875255,2.5980301652156883+0.004629684132600198i,2.5980301652156885E12+4.629684132600199E9i,280.5839546289458
0.038397243543875255,2.658557492331818+5.681221129807709E-4i,2.658557492331818E12+5.68122112980771E8i,2339.776459662116
0.038397243543875255,2.7073358322545555+0.034178166512146925i,2.7073358322545557E12+3.4178166512146923E10i,39.606218070421775
0.039269908169872414,0.5887215344001887+0.06052730915803874i,5.887215344001887E11+6.052730915803874E10i,4.8632719890373615
0.039269908169872414,0.9836208821732005+0.08996500775699628i,9.836208821732006E11+8.996500775699629E10i,5.4666859187632735
0.039269908169872414,1.20942772876905+0.0026166116865412306i,1.20942772876905E12+2.6166116865412307E9i,231.1056957724844
0.039269908169872414,1.2498875040268953+0.3995178191873589i,1.2498875040268953E12+3.995178191873589E11i,1.564245002349626
0.039269908169872414,1.2541305732670514+0.0019559871142851857i,1.2541305732670513E12+1.9559871142851858E9i,320.58763682739607
0.039269908169872414,1.2596652140381386+0.4854961058789238i,1.2596652140381387E12+4.8549610587892377E11i,1.2972969286310634
0.039269908169872414,1.4866387928115246+0.07950738420328723i,1.4866387928115247E12+7.950738420328723E10i,9.349061145128578
0.039269908169872414,1.623087621430723+0.0035728295422863903i,1.6230876214307231E12+3.5728295422863903E9i,227.14316513292812
0.039269908169872414,1.678444272956148+0.02211337571886445i,1.678444272956148E12+2.2113375718864452E10i,37.950883083045134
0.039269908169872414,1.8984819073037285+0.08569483589011832i,1.8984819073037285E12+8.569483589011833E10i,11.076991323829859
0.039269908169872414,2.0314345666618894+1.1672535590081354E-4i,2.0314345666618894E12+1.1672535590081355E8i,8701.770712046853
0.039269908169872414,2.1830062887655677+0.017784696135843454i,2.1830062887655676E12+1.7784696135843452E10i,61.37316803422677
0.039269908169872414,2.2540735722950496+3.6146540543318205E-5i,2.25407357229505E12+3.6146540543318205E7i,31179.658390735294
0.039269908169872414,2.276170039644579+1.7494308517255504E-5i,2.276170039644579E12+1.7494308517255504E7i,65054.58725046148
0.039269908169872414,2.3191493359920106+1.045125925750512E-5i,2.3191493359920107E12+1.045125925750512E7i,110950.71315576704
0.039269908169872414,2.435006853303778+0.08387285692234658i,2.435006853303778E12+8.387285692234659E10i,14.516060038101605
0.039269908169872414,2.540647120749277+5.840953554877819E-4i,2.5406471207492773E12+5.840953554877819E8i,2174.8564655402593
0.039269908169872414,2.5981237517774454+0.004606164279960967i,2.5981237517774453E12+4.606164279960967E9i,282.02682252134764
0.039269908169872414,2.6586461408022757+5.937887575821512E-4i,2.658646140802276E12+5.937887575821513E8i,2238.7137739252744
0.039269908169872414,2.7073532643623697+0.03416850840201984i,2.7073532643623696E12+3.416850840201984E10i,39.617668300122915
0.04014257279586959,0.5887827041785277+0.060494651959578316i,5.887827041785277E11+6.0494651959578316E10i,4.866402938989913
0.04014257279586959,0.9836464521856754+0.08993134947739191i,9.836464521856754E11+8.99313494773919E10i,5.4688740795163815
0.04014257279586959,1.208951412651858+0.002602210023637251i,1.208951412651858E12+2.6022100236372514E9i,232.29320494316602
0.04014257279586959,1.2499779251191552+0.3994951068533415i,1.2499779251191553E12+3.994951068533415E11i,1.5644471029504177
0.04014257279586959,1.2546064207355132+0.0019716641619409404i,1.2546064207355132E12+1.9716641619409406E9i,318.15925981543853
0.04014257279586959,1.259762909925344+0.485469640277705i,1.259762909925344E12+4.85469640277705E11i,1.2974682713472228
0.04014257279586959,1.4866149812879053+0.0794714962352705i,1.4866149812879053E12+7.947149623527051E10i,9.353133209464639
0.04014257279586959,1.6229368955271313+0.003715817657795748i,1.6229368955271313E12+3.715817657795748E9i,218.38220345961082
0.04014257279586959,1.6786197241658014+0.02200209567456343i,1.6786197241658015E12+2.200209567456343E10i,38.14681448973176
0.04014257279586959,1.8984691661533062+0.0856893106316481i,1.8984691661533062E12+8.56893106316481E10i,11.077631224705723
0.04014257279586959,2.0313900774347435+1.2199288175076325E-4i,2.0313900774347437E12+1.2199288175076325E8i,8325.854952688804
0.04014257279586959,2.1829797056461504+0.017797732090812257i,2.1829797056461506E12+1.7797732090812256E10i,61.327468424279544
0.04014257279586959,2.25406901528355+3.7654906067932924E-5i,2.25406901528355E12+3.7654906067932926E7i,29930.615299066227
0.04014257279586959,2.275724129074635+1.797704046472126E-5i,2.275724129074635E12+1.797704046472126E7i,63295.29417093407
0.04014257279586959,2.3196367877276898+1.0465191841389207E-5i,2.31963678772769E12+1.0465191841389207E7i,110826.29075912709
0.04014257279586959,2.435003179425991+0.08385389667727906i,2.435003179425991E12+8.385389667727907E10i,14.519320365023514
0.04014257279586959,2.5404515603895756+6.062169374060476E-4i,2.5404515603895757E12+6.062169374060476E8i,2095.332053290988
0.04014257279586959,2.598218398756352+0.0045824620447647004i,2.598218398756352E12+4.582462044764701E9i,283.49589951592986
0.04014257279586959,2.6587368494275343+6.19987464183478E-4i,2.658736849427534E12+6.19987464183478E8i,2144.185973928589
0.04014257279586959,2.7073710693745365+0.034158617334379096i,2.7073710693745366E12+3.4158617334379097E10i,39.629400728841716
0.041015237421866746,0.5888452084201652+0.06046129626416741i,5.888452084201652E11+6.046129626416741E10i,4.869604563615238
0.041015237421866746,0.983672587982369+0.0898969635907171i,9.83672587982369E11+8.98969635907171E10i,5.471111307278595
0.041015237421866746,1.2084746821742682+0.0025882478150434972i,1.2084746821742683E12+2.588247815043497E9i,233.45420696394157
0.041015237421866746,1.250070327786221+0.3994718898978923i,1.2500703277862212E12+3.994718898978923E11i,1.564653683273869
0.041015237421866746,1.2550826727256306+0.001986931582357024i,1.2550826727256306E12+1.9869315823570242E9i,315.8343960783924
0.041015237421866746,1.2598627399787146+0.485442599585395i,1.2598627399787146E12+4.85442599585395E11i,1.297643368190939
0.041015237421866746,1.486590621489851+0.07943480062554047i,1.486590621489851E12+7.943480062554047E10i,9.357300640167223
0.041015237421866746,1.6227828626234875+0.003860494222843583i,1.6227828626234875E12+3.860494222843583E9i,210.17812344091135
0.041015237421866746,1.6787990463897966+0.021889840186266715i,1.6787990463897966E12+2.1889840186266716E10i,38.346535015889344
0.041015237421866746,1.898456141655644+0.08568366207401813i,1.898456141655644E12+8.568366207401813E10i,11.078285496339175
0.041015237421866746,2.031344643728109+1.2737839815246048E-4i,2.031344643728109E12+1.2737839815246049E8i,7973.662226843095
0.041015237421866746,2.182952511133984+0.017811042409935977i,2.182952511133984E12+1.7811042409935978E10i,61.28087455218828
0.041015237421866746,2.254063094904408+3.9179434754075905E-5i,2.2540630949044077E12+3.917943475407591E7i,28765.896050477266
0.041015237421866746,2.2752803425315027+1.8492480345674096E-5i,2.275280342531503E12+1.8492480345674098E7i,61519.0688323147
0.041015237421866746,2.320124295545075+1.0479352144654646E-5i,2.320124295545075E12+1.0479352144654647E7i,110699.79630031492
0.041015237421866746,2.4349994286916874+0.08383451722888272i,2.4349994286916875E12+8.383451722888272E10i,14.52265432652113
0.041015237421866746,2.5402527176998286+6.285391709047694E-4i,2.5402527176998286E12+6.285391709047694E8i,2020.7592742733807
0.041015237421866746,2.598314053225195+0.0045585925167696125i,2.5983140532251953E12+4.558592516769612E9i,284.99082158219056
0.041015237421866746,2.658829621568436+6.467152000645237E-4i,2.658829621568436E12+6.467152000645237E8i,2055.6418198483357
0.041015237421866746,2.707389245987763+0.034148492197000155i,2.707389245987763E12+3.4148492197000153E10i,39.64141711395386
0.04188790204786391,0.5889090464754259+0.06042724331443105i,5.889090464754259E11+6.042724331443105E10i,4.872876985394305
0.04188790204786391,0.9836992898041698+0.08986185088413946i,9.836992898041698E11+8.986185088413947E10i,5.473397666115687
0.04188790204786391,1.2079975647661279+0.002574700088670635i,1.207997564766128E12+2.574700088670635E9i,234.58995672576359
0.04188790204786391,1.250164711665683+0.3994481679758205i,1.250164711665683E12+3.994481679758205E11i,1.564864745782685
0.04188790204786391,1.2555593018381186+0.0020018144683477588i,1.2555593018381187E12+2.001814468347759E9i,313.60531200337005
0.04188790204786391,1.2599647033524204+0.48541498422467294i,1.2599647033524204E12+4.85414984224673E11i,1.2978222184105974
0.04188790204786391,1.4865657117348652+0.07939729615837719i,1.4865657117348652E12+7.93972961583772E10i,9.361563829387519
0.04188790204786391,1.6226255500341464+0.004006782885776916i,1.6226255500341465E12+4.0067828857769156E9i,202.4848358759423
0.04188790204786391,1.6789822137115284+0.021776686634800063i,1.6789822137115286E12+2.1776686634800064E10i,38.54999251879862
0.04188790204786391,1.8984428335946197+0.08567789009636652i,1.8984428335946199E12+8.567789009636652E10i,11.078954158764528
0.04188790204786391,2.0312982676699747+1.3288205015234944E-4i,2.0312982676699749E12+1.3288205015234944E8i,7643.237989408986
0.04188790204786391,2.1829247035630495+0.01782462630387539i,2.1829247035630493E12+1.782462630387539E10i,61.23339323777135
0.04188790204786391,2.2540556767021576+4.0717833073730554E-5i,2.2540556767021577E12+4.071783307373056E7i,27678.97388621572
0.04188790204786391,2.274838816643036+1.9043269014621282E-5i,2.274838816643036E12+1.9043269014621284E7i,59728.15945876812
0.04188790204786391,2.3206118574652734+1.049372239473422E-5i,2.3206118574652734E12+1.049372239473422E7i,110571.43357583783
0.04188790204786391,2.4349956013570835+0.0838147184013276i,2.4349956013570835E12+8.38147184013276E10i,14.526062055698047
0.04188790204786391,2.540050642932664+6.510517524942201E-4i,2.540050642932664E12+6.510517524942201E8i,1950.7286734131123
0.04188790204786391,2.598410662513021+0.004534570551491571i,2.5984106625130215E12+4.534570551491571E9i,286.51121787688555
0.04188790204786391,2.658924460538481+6.739688682606781E-4i,2.658924460538481E12+6.739688682606782E8i,1972.587003462347
0.04188790204786391,2.7074077928645104+0.03413813184742298i,2.7074077928645103E12+3.4138131847422985E10i,39.65371926274411
0.04276056667386108,0.5889742176805031+0.06039249437853084i,5.88974217680503E11+6.039249437853084E10i,4.876220329540485
0.04276056667386108,0.9837265578964203+0.08982601216121244i,9.837265578964203E11+8.982601216121245E10i,5.4757332215244485
0.04276056667386108,1.2075200856575636+0.002561543700130199i,1.2075200856575637E12+2.561543700130199E9i,235.70163678960222
0.04276056667386108,1.2502610763883135+0.3994239407355822i,1.2502610763883135E12+3.994239407355822E11i,1.5650802929912302
0.04276056667386108,1.2560362828742284+0.0020163360880990967i,1.2560362828742285E12+2.0163360880990965E9i,311.46501079052706
0.04276056667386108,1.260068799182667+0.4853867946267323i,1.260068799182667E12+4.853867946267323E11i,1.2980048212391868
0.04276056667386108,1.486540250298193+0.07935898159388641i,1.486540250298193E12+7.935898159388641E10i,9.365923178711204
0.04276056667386108,1.6224649873929422+0.004154608046279698i,1.6224649873929421E12+4.1546080462796974E9i,195.26089697508306
0.04276056667386108,1.6791691979308785+0.021662711669186308i,1.6791691979308784E12+2.166271166918631E10i,38.757133076727854
0.04276056667386108,1.89842924174953+0.08567199457531086i,1.89842924174953E12+8.567199457531085E10i,11.07963723244879
0.04276056667386108,2.0312509514294663+1.385039859335727E-4i,2.0312509514294666E12+1.385039859335727E8i,7332.824892143053
0.04276056667386108,2.1828962812422903+0.017838482966466524i,2.1828962812422905E12+1.7838482966466526E10i,61.18503141062454
0.04276056667386108,2.2540466155324936+4.226756725786671E-5i,2.2540466155324937E12+4.226756725786671E7i,26664.02116049129
0.04276056667386108,2.274399698678346+1.9632294153500593E-5i,2.274399698678346E12+1.9632294153500594E7i,57924.95978552773
0.04276056667386108,2.3210994715549043+1.0508285587553679E-5i,2.3210994715549043E12+1.0508285587553678E7i,110441.39656349285
0.04276056667386108,2.4349916976842474+0.08379450001358676i,2.4349916976842476E12+8.379450001358676E10i,14.529543688961857
0.04276056667386108,2.539845386118363+6.737447199846107E-4i,2.5398453861183633E12+6.737447199846107E8i,1884.8722006878043
0.04276056667386108,2.5985081742501155+0.004510410764459249i,2.5985081742501157E12+4.510410764459249E9i,288.05671034727254
0.04276056667386108,2.6590213695972773+7.017453088373816E-4i,2.6590213695972773E12+7.017453088373816E8i,1894.5772320178514
0.04276056667386108,2.7074267086325574+0.03412753511262447i,2.7074267086325576E12+3.4127535112624474E10i,39.666309033127696
0.04363323129985824,0.5890407213572411+0.06035705074974294i,5.890407213572411E11+6.0357050749742935E10i,4.879634724032219
0.04363323129985824,0.9837543925088661+0.08978944824197466i,9.837543925088661E11+8.978944824197466E10i,5.47811804042795
0.04363323129985824,1.2070422680976856+0.002548757172614369i,1.2070422680976855E12+2.548757172614369E9i,236.79036219436526
0.04363323129985824,1.2503594215781098+0.399399207819381i,1.2503594215781099E12+3.99399207819381E11i,1.5653003274652912
0.04363323129985824,1.2565135926167907+0.0020305180451213618i,1.2565135926167908E12+2.030518045121362E9i,309.40714750990804
0.04363323129985824,1.2601750265876372+0.4853580312311505i,1.2601750265876372E12+4.853580312311505E11i,1.2981911758945244
0.04363323129985824,1.4865142354124619+0.07931985566815475i,1.486514235412462E12+7.931985566815475E10i,9.370379099222605
0.04363323129985824,1.622301206610586+0.004303895005045414i,1.622301206610586E12+4.303895005045414E9i,188.46895715494665
0.04363323129985824,1.6793599686072007+0.021547991056745232i,1.6793599686072007E12+2.154799105674523E10i,38.96790109539018
0.04363323129985824,1.8984153658950818+0.08566597538496254i,1.8984153658950818E12+8.566597538496254E10i,11.080334738290519
0.04363323129985824,2.031202697216566+1.4424435681302232E-4i,2.0312026972165664E12+1.4424435681302232E8i,7040.839385659732
0.04363323129985824,2.1828672424562376+0.01785261157469637i,2.1828672424562378E12+1.7852611574696373E10i,61.13579610812103
0.04363323129985824,2.2540357546925733+4.3825840308210095E-5i,2.254035754692573E12+4.38258403082101E7i,25715.83041923231
0.04363323129985824,2.273963147418865+2.0262713333765388E-5i,2.2739631474188647E12+2.0262713333765388E7i,56112.010024579904
0.04363323129985824,2.321587135924375+1.0523025449457075E-5i,2.321587135924375E12+1.0523025449457075E7i,110309.86986941834
0.04363323129985824,2.434987717941081+0.08377386187933815i,2.434987717941081E12+8.377386187933815E10i,14.53309936605443
0.04363323129985824,2.5396369970289956+6.966084561612408E-4i,2.5396369970289956E12+6.966084561612408E8i,1822.8582890193607
0.04363323129985824,2.598606536410867+0.004486127526611916i,2.598606536410867E12+4.486127526611916E9i,289.6269133005931
0.04363323129985824,2.6591203519439124+7.300413003019968E-4i,2.6591203519439126E12+7.300413003019968E8i,1821.2122730891472
0.04363323129985824,2.7074459918846063+0.03411670078848245i,2.7074459918846064E12+3.4116700788482456E10i,39.679188334626716
0.04450589592585541,0.5891085568132312+0.06032091374671665i,5.891085568132312E11+6.032091374671665E10i,4.883120299593416
0.04450589592585541,0.983782793895531+0.08975215996281616i,9.83782793895531E11+8.975215996281616E10i,5.480552191184629
0.04450589592585541,1.2065641335481982+0.0025363205528422536i,1.2065641335481982E12+2.5363205528422537E9i,237.85718492800473
0.04450589592585541,1.2504597468524463+0.39937396886328724i,1.2504597468524463E12+3.9937396886328723E11i,1.5655248518219032
0.04450589592585541,1.2569912096368836+0.00204438042248941i,1.2569912096368835E12+2.0443804224894102E9i,307.42595551425427
0.04450589592585541,1.2602833846675552+0.4853286944859281i,1.2602833846675552E12+4.853286944859281E11i,1.298381281579155
0.04450589592585541,1.4864876652672623+0.07927991709343259i,1.4864876652672622E12+7.927991709343259E10i,9.374932011567406
0.04450589592585541,1.6221342418215807+0.0044545701082025525i,1.6221342418215808E12+4.454570108202553E9i,182.07528475470804
0.04450589592585541,1.6795544931127966+0.021432599538493063i,1.6795544931127966E12+2.1432599538493065E10i,39.18223942215474
0.04450589592585541,1.898401205801398+0.08565983239693008i,1.898401205801398E12+8.565983239693008E10i,11.081046697620165
0.04450589592585541,2.031153507281832+1.5010331724364125E-4i,2.0311535072818318E12+1.5010331724364126E8i,6765.8514967559
0.04450589592585541,2.1828375854656388+0.017867011288706408i,2.182837585465639E12+1.786701128870641E10i,61.08569447329427
0.04450589592585541,2.254022924995312+4.538956760427713E-5i,2.254022924995312E12+4.5389567604277134E7i,24829.74661321638
0.04450589592585541,2.2735293340853526+2.093797848793471E-5i,2.2735293340853525E12+2.093797848793471E7i,54291.99708547437
0.04450589592585541,2.322074848726231+1.0537926398602233E-5i,2.322074848726231E12+1.0537926398602234E7i,110177.02918451937
0.04450589592585541,2.4349836624013648+0.08375280380686904i,2.4349836624013647E12+8.375280380686905E10i,14.53672923008255
0.04450589592585541,2.539425525144554+7.196336913350377E-4i,2.539425525144554E12+7.196336913350377E8i,1764.387601443108
0.04450589592585541,2.5987056973545872+0.004461734960729052i,2.5987056973545874E12+4.461734960729053E9i,291.22143294342567
0.04450589592585541,2.6592214107104297+7.588535611357737E-4i,2.6592214107104297E12+7.588535611357737E8i,1752.1308108051714
0.04450589592585541,2.7074656411777682+0.0341056276394723i,2.707465641177768E12+3.41056276394723E10i,39.69235912908799
0.04537856055185257,0.5891777233419112+0.06028408471324966i,5.891777233419113E11+6.0284084713249664E10i,4.886677189712873
0.04537856055185257,0.9838117623147429+0.08971414817661093i,9.838117623147429E11+8.971414817661093E10i,5.48303574358202
0.04537856055185257,1.2060857018546334+0.0025242152812434263i,1.2060857018546333E12+2.5242152812434263E9i,238.90309808688673
0.04537856055185257,1.250562051822007+0.39934822349717203i,1.250562051822007E12+3.9934822349717206E11i,1.5657538687296337
0.04537856055185257,1.2574691141224288+0.0020579419126621466i,1.2574691141224287E12+2.0579419126621468E9i,305.51618254758483
0.04537856055185257,1.260393872504729+0.48529878484739075i,1.260393872504729E12+4.8529878484739075E11i,1.2985751374805916
0.04537856055185257,1.486460538008685+0.07923916455824441i,1.486460538008685E12+7.923916455824442E10i,9.3795823460258
0.04537856055185257,1.6219641293212257+0.004606560885521825i,1.6219641293212258E12+4.606560885521825E9i,176.0493532625361
0.04537856055185257,1.6797527366963112+0.021316610690698297i,1.6797527366963113E12+2.1316610690698296E10i,39.400089467067275
0.04537856055185257,1.8983867612340244+0.08565356548032169i,1.8983867612340244E12+8.565356548032169E10i,11.081773132200583
0.04537856055185257,2.031103383916104+1.5608102481301218E-4i,2.0311033839161042E12+1.5608102481301218E8i,6506.567298457329
0.04537856055185257,2.1828073085080932+0.017881681251769126i,2.1828073085080933E12+1.7881681251769127E10i,61.03473375279343
0.04537856055185257,2.2540079437901213+4.6955351298340854E-5i,2.254007943790121E12+4.695535129834086E7i,24001.60877797293
0.04537856055185257,2.2730984433183674+2.1661861586256043E-5i,2.2730984433183677E12+2.1661861586256042E7i,52467.75385086471
0.04537856055185257,2.32256260815358+1.0552973503545878E-5i,2.32256260815358E12+1.0552973503545878E7i,110043.04177269002
0.04537856055185257,2.4349795313448+0.08373132559898289i,2.4349795313448E12+8.37313255989829E10i,14.54043342754852
0.04537856055185257,2.539211019621223+7.428115047694638E-4i,2.539211019621223E12+7.428115047694638E8i,1709.189345693618
0.04537856055185257,2.598805605864255+0.0044372469388177585i,2.598805605864255E12+4.437246938817759E9i,292.8398668924058
0.04537856055185257,2.6593245489552815+7.881787514703412E-4i,2.6593245489552817E12+7.881787514703412E8i,1687.0059894372519
0.04537856055185257,2.7074856550331856+0.034094314398138176i,2.7074856550331855E12+3.409431439813818E10i,39.705823431678034
0.04625122517784974,0.58924822022256+0.06024656501811047i,5.892482202225599E11+6.024656501811047E10i,4.890305530659121
0.04625122517784974,0.9838412980289639+0.08967541375245618i,9.83841298028964E11+8.967541375245618E10i,5.485568768853419
0.04625122517784974,1.2056069913984795+0.0025124240747100516i,1.2056069913984795E12+2.5124240747100515E9i,239.92903975369157
0.04625122517784974,1.250666336091012+0.39932197134494174i,1.250666336091012E12+3.993219713449418E11i,1.5659873809080531
0.04625122517784974,1.2579472877261277+0.002071219934698625i,1.2579472877261277E12+2.0712199346986248E9i,303.6730350678975
0.04625122517784974,1.2605064891634725+0.4852683027801452i,1.2605064891634727E12+4.852683027801452E11i,1.2987727427712865
0.04625122517784974,1.486432851738955+0.07919759672763922i,1.4864328517389548E12+7.919759672763922E10i,9.384330542571904
0.04625122517784974,1.6217909074933505+0.004759796181751485i,1.6217909074933506E12+4.759796181751485E9i,170.36348254901247
0.04625122517784974,1.6799546625554376+0.02120009679334877i,1.6799546625554375E12+2.120009679334877E10i,39.62139132974382
0.04625122517784974,1.8983720319539292+0.08564717450175091i,1.8983720319539292E12+8.564717450175092E10i,11.08251406422707
0.04625122517784974,2.0310523294502283+1.6217764024379762E-4i,2.0310523294502283E12+1.6217764024379763E8i,6261.813670481941
0.04625122517784974,2.1827764097987057+0.01789662059027974i,2.1827764097987056E12+1.789662059027974E10i,60.98292129476795
0.04625122517784974,2.2539906139348886+4.8519453820996964E-5i,2.2539906139348887E12+4.851945382099696E7i,23227.699782550586
0.04625122517784974,2.2726706742074407+2.2438481216870694E-5i,2.272670674207441E12+2.2438481216870695E7i,50642.25720630995
0.04625122517784974,2.3230504124385893+1.056815246222731E-5i,2.3230504124385894E12+1.056815246222731E7i,109908.06674778946
0.04625122517784974,2.4349753250570103+0.0837094270529028i,2.4349753250570103E12+8.37094270529028E10i,14.54421210838148
0.04625122517784974,2.538993529261588+7.661333251301018E-4i,2.538993529261588E12+7.661333251301018E8i,1657.0180711238647
0.04625122517784974,2.5989062111832313+0.004412677080406457i,2.5989062111832314E12+4.412677080406457E9i,294.48180365646004
0.04625122517784974,2.6594297696568585+8.180134748799108E-4i,2.6594297696568584E12+8.180134748799108E8i,1625.5415413830917
0.04625122517784974,2.7075060319354916+0.034082759764685305i,2.7075060319354917E12+3.4082759764685303E10i,39.719583311749034
0.0471238898038469,0.5893200467199811+0.060208356055092456i,5.893200467199811E11+6.020835605509246E10i,4.894005461473948
0.0471238898038469,0.983871401304899+0.08963595757582692i,9.83871401304899E11+8.963595757582692E10i,5.4881513396708
0.0471238898038469,1.205128019232556+0.0025009308206849247i,1.205128019232556E12+2.5009308206849246E9i,240.93589659999273
0.0471238898038469,1.250772599257124+0.39929521202447094i,1.250772599257124E12+3.9929521202447095E11i,1.5662253911279933
0.0471238898038469,1.2584257134300818+0.002084230740222147i,1.2584257134300818E12+2.084230740222147E9i,301.8921295863703
0.0471238898038469,1.2606212336902212+0.4852372487571404i,1.2606212336902212E12+4.8523724875714044E11i,1.2989740966085208
0.0471238898038469,1.4864046045159742+0.07915521224329651i,1.4864046045159744E12+7.915521224329651E10i,9.38917705095191
0.0471238898038469,1.6216146167294252+0.0049142062802658764i,1.6216146167294253E12+4.914206280265877E9i,164.99252618285388
0.0471238898038469,1.680160231918205+0.021083128706253874i,1.680160231918205E12+2.1083128706253876E10i,39.84608393107756
0.0471238898038469,1.8983570177175169+0.08564065932535049i,1.8983570177175168E12+8.56406593253505E10i,11.083269516326482
0.0471238898038469,2.031000346254742+1.6839332739232533E-4i,2.031000346254742E12+1.6839332739232534E8i,6030.525014577586
0.0471238898038469,2.1827448875307245+0.017911828413736643i,2.1827448875307244E12+1.7911828413736645E10i,60.93026454677205
0.0471238898038469,2.253970722726958+5.007777098070402E-5i,2.253970722726958E12+5.007777098070402E7i,22504.702970859653
0.0471238898038469,2.2722462413611555+2.3272329554757846E-5i,2.272246241361156E12+2.3272329554757845E7i,48818.62462489521
0.0471238898038469,2.3235382598510648+1.0583449557108394E-5i,2.323538259851065E12+1.0583449557108395E7i,109772.25560122106
0.0471238898038469,2.4349710438295893+0.08368710796016164i,2.4349710438295894E12+8.368710796016164E10i,14.548065425971773
0.0471238898038469,2.5387731024868465+7.895909299383691E-4i,2.5387731024868467E12+7.895909299383692E8i,1607.6508773251792
0.0471238898038469,2.599007463049935+0.004388038751670222i,2.599007463049935E12+4.388038751670222E9i,296.1468220922927
0.0471238898038469,2.659537075707064+8.483542803310007E-4i,2.659537075707064E12+8.483542803310007E8i,1567.4684134730821
0.0471238898038469,2.70752677033235+0.03407096240649689i,2.70752677033235E12+3.4070962406496887E10i,39.73364089380786
0.04799655442984406,0.5893932020847267+0.0601694592428365i,5.893932020847267E11+6.01694592428365E10i,4.89777712398917
0.04799655442984406,0.9839020724132601+0.08959578054842304i,9.839020724132601E11+8.959578054842305E10i,5.490783530154633
0.04799655442984406,1.2046488012016638+0.002489720481454538i,1.2046488012016638E12+2.4897204814545383E9i,241.92450722377615
0.04799655442984406,1.2508808409116692+0.39926794514784764i,1.2508808409116692E12+3.9926794514784766E11i,1.5664679022109727
0.04799655442984406,1.2589043754251918+0.002096989509211691i,1.258904375425192E12+2.0969895092116911E9i,300.16945003660135
0.04799655442984406,1.2607381051134763+0.4852056232594432i,1.2607381051134763E12+4.8520562325944324E11i,1.29917919813488
0.04799655442984406,1.4863757943528764+0.0791120097237971i,1.4863757943528765E12+7.91120097237971E10i,9.394122330745004
0.04799655442984406,1.6214352993399002+0.005069723018492425i,1.6214352993399001E12+5.069723018492426E9i,159.91359818135226
0.04799655442984406,1.6803694041320618+0.02096577575338512i,1.6803694041320618E12+2.096577575338512E10i,40.07410514873866
0.04799655442984406,1.8983417182766118+0.08563401981276425i,1.8983417182766118E12+8.563401981276425E10i,11.084039511559007
0.04799655442984406,2.030947436739596+1.7472825324833018E-4i,2.030947436739596E12+1.7472825324833018E8i,5811.731643230987
0.04799655442984406,2.182712739876208+0.01792730381471672i,2.1827127398762078E12+1.792730381471672E10i,60.87677105367052
0.04799655442984406,2.253948040804817+5.162580532185566E-5i,2.2539480408048174E12+5.162580532185566E7i,21829.66470695048
0.04799655442984406,2.2718253760064666+2.4168299085420855E-5i,2.271825376006467E12+2.4168299085420854E7i,47000.10886113433
0.04799655442984406,2.324026148697063+1.0598851640188075E-5i,2.324026148697063E12+1.0598851640188076E7i,109635.7524189207
0.04799655442984406,2.434966687960124+0.08366436810651218i,2.434966687960124E12+8.366436810651218E10i,14.551993537202092
0.04799655442984406,2.5385497873109557+8.131764442032553E-4i,2.5385497873109556E12+8.131764442032553E8i,1560.8849748459015
0.04799655442984406,2.5991093117305732+0.00436334506529016i,2.599109311730573E12+4.36334506529016E9i,297.83449083664595
0.04799655442984406,2.659646469904951+8.791976642535705E-4i,2.659646469904951E12+8.791976642535706E8i,1512.5418196845203
0.04799655442984406,2.7075478686339043+0.034058920957657994i,2.7075478686339043E12+3.4058920957657993E10i,39.747998358490634
0.04886921905584123,0.5894676855530511+0.06012987602480688i,5.89467685553051E11+6.012987602480688E10i,4.901620662828767
0.04886921905584123,0.9839333116289587+0.0895548835882711i,9.839333116289587E11+8.95548835882711E10i,5.4934654158705385
0.04886921905584123,1.2041693520503423+0.0024787790073066618i,1.2041693520503423E12+2.4787790073066616E9i,242.89566526520304
0.04886921905584123,1.2509910606395074+0.3992401703212861i,1.2509910606395073E12+3.9924017032128613E11i,1.566714917029491
0.04886921905584123,1.2593832590033+0.0021095104368075274i,1.2593832590033E12+2.1095104368075275E9i,298.50131031093986
0.04886921905584123,1.2608571024438586+0.48517342677636693i,1.2608571024438586E12+4.8517342677636694E11i,1.2993880464778946
0.04886921905584123,1.486346419217587+0.07906798776474609i,1.4863464192175872E12+7.90679877647461E10i,9.399166851444155
0.04886921905584123,1.6212529994585947+0.005226279894580978i,1.6212529994585947E12+5.226279894580978E9i,155.10583361021656
0.04886921905584123,1.6805821367599794+0.020848105615980665i,1.6805821367599795E12+2.0848105615980663E10i,40.30539195541502
0.04886921905584123,1.898326133378491+0.08562725582317268i,1.8983261333784912E12+8.562725582317268E10i,11.084824073415891
0.04886921905584123,2.0308936033538374+1.8118258793492996E-4i,2.0308936033538374E12+1.8118258793492997E8i,5604.549605183954
0.04886921905584123,2.182679964986675+0.017943045868858906i,2.1826799649866748E12+1.7943045868858906E10i,60.82244845549969
0.04886921905584123,2.253922321036973+5.315864069330753E-5i,2.253922321036973E12+5.3158640693307534E7i,21199.961959530818
0.04886921905584123,2.2714083271007803+2.5131708122166505E-5i,2.2714083271007803E12+2.5131708122166507E7i,45190.09046379477
0.04886921905584123,2.324514077317587+1.0614346095802196E-5i,2.3245140773175874E12+1.0614346095802197E7i,109498.69433016205
0.04886921905584123,2.434962257752232+0.08364120727181358i,2.434962257752232E12+8.364120727181358E10i,14.555996602483251
0.04886921905584123,2.5383236313166844+8.368823381943505E-4i,2.5383236313166846E12+8.368823381943505E8i,1516.5355483504097
0.04886921905584123,2.599211708049854+0.00433860888101868i,2.599211708049854E12+4.33860888101868E9i,299.5443677144245
0.04886921905584123,2.6597579549504524+9.105400727714701E-4i,2.6597579549504526E12+9.105400727714701E8i,1460.538659685111
0.04886921905584123,2.707569325212288+0.034046634018465104i,2.707569325212288E12+3.4046634018465103E10i,39.76265794357006
0.04974188368183839,0.5895434963470672+0.06008960786920439i,5.895434963470671E11+6.008960786920439E10i,4.905536225417816
0.04974188368183839,0.9839651192307464+0.08951326762953984i,9.839651192307463E11+8.951326762953984E10i,5.496197073840441
0.04974188368183839,1.2036896855195152+0.0024680932578873957i,1.2036896855195151E12+2.468093257887396E9i,243.8501222903207
0.04974188368183839,1.251103258019352+0.3992118871452418i,1.251103258019352E12+3.992118871452418E11i,1.5669664385070952
0.04974188368183839,1.2598623504606772+0.0021218068119751273i,1.2598623504606772E12+2.1218068119751275E9i,296.8843212657774
0.04974188368183839,1.2609782246740895+0.48514065980532417i,1.2609782246740896E12+4.8514065980532416E11i,1.2996006407503458
0.04974188368183839,1.4863164770323225+0.07902314493901945i,1.4863164770323225E12+7.902314493901945E10i,9.404311092524111
0.04974188368183839,1.6210677629409025+0.005383812164824463i,1.6210677629409026E12+5.383812164824463E9i,150.55017832273842
0.04974188368183839,1.6807983856826318+0.02073018423483326i,1.6807983856826318E12+2.073018423483326E10i,40.539880558764146
0.04974188368183839,1.8983102627658615+0.08562036721328589i,1.8983102627658616E12+8.562036721328589E10i,11.085623225821069
0.04974188368183839,2.0308388485853097+1.8775650470706704E-4i,2.0308388485853098E12+1.8775650470706704E8i,5408.171748173981
0.04974188368183839,2.182646560993781+0.01795905363483057i,2.1826465609937808E12+1.795905363483057E10i,60.7673044853728
0.04974188368183839,2.253893297420548+5.46709192381964E-5i,2.253893297420548E12+5.46709192381964E7i,20613.27419427989
0.04974188368183839,2.2709953624342285+2.6168323885683096E-5i,2.2709953624342285E12+2.6168323885683097E7i,43392.067683721776
0.04974188368183839,2.3250020440873373+1.0629920821771478E-5i,2.3250020440873374E12+1.0629920821771478E7i,109361.21176582176
0.04974188368183839,2.4349577535155853+0.08361762522993091i,2.4349577535155854E12+8.361762522993091E10i,14.560074785788062
0.04974188368183839,2.5380946816334675+8.607014245134418E-4i,2.538094681633468E12+8.607014245134418E8i,1474.433879941737
0.04974188368183839,2.5993146034198524+0.004313842806836529i,2.5993146034198525E12+4.313842806836529E9i,301.2759991277949
0.04974188368183839,2.659871533438184+9.423779040539541E-4i,2.659871533438184E12+9.423779040539541E8i,1411.2552522697401
0.04974188368183839,2.7075911384010722+0.03403410015491433i,2.7075911384010723E12+3.403410015491433E10i,39.777621945002586
0.050614548307835565,0.5896206336743126+0.060048656268686766i,5.896206336743126E11+6.004865626868677E10i,4.909523962002283
0.050614548307835565,0.9839974955014419+0.08947093362261636i,9.839974955014419E11+8.947093362261636E10i,5.498978582541068
0.050614548307835565,1.2032098144329304+0.0024576509307943925i,1.2032098144329304E12+2.4576509307943926E9i,244.7885904700091
0.050614548307835565,1.2512174326235623+0.39918309521461875i,1.2512174326235623E12+3.991830952146188E11i,1.5672224696174215
0.050614548307835565,1.2603416370114706+0.0021338910890613834i,1.2603416370114707E12+2.1338910890613835E9i,295.31536156464443
0.050614548307835565,1.2611014707790735+0.4851073228518042i,1.2611014707790735E12+4.851073228518042E11i,1.2998169800503385
0.050614548307835565,1.4862859656731744+0.0789774797969787i,1.4862859656731743E12+7.89774797969787E10i,9.409555543516042
0.050614548307835565,1.6208796372568932+0.005542256931601194i,1.6208796372568933E12+5.542256931601194E9i,146.22920384788173
0.050614548307835565,1.6810181052058206+0.020612075722108766i,1.6810181052058206E12+2.0612075722108765E10i,40.77750654202041
0.050614548307835565,1.8982941061768808+0.08561335383735197i,1.8982941061768809E12+8.561335383735197E10i,11.08643699313109
0.050614548307835565,2.0307831749603458+1.9445017995021116E-4i,2.0307831749603457E12+1.9445017995021117E8i,5221.8598498605825
0.050614548307835565,2.18261252600998+0.017975326154307976i,2.1826125260099797E12+1.7975326154307976E10i,60.71134696732314
0.050614548307835565,2.2538606840194286+5.61568224281581E-5i,2.2538606840194287E12+5.6156822428158104E7i,20067.55890526758
0.050614548307835565,2.270586769692374+2.7284381568223708E-5i,2.270586769692374E12+2.7284381568223707E7i,41609.64330481242
0.050614548307835565,2.325490047413498+1.0645564201246433E-5i,2.325490047413498E12+1.0645564201246433E7i,109223.42881278282
0.050614548307835565,2.4349531755659575+0.08359362174861527i,2.4349531755659575E12+8.359362174861528E10i,14.564228254689134
0.050614548307835565,2.537862984917092+8.846268544514135E-4i,2.537862984917092E12+8.846268544514135E8i,1434.4256972002647
0.050614548307835565,2.599417949866963+0.0042890592006847505i,2.5994179498669634E12+4.289059200684751E9i,303.0289194250297
0.050614548307835565,2.6599872078513713+9.747075108243337E-4i,2.6599872078513716E12+9.747075108243337E8i,1364.505340479913
0.050614548307835565,2.7076133064946646+0.0340213178981963i,2.7076133064946646E12+3.40213178981963E10i,39.79289271798335
0.051487212933832724,0.5896990967280552+0.06000702274048999i,5.896990967280552E11+6.000702274048999E10i,4.913584025642329
0.051487212933832724,0.984030440727632+0.0894278825340097i,9.840304407276321E11+8.94278825340097E10i,5.501810021910125
0.051487212933832724,1.2027297507750645+0.00244744049653487i,1.2027297507750645E12+2.44744049653487E9i,245.71174508183358
0.051487212933832724,1.2513335840185102+0.39915379411868174i,1.2513335840185103E12+3.9915379411868176E11i,1.56748301338512
0.051487212933832724,1.2608211067098771+0.0021457749526960107i,1.2608211067098772E12+2.1457749526960108E9i,293.79155188798967
0.051487212933832724,1.2612268397158026+0.4850734164293512i,1.2612268397158027E12+4.850734164293512E11i,1.3000370634611913
0.051487212933832724,1.4862548829695814+0.0789309908666569i,1.4862548829695815E12+7.89309908666569E10i,9.414900704087229
0.051487212933832724,1.6206886713799604+0.00570155322153589i,1.6206886713799604E12+5.701553221535891E9i,142.1269440455541
0.051487212933832724,1.6812412481722334+0.020493842282909704i,1.6812412481722334E12+2.0493842282909706E10i,41.018205004296824
0.051487212933832724,1.8982776633451555+0.08560621554717163i,1.8982776633451555E12+8.560621554717163E10i,11.087265400134099
0.051487212933832724,2.0307265850434515+2.0126379317967998E-4i,2.0307265850434517E12+2.0126379317968E8i,5044.937673490291
0.051487212933832724,2.182577858129206+0.017991862451932315i,2.1825778581292063E12+1.7991862451932316E10i,60.654583814217595
0.051487212933832724,2.2538241739804565+5.761005815514608E-5i,2.2538241739804565E12+5.7610058155146085E7i,19561.030192946706
0.051487212933832724,2.270182857440782+2.848659731799715E-5i,2.270182857440782E12+2.848659731799715E7i,39846.508027944335
0.051487212933832724,2.3259780857345973+1.0661265084234433E-5i,2.325978085734597E12+1.0661265084234433E7i,109085.46346784799
0.051487212933832724,2.4349485242252475+0.08356919658940976i,2.4349485242252476E12+8.356919658940976E10i,14.568457180392556
0.051487212933832724,2.5376285873310844+9.086521137748174E-4i,2.5376285873310845E12+9.086521137748175E8i,1396.3697155718942
0.051487212933832724,2.599521700057041+0.00426427017266661i,2.599521700057041E12+4.26427017266661E9i,304.8026502541538
0.051487212933832724,2.6601049805558676+0.0010075252030000046i,2.6601049805558677E12+1.0075252030000045E9i,1320.1183318467597
0.051487212933832724,2.707635827747767+0.03400828574414364i,2.707635827747767E12+3.4008285744143642E10i,39.80847267807423
0.05235987755982989,0.589778884687177+0.0599647088262782i,5.89778884687177E11+5.99647088262782E10i,4.917716572224224
0.05235987755982989,0.9840639551998915+0.08938411534632376i,9.840639551998916E11+8.938411534632376E10i,5.504691473351169
0.05235987755982989,1.2022495057611273+0.002437451139534971i,1.2022495057611274E12+2.437451139534971E9i,246.6202268141667
0.05235987755982989,1.2514517117643538+0.3991239834413036i,1.2514517117643538E12+3.9912398344130365E11i,1.5677480728847204
0.05235987755982989,1.2613007483801437+0.0021574693769653946i,1.2613007483801438E12+2.1574693769653945E9i,292.310232035422
0.05235987755982989,1.2613543304235055+0.4850389410594892i,1.2613543304235056E12+4.850389410594892E11i,1.3002608900517152
0.05235987755982989,1.486223226703864+0.0788836766540414i,1.486223226703864E12+7.888367665404141E10i,9.42034708411199
0.05235987755982989,1.6204949156722035+0.005861642053762987i,1.6204949156722036E12+5.861642053762987E9i,138.22875064777264
0.05235987755982989,1.6814677660765707+0.020375544146721276i,1.6814677660765708E12+2.0375544146721275E10i,41.26191069962526
0.05235987755982989,1.8982609339997485+0.08559895219209018i,1.8982609339997485E12+8.559895219209018E10i,11.088108472051825
0.05235987755982989,2.0306690814369914+2.0819752703999972E-4i,2.0306690814369915E12+2.0819752703999972E8i,4876.784826187804
0.05235987755982989,2.18254255542755+0.018008661535285107i,2.18254255542755E12+1.8008661535285107E10i,60.59702302559258
0.05235987755982989,2.253783438676321+5.902385640703221E-5i,2.253783438676321E12+5.9023856407032214E7i,19092.139821685734
0.05235987755982989,2.2697839559828594+2.978217266144886E-5i,2.2697839559828594E12+2.978217266144886E7i,38106.4199342473
0.05235987755982989,2.3264661575193935+1.0677012766739686E-5i,2.3264661575193936E12+1.0677012766739687E7i,108947.42791572961
0.05235987755982989,2.434943799821524+0.08354434950751927i,2.4349437998215244E12+8.354434950751927E10i,14.572761737778396
0.05235987755982989,2.537391534529791+9.327710179244848E-4i,2.537391534529791E12+9.327710179244848E8i,1360.136349527539
0.05235987755982989,2.5996258073187417+0.004239487587670693i,2.5996258073187417E12+4.239487587670693E9i,306.59669990295424
0.05235987755982989,2.660224853794319+0.0010408272504879104i,2.6602248537943193E12+1.0408272504879105E9i,1277.93774257317
0.05235987755982989,2.7076587003747035+0.033995002152685326i,2.7076587003747036E12+3.399500215268533E10i,39.824364302339376
0.053232542185827056,0.589859996716282+0.05992171609200193i,5.89859996716282E11+5.992171609200193E10i,4.921921760473527
0.053232542185827056,0.9840980392124091+0.0893396330582602i,9.840980392124092E11+8.933963305826021E10i,5.507623019733351
0.053232542185827056,1.20176908990021+0.0024276727041775787i,1.20176908990021E12+2.427672704177579E9i,247.51464392876892
0.053232542185827056,1.2515718154153006+0.3990936627608476i,1.2515718154153005E12+3.9909366276084766E11i,1.5680176512415467
0.053232542185827056,1.2614839418235904+0.4850038972717015i,1.2614839418235903E12+4.8500389727170154E11i,1.3004884588761365
0.053232542185827056,1.261780551553388+0.002168984679315176i,1.261780551553388E12+2.168984679315176E9i,290.86894056618604
0.053232542185827056,1.4861909946106895+0.07883553564328019i,1.4861909946106895E12+7.88355356432802E10i,9.42589520375365
0.053232542185827056,1.6202984217672565+0.006022466498269541i,1.6202984217672566E12+6.022466498269541E9i,134.52116522630914
0.053232542185827056,1.6816976091832354+0.020257239508759968i,1.6816976091832354E12+2.0257239508759968E10i,41.50855817388169
0.053232542185827056,1.8982439178651804+0.08559156361902534i,1.8982439178651804E12+8.559156361902534E10i,11.088966234536914
0.053232542185827056,2.0306106667808685+2.1525156730198898E-4i,2.0306106667808684E12+2.15251567301989E8i,4716.8313156391705
0.053232542185827056,2.182506615963939+0.01802572239484447i,2.1825066159639392E12+1.802572239484447E10i,60.53867268554399
0.053232542185827056,2.253738127035338+6.0390976545268664E-5i,2.253738127035338E12+6.039097654526866E7i,18659.56021878493
0.053232542185827056,2.2693904180307785+3.1178787308881574E-5i,2.2693904180307783E12+3.1178787308881577E7i,36393.17968894064
0.053232542185827056,2.3269542612658363+1.0692796963200063E-5i,2.3269542612658364E12+1.0692796963200063E7i,108809.4288741382
0.053232542185827056,2.4349390026890614+0.08351908025169849i,2.4349390026890615E12+8.351908025169849E10i,14.577142105438496
0.053232542185827056,2.5371518716430694+9.569777067455487E-4i,2.5371518716430693E12+9.569777067455487E8i,1325.6065704348084
0.053232542185827056,2.5997302256651635+0.0042147230683768485i,2.5997302256651636E12+4.2147230683768487E9i,308.41056262640257
0.053232542185827056,2.660346829680456+0.0010746098861067607i,2.660346829680456E12+1.0746098861067607E9i,1237.8198191153413
0.053232542185827056,2.7076819225488884+0.03398146554728457i,2.7076819225488887E12+3.3981465547284565E10i,39.84057013052013
0.054105206811824215,0.5899424319654837+0.05987804612776562i,5.899424319654836E11+5.9878046127765625E10i,4.9261997519649
0.054105206811824215,0.9841326930632198+0.08929443668456065i,9.841326930632198E11+8.929443668456065E10i,5.510604745398322
0.054105206811824215,1.2012885130523594+0.0024180956457422603i,1.2012885130523594E12+2.4180956457422605E9i,248.39557425438625
0.054105206811824215,1.2516938945196379+0.39906283165048756i,1.251693894519638E12+3.9906283165048755E11i,1.5682917516306216
0.054105206811824215,1.2616156728196337+0.48496828560331984i,1.2616156728196338E12+4.849682856033198E11i,1.300719768974309
0.054105206811824215,1.2622605064105148+0.002180330569688025i,1.262260506410515E12+2.180330569688025E9i,289.46539666027036
0.054105206811824215,1.486158184376624+0.07878656629693448i,1.486158184376624E12+7.878656629693448E10i,9.431545593543968
0.054105206811824215,1.6200992424514542+0.006183971724342676i,1.6200992424514543E12+6.183971724342676E9i,130.99180548271852
0.054105206811824215,1.6819307266456025+0.020138984481247058i,1.6819307266456025E12+2.013898448124706E10i,41.758081898612524
0.054105206811824215,1.8982266146614386+0.08558404967245975i,1.8982266146614387E12+8.558404967245975E10i,11.089838713674895
0.054105206811824215,2.030551343752206+2.224261028619569E-4i,2.030551343752206E12+2.224261028619569E8i,4564.552715767394
0.054105206811824215,2.182470037780827+0.018043044003939458i,2.1824700377808267E12+1.8043044003939457E10i,60.47954096061378
0.054105206811824215,2.2536878651308165+6.170372973971218E-5i,2.2536878651308164E12+6.1703729739712186E7i,18262.16887243005
0.054105206811824215,2.2690026191167205+3.2684576823016734E-5i,2.2690026191167207E12+3.2684576823016737E7i,34710.60114076299
0.054105206811824215,2.327442395500032+1.0708607802486931E-5i,2.3274423955000317E12+1.0708607802486932E7i,108671.56769713399
0.054105206811824215,2.434934133168388+0.0834933885641507i,2.434934133168388E12+8.34933885641507E10i,14.58159846571294
0.054105206811824215,2.536909643262511+9.812666387655365E-4i,2.5369096432625107E12+9.812666387655365E8i,1292.6708924161635
0.054105206811824215,2.5998349098137727+0.004189987998571981i,2.599834909813773E12+4.1899879985719814E9i,310.243717965283
0.054105206811824215,2.6604709101935216+0.0011088693086630185i,2.6604709101935215E12+1.1088693086630185E9i,1199.6323143803547
0.054105206811824215,2.7077054924020736+0.03396767431435251i,2.7077054924020737E12+3.3967674314352512E10i,39.85709276625357
0.05497787143782139,0.5900261895705714+0.05983370054778249i,5.900261895705714E11+5.983370054778249E10i,4.930550711127949
0.05497787143782139,0.9841679170539214+0.08924852725596474i,9.841679170539214E11+8.924852725596475E10i,5.513636736163321
0.05497787143782139,1.2008077844802656+0.0024087109854704653i,1.2008077844802656E12+2.408710985470465E9i,249.2635670538377
0.05497787143782139,1.2518179486197578+0.39903148967814067i,1.2518179486197578E12+3.990314896781407E11i,1.5685703772770863
0.05497787143782139,1.2617495222974802+0.484932106599545i,1.2617495222974802E12+4.84932106599545E11i,1.3009548193716816
0.05497787143782139,1.2627406037306357+0.0021915161955004367i,1.2627406037306357E12+2.191516195500437E9i,288.09748390709166
0.05497787143782139,1.4861247936395352+0.07873676705625053i,1.4861247936395352E12+7.873676705625053E10i,9.437298794461734
0.05497787143782139,1.6198974315443024+0.006346105039316559i,1.6198974315443025E12+6.346105039316559E9i,127.62926405318031
0.05497787143782139,1.682167066626101+0.02002083305434213i,1.682167066626101E12+2.002083305434213E10i,42.01041640126138
0.05497787143782139,1.8982090241039746+0.08557641019444943i,1.8982090241039746E12+8.557641019444943E10i,11.090725935984016
0.05497787143782139,2.0304911150650167+2.2972132573939887E-4i,2.0304911150650168E12+2.2972132573939887E8i,4419.465864846289
0.05497787143782139,2.1824328189048843+0.01806062531870887i,2.1824328189048843E12+1.806062531870887E10i,60.41963609765266
0.05497787143782139,2.2536322561160906+6.295402059822417E-5i,2.253632256116091E12+6.295402059822417E7i,17899.033570062897
0.05497787143782139,2.2686209576584715+3.430809108389451E-5i,2.2686209576584717E12+3.4308091083894506E7i,33062.477188120894
0.05497787143782139,2.327930558775282+1.0724435791968881E-5i,2.3279305587752817E12+1.0724435791968882E7i,108533.94080267512
0.05497787143782139,2.43492919160631+0.08346727418038173i,2.43492919160631E12+8.346727418038173E10i,14.586131004734664
0.05497787143782139,2.5366648934292+0.0010056325851008675i,2.5366648934292E12+1.0056325851008675E9i,1261.2284700255443
0.05497787143782139,2.599939815204711+0.004165293526708132i,2.599939815204711E12+4.1652935267081313E9i,312.09563005988997
0.05497787143782139,2.6605970971729076+0.00114360168616598i,2.6605970971729077E12+1.14360168616598E9i,1163.2533990452484
0.05497787143782139,2.707729408023747+0.03395362680267365i,2.707729408023747E12+3.395362680267365E10i,39.87393487829891
0.05585053606381855,0.5901112686526673+0.05978868099033055i,5.901112686526672E11+5.978868099033055E10i,4.934974805248707
0.05585053606381855,0.9842037114897226+0.08920190581911355i,9.842037114897227E11+8.920190581911356E10i,5.516719079329549
0.05585053606381855,1.2003269128959753+0.0023995102695344756i,1.2003269128959753E12+2.399510269534476E9i,250.11914475549386
0.05585053606381855,1.2519439772524004+0.39899963640661645i,1.2519439772524004E12+3.9899963640661646E11i,1.56885353145605
0.05585053606381855,1.2618854891252174+0.48489536081338663i,1.2618854891252173E12+4.8489536081338666E11i,1.3011936090793592
0.05585053606381855,1.2632208348442273+0.0022025501826548914i,1.2632208348442273E12+2.2025501826548915E9i,286.76323581458126
0.05585053606381855,1.4860908199881244+0.07868613634140595i,1.4860908199881245E12+7.868613634140594E10i,9.443155358017744
0.05585053606381855,1.619693043778922+0.0065088159177111304i,1.619693043778922E12+6.50881591771113E9i,124.42301827676349
0.05585053606381855,1.6824065764162794+0.019902837066649266i,1.6824065764162795E12+1.9902837066649265E10i,42.26549639084998
0.05585053606381855,1.8981911459037129+0.0855686450246387i,1.898191145903713E12+8.55686450246387E10i,11.091627928414352
0.05585053606381855,2.030429983469881+2.3713743107620067E-4i,2.030429983469881E12+2.3713743107620066E8i,4281.125030019896
0.05585053606381855,2.1823949573476864+0.018078465278045693i,2.1823949573476863E12+1.8078465278045692E10i,60.35896642172289
0.05585053606381855,2.253570880604144+6.413341236330945E-5i,2.253570880604144E12+6.413341236330945E7i,17569.397896979874
0.05585053606381855,2.268245854580345+3.605822919724265E-5i,2.268245854580345E12+3.6058229197242655E7i,31452.54086345699
0.05585053606381855,2.3284187496711435+1.0740271814688816E-5i,2.3284187496711436E12+1.0740271814688817E7i,108396.63976132833
0.05585053606381855,2.434924178355969+0.08344073682910033i,2.434924178355969E12+8.344073682910033E10i,14.590739912466704
0.05585053606381855,2.5364176656228494+0.0010300706230280676i,2.5364176656228496E12+1.0300706230280676E9i,1231.1862938905194
0.05585053606381855,2.6000448980175395+0.004140650569690192i,2.6000448980175396E12+4.140650569690192E9i,313.9657469589468
0.05585053606381855,2.660725392312908+0.0011788031591674377i,2.660725392312908E12+1.1788031591674378E9i,1128.570691222154
0.05585053606381855,2.707753667460397+0.03393932132277324i,2.707753667460397E12+3.3939321322773243E10i,39.89109920184965
0.05672320068981571,0.590197668318812+0.05974298911740408i,5.90197668318812E11+5.974298911740408E10i,4.93947220450406
0.05672320068981571,0.984240076679441+0.08915457343664965i,9.84240076679441E11+8.915457343664964E10i,5.519851863678144
0.05672320068981571,1.1998459065034532+0.002390485531487485i,1.1998459065034534E12+2.390485531487485E9i,250.96280456398466
0.05672320068981571,1.2520719799483664+0.39896727139367927i,1.2520719799483665E12+3.9896727139367926E11i,1.5691412174921107
0.05672320068981571,1.2620235721531845+0.4848580488055527i,1.2620235721531846E12+4.8485804880555273E11i,1.3014361370943293
0.05672320068981571,1.2637011915907042+0.0022134406732132452i,1.263701191590704E12+2.2134406732132454E9i,285.46082280041253
0.05672320068981571,1.4860562609613512+0.07863467255183121i,1.4860562609613513E12+7.86346725518312E10i,9.449115846332502
0.05672320068981571,1.6194861346833427+0.006672056021195933i,1.6194861346833428E12+6.672056021195933E9i,121.36334958358592
0.05672320068981571,1.6826492025560122+0.01978504618493172i,1.6826492025560122E12+1.978504618493172E10i,42.52325687866013
0.05672320068981571,1.8981729797670628+0.08556075400026508i,1.8981729797670627E12+8.556075400026509E10i,11.092544718348215
0.05672320068981571,2.030367951753611+2.446746171320601E-4i,2.0303679517536113E12+2.446746171320601E8i,4149.118481419234
0.05672320068981571,2.1823564511064095+0.018096562803548946i,2.1823564511064094E12+1.8096562803548946E10i,60.29754033396949
0.05672320068981571,2.2535032976024274+6.52332201942085E-5i,2.2535032976024272E12+6.523322019420851E7i,17272.666372236643
0.05672320068981571,2.267877752378882+3.794414631446083E-5i,2.267877752378882E12+3.794414631446084E7i,29884.421876090204
0.05672320068981571,2.328906966792546+1.0756107108665905E-5i,2.328906966792546E12+1.0756107108665906E7i,108259.75156551799
0.05672320068981571,2.434919093776891+0.08341377623207662i,2.434919093776891E12+8.341377623207661E10i,14.595425382747193
0.05672320068981571,2.536168002752334+0.0010545761292671554i,2.536168002752334E12+1.0545761292671553E9i,1202.4584723507655
0.05672320068981571,2.6001501151864455+0.004116069816831448i,2.6001501151864453E12+4.1160698168314476E9i,315.853499927759
0.05672320068981571,2.660855797157676+0.0012144698442601916i,2.6608557971576763E12+1.2144698442601917E9i,1095.4803899550784
0.05672320068981571,2.707778268714802+0.0339247561462719i,2.7077782687148022E12+3.3924756146271896E10i,39.90858853988209
0.05759586531581288,0.5902853876611586+0.05969662661488397i,5.902853876611586E11+5.969662661488397E10i,4.944043081941791
0.05759586531581288,0.9842770129352525+0.08910653118701592i,9.842770129352526E11+8.910653118701591E10i,5.52303517948343
0.05759586531581288,1.1993647730371462+0.0023816292577901656i,1.1993647730371462E12+2.381629257790166E9i,251.795019966709
0.05759586531581288,1.2522019562330318+0.3989343941921916i,1.2522019562330317E12+3.9893439419219165E11i,1.5694334387595668
0.05759586531581288,1.2621637702140236+0.4848201711444675i,1.2621637702140237E12+4.848201711444675E11i,1.3016824023993858
0.05759586531581288,1.2641816662797263+0.0022241953598226504i,1.2641816662797263E12+2.2241953598226504E9i,284.18854052022834
0.05759586531581288,1.4860211140478994+0.07858237406644944i,1.4860211140478994E12+7.858237406644945E10i,9.455180832226551
0.05759586531581288,1.6192767604632792+0.006835779209665615i,1.6192767604632793E12+6.835779209665615E9i,118.44127134574971
0.05759586531581288,1.6828948909512997+0.019667507892709258i,1.6828948909512998E12+1.966750789270926E10i,42.78363329334543
0.05759586531581288,1.8981545253959105+0.08555273695615921i,1.8981545253959104E12+8.555273695615921E10i,11.093476333601133
0.05759586531581288,2.030305022738917+2.52333085285019E-4i,2.0303050227389175E12+2.52333085285019E8i,4023.065426488994
0.05759586531581288,2.1823172981645325+0.018114916799458515i,2.1823172981645325E12+1.8114916799458515E10i,60.23536630954235
0.05759586531581288,2.2534290461217292+6.624463683178507E-5i,2.2534290461217295E12+6.6244636831785075E7i,17008.388557128474
0.05759586531581288,2.2675171135144754+3.997512808643666E-5i,2.2675171135144756E12+3.997512808643667E7i,28361.59909996425
0.05759586531581288,2.329395208768911+1.0771933247458115E-5i,2.329395208768911E12+1.0771933247458115E7i,108123.3588835405
0.05759586531581288,2.434913938235014+0.08338639210403172i,2.434913938235014E12+8.338639210403172E10i,14.600187613329336
0.05759586531581288,2.5359159471474984+0.0010791447730358185i,2.5359159471474985E12+1.0791447730358186E9i,1174.9655887289032
0.05759586531581288,2.6002554244139726+0.00409156173390948i,2.6002554244139727E12+4.09156173390948E9i,317.75830276052477
0.05759586531581288,2.660988313096406+0.0012505978376838097i,2.660988313096406E12+1.2505978376838098E9i,1063.886500085724
0.05759586531581288,2.707803209745294+0.03390992950529138i,2.7078032097452944E12+3.3909929505291374E10i,39.926405764464405
0.05846852994181004,0.5903744257578604+0.05964959519235663i,5.903744257578604E11+5.964959519235663E10i,4.948687613503785
0.05846852994181004,0.9843145205728554+0.08905778016460193i,9.843145205728555E11+8.905778016460193E10i,5.526269118507032
0.05846852994181004,1.1988835197971455+0.0023729343562636208i,1.1988835197971455E12+2.372934356263621E9i,252.6162421291935
0.05846852994181004,1.252333905626062+0.39890100435012316i,1.252333905626062E12+3.9890100435012317E11i,1.5697301986821575
0.05846852994181004,1.2623060821226733+0.4847817284062063i,1.2623060821226733E12+4.847817284062063E11i,1.3019324039632194
0.05846852994181004,1.2646622516561543+0.0022348215173509023i,1.2646622516561543E12+2.234821517350902E9i,282.94479935812757
0.05846852994181004,1.4859853766856068+0.07852923924401944i,1.485985376685607E12+7.852923924401944E10i,9.461350899300704
0.05846852994181004,1.6190649778871191+0.006999941543738299i,1.6190649778871191E12+6.999941543738299E9i,115.64846418863534
0.05846852994181004,1.6831435869898013+0.01955026748734747i,1.6831435869898013E12+1.9550267487347473E10i,43.04656158999095
0.05846852994181004,1.89813578248764+0.08554459372477335i,1.89813578248764E12+8.554459372477336E10i,11.094422802419293
0.05846852994181004,2.030241199284077+2.6011304002633085E-4i,2.030241199284077E12+2.6011304002633086E8i,3902.6132620620606
0.05846852994181004,2.1822774964925267+0.018133526152596065i,2.1822774964925269E12+1.8133526152596066E10i,60.17245289549224
0.05846852994181004,2.253347647580848+6.715889415121761E-5i,2.2533476475808477E12+6.715889415121761E7i,16776.24144991966
0.05846852994181004,2.267164418007151+4.216042921879377E-5i,2.267164418007151E12+4.216042921879377E7i,26887.349820866166
0.05846852994181004,2.329883474253332+1.078774213404279E-5i,2.329883474253332E12+1.078774213404279E7i,107987.54017770493
0.05846852994181004,2.434908712102758+0.08335858415249434i,2.4349087121027583E12+8.335858415249434E10i,14.605026805927933
0.05846852994181004,2.5356615405522267+0.0011037725088939492i,2.5356615405522266E12+1.1037725088939493E9i,1148.6341252932282
0.05846852994181004,2.600360784183352+0.004067136567333638i,2.600360784183352E12+4.0671365673336387E9i,319.67955109608164
0.05846852994181004,2.6611229413586766+0.0012871832190953394i,2.661122941358677E12+1.2871832190953395E9i,1033.700137587628
0.05846852994181004,2.7078284884649864+0.03389483959172328i,2.7078284884649863E12+3.3894839591723278E10i,39.94455381824858
0.05934119456780721,0.5904647816722157+0.05960189658288047i,5.904647816722157E11+5.960189658288047E10i,4.9534059780390916
0.05934119456780721,0.9843525999111825+0.08900832147952667i,9.843525999111825E11+8.900832147952667E10i,5.5295537740120135
0.05934119456780721,1.1984021536813014+0.0023643941270468857i,1.1984021536813015E12+2.364394127046886E9i,253.42690120324792
0.05934119456780721,1.2524678276418069+0.3988671014107342i,1.252467827641807E12+3.9886710141073425E11i,1.5700315007329666
0.05934119456780721,1.2624505066763725+0.4847427211743614i,1.2624505066763726E12+4.847427211743614E11i,1.3021861407406987
0.05934119456780721,1.2651429408679107+0.0022453260319878054i,1.2651429408679106E12+2.2453260319878054E9i,281.72811494726875
0.05934119456780721,1.4859490462609009+0.0784752664234191i,1.485949046260901E12+7.84752664234191E10i,9.467626642025992
0.05934119456780721,1.618850844173594+0.0071645012793230085i,1.618850844173594E12+7.164501279323009E9i,112.97721788714394
0.05934119456780721,1.6833952356536919+0.019433368085154244i,1.683395235653692E12+1.9433368085154243E10i,43.3119783528335
0.05934119456780721,1.8981167507351124+0.08553632413617124i,1.8981167507351125E12+8.553632413617123E10i,11.09538415348179
0.05934119456780721,2.0301764842825927+2.6801468895940674E-4i,2.0301764842825928E12+2.6801468895940676E8i,3787.4351069431145
0.05934119456780721,2.1822370440485717+0.018152389732295365i,2.1822370440485718E12+1.8152389732295364E10i,60.10880870869856
0.05934119456780721,2.2532586091234696+6.796746276175481E-5i,2.2532586091234697E12+6.796746276175481E7i,16576.009443090283
0.05934119456780721,2.2668201601201012+4.450907399286543E-5i,2.266820160120101E12+4.450907399286543E7i,25464.69693442129
0.05934119456780721,2.330371761921786+1.0803525977758333E-5i,2.330371761921786E12+1.0803525977758333E7i,107852.36999102974
0.05934119456780721,2.43490341575905+0.0833303520776778i,2.4349034157590503E12+8.333035207767781E10i,14.609943166262598
0.05934119456780721,2.5354048241186447+0.001128455569441637i,2.5354048241186445E12+1.128455569441637E9i,1123.3959460952326
0.05934119456780721,2.6004661537694544+0.004042804348347602i,2.6004661537694546E12+4.042804348347602E9i,321.6166217433119
0.05934119456780721,2.6612596830100324+0.0013242220554355664i,2.661259683010032E12+1.3242220554355664E9i,1004.8389060151562
0.05934119456780721,2.707854102740947+0.03387948455661966i,2.7078541027409473E12+3.387948455661966E10i,39.96303571584096
0.06021385919380437,0.5905564544531761+0.05955353254294898i,5.90556454453176E11+5.9553532542948975E10i,4.958198357312196
0.06021385919380437,0.9843912512725934+0.08895815625766415i,9.843912512725934E11+8.895815625766415E10i,5.532889240764719
0.06021385919380437,1.1979206812144263+0.002356002235908086i,1.1979206812144263E12+2.356002235908086E9i,254.22740754588156
0.06021385919380437,1.2526037217890151+0.39883268491266627i,1.2526037217890151E12+3.9883268491266626E11i,1.5703373484338452
0.06021385919380437,1.2625970426547781+0.4847031500401285i,1.262597042654778E12+4.847031500401285E11i,1.3024436116726783
0.06021385919380437,1.265623727436751+0.0022557154278898977i,1.265623727436751E12+2.255715427889898E9i,280.53709962445816
0.06021385919380437,1.4859121201082526+0.07842045392399265i,1.4859121201082527E12+7.842045392399265E10i,9.474008665828697
0.06021385919380437,1.6186344168829043+0.007329418854564002i,1.6186344168829043E12+7.329418854564002E9i,110.42037909151465
0.06021385919380437,1.6836497816291802+0.01931685063402999i,1.6836497816291802E12+1.931685063402999E10i,43.57982089127765
0.06021385919380437,1.8980974298267075+0.08552792801803487i,1.8980974298267075E12+8.552792801803487E10i,11.09636041590102
0.06021385919380437,2.0301108806628516+2.76038242795809E-4i,2.0301108806628518E12+2.7603824279580903E8i,3677.2275828544616
0.06021385919380437,2.182195938779242+0.01817150639033175i,2.182195938779242E12+1.817150639033175E10i,60.04444243379545
0.06021385919380437,2.2531614279472403+6.866228950531934E-5i,2.25316142794724E12+6.866228950531934E7i,16407.56115314714
0.06021385919380437,2.2664848440310186+4.7029618898387535E-5i,2.2664848440310186E12+4.702961889838754E7i,24096.355627801266
0.06021385919380437,2.3308600704723537+1.0819277285478566E-5i,2.3308600704723535E12+1.0819277285478566E7i,107717.91908877273
0.06021385919380437,2.434898049589409+0.0833016955723445i,2.434898049589409E12+8.33016955723445E10i,14.614936904104123
0.06021385919380437,2.5351458384024967+0.0011531904578999262i,2.5351458384024966E12+1.1531904578999262E9i,1099.1878319125392
0.06021385919380437,2.6005714932484247+0.004018574897243184i,2.600571493248425E12+4.0185748972431836E9i,323.5688720188424
0.06021385919380437,2.6613985389478074+0.0013617104049373724i,2.6613985389478076E12+1.3617104049373724E9i,977.2263358265997
0.06021385919380437,2.707880050393394+0.033863862509428355i,2.707880050393394E12+3.3863862509428356E10i,39.98185454537957
0.061086523819801536,0.5906494431351328+0.0595045048524004i,5.906494431351328E11+5.95045048524004E10i,4.963064936009682
0.061086523819801536,0.984430474982495+0.0889072856406623i,9.84430474982495E11+8.890728564066231E10i,5.536275615033846
0.061086523819801536,1.1974391085750722+0.0023477526897489466i,1.1974391085750723E12+2.3477526897489467E9i,255.01815284963396
0.061086523819801536,1.2527415875712498+0.3987977543899528i,1.2527415875712498E12+3.987977543899528E11i,1.5706477453560241
0.061086523819801536,1.2627456888198596+0.48466301560213404i,1.2627456888198596E12+4.8466301560213403E11i,1.30270481568627
0.061086523819801536,1.266104605231532+0.002265995891822999i,1.266104605231532E12+2.265995891822999E9i,279.37045468625007
0.061086523819801536,1.485874595509508+0.07836480004588212i,1.485874595509508E12+7.836480004588211E10i,9.48049758717905
0.061086523819801536,1.6184157538113957+0.007494656869766752i,1.6184157538113958E12+7.494656869766752E9i,107.97130421941277
0.061086523819801536,1.6839071694122973+0.01920075393312961i,1.6839071694122974E12+1.920075393312961E10i,43.85002732905266
0.061086523819801536,1.8980778194462942+0.08551940519569927i,1.8980778194462942E12+8.551940519569926E10i,11.097351619219095
0.061086523819801536,2.030044391387782+2.84183915351903E-4i,2.030044391387782E12+2.84183915351903E8i,3571.7088155288307
0.061086523819801536,2.1821541786202214+0.018190874960838932i,2.1821541786202217E12+1.8190874960838932E10i,59.97936282113789
0.061086523819801536,2.253055596714301+6.923606960733305E-5i,2.253055596714301E12+6.923606960733305E7i,16270.822488136093
0.061086523819801536,2.266158978421918+4.972988059905338E-5i,2.266158978421918E12+4.9729880599053375E7i,22784.681474431844
0.061086523819801536,2.3313483986244985+1.0834988850445395E-5i,2.3313483986244985E12+1.0834988850445395E7i,107584.2546219447
0.061086523819801536,2.4348926139859675+0.0832726143216709i,2.4348926139859673E12+8.327261432167091E10i,14.620008233320888
0.061086523819801536,2.5348846233594986+0.0011779739405942812i,2.5348846233594985E12+1.1779739405942812E9i,1075.9510613964276
0.061086523819801536,2.600676763506101+0.003994457827570951i,2.600676763506101E12+3.994457827570951E9i,325.5356390991847
0.061086523819801536,2.6615395098971537+0.0013996443212478233i,2.661539509897154E12+1.3996443212478232E9i,950.7913794571448
0.061086523819801536,2.707906329194879+0.03384797151730225i,2.707906329194879E12+3.384797151730225E10i,40.00101347004892
0.0619591884457987,0.5907437467378805+0.05945481531435855i,5.907437467378806E11+5.945481531435855E10i,4.968005901745808
0.0619591884457987,0.9844702713695929+0.08885571078579393i,9.844702713695929E11+8.885571078579393E10i,5.539712994603539
0.0619591884457987,1.196957441620018+0.002339639813910138i,1.196957441620018E12+2.339639813910138E9i,255.79951121185513
0.0619591884457987,1.2528814244868032+0.39876230937228074i,1.2528814244868032E12+3.9876230937228076E11i,1.5709626951191178
0.0619591884457987,1.2628964439160055+0.48462231846640674i,1.2628964439160056E12+4.8462231846640674E11i,1.3029697516949454
0.0619591884457987,1.266585568443702+0.0022761732957999386i,1.266585568443702E12+2.2761732957999387E9i,278.2269633821033
0.0619591884457987,1.485836469693388+0.07830830307035813i,1.485836469693388E12+7.830830307035814E10i,9.487094033683755
0.0619591884457987,1.6181949128906352+0.007660180060860473i,1.6181949128906353E12+7.660180060860473E9i,105.62381693602529
0.0619591884457987,1.6841673434105198+0.019085114658997603i,1.6841673434105198E12+1.9085114658997604E10i,44.12253668637315
0.0619591884457987,1.8980579192732567+0.0855107554921224i,1.8980579192732568E12+8.55107554921224E10i,11.09835779341298
0.0619591884457987,2.0299770194545084+2.924519235461919E-4i,2.0299770194545085E12+2.924519235461919E8i,3470.6166313415956
0.0619591884457987,2.1821117614970067+0.01821049426023427i,2.1821117614970066E12+1.821049426023427E10i,59.913578684737324
0.0619591884457987,2.252940610065664+6.968254624364416E-5i,2.252940610065664E12+6.968254624364416E7i,16165.745452155874
0.0619591884457987,2.265843069965093+5.261663651052855E-5i,2.2658430699650933E12+5.261663651052855E7i,21531.622127838786
0.0619591884457987,2.3318367451183453+1.0850653737217535E-5i,2.331836745118345E12+1.0850653737217536E7i,107451.44032751638
0.0619591884457987,2.4348871093475477+0.08324310800310791i,2.434887109347548E12+8.324310800310791E10i,14.625157371927058
0.0619591884457987,2.534621218342732+0.0012028030393891383i,2.534621218342732E12+1.2028030393891385E9i,1053.6310332363216
0.0619591884457987,2.6007819262451526+0.003970462550305405i,2.600781926245153E12+3.970462550305405E9i,327.51623939194474
0.0619591884457987,2.6616825964073385+0.0014380198576820291i,2.6616825964073384E12+1.4380198576820292E9i,925.4679558798839
0.0619591884457987,2.7079329368692955+0.033831809604373375i,2.7079329368692954E12+3.383180960437338E10i,40.02051572965884
0.06283185307179587,0.5908393642667403+0.05940446575484671i,5.908393642667404E11+5.940446575484671E10i,4.973021445096784
0.06283185307179587,0.9845106407656261+0.08880343286595924i,9.845106407656261E11+8.880343286595924E10i,5.543201478774226
0.06283185307179587,1.1964756859067336+0.002331658231380941i,1.1964756859067336E12+2.331658231380941E9i,256.5718401187194
0.06283185307179587,1.25302323202875+0.39872634938491813i,1.25302323202875E12+3.9872634938491815E11i,1.5712822013916115
0.06283185307179587,1.2630493066700308+0.4845810592463751i,1.2630493066700308E12+4.845810592463751E11i,1.3032384185984658
0.06283185307179587,1.2670666115648597+0.0022862532180206465i,1.2670666115648596E12+2.2862532180206466E9i,277.10548454948463
0.06283185307179587,1.485797739834802+0.07825096126023129i,1.485797739834802E12+7.82509612602313E10i,9.49379864417023
0.06283185307179587,1.6179719520907765+0.007825955266867595i,1.6179719520907766E12+7.825955266867595E9i,103.37216971714072
0.06283185307179587,1.6844302480398847+0.01896996739765619i,1.6844302480398848E12+1.896996739765619E10i,44.39728895496158
0.06283185307179587,1.8980377289824932+0.08550197872792845i,1.8980377289824932E12+8.550197872792845E10i,11.099378968889969
0.06283185307179587,2.0299087678940047+3.008424873950937E-4i,2.029908767894005E12+3.008424873950937E8i,3373.7069279515435
0.06283185307179587,2.182068685325602+0.018230363087125535i,2.1820686853256023E12+1.8230363087125534E10i,59.847098900257265
0.06283185307179587,2.2528159721973324+6.999682562781121E-5i,2.2528159721973325E12+6.999682562781121E7i,16092.27241372387
0.06283185307179587,2.265537615747311+5.5695309850910894E-5i,2.265537615747311E12+5.5695309850910895E7i,20338.67503216932
0.06283185307179587,2.332325108714002+1.086626527072132E-5i,2.332325108714002E12+1.086626527072132E7i,107319.53668563341
0.06283185307179587,2.434881536079705+0.08321317628624379i,2.434881536079705E12+8.321317628624379E10i,14.630384542130633
0.06283185307179587,2.5343556621009378+0.0012276750241045306i,2.534355662100938E12+1.2276750241045306E9i,1032.1769248134308
0.06283185307179587,2.600886943991122+0.0039465982779463525i,2.600886943991122E12+3.946598277946353E9i,329.50996792920563
0.06283185307179587,2.661827798848305+0.0014768330715602654i,2.661827798848305E12+1.4768330715602655E9i,901.1945392163041
0.06283185307179587,2.7079598710910604+0.03381537475096607i,2.7079598710910605E12+3.3815374750966072E10i,40.04036464232437
0.06370451769779303,0.5909362947124999+0.059353458023086496i,5.909362947124999E11+5.9353458023086494E10i,4.978111759576381
0.06370451769779303,0.9845515835053396+0.08875045306974597i,9.845515835053396E11+8.875045306974597E10i,5.546741168361213
0.06370451769779303,1.1959938467139852+0.0023238028434959448i,1.1959938467139854E12+2.323802843495945E9i,257.3354813773108
0.06370451769779303,1.2531670096851133+0.39868987394889777i,1.2531670096851133E12+3.9868987394889777E11i,1.5716062678904887
0.06370451769779303,1.2632042757911512+0.4845392385627606i,1.2632042757911514E12+4.845392385627606E11i,1.3035108152830568
0.06370451769779303,1.2675477293661785+0.002296240962110645i,1.2675477293661785E12+2.296240962110645E9i,276.0049468417029
0.06370451769779303,1.485758403054279+0.07819277286014414i,1.485758403054279E12+7.819277286014415E10i,9.500612068788707
0.06370451769779303,1.6177469293288744+0.007991951392060019i,1.6177469293288745E12+7.991951392060019E9i,101.21100904943576
0.06370451769779303,1.6846958278173507+0.018855344682035487i,1.6846958278173508E12+1.885534468203549E10i,44.67422516604674
0.06370451769779303,1.8980172482444257+0.0854930747214086i,1.8980172482444258E12+8.54930747214086E10i,11.100415176488776
0.06370451769779303,2.029839639770743+3.093558300089513E-4i,2.0298396397707432E12+3.093558300089513E8i,3280.7522000021936
0.06370451769779303,2.1820249480132503+0.018250480222217175i,2.1820249480132502E12+1.8250480222217175E10i,59.77993240301063
0.06370451769779303,2.2526812053757155+7.017569088230591E-5i,2.2526812053757153E12+7.017569088230592E7i,16050.295886318847
0.06370451769779303,2.2652430947546844+5.896965591531872E-5i,2.2652430947546846E12+5.896965591531872E7i,19206.85358930707
0.06370451769779303,2.3328134881909093+1.0881817023372556E-5i,2.332813488190909E12+1.0881817023372555E7i,107188.60109393341
0.06370451769779303,2.434875894594803+0.08318281883265838i,2.434875894594803E12+8.318281883265839E10i,14.635689970383927
0.06370451769779303,2.5340879927777205+0.0012525874049266305i,2.5340879927777207E12+1.2525874049266305E9i,1011.5413833840016
0.06370451769779303,2.6009917800973383+0.003922874028519687i,2.6009917800973384E12+3.922874028519687E9i,331.5160977879824
0.06370451769779303,2.661975117407482+0.0015160800286842483i,2.661975117407482E12+1.5160800286842482E9i,877.9137865557517
0.06370451769779303,2.707987129484158+0.03379866489283451i,2.707987129484158E12+3.3798664892834507E10i,40.06056360614211
0.0645771823237902,0.5910345370511308+0.05930179399102468i,5.910345370511309E11+5.930179399102468E10i,4.983277041674185
0.0645771823237902,0.9845930999264293+0.08869677260118138i,9.845930999264293E11+8.869677260118138E10i,5.550332165712392
0.0645771823237902,1.1955119290607048+0.0023160688121654695i,1.1955119290607048E12+2.3160688121654696E9i,258.0907619801955
0.0645771823237902,1.2533127569389422+0.39865288258119747i,1.2533127569389421E12+3.9865288258119745E11i,1.5719348983807586
0.0645771823237902,1.2633613499710576+0.4844968570434813i,1.2633613499710576E12+4.8449685704348126E11i,1.3037869406216571
0.0645771823237902,1.2680289168794936+0.0023061415750132925i,1.2680289168794937E12+2.3061415750132923E9i,274.9243434614774
0.0645771823237902,1.485718456417338+0.0781337360970613i,1.4857184564173381E12+7.81337360970613E10i,9.507534969092678
0.0645771823237902,1.6175199023821059+0.008158139363211457i,1.617519902382106E12+8.158139363211457E9i,99.13534387976966
0.0645771823237902,1.6849640274481705+0.018741277034198672i,1.6849640274481707E12+1.8741277034198673E10i,44.95328745136965
0.0645771823237902,1.8979964767249946+0.08548404328851382i,1.8979964767249946E12+8.548404328851382E10i,11.101466447481558
0.0645771823237902,2.0297696381823447+3.179921775879238E-4i,2.0297696381823447E12+3.179921775879238E8i,3191.540203250943
0.0645771823237902,2.181980547459113+0.018270844428213695i,2.1819805474591128E12+1.8270844428213696E10i,59.71208818596571
0.0645771823237902,2.2525358591773847+7.021789357784134E-5i,2.252535859177385E12+7.021789357784134E7i,16039.614294896888
0.0645771823237902,2.2649599586331686+6.244147068459897E-5i,2.2649599586331685E12+6.2441470684598975E7i,18136.66409359425
0.0645771823237902,2.3333018823471923+1.0897302811530292E-5i,2.3333018823471924E12+1.0897302811530292E7i,107058.68794791847
0.0645771823237902,2.434870185312066+0.0831520352957753i,2.434870185312066E12+8.315203529577531E10i,14.641073887434802
0.0645771823237902,2.5338182479115203+0.0012775379248353826i,2.5338182479115205E12+1.2775379248353827E9i,991.6802462979782
0.0645771823237902,2.601096398748746+0.003899298629514393i,2.601096398748746E12+3.8992986295143933E9i,333.5338795367769
0.0645771823237902,2.662124552086866+0.001555756807884744i,2.662124552086866E12+1.5557568078847442E9i,855.5722008076489
0.0645771823237902,2.7080147096210707+0.03378167792035843i,2.708014709621071E12+3.378167792035843E10i,40.0811161009426
0.06544984694978735,0.5911340902443052+0.05924947555335823i,5.911340902443052E11+5.924947555335823E10i,4.9885174908590395
0.06544984694978735,0.984635190369529+0.08864239267983871i,9.846351903695289E11+8.864239267983871E10i,5.553974574704139
0.06544984694978735,1.1950299377234663+0.0023084515434235193i,1.1950299377234663E12+2.308451543423519E9i,258.8379949165389
0.06544984694978735,1.253460473268283+0.3986153747946629i,1.253460473268283E12+3.986153747946629E11i,1.5722680966758658
0.06544984694978735,1.2635205278839856+0.4844539153237086i,1.2635205278839856E12+4.8445391532370856E11i,1.304066793473751
0.06544984694978735,1.2685101693798415+0.002315959863457919i,1.2685101693798416E12+2.315959863457919E9i,273.8627273716763
0.06544984694978735,1.4856778969337994+0.07807384918059804i,1.4856778969337993E12+7.807384918059804E10i,9.514568018141226
0.06544984694978735,1.617290928806168+0.008324492082653427i,1.6172909288061682E12+8.324492082653426E9i,97.14051696777264
0.06544984694978735,1.6852347919080921+0.018627793011858268i,1.685234791908092E12+1.862779301185827E10i,45.23441909718688
0.06544984694978735,1.8979754140856848+0.0854748842428848i,1.8979754140856848E12+8.54748842428848E10i,11.102532813571365
0.06544984694978735,2.0296987662592256+3.267517594178795E-4i,2.0296987662592256E12+3.267517594178795E8i,3105.872742468487
0.06544984694978735,2.1819354815549916+0.01829145444971174i,2.1819354815549917E12+1.829145444971174E10i,59.643575297790974
0.06544984694978735,2.2523795201418566+7.012439872719688E-5i,2.2523795201418564E12+7.012439872719689E7i,16059.884726457545
0.06544984694978735,2.2646886220360436+6.61103459934393E-5i,2.2646886220360435E12+6.61103459934393E7i,17128.095368467653
0.06544984694978735,2.3337902899990692+1.0912716673808265E-5i,2.3337902899990693E12+1.0912716673808265E7i,106929.848898232
0.06544984694978735,2.4348644086576323+0.08312082532072479i,2.4348644086576323E12+8.31208253207248E10i,14.64653652837672
0.06544984694978735,2.5335464644363865+0.0013025245520960312i,2.5335464644363867E12+1.3025245520960312E9i,972.5522871562716
0.06544984694978735,2.6012007649647515+0.0038758807216549107i,2.6012007649647515E12+3.8758807216549106E9i,335.56254071901617
0.06544984694978735,2.6622761027004342+0.0015958595056960545i,2.662276102700434E12+1.5958595056960545E9i,834.1198248335928
0.06544984694978735,2.7080426090218714+0.03376441167770681i,2.7080426090218716E12+3.3764411677706806E10i,40.10202569011259
0.06632251157578453,0.5912349532388842+0.05919650462752024i,5.912349532388842E11+5.919650462752024E10i,4.993833309577042
0.06632251157578453,0.9846778551780384+0.08858731454079344i,9.846778551780385E11+8.858731454079344E10i,5.5576685007457
0.06632251157578453,1.1945478772525027+0.002300946672179507i,1.1945478772525027E12+2.300946672179507E9i,259.5774799337268
0.06632251157578453,1.2536101581463848+0.3985773500982827i,1.2536101581463848E12+3.985773500982827E11i,1.5726058666370089
0.06632251157578453,1.2636818081866106+0.4844104140457105i,1.2636818081866106E12+4.844104140457105E11i,1.3043503726855938
0.06632251157578453,1.2689914823695279+0.0023257004092509504i,1.2689914823695278E12+2.3257004092509503E9i,272.8192069197421
0.06632251157578453,1.4856367215572195+0.07801311030348973i,1.4856367215572195E12+7.801311030348973E10i,9.521711900587837
0.06632251157578453,1.617060065858931+0.00849098437757326i,1.617060065858931E12+8.490984377573259E9i,95.22217884006342
0.06632251157578453,1.6855080665203548+0.01851491925856982i,1.6855080665203547E12+1.851491925856982E10i,45.51756459159821
0.06632251157578453,1.8979540599835056+0.08546559739585984i,1.8979540599835056E12+8.546559739585983E10i,11.103614306892139
0.06632251157578453,2.0296270271642425+3.356348078649437E-4i,2.0296270271642427E12+3.356348078649437E8i,3023.5645701874664
0.06632251157578453,2.181889748186037+0.018312309013095614i,2.1818897481860374E12+1.8312309013095615E10i,59.57440284088998
0.06632251157578453,2.2522118214361826+6.989855817187512E-5i,2.2522118214361826E12+6.989855817187512E7i,16110.574240302418
0.06632251157578453,2.264429452959514+6.997349630366828E-5i,2.264429452959514E12+6.997349630366828E7i,16180.62246834452
0.06632251157578453,2.3342787099802407+1.0928052870177225E-5i,2.3342787099802407E12+1.0928052870177224E7i,106802.13290102726
0.06632251157578453,2.4348585650646517+0.08308918854418425i,2.434858565064652E12+8.308918854418425E10i,14.652078132703569
0.06632251157578453,2.5332726786834563+0.0013275454728145244i,2.5332726786834565E12+1.3275454728145244E9i,954.1189852098528
0.06632251157578453,2.60130484460111+0.003852628762562124i,2.60130484460111E12+3.8526287625621243E9i,337.60128537159613
0.06632251157578453,2.6624297688717515+0.0016363842410809643i,2.6624297688717515E12+1.6363842410809643E9i,813.5099636235194
0.06632251157578453,2.7080708251530994+0.03374686396202792i,2.7080708251530996E12+3.374686396202792E10i,40.12329602241307
0.06719517620178168,0.5913371249671009+0.059142883153103176i,5.91337124967101E11+5.914288315310318E10i,4.999224703302903
0.06719517620178168,0.984721094698108+0.0885315394344629i,9.84721094698108E11+8.85315394344629E10i,5.561414050791842
0.06719517620178168,1.194065751986457+0.0022935500481269847i,1.194065751986457E12+2.2935500481269846E9i,260.30950424683004
0.06719517620178168,1.2537618110417064+0.3985388079973187i,1.2537618110417063E12+3.985388079973187E11i,1.5729482121727796
0.06719517620178168,1.2638451895182015+0.48436635385878923i,1.2638451895182014E12+4.8436635385878925E11i,1.304637677090448
0.06719517620178168,1.2694728515632734+0.0023353675834330177i,1.2694728515632734E12+2.3353675834330177E9i,271.7929418411155
0.06719517620178168,1.48559492718421+0.07795151764197764i,1.48559492718421E12+7.795151764197763E10i,9.528967312781369
0.06719517620178168,1.6168273704294345+0.008657592946097036i,1.6168273704294346E12+8.657592946097036E9i,93.37626407801505
0.06719517620178168,1.6857837970273042+0.01840268055713746i,1.6857837970273042E12+1.840268055713746E10i,45.80266966524817
0.06719517620178168,1.8979324140710172+0.08545618255646148i,1.8979324140710173E12+8.545618255646149E10i,11.104710960011818
0.06719517620178168,2.0295544240923316+3.4464155837135054E-4i,2.0295544240923315E12+3.446415583713505E8i,2944.4423848407323
0.06719517620178168,2.181843345231447+0.018333406826406405i,2.1818433452314473E12+1.8333406826406406E10i,59.50457996952435
0.06719517620178168,2.2520324520606123+6.954618945553998E-5i,2.2520324520606123E12+6.954618945553997E7i,16190.911893888227
0.06719517620178168,2.2641827635372693+7.402568000621685E-5i,2.2641827635372695E12+7.402568000621685E7i,15293.225022364659
0.06719517620178168,2.3347671411413495+1.0943305867091495E-5i,2.3347671411413496E12+1.0943305867091496E7i,106675.58640403251
0.06719517620178168,2.434852654973315+0.08305712459422643i,2.434852654973315E12+8.305712459422643E10i,14.657698944363466
0.06719517620178168,2.532996926383102+0.001352599083554692i,2.532996926383102E12+1.352599083554692E9i,936.3443156143026
0.06719517620178168,2.6014086043508367+0.003829551030284509i,2.601408604350837E12+3.829551030284509E9i,339.6492935828003
0.06719517620178168,2.6625855500319946+0.0016773271602916532i,2.6625855500319946E12+1.6773271602916532E9i,793.6989315695052
0.06719517620178168,2.7080993554266697+0.0337290325225267i,2.70809935542667E12+3.37290325225267E10i,40.14493083396336
0.06806784082777886,0.5914406043466357+0.05908861309247631i,5.914406043466357E11+5.908861309247631E10i,5.004691880489773
0.06806784082777886,0.984764909278582+0.08847506862666239i,9.84764909278582E11+8.84750686266624E10i,5.565211333341754
0.06806784082777886,1.1935835660660883+0.0022862577226662522i,1.1935835660660884E12+2.286257722666252E9i,261.0343432047813
0.06806784082777886,1.2539154314180527+0.3984997479931517i,1.2539154314180527E12+3.984997479931517E11i,1.5732951372400887
0.06806784082777886,1.2640106705005651+0.4843217354193277i,1.2640106705005652E12+4.843217354193277E11i,1.3049287055083123
0.06806784082777886,1.2699542728746294+0.0023449655594025096i,1.2699542728746294E12+2.3449655594025097E9i,270.7831396035961
0.06806784082777886,1.48555251065371+0.07788906935631697i,1.48555251065371E12+7.788906935631697E10i,9.536334962854633
0.06806784082777886,1.6165928989721696+0.008824296300716737i,1.6165928989721697E12+8.824296300716738E9i,91.59896970146303
0.06806784082777886,1.6860619296567954+0.018291099885663246i,1.6860619296567954E12+1.8291099885663246E10i,46.089681325789165
0.06806784082777886,1.897910475996333+0.08544663953144918i,1.897910475996333E12+8.544663953144919E10i,11.105822805926703
0.06806784082777886,2.0294809602701616+3.5377224944932196E-4i,2.0294809602701616E12+3.53772249449322E8i,2868.3439181976955
0.06806784082777886,2.1817962705651825+0.01835474657923526i,2.1817962705651824E12+1.835474657923526E10i,59.43411588786113
0.06806784082777886,2.2518411650885084+6.90755428057903E-5i,2.2518411650885083E12+6.90755428057903E7i,16299.844153376282
0.06806784082777886,2.2639488018007436+7.825923261197242E-5i,2.2639488018007437E12+7.825923261197242E7i,14464.419891681862
0.06806784082777886,2.335255582349405+1.0958470334497442E-5i,2.335255582349405E12+1.0958470334497442E7i,106550.25341438313
0.06806784082777886,2.4348466788309597+0.0830246330901744i,2.43484667883096E12+8.30246330901744E10i,14.663399211812438
0.06806784082777886,2.5327192426676337+0.0013776839840946283i,2.532719242667634E12+1.3776839840946283E9i,919.1945583703869
0.06806784082777886,2.6015120117442714+0.003806655626641566i,2.6015120117442715E12+3.806655626641566E9i,341.7057210976901
0.06806784082777886,2.6627434454181813+0.0017186844417543662i,2.662743445418181E12+1.7186844417543662E9i,774.6458223302924
0.06806784082777886,2.7081281971988025+0.033710915059623536i,2.7081281971988027E12+3.371091505962354E10i,40.16693395016144
0.06894050545377602,0.5915453902803711+0.059033696429977356i,5.915453902803711E11+5.9033696429977356E10i,5.010235052636682
0.06894050545377602,0.9848092992708851+0.08841790339854293i,9.848092992708851E11+8.841790339854292E10i,5.569060458445084
0.06894050545377602,1.1931013234467673+0.0022790659367053706i,1.1931013234467673E12+2.279065936705371E9i,261.7522609221918
0.06894050545377602,1.2540710187346353+0.39846016958379i,1.2540710187346353E12+3.9846016958379E11i,1.5736466458423815
0.06894050545377602,1.2641782497381095+0.4842765593905746i,1.2641782497381096E12+4.8427655939057465E11i,1.3052234567464738
0.06894050545377602,1.270435742403346+0.002354498325133312i,1.270435742403346E12+2.354498325133312E9i,269.7890520545207
0.06894050545377602,1.485509468746426+0.0778257635911709i,1.485509468746426E12+7.78257635911709E10i,9.543815570830793
0.06894050545377602,1.616356707446704+0.00899107470946207i,1.616356707446704E12+8.99107470946207E9i,89.88673543918364
0.06894050545377602,1.6863424111831944+0.018180198475821654i,1.6863424111831943E12+1.8180198475821655E10i,46.37854788620452
0.06894050545377602,1.8978882454031152+0.0854369681252861i,1.8978882454031152E12+8.54369681252861E10i,11.106949878066965
0.06894050545377602,2.029406638955766+3.630271226761663E-4i,2.0294066389557659E12+3.630271226761663E8i,2795.117103090493
0.06894050545377602,2.1817485220566617+0.018376326942575284i,2.1817485220566616E12+1.8376326942575283E10i,59.363019848157656
0.06894050545377602,2.251637784442572+6.849714761973424E-5i,2.251637784442572E12+6.849714761973424E7i,16435.99669976526
0.06894050545377602,2.2637277449030533+8.266422045271845E-5i,2.263727744903053E12+8.266422045271845E7i,13692.306856010577
0.06894050545377602,2.3357440324872782+1.0973541133132939E-5i,2.3357440324872783E12+1.0973541133132938E7i,106426.17565968995
0.06894050545377602,2.4348406370921145+0.08299171364243471i,2.4348406370921147E12+8.299171364243471E10i,14.669179188072277
0.06894050545377602,2.5324396620746863+0.0014027989702574896i,2.5324396620746865E12+1.4027989702574897E9i,902.6381241247442
0.06894050545377602,2.601615035148313+0.0037839504804445716i,2.601615035148313E12+3.7839504804445715E9i,343.76969896850403
0.06894050545377602,2.6629034540717806+0.001760452301067239i,2.662903454071781E12+1.760452301067239E9i,756.3122989635814
0.06894050545377602,2.70815734776879+0.03369250922401193i,2.70815734776879E12+3.369250922401193E10i,40.18930928775623
0.06981317007977318,0.5916514816565842+0.05897813517212448i,5.916514816565842E11+5.897813517212448E10i,5.015854434273664
0.06981317007977318,0.9848542650290232+0.08836004504651887i,9.848542650290232E11+8.836004504651888E10i,5.5729615377093085
0.06981317007977318,1.192619027910268+0.0022719711094203263i,1.192619027910268E12+2.271971109420326E9i,262.46351086184245
0.06981317007977318,1.254228572446139+0.398420072263651i,1.2542285724461392E12+3.98420072263651E11i,1.5740027420307332
0.06981317007977318,1.2643479258178447+0.48423082644267906i,1.2643479258178447E12+4.842308264426791E11i,1.3055219295993252
0.06981317007977318,1.2709172564237663+0.0023639696944968975i,1.2709172564237664E12+2.3639696944968977E9i,268.8099723491261
0.06981317007977318,1.4854657981840478+0.07776159847618799i,1.4854657981840479E12+7.776159847618799E10i,9.551409868708681
0.06981317007977318,1.6161188512624662+0.009157910135350493i,1.6161188512624663E12+9.157910135350492E9i,88.2362256987038
0.06981317007977318,1.6866251889832524+0.018069995872853663i,1.6866251889832524E12+1.8069995872853664E10i,46.66921898740024
0.06981317007977318,1.8978657219305872+0.08542716814018073i,1.8978657219305872E12+8.542716814018073E10i,11.108092210292552
0.06981317007977318,2.029331463438181+3.7240642268867533E-4i,2.0293314634381814E12+3.7240642268867534E8i,2724.6193134733658
0.06981317007977318,2.181700097571482+0.018398146568699005i,2.1817000975714824E12+1.8398146568699005E10i,59.29130114886778
0.06981317007977318,2.251422209769287+6.782354087990254E-5i,2.251422209769287E12+6.782354087990254E7i,16597.645747779206
0.06981317007977318,2.2635196942446987+8.722871245469997E-5i,2.2635196942446987E12+8.722871245469998E7i,12974.625158087712
0.06981317007977318,2.33623249045317+1.0988513301803647E-5i,2.33623249045317E12+1.0988513301803647E7i,106303.39274693796
0.06981317007977318,2.434834530218592+0.08295836585233694i,2.4348345302185923E12+8.295836585233694E10i,14.675039130788296
0.06981317007977318,2.5321582185510025+0.0014279430269043569i,2.5321582185510024E12+1.427943026904357E9i,886.6453951039201
0.06981317007977318,2.60171764376483+0.0037614433505348214i,2.60171764376483E12+3.7614433505348215E9i,345.84033325862856
0.06981317007977318,2.663065574837594+0.0018026269960418285i,2.663065574837594E12+1.8026269960418286E9i,738.6624023397794
0.06981317007977318,2.708186804377789+0.03367381261572447i,2.708186804377789E12+3.367381261572447E10i,40.21206085694559
0.07068583470577035,0.5917588773488293+0.05892193134741973i,5.917588773488292E11+5.892193134741973E10i,5.0215502429787815
0.07068583470577035,0.9848998069094373+0.08830149488223599i,9.848998069094374E11+8.8301494882236E10i,5.576914684303799
0.07068583470577035,1.1921366830754785+0.0022649698278025343i,1.1921366830754785E12+2.2649698278025346E9i,263.1683363817886
0.07068583470577035,1.254388092002746+0.3983794555238144i,1.2543880920027458E12+3.983794555238144E11i,1.5743634299030274
0.07068583470577035,1.2645196973094872+0.48418453725265354i,1.2645196973094873E12+4.8418453725265356E11i,1.3058241228484802
0.07068583470577035,1.2713988113739905+0.0023733833178034252i,1.2713988113739905E12+2.3733833178034253E9i,267.8452321285115
0.07068583470577035,1.4854214956286467+0.07769657212638917i,1.4854214956286467E12+7.769657212638918E10i,9.559118600575509
0.07068583470577035,1.6158793852287208+0.0093247861744824i,1.6158793852287207E12+9.3247861744824E9i,86.64431307018226
0.07068583470577035,1.6869102110868235+0.017960509996891142i,1.6869102110868235E12+1.7960509996891144E10i,46.961645615264196
0.07068583470577035,1.8978429052135508+0.0854172393760868i,1.8978429052135508E12+8.54172393760868E10i,11.109249836894554
0.07068583470577035,2.029255437037093+3.819103971760472E-4i,2.0292554370370933E12+3.819103971760472E8i,2656.716669724074
0.07068583470577035,2.1816509949721152+0.018420204091009282i,2.1816509949721155E12+1.842020409100928E10i,59.218969132838154
0.07068583470577035,2.251194419082379+6.706889178039258E-5i,2.251194419082379E12+6.706889178039258E7i,16782.701781129697
0.07068583470577035,2.263324672830243+9.193915571161404E-5i,2.263324672830243E12+9.193915571161404E7i,12308.818018351309
0.07068583470577035,2.336720955160139+1.1003382057274897E-5i,2.336720955160139E12+1.1003382057274897E7i,106181.9421972726
0.07068583470577035,2.4348283586795705+0.08292458931198063i,2.4348283586795703E12+8.292458931198064E10i,14.680979302286369
0.07068583470577035,2.5318749454567735+0.0014531153210344818i,2.5318749454567734E12+1.4531153210344818E9i,871.1885797385703
0.07068583470577035,2.6018198076283157+0.0037391418286461604i,2.601819807628316E12+3.7391418286461606E9i,347.9167048031396
0.07068583470577035,2.6632298063629936+0.0018452048317981115i,2.6632298063629937E12+1.8452048317981117E9i,721.6623760321868
0.07068583470577035,2.708216564207605+0.0336548227831414i,2.708216564207605E12+3.3654822783141403E10i,40.23519276357953
0.07155849933176751,0.5918675762159747+0.058865087006208114i,5.918675762159747E11+5.8865087006208115E10i,5.027322699391868
0.07155849933176751,0.9849459252709031+0.08824225423247695i,9.849459252709031E11+8.824225423247694E10i,5.580920012968122
0.07155849933176751,1.191654292408344+0.0022580588367774137i,1.191654292408344E12+2.258058836777414E9i,263.86697126745645
0.07155849933176751,1.2545495768504464+0.398338318852191i,1.2545495768504465E12+3.9833831885219104E11i,1.5747287136038306
0.07155849933176751,1.2646935627653322+0.4841376925042224i,1.2646935627653323E12+4.841376925042224E11i,1.306130035262956
0.07155849933176751,1.2718804038459617+0.0023827426916236834i,1.2718804038459617E12+2.3827426916236835E9i,266.8941989240261
0.07155849933176751,1.485376557681901+0.07763068264280641i,1.485376557681901E12+7.763068264280641E10i,9.566942522690429
0.07155849933176751,1.6156383635095044+0.009491687993247974i,1.6156383635095044E12+9.491687993247974E9i,85.10806321587941
0.07155849933176751,1.6871974262226006+0.017851757205151957i,1.6871974262226006E12+1.785175720515196E10i,47.25578011266255
0.07155849933176751,1.8978197948823725+0.08540718163070816i,1.8978197948823726E12+8.540718163070816E10i,11.110422792595765
0.07155849933176751,2.029178563102464+3.915392968748227E-4i,2.0291785631024644E12+3.915392968748227E8i,2591.283402839644
0.07155849933176751,2.181601212118607+0.018442498123875824i,2.181601212118607E12+1.8442498123875824E10i,59.14603318555544
0.07155849933176751,2.250954468994631+6.624854756945544E-5i,2.250954468994631E12+6.6248547569455445E7i,16988.708066653948
0.07155849933176751,2.2631426250366067+9.678082985117707E-5i,2.263142625036607E12+9.678082985117707E7i,11692.101775303605
0.07155849933176751,2.337209425535611+1.1018142784066892E-5i,2.337209425535611E12+1.1018142784066891E7i,106061.85957743265
0.07155849933176751,2.434822122951655+0.08289038360407008i,2.4348221229516553E12+8.289038360407008E10i,14.68699996963279
0.07155849933176751,2.5315898755704036+0.0014783151950486634i,2.531589875570404E12+1.4783151950486634E9i,856.2415796203287
0.07155849933176751,2.6019214976028406+0.003717053342131254i,2.601921497602841E12+3.717053342131254E9i,349.9978690258682
0.07155849933176751,2.663396147097461+0.001888182165942686i,2.663396147097461E12+1.888182165942686E9i,705.2805060701717
0.07155849933176751,2.7082466243793775+0.033635537222038346i,2.7082466243793774E12+3.363553722203835E10i,40.2587092113532
0.07243116395776468,0.5919775771021247+0.05880760422057054i,5.919775771021248E11+5.880760422057054E10i,5.033172027224454
0.07243116395776468,0.9849926204746089+0.08818232443926421i,9.849926204746089E11+8.818232443926422E10i,5.584977640008939
0.07243116395776468,1.1911718592312865+0.0022512350302781943i,1.1911718592312866E12+2.2512350302781944E9i,264.55964019982594
0.07243116395776468,1.254713026430834+0.39829666173345624i,1.254713026430834E12+3.9829666173345624E11i,1.5750985973245482
0.07243116395776468,1.264869520720486+0.4840902928878197i,1.264869520720486E12+4.840902928878197E11i,1.3064396655993262
0.07243116395776468,1.2723620305761083+0.0023920511678910445i,1.2723620305761084E12+2.3920511678910446E9i,265.95627377358494
0.07243116395776468,1.4853309808844406+0.0775639281129044i,1.4853309808844407E12+7.75639281129044E10i,9.574882403598409
0.07243116395776468,1.6153958395833878+0.009658602264915862i,1.615395839583388E12+9.658602264915863E9i,83.62472101430195
0.07243116395776468,1.6874867838590155+0.017743752354706332i,1.6874867838590156E12+1.7743752354706333E10i,47.551576186516954
0.07243116395776468,1.8977963905630033+0.08539699469952505i,1.8977963905630034E12+8.539699469952505E10i,11.111611112548662
0.07243116395776468,2.029100845014182+4.012933755607319E-4i,2.029100845014182E12+4.0129337556073195E8i,2528.2012719234344
0.07243116395776468,2.1815507468692923+0.01846502726249842i,2.1815507468692925E12+1.846502726249842E10i,59.0725027333135
0.07243116395776468,2.250702492528103+6.537853350958545E-5i,2.250702492528103E12+6.5378533509585455E7i,17212.85544129035
0.07243116395776468,2.2629734188029467+1.0173834728291826E-4i,2.262973418802947E12+1.0173834728291826E8i,11121.536172147438
0.07243116395776468,2.3376979005209275+1.1032791023241399E-5i,2.3376979005209277E12+1.1032791023241399E7i,105943.17863885904
0.07243116395776468,2.4348158235189823+0.0828557483017331i,2.4348158235189824E12+8.285574830173311E10i,14.69310140469791
0.07243116395776468,2.531303041093663+0.0015035421601657633i,2.531303041093663E12+1.5035421601657634E9i,841.7798676209354
0.07243116395776468,2.602022685378273+0.003695185156483338i,2.602022685378273E12+3.6951851564833384E9i,352.0828558229252
0.07243116395776468,2.663564595292485+0.0019315554137356245i,2.6635645952924854E12+1.9315554137356246E9i,689.4869741637793
0.07243116395776468,2.708276981952174+0.033615953374534636i,2.708276981952174E12+3.3615953374534637E10i,40.282614504156776
0.07330382858376185,0.5920888788365487+0.058749485084095054i,5.920888788365487E11+5.8749485084095055E10i,5.039098453280247
0.07330382858376185,0.9850398928839216+0.08812170685953352i,9.850398928839216E11+8.812170685953352E10i,5.589087683322343
0.07330382858376185,1.1906893867317185+0.002244495442635747i,1.1906893867317185E12+2.244495442635747E9i,265.2465592296933
0.07330382858376185,1.2548784401814064+0.39825448364949234i,1.2548784401814065E12+3.982544836494924E11i,1.5754730853022074
0.07330382858376185,1.2650475696927126+0.4840423391004686i,1.2650475696927126E12+4.840423391004686E11i,1.3067530126017937
0.07330382858376185,1.2728436884368204+0.0024013119625202004i,1.2728436884368203E12+2.4013119625202003E9i,265.03088901055537
0.07330382858376185,1.4852847617151061+0.07749630661123955i,1.4852847617151062E12+7.749630661123955E10i,9.582939024217255
0.07330382858376185,1.6151518662079645+0.009825517106072214i,1.6151518662079646E12+9.825517106072214E9i,82.19169783999426
0.07330382858376185,1.6877782342404886+0.017636508865435406i,1.6877782342404885E12+1.7636508865435406E10i,47.84898891039174
0.07330382858376185,1.8977726918769826+0.0853866783757901i,1.8977726918769827E12+8.53866783757901E10i,11.112814832337259
0.07330382858376185,2.0290222861816805+4.111728900424784E-4i,2.0290222861816804E12+4.1117289004247844E8i,2467.359029886505
0.07330382858376185,2.181499597081488+0.01848779008271772i,2.181499597081488E12+1.848779008271772E10i,58.99838724155413
0.07330382858376185,2.25043869466447+6.447504349947339E-5i,2.2504386946644697E12+6.447504349947339E7i,17452.013775553718
0.07330382858376185,2.262816850080417+1.0679616280387959E-4i,2.262816850080417E12+1.0679616280387959E8i,10594.092478003411
0.07330382858376185,2.338186379070885+1.1047322469605173E-5i,2.338186379070885E12+1.1047322469605174E7i,105825.93137405043
0.07330382858376185,2.4348094608732866+0.08282068296837587i,2.4348094608732866E12+8.282068296837587E10i,14.699283884213989
0.07330382858376185,2.5310144736572115+0.0015287958899820593i,2.5310144736572114E12+1.5287958899820592E9i,827.7803761255904
0.07330382858376185,2.602123343465893+0.0036735443777193323i,2.602123343465893E12+3.673544377719332E9i,354.1706695103796
0.07330382858376185,2.663735149001759+0.0019753210533520415i,2.663735149001759E12+1.9753210533520417E9i,674.2537230799787
0.07330382858376185,2.7083076339216543+0.03359606862803398i,2.7083076339216543E12+3.359606862803398E10i,40.306913048476865
0.07417649320975901,0.5922014802339338+0.05869073171194853i,5.922014802339338E11+5.869073171194853E10i,5.045102207452721
0.07417649320975901,0.9850877428643684+0.08806040286540957i,9.850877428643684E11+8.806040286540958E10i,5.593250262379359
0.07417649320975901,1.190206877970075+0.0022378372407591595i,1.190206877970075E12+2.2378372407591596E9i,265.9279361993081
0.07417649320975901,1.2550458175355312+0.3982117840790826i,1.2550458175355312E12+3.982117840790826E11i,1.575852181820775
0.07417649320975901,1.2652277081825687+0.48399383184579325i,1.2652277081825686E12+4.839938318457933E11i,1.3070700750022024
0.07417649320975901,1.27332537442843+0.0024105281632429624i,1.2733253744284302E12+2.4105281632429624E9i,264.1175062471338
0.07417649320975901,1.4852378965902333+0.0774278161999404i,1.4852378965902334E12+7.74278161999404E10i,9.591113177949714
0.07417649320975901,1.614906495388763+0.009992422013109785i,1.6149064953887632E12+9.992422013109785E9i,80.80655987457546
0.07417649320975901,1.688071728419209+0.017530038782840485i,1.688071728419209E12+1.7530038782840485E10i,48.147974723010904
0.07417649320975901,1.8977486984414418+0.08537623245055603i,1.897748698441442E12+8.537623245055603E10i,11.11403398797485
0.07417649320975901,2.0289428900435884+4.2117810015511405E-4i,2.0289428900435886E12+4.2117810015511405E8i,2408.6519328715776
0.07417649320975901,2.1814477606122+0.018510785140860325i,2.1814477606122E12+1.8510785140860325E10i,58.92369621310436
0.07417649320975901,2.2501633459482546+6.355395692609405E-5i,2.250163345948255E12+6.3553956926094055E7i,17702.779297951
0.07417649320975901,2.2626726492289877+1.119390569741902E-4i,2.262672649228988E12+1.119390569741902E8i,10106.716593792158
0.07417649320975901,2.3386748601533305+1.1061732963954767E-5i,2.3386748601533306E12+1.1061732963954767E7i,105710.14811937805
0.07417649320975901,2.4348030355140082+0.082785187157482i,2.4348030355140083E12+8.2785187157482E10i,14.705547689843899
0.07417649320975901,2.5307242043264497+0.0015540762142398528i,2.5307242043264497E12+1.554076214239853E9i,814.2213944006297
0.07417649320975901,2.602223445193362+0.003652137954576181i,2.6022234451933623E12+3.652137954576181E9i,356.26028884433833
0.07417649320975901,2.6639078060817725+0.0020194756311362723i,2.6639078060817725E12+2.0194756311362722E9i,659.5543330678632
0.07417649320975901,2.70833857721862+0.03357588031418299i,2.70833857721862E12+3.357588031418299E10i,40.33160935581746
0.07504915783575616,0.5923153800940092+0.05863134624049788i,5.923153800940092E11+5.863134624049788E10i,5.051183522755996
0.07504915783575616,0.9851361707836189+0.08799841384388352i,9.851361707836189E11+8.799841384388351E10i,5.59746549824939
0.07504915783575616,1.1897243358871943+0.002231257716724256i,1.1897243358871943E12+2.231257716724256E9i,266.6039711526123
0.07504915783575616,1.2552151579226127+0.3981685624984677i,1.2552151579226128E12+3.981685624984677E11i,1.5762358912093208
0.07504915783575616,1.2654099346734144+0.4839447718338865i,1.2654099346734146E12+4.8394477183388654E11i,1.3073908515203105
0.07504915783575616,1.2738070856717818+0.0024197027371181162i,1.2738070856717817E12+2.4197027371181164E9i,263.2156144909137
0.07504915783575616,1.4851903818629435+0.07735845492938602i,1.4851903818629436E12+7.735845492938602E10i,9.599405670774113
0.07504915783575616,1.6146597783524326+0.01015930779910115i,1.6146597783524326E12+1.0159307799101149E10i,79.46701735404112
0.07504915783575616,1.6883672182826388+0.017424352840529282i,1.688367218282639E12+1.742435284052928E10i,48.448491422748106
0.07504915783575616,1.897724409869114+0.08536565671266994i,1.897724409869114E12+8.536565671266994E10i,11.115268615906135
0.07504915783575616,2.0288626600673507+4.313092687506914E-4i,2.0288626600673508E12+4.313092687506914E8i,2351.981289370446
0.07504915783575616,2.181395235318823+0.018534010973537258i,2.181395235318823E12+1.853401097353726E10i,58.84843918656909
0.07504915783575616,2.24987677456874+6.263041207888762E-5i,2.2498767745687397E12+6.263041207888762E7i,17961.53577701879
0.07504915783575616,2.262540488935628+1.171525629410381E-4i,2.262540488935628E12+1.171525629410381E8i,9656.384940013415
0.07504915783575616,2.3391633427487273+1.1076018483024251E-5i,2.3391633427487275E12+1.107601848302425E7i,105595.85767818397
0.07504915783575616,2.434796547948372+0.08274926041247069i,2.434796547948372E12+8.274926041247069E10i,14.711893108240018
0.07504915783575616,2.530432263607676+0.0015793831127090814i,2.530432263607676E12+1.5793831127090814E9i,801.0824743045658
0.07504915783575616,2.602322964699133+0.0036309726805725394i,2.6023229646991333E12+3.6309726805725393E9i,358.3506671122617
0.07504915783575616,2.664082564192676+0.002064015766894494i,2.6640825641926763E12+2.0640157668944938E9i,645.3639082905455
0.07504915783575616,2.708369808707445+0.03355538570770595i,2.708369808707445E12+3.3555385707705948E10i,40.356708045311954
0.07592182246175334,0.5924305772018796+0.05857133082734138i,5.924305772018796E11+5.8571330827341385E10i,5.0573426353267195
0.07592182246175334,0.9851851770113107+0.0879357411969407i,9.851851770113107E11+8.79357411969407E10i,5.601733513594273
0.07592182246175334,1.1892417633113648+0.0022247542809321996i,1.1892417633113647E12+2.2247542809321995E9i,267.27485671205403
0.07592182246175334,1.2553864607679999+0.39812481838110264i,1.255386460768E12+3.9812481838110266E11i,1.576624217843019
0.07592182246175334,1.26559424763145+0.4838951597813019i,1.26559424763145E12+4.838951597813019E11i,1.307715340863752
0.07592182246175334,1.2742888194012774+0.0024288385374784133i,1.2742888194012773E12+2.4288385374784136E9i,262.324728412006
0.07592182246175334,1.4851422138223491+0.07728822083875644i,1.485142213822349E12+7.728822083875644E10i,9.607817321353188
0.07592182246175334,1.6144117655240557+0.010326166531281464i,1.6144117655240557E12+1.0326166531281466E10i,78.17091466777406
0.07592182246175334,1.6886646565769388+0.01731946052197355i,1.6886646565769387E12+1.731946052197355E10i,48.750498158833985
0.07592182246175334,1.8976998257683464+0.08535495094880455i,1.8976998257683464E12+8.535495094880455E10i,11.116518753004597
0.07592182246175334,2.028781599748872+4.415666616914352E-4i,2.0287815997488718E12+4.415666616914352E8i,2297.254045377383
0.07592182246175334,2.181342019059832+0.018557466097466974i,2.181342019059832E12+1.8557466097466972E10i,58.77262573465182
0.07592182246175334,2.249579357410616+6.171845818950189E-5i,2.249579357410616E12+6.17184581895019E7i,18224.526530648673
0.07592182246175334,2.2624199931636677+1.2242331464723665E-4i,2.262419993163668E12+1.2242331464723666E8i,9240.151680596304
0.07592182246175334,2.3396518258497494+1.1090175140076304E-5i,2.3396518258497495E12+1.1090175140076304E7i,105483.08734074925
0.07592182246175334,2.4347899986914943+0.08271290226648871i,2.434789998691494E12+8.271290226648871E10i,14.718320431115824
0.07592182246175334,2.53013868145449+0.0016047167092830507i,2.53013868145449E12+1.6047167092830508E9i,788.3443435274304
0.07592182246175334,2.6024218769262344+0.0036100551958793484i,2.6024218769262344E12+3.6100551958793483E9i,360.4407323046938
0.07592182246175334,2.6642594207995467+0.0021089381591840985i,2.664259420799547E12+2.1089381591840985E9i,631.65897235941
0.07592182246175334,2.708401325184598+0.033534582025297556i,2.708401325184598E12+3.3534582025297558E10i,40.38221384631327
0.07679448708775051,0.592547070327765+0.05851068765108513i,5.92547070327765E11+5.851068765108513E10i,5.0635797844428145
0.07679448708775051,0.9852347619190708+0.08787238634140608i,9.852347619190708E11+8.787238634140608E10i,5.606054432681438
0.07679448708775051,1.1887591629646652+0.002218324455621998i,1.1887591629646653E12+2.218324455621998E9i,267.9407784447267
0.07679448708775051,1.2555597254933855+0.39808055119805635i,1.2555597254933855E12+3.9808055119805634E11i,1.5770171661422225
0.07679448708775051,1.265780645505692+0.48384499641088813i,1.265780645505692E12+4.838449964108881E11i,1.3080435417283647
0.07679448708775051,1.2747705729585173+0.0024379383103625817i,1.2747705729585173E12+2.4379383103625817E9i,261.4443867467933
0.07679448708775051,1.4850933886928528+0.07721711195669718i,1.4850933886928528E12+7.721711195669719E10i,9.616348961132363
0.07679448708775051,1.6141625065082206+0.01049299146940383i,1.6141625065082207E12+1.049299146940383E10i,76.91622123275828
0.07679448708775051,1.6889639969266208+0.017215370121471413i,1.6889639969266208E12+1.7215370121471413E10i,49.05395541917816
0.07679448708775051,1.8976749457430944+0.08534411494345338i,1.8976749457430945E12+8.534411494345338E10i,11.117784436574453
0.07679448708775051,2.028699712612142+4.5195054784169595E-4i,2.0286997126121423E12+4.5195054784169596E8i,2244.3824023449706
0.07679448708775051,2.18128810969549+0.018581149009270177i,2.1812881096954897E12+1.8581149009270176E10i,58.69626546257285
0.07679448708775051,2.24927151057724+6.083079840843306E-5i,2.2492715105772397E12+6.0830798408433065E7i,18487.93349279318
0.07679448708775051,2.2623107466296104+1.2773930411095935E-4i,2.2623107466296104E12+1.2773930411095935E8i,8855.186594192179
0.07679448708775051,2.3401403084608994+1.1104199169667044E-5i,2.3401403084608994E12+1.1104199169667045E7i,105371.8630539958
0.07679448708775051,2.4347833882664567+0.08267611224224777i,2.4347833882664565E12+8.267611224224777E10i,14.724829955310078
0.07679448708775051,2.5298434872744493+0.0016300772662404042i,2.529843487274449E12+1.6300772662404044E9i,775.9888257043353
0.07679448708775051,2.602520157615652+0.003589391989091196i,2.602520157615652E12+3.589391989091196E9i,362.529387362146
0.07679448708775051,2.664438373173979+0.0021542395906461276i,2.664438373173979E12+2.1542395906461277E9i,618.417372130559
0.07679448708775051,2.70843312337696+0.0335134664244488i,2.70843312337696E12+3.35134664244488E10i,40.40813160110915
0.07766715171374766,0.5926648582268823+0.05844941891129443i,5.926648582268823E11+5.844941891129443E10i,5.069895212528444
0.07766715171374766,0.9852849258802925+0.08780835070896045i,9.852849258802925E11+8.780835070896045E10i,5.610428381384851
0.07766715171374766,1.188276537469075+0.0022119658688894805i,1.188276537469075E12+2.2119658688894806E9i,268.60191519719297
0.07766715171374766,1.2557349515166631+0.3980357604179713i,1.255734951516663E12+3.980357604179713E11i,1.5774147405725993
0.07766715171374766,1.2659691267280906+0.48379428245184813i,1.2659691267280906E12+4.8379428245184814E11i,1.3083754527980516
0.07766715171374766,1.2752523437862064+0.002447004700653257i,1.2752523437862065E12+2.447004700653257E9i,260.57415080685433
0.07766715171374766,1.4850439026334075+0.07714512630197441i,1.4850439026334075E12+7.714512630197441E10i,9.62500143444188
0.07766715171374766,1.6139120500737598+0.010659777005096552i,1.6139120500737598E12+1.0659777005096552E10i,75.70102307497292
0.07766715171374766,1.689265193850527+0.017112088804022343i,1.689265193850527E12+1.7112088804022345E10i,49.35882501537307
0.07766715171374766,1.8976497693929288+0.08533314847896084i,1.897649769392929E12+8.533314847896085E10i,11.119065704348179
0.07766715171374766,2.0286170022088714+4.624611990578698E-4i,2.0286170022088713E12+4.624611990578698E8i,2193.283465014566
0.07766715171374766,2.1812335050885387+0.018605058185261075i,2.1812335050885388E12+1.8605058185261074E10i,58.61936800650567
0.07766715171374766,2.248953679858525+5.997862642503347E-5i,2.248953679858525E12+5.997862642503347E7i,18747.959180671332
0.07766715171374766,2.262212304335232+1.3309004507123054E-4i,2.262212304335232E12+1.3309004507123055E8i,8498.803584913068
0.07766715171374766,2.3406287895981253+1.111808693001668E-5i,2.3406287895981255E12+1.111808693001668E7i,105262.20942196816
0.07766715171374766,2.4347767172044477+0.08263888985184621i,2.4347767172044478E12+8.26388898518462E10i,14.731421982855045
0.07766715171374766,2.5295467099359095+0.001655465178672003i,2.5295467099359097E12+1.655465178672003E9i,763.9987667892494
0.07766715171374766,2.6026177832990838+0.0035689893987979975i,2.602617783299084E12+3.5689893987979975E9i,364.6155105105694
0.07766715171374766,2.664619418396003+0.0021999169333121963i,2.664619418396003E12+2.1999169333121963E9i,605.6181890431995
0.07766715171374766,2.7084651999401843+0.03349203600222975i,2.7084651999401846E12+3.3492036002229748E10i,40.43446626774
0.07853981633974483,0.5927839396398557+0.05838752682818091i,5.927839396398557E11+5.838752682818091E10i,5.076289165186449
0.07853981633974483,0.9853356692702523+0.08774363574604191i,9.853356692702523E11+8.774363574604192E10i,5.614855487195266
0.07853981633974483,1.1877938893520108+0.0022056762490444658i,1.1877938893520107E12+2.205676249044466E9i,269.25843941661475
0.07853981633974483,1.2559121382519725+0.3979904455072498i,1.2559121382519724E12+3.979904455072498E11i,1.5778169456446092
0.07853981633974483,1.2661596897135017+0.4837430186395685i,1.2661596897135017E12+4.837430186395685E11i,1.3087110727451172
0.07853981633974483,1.2757341294226283+0.0024560402577619065i,1.2757341294226284E12+2.4560402577619066E9i,259.7136031037934
0.07853981633974483,1.484993751736728+0.07707226188415177i,1.484993751736728E12+7.707226188415176E10i,9.633775598598882
0.07853981633974483,1.6136604441419191+0.010826518602462299i,1.6136604441419192E12+1.08265186024623E10i,74.52351505565791
0.07853981633974483,1.6895682027744394+0.017009622663947985i,1.6895682027744395E12+1.7009622663947987E10i,49.66507006517819
0.07853981633974483,1.8976242963130694+0.0853220513355216i,1.8976242963130693E12+8.53220513355216E10i,11.12036259448818
0.07853981633974483,2.0285334721181254+4.730988901808742E-4i,2.0285334721181252E12+4.730988901808742E8i,2143.8789164592845
0.07853981633974483,2.181178203104901+0.018629192081228974i,2.1811782031049011E12+1.8629192081228973E10i,58.54194303205145
0.07853981633974483,2.248626331549539+5.917155129468841E-5i,2.248626331549539E12+5.917155129468841E7i,19000.907381579746
0.07853981633974483,2.2621242007490405+1.3846664843474683E-4i,2.2621242007490405E12+1.3846664843474683E8i,8168.480375312467
0.07853981633974483,2.341117268288467+1.1131834893421732E-5i,2.3411172682884673E12+1.1131834893421732E7i,105154.1498190892
0.07853981633974483,2.4347699860448166+0.0826012345965715i,2.434769986044817E12+8.26012345965715E10i,14.738096821048458
0.07853981633974483,2.5292483777750854+0.001680880969109729i,2.5292483777750854E12+1.680880969109729E9i,752.3579671184838
0.07853981633974483,2.602714731291325+0.003548853615059326i,2.602714731291325E12+3.548853615059326E9i,366.697955678825
0.07853981633974483,2.6648025533563837+0.0022459671538996424i,2.664802553356384E12+2.2459671538996425E9i,593.2416573255587
0.07853981633974483,2.7084975514569303+0.03347028779402631i,2.70849755145693E12+3.3470287794026314E10i,40.46122292292233
0.079412480965742,0.5929043132924043+0.05832501364266542i,5.929043132924043E11+5.832501364266542E10i,5.082761891192152
0.079412480965742,0.9853869924659011+0.08767824291377271i,9.853869924659011E11+8.767824291377272E10i,5.61933587922708
0.079412480965742,1.1873112210516115+0.0021994534193013385i,1.1873112210516116E12+2.1994534193013387E9i,269.91051745682427
0.079412480965742,1.256091285110001+0.39794460593024583i,1.256091285110001E12+3.9794460593024585E11i,1.578223785913279
0.079412480965742,1.2663523328597497+0.48369120571558133i,1.2663523328597498E12+4.8369120571558136E11i,1.3090504002303345
0.079412480965742,1.276215927496312+0.002465047440973454i,1.276215927496312E12+2.465047440973454E9i,258.86234607158934
0.079412480965742,1.4849429320284724+0.07699851670430641i,1.4849429320284724E12+7.699851670430641E10i,9.64267232400739
0.079412480965742,1.6134077357775898+0.010993212739985702i,1.6134077357775898E12+1.0993212739985703E10i,73.38199368730166
0.079412480965742,1.6898729800405292+0.016907976782173893i,1.6898729800405293E12+1.6907976782173895E10i,49.97265497259746
0.079412480965742,1.8975985260943435+0.08531082329119692i,1.8975985260943435E12+8.531082329119693E10i,11.121675145585854
0.079412480965742,2.028449125945949+4.838638990261069E-4i,2.028449125945949E12+4.838638990261069E8i,2096.094717986497
0.079412480965742,2.181122201614368+0.01865354913222191i,2.181122201614368E12+1.865354913222191E10i,58.46400023271509
0.079412480965742,2.248289943938476+5.841759903372464E-5i,2.248289943938476E12+5.841759903372464E7i,19243.258719350415
0.079412480965742,2.262045958318269+1.4386182096401542E-4i,2.262045958318269E12+1.4386182096401542E8i,7861.870311248463
0.079412480965742,2.341605743569674+1.114543964014326E-5i,2.3416057435696743E12+1.114543964014326E7i,105047.70646892024
0.079412480965742,2.434763195335234+0.08256314596672047i,2.434763195335234E12+8.256314596672047E10i,14.744854782523896
0.079412480965742,2.5289485186032294+0.0017063252823061583i,2.5289485186032295E12+1.7063252823061583E9i,741.0511186897692
0.079412480965742,2.602810979682162+0.0035289906807385186i,2.602810979682162E12+3.5289906807385187E9i,368.7755530056354
0.079412480965742,2.6649877747592448+0.002292387319127958i,2.6649877747592446E12+2.292387319127958E9i,581.2690884568815
0.079412480965742,2.708530174435052+0.033448218772323304i,2.708530174435052E12+3.3448218772323307E10i,40.48840676496983
0.08028514559173917,0.5930259778953557+0.05826188161620257i,5.930259778953557E11+5.826188161620257E10i,5.089313642510611
0.08028514559173917,0.9854388958457985+0.08761217368799197i,9.854388958457985E11+8.761217368799197E10i,5.623869688219262
0.08028514559173917,1.1868285349216325+0.0021932952928925505i,1.1868285349216326E12+2.1932952928925505E9i,270.5583098563134
0.08028514559173917,1.2562723914978535+0.39789824114927924i,1.2562723914978535E12+3.9789824114927924E11i,1.5786352659781406
0.08028514559173917,1.266547054547662+0.48363884442753796i,1.266547054547662E12+4.8363884442753796E11i,1.3093934339029552
0.08028514559173917,1.2766977357212757+0.002474028624430883i,1.2766977357212756E12+2.474028624430883E9i,258.02000088316737
0.08028514559173917,1.4848914394665842+0.07692388875573603i,1.4848914394665842E12+7.692388875573602E10i,9.651692494263425
0.08028514559173917,1.613153971183637+0.011159856853965576i,1.613153971183637E12+1.1159856853965576E10i,72.27485048835614
0.08028514559173917,1.6901794829138554+0.01680715528199555i,1.6901794829138555E12+1.6807155281995548E10i,50.28154540597476
0.08028514559173917,1.8975724583232487+0.08529946412192904i,1.8975724583232488E12+8.529946412192905E10i,11.123003396661522
0.08028514559173917,2.0283639673250033+4.947565063739347E-4i,2.0283639673250034E12+4.947565063739347E8i,2049.8608317360613
0.08028514559173917,2.18106549849129+0.018678127752292304i,2.18106549849129E12+1.8678127752292305E10i,58.385549328508446
0.08028514559173917,2.2479449996877694+5.772327610300749E-5i,2.2479449996877695E12+5.7723276103007495E7i,19471.73784520043
0.08028514559173917,2.261977095087778+1.492698020917155E-4i,2.261977095087778E12+1.492698020917155E8i,7576.807443269591
0.08028514559173917,2.342094214489886+1.1158897856605137E-5i,2.342094214489886E12+1.1158897856605137E7i,104942.90048114213
0.08028514559173917,2.434756345631755+0.08252462344140477i,2.434756345631755E12+8.252462344140477E10i,14.751696185324086
0.08028514559173917,2.5286471597139393+0.0017317988802176719i,2.5286471597139395E12+1.7317988802176719E9i,730.0637471818063
0.08028514559173917,2.602906507327881+0.0035094064927158075i,2.602906507327881E12+3.5094064927158074E9i,370.84710943724025
0.08028514559173917,2.6651750791250404+0.002339174600989705i,2.6651750791250405E12+2.339174600989705E9i,569.6828013602329
0.08028514559173917,2.7085630653057517+0.0334258258452996i,2.708563065305752E12+3.34258258452996E10i,40.51602311699705
0.08115781021773633,0.5931489321444507+0.05819813303032025i,5.931489321444508E11+5.819813303032025E10i,5.095944674337149
0.08115781021773633,0.9854913797900519+0.08754542955910977i,9.854913797900519E11+8.754542955910977E10i,5.628457046547806
0.08115781021773633,1.1863458332360268+0.0021871998683752163i,1.1863458332360269E12+2.1871998683752165E9i,271.2019716143536
0.08115781021773633,1.2564554568192614+0.39785135062482213i,1.2564554568192615E12+3.9785135062482214E11i,1.579051390482914
0.08115781021773633,1.2667438531410917+0.48358593552908163i,1.2667438531410918E12+4.8358593552908167E11i,1.3097401724009743
0.08115781021773633,1.2771795518923312+0.002482986101875222i,1.2771795518923313E12+2.482986101875222E9i,257.1862063440002
0.08115781021773633,1.4848392699404411+0.07684837602469882i,1.4848392699404412E12+7.684837602469882E10i,9.660837006257742
0.08115781021773633,1.6128991956978251+0.011326449283486058i,1.6128991956978252E12+1.132644928348606E10i,71.20056583175757
0.08115781021773633,1.690487669586145+0.01670716138324422i,1.690487669586145E12+1.6707161383244219E10i,50.591708274319785
0.08115781021773633,1.8975460925819223+0.0852879736015627i,1.8975460925819224E12+8.528797360156271E10i,11.124347387162883
0.08115781021773633,2.0282779999141995+5.057769959589772E-4i,2.0282779999141995E12+5.0577699595897716E8i,2005.1109640410673
0.08115781021773633,2.1810080916152814+0.01870292633426864i,2.1810080916152812E12+1.870292633426864E10i,58.306600064480435
0.08115781021773633,2.2475919792401835+5.7093678600229886E-5i,2.2475919792401836E12+5.709367860022989E7i,19683.369808572235
0.08115781021773633,2.2619171312939397+1.5468625502701244E-4i,2.26191713129394E12+1.5468625502701244E8i,7311.306136731242
0.08115781021773633,2.3425826801072884+1.117220632694585E-5i,2.3425826801072886E12+1.117220632694585E7i,104839.75195021667
0.08115781021773633,2.4347494374989656+0.08248566648836558i,2.434749437498966E12+8.248566648836559E10i,14.758621352973984
0.08115781021773633,2.528344327890632+0.0017573026371379044i,2.5283443278906323E12+1.7573026371379044E9i,719.3821583311664
0.08115781021773633,2.603001293842367+0.003490106802984098i,2.6030012938423667E12+3.490106802984098E9i,372.9114094182961
0.08115781021773633,2.665364462793882+0.002386326282005114i,2.6653644627938823E12+2.386326282005114E9i,558.4660578255682
0.08115781021773633,2.7085962204215908+0.03340310585554145i,2.708596220421591E12+3.340310585554145E10i,40.544077430037014
0.08203047484373349,0.5932731747208423+0.05813377018709816i,5.932731747208423E11+5.813377018709816E10i,5.102655245061928
0.08203047484373349,0.9855444446802587+0.08747801203211024i,9.855444446802587E11+8.747801203211024E10i,5.633098088228722
0.08203047484373349,1.1858631181932764+0.0021811652253104405i,1.1858631181932764E12+2.1811652253104405E9i,271.84165244164274
0.08203047484373349,1.2566404804747395+0.39780393381565704i,1.2566404804747395E12+3.9780393381565704E11i,1.5794721641152356
0.08203047484373349,1.2669427269869407+0.48353247977977226i,1.2669427269869407E12+4.835324797797723E11i,1.3100906143512605
0.08203047484373349,1.2776613738808742+0.0024919220910375422i,1.2776613738808743E12+2.4919220910375423E9i,256.36061786925774
0.08203047484373349,1.4847864192700355+0.07677197649123425i,1.4847864192700356E12+7.677197649123425E10i,9.670106770271618
0.08203047484373349,1.6126434537923688+0.011492989217042355i,1.612643453792369E12+1.1492989217042355E10i,70.15770324577804
0.08203047484373349,1.6907974991770252+0.01660799745477906i,1.6907974991770251E12+1.660799745477906E10i,50.90311170208203
0.08203047484373349,1.8975194284481547+0.08527635150184157i,1.8975194284481548E12+8.527635150184157E10i,11.12570715696706
0.08203047484373349,2.0281912273983247+5.169256544609678E-4i,2.0281912273983247E12+5.1692565446096784E8i,1961.78232778295
0.08203047484373349,2.180949978871908+0.018727943249497735i,2.180949978871908E12+1.8727943249497734E10i,58.22716220934723
0.08203047484373349,2.2472313553010936+5.653263164250857E-5i,2.2472313553010938E12+5.653263164250857E7i,19875.52401161645
0.08203047484373349,2.261865594882332+1.6010812769367126E-4i,2.261865594882332E12+1.6010812769367126E8i,7063.556446084588
0.08203047484373349,2.343071139489785+1.1185361929369577E-5i,2.343071139489785E12+1.1185361929369578E7i,104738.28000762081
0.08203047484373349,2.4347424715100954+0.0824462745637734i,2.434742471510095E12+8.24462745637734E10i,14.765630614557278
0.08203047484373349,2.528040049414038+0.001782837535037308i,2.528040049414038E12+1.7828375350373082E9i,708.9933882733559
0.08203047484373349,2.6030953195878475+0.00347109721965385i,2.6030953195878477E12+3.47109721965385E9i,374.967215675889
0.08203047484373349,2.665555921929202+0.0024338397604517993i,2.665555921929202E12+2.4338397604517994E9i,547.6030027207685
0.08203047484373349,2.708629636054496+0.03338005557863554i,2.708629636054496E12+3.338005557863554E10i,40.572575286365286
0.08290313946973066,0.5933987042907013+0.058068795408309226i,5.933987042907013E11+5.806879540830923E10i,5.109445616343802
0.08290313946973066,0.9855980908994012+0.08740992262646011i,9.855980908994012E11+8.740992262646011E10i,5.637792948926876
0.08290313946973066,1.1853803919203416+0.002175189520155418i,1.1853803919203416E12+2.175189520155418E9i,272.47749700349004
0.08290313946973066,1.2568274618614128+0.39775599017902064i,1.2568274618614128E12+3.977559901790206E11i,1.57989759160603
0.08290313946973066,1.2671436744152356+0.4834784779450474i,1.2671436744152356E12+4.834784779450474E11i,1.3104447583696375
0.08290313946973066,1.2781431996308847+0.002500838737827805i,1.2781431996308848E12+2.500838737827805E9i,255.54290652524497
0.08290313946973066,1.484732883205281+0.07669468812992636i,1.484732883205281E12+7.669468812992636E10i,9.679502710083623
0.08290313946973066,1.6123867890757035+0.011659476640896055i,1.6123867890757036E12+1.1659476640896055E10i,69.14490412975296
0.08290313946973066,1.6911089317330137+0.016509665065212762i,1.6911089317330137E12+1.650966506521276E10i,51.21572500269315
0.08290313946973066,1.8974924654954066+0.08526459759244637i,1.8974924654954067E12+8.526459759244637E10i,11.127082746377182
0.08290313946973066,2.028103653487676+5.282027714922724E-4i,2.0281036534876763E12+5.282027714922724E8i,1919.8154221700704
0.08290313946973066,2.1808911581533663+0.01875317684756665i,2.1808911581533662E12+1.875317684756665E10i,58.147245554193965
0.08290313946973066,2.2468635883830763+5.604284514968051E-5i,2.246863588383076E12+5.604284514968051E7i,20045.945047776408
0.08290313946973066,2.261822025963112+1.655334972615643E-4i,2.2618220259631123E12+1.655334972615643E8i,6831.916389675322
0.08290313946973066,2.343559591714687+1.1198361635954669E-5i,2.343559591714687E12+1.1198361635954669E7i,104638.50284090673
0.08290313946973066,2.434735448247122+0.0824064471120244i,2.434735448247122E12+8.24064471120244E10i,14.772724304794448
0.08290313946973066,2.527734350069828+0.001808404659047744i,2.527734350069828E12+1.808404659047744E9i,698.8851575401446
0.08290313946973066,2.6031885656653153+0.003452383207845853i,2.6031885656653154E12+3.4523832078458533E9i,377.0132701012642
0.08290313946973066,2.665749452521764+0.0024817125555485257i,2.665749452521764E12+2.481712555548526E9i,537.078608592638
0.08290313946973066,2.7086633083936262+0.03335667172170765i,2.7086633083936265E12+3.3356671721707653E10i,40.60152240295154
0.08377580409572782,0.5935255195050366+0.0580032110357365i,5.935255195050366E11+5.80032110357365E10i,5.116316053083321
0.08377580409572782,0.9856523188317733+0.08734116287606195i,9.856523188317733E11+8.734116287606195E10i,5.642541765962199
0.08377580409572782,1.1848976564764762+0.0021692709824328196i,1.184897656476476E12+2.16927098243282E9i,273.10964514622856
0.08377580409572782,1.25701640037336+0.397707519170693i,1.2570164003733599E12+3.9770751917069305E11i,1.5803276777297464
0.08377580409572782,1.267346693739152+0.48342393079615553i,1.267346693739152E12+4.834239307961555E11i,1.310802603060989
0.08377580409572782,1.278625027155077+0.0025097381202163938i,1.278625027155077E12+2.509738120216394E9i,254.73275814227813
0.08377580409572782,1.4846786574251434+0.07661650891074605i,1.4846786574251433E12+7.661650891074605E10i,9.689025763068315
0.08377580409572782,1.6121292442964603+0.011825912289200326i,1.6121292442964604E12+1.1825912289200327E10i,68.16088285081781
0.08377580409572782,1.6914219282243268+0.016412165031885518i,1.691421928224327E12+1.6412165031885517E10i,51.52951865089817
0.08377580409572782,1.8974652032928125+0.08525271164098122i,1.8974652032928125E12+8.525271164098122E10i,11.12847419612572
0.08377580409572782,2.0280152819176926+5.396086395882536E-4i,2.0280152819176929E12+5.396086395882536E8i,1879.1538284720223
0.08377580409572782,2.180831627359193+0.018778625456047145i,2.180831627359193E12+1.8778625456047146E10i,58.06685991111547
0.08377580409572782,2.2464891233507704+5.562607478060216E-5i,2.2464891233507705E12+5.5626074780602165E7i,20192.77049667149
0.08377580409572782,2.2617859802661116+1.7096140955819676E-4i,2.261785980266112E12+1.7096140955819675E8i,6614.902117709144
0.08377580409572782,2.3440480358684046+1.121120249770108E-5i,2.344048035868405E12+1.121120249770108E7i,104540.43784995699
0.08377580409572782,2.434728368300917+0.08236618356554934i,2.434728368300917E12+8.236618356554935E10i,14.779902764119761
0.08377580409572782,2.5274272551562427+0.001834005193135894i,2.5274272551562427E12+1.834005193135894E9i,689.0458283912199
0.08377580409572782,2.6032810139046023+0.003433970090520788i,2.6032810139046025E12+3.433970090520788E9i,379.04829472608986
0.08377580409572782,2.66594505039401+0.0025299423126098684i,2.6659450503940103E12+2.5299423126098685E9i,526.8786242884413
0.08377580409572782,2.7086972335432127+0.03333295092199475i,2.708697233543213E12+3.3332950921994755E10i,40.63092463493651
0.08464846872172499,0.5936536190001344+0.057937019431051257i,5.936536190001344E11+5.7937019431051254E10i,5.123266823439373
0.08464846872172499,0.9857071288628507+0.08727173432921953i,9.857071288628507E11+8.727173432921953E10i,5.647344678314851
0.08464846872172499,1.184414913856768+0.0021634079111340905i,1.1844149138567678E12+2.1634079111340904E9i,273.7382321108089
0.08464846872172499,1.2572072954016105+0.39765852024511716i,1.2572072954016106E12+3.976585202451172E11i,1.5807624273040428
0.08464846872172499,1.2675517832550158+0.4833688391100755i,1.2675517832550159E12+4.833688391100755E11i,1.3111641470193756
0.08464846872172499,1.27910685453154+0.0025186222519382137i,1.27910685453154E12+2.518622251938214E9i,253.9298724823064
0.08464846872172499,1.4846237375368434+0.07653743679989304i,1.4846237375368435E12+7.653743679989304E10i,9.69867688029839
0.08464846872172499,1.6118708613493113+0.011992297595893396i,1.6118708613493113E12+1.1992297595893396E10i,67.20442219101014
0.08464846872172499,1.691736450539813+0.016315497467977808i,1.691736450539813E12+1.6315497467977808E10i,51.844464254312804
0.08464846872172499,1.8974376414051877+0.08524069341301693i,1.8974376414051877E12+8.524069341301694E10i,11.129881547370388
0.08464846872172499,2.027926116448586+5.511435541941726E-4i,2.027926116448586E12+5.511435541941726E8i,1839.7440204246043
0.08464846872172499,2.1807713843969405+0.018804287380194094i,2.1807713843969404E12+1.8804287380194096E10i,57.986015112007685
0.08464846872172499,2.2461083868722636+5.528327939697579E-5i,2.2461083868722637E12+5.528327939697579E7i,20314.53643282904
0.08464846872172499,2.2617570316893922+1.7639172193797164E-4i,2.261757031689392E12+1.7639172193797165E8i,6411.1768025166775
0.08464846872172499,2.344536471046154+1.1223881654326678E-5i,2.344536471046154E12+1.1223881654326677E7i,104444.1015707949
0.08464846872172499,2.4347212322713685+0.08232548334460263i,2.4347212322713687E12+8.232548334460263E10i,14.787166338762786
0.08464846872172499,2.5271187894918+0.0018596404159370093i,2.5271187894918003E12+1.8596404159370093E9i,679.4643652166678
0.08464846872172499,2.603372646854181+0.0034158630492059977i,2.603372646854181E12+3.415863049205998E9i,381.0709927992171
0.08464846872172499,2.6661427112047487+0.002578526808148928i,2.6661427112047485E12+2.5785268081489277E9i,516.9895272717212
0.08464846872172499,2.7087314075202684+0.033308889745259466i,2.7087314075202686E12+3.3308889745259464E10i,40.660787979367825
0.08552113334772216,0.5937830013973038+0.05787022297532836i,5.937830013973038E11+5.787022297532836E10i,5.130298198872065
0.08552113334772216,0.9857625213793336+0.08720163854858173i,9.857625213793336E11+8.720163854858174E10i,5.6522018266327985
0.08552113334772216,1.1839321659954265+0.0021575986712853764i,1.1839321659954265E12+2.1575986712853765E9i,274.3633887413608
0.08552113334772216,1.2574001463341615+0.3976089928556472i,1.2574001463341616E12+3.976089928556472E11i,1.5812018451889787
0.08552113334772216,1.2677589412424213+0.48331320366939334i,1.2677589412424214E12+4.833132036693934E11i,1.31152938882839
0.08552113334772216,1.279588679900298+0.0025274930859594i,1.279588679900298E12+2.5274930859594E9i,253.13396246434925
0.08552113334772216,1.4845681190750906+0.07645746976068954i,1.4845681190750906E12+7.645746976068954E10i,9.708457026643448
0.08552113334772216,1.6116116812825387+0.012158634648434459i,1.6116116812825388E12+1.215863464843446E10i,66.27436911635671
0.08552113334772216,1.6920524614801438+0.01621966182779378i,1.6920524614801438E12+1.6219661827793783E10i,52.16053452423609
0.08552113334772216,1.8974097793930398+0.08522854267208378i,1.8974097793930398E12+8.522854267208379E10i,11.131304841696698
0.08552113334772216,2.027836160864976+5.628078136545078E-4i,2.027836160864976E12+5.628078136545079E8i,1801.5351880933626
0.08552113334772216,2.180710427182877+0.018830160902657135i,2.180710427182877E12+1.8830160902657135E10i,57.90472100732702
0.08552113334772216,2.245721785665441+5.501476903649602E-5i,2.245721785665441E12+5.501476903649602E7i,20410.17189562007
0.08552113334772216,2.2617347740528344+1.8182495567641807E-4i,2.2617347740528345E12+1.8182495567641807E8i,6219.538912133424
0.08552113334772216,2.3450248963516547+1.1236396316498432E-5i,2.345024896351655E12+1.1236396316498432E7i,104349.50985612924
0.08552113334772216,2.43471404076751+0.08228434585706546i,2.43471404076751E12+8.228434585706546E10i,14.794515380828354
0.08552113334772216,2.52680897742302+0.00188531169676041i,2.52680897742302E12+1.88531169676041E9i,670.1302977552505
0.08552113334772216,2.6034634477706993+0.0033980671246834136i,2.603463447770699E12+3.3980671246834135E9i,383.0800499582914
0.08552113334772216,2.666342430454183+0.0026274639549354866i,2.666342430454183E12+2.627463954935487E9i,507.39847932940546
0.08552113334772216,2.7087658262522623+0.03328448468428237i,2.708765826252262E12+3.3284484684282368E10i,40.69111857891251
0.08639379797371932,0.5939136653028366+0.05780282406919102i,5.939136653028367E11+5.780282406919102E10i,5.137410454132063
0.08639379797371932,0.9858184967688757+0.08713087711102484i,9.858184967688757E11+8.713087711102484E10i,5.657113353241673
0.08639379797371932,1.1834494147689127+0.0021518416907651034i,1.1834494147689128E12+2.1518416907651033E9i,274.9852416764285
0.08639379797371932,1.2575949525562515+0.3975589364545473i,1.2575949525562515E12+3.975589364545473E11i,1.5816459362875266
0.08639379797371932,1.2679681659641442+0.4832570252623012i,1.2679681659641443E12+4.832570252623012E11i,1.3118983270609663
0.08639379797371932,1.280070501460251+0.002536352517734749i,1.280070501460251E12+2.5363525177347493E9i,252.34475344213968
0.08639379797371932,1.4845117975012503+0.07637660575447291i,1.4845117975012502E12+7.637660575447292E10i,9.718367180871423
0.08639379797371932,1.6113517443072571+0.012324926143327957i,1.611351744307257E12+1.2324926143327957E10i,65.36963084275986
0.08639379797371932,1.6923699247494013+0.016124656950210217i,1.6923699247494014E12+1.6124656950210217E10i,52.47770324587705
0.08639379797371932,1.8973816168125652+0.08521625917970131i,1.8973816168125652E12+8.521625917970131E10i,11.132744121115595
0.08639379797371932,2.0277454189755186+5.746017191994933E-4i,2.0277454189755188E12+5.746017191994933E8i,1764.4790741319687
0.08639379797371932,2.18064875364267+0.01885624428317235i,2.1806487536426704E12+1.885624428317235E10i,57.822987464919514
0.08639379797371932,2.2453297054213075+5.482033956263286E-5i,2.2453297054213076E12+5.482033956263286E7i,20478.983925810902
0.08639379797371932,2.261718822174728+1.8726216168075792E-4i,2.261718822174728E12+1.872621616807579E8i,6038.910375365838
0.08639379797371932,2.3455133108968607+1.124874377776475E-5i,2.345513310896861E12+1.124874377776475E7i,104256.67777824255
0.08639379797371932,2.4347067944076697+0.08224277049822455i,2.43470679440767E12+8.224277049822455E10i,14.801950248382198
0.08639379797371932,2.526497842832127+0.0019110204917437718i,2.5264978428321274E12+1.9110204917437718E9i,661.0336869090147
0.08639379797371932,2.6035534006082397+0.0033805872175967588i,2.6035534006082397E12+3.380587217596759E9i,385.07413550168536
0.08639379797371932,2.6665442034892557+0.002676751806976772i,2.666544203489256E12+2.6767518069767723E9i,498.0932854026826
0.08639379797371932,2.7088004855746046+0.03325973215720682i,2.7088004855746045E12+3.3259732157206818E10i,40.72192272582168
0.08726646259971647,0.5940456093079838+0.057734825132406756i,5.940456093079838E11+5.773482513240675E10i,5.144603867298664
0.08726646259971647,0.9858750554202315+0.08705945160764303i,9.858750554202314E11+8.705945160764304E10i,5.662079402150062
0.08726646259971647,1.1829666619988677+0.0021461354573096866i,1.1829666619988677E12+2.1461354573096867E9i,275.6039135297148
0.08726646259971647,1.2577917134502317+0.397508350493316i,1.2577917134502317E12+3.9750835049331604E11i,1.5820947055442813
0.08726646259971647,1.2681794556663273+0.4832003046824544i,1.2681794556663274E12+4.832003046824544E11i,1.3122709602798566
0.08726646259971647,1.2805523174662963+0.0025452023883302546i,1.2805523174662964E12+2.5452023883302546E9i,251.56198252398806
0.08726646259971647,1.4844547682025178+0.07629484274158037i,1.4844547682025178E12+7.629484274158037E10i,9.728408335741259
0.08726646259971647,1.611091089807921+0.012491175343513084i,1.611091089807921E12+1.2491175343513084E10i,64.48917117493642
0.08726646259971647,1.692688804945343+0.01603048110024813i,1.692688804945343E12+1.6030481100248129E10i,52.79594524830395
0.08726646259971647,1.8973531532156693+0.08520384269538167i,1.8973531532156694E12+8.520384269538167E10i,11.134199428064717
0.08726646259971647,2.027653894612545+5.86525574933573E-4i,2.027653894612545E12+5.86525574933573E8i,1728.5298214337772
0.08726646259971647,2.18058636171208+0.018882535758245878i,2.1805863617120803E12+1.888253575824588E10i,57.74082436888362
0.08726646259971647,2.244932510288168+5.4699392005874693E-5i,2.244932510288168E12+5.469939200587469E7i,20520.634946427403
0.08726646259971647,2.2617088123875457+1.927048015364865E-4i,2.261708812387546E12+1.927048015364865E8i,5868.325008910887
0.08726646259971647,2.346001713801683+1.1260921393621521E-5i,2.346001713801683E12+1.1260921393621521E7i,104165.61983686875
0.08726646259971647,2.43469949381959+0.08220075665056886i,2.43469949381959E12+8.220075665056886E10i,14.80947130553415
0.08726646259971647,2.5261854091447766+0.001936768340184843i,2.526185409144777E12+1.936768340184843E9i,652.1650929361227
0.08726646259971647,2.6036424900073776+0.003363428089019581i,2.6036424900073774E12+3.3634280890195813E9i,387.05190375667036
0.08726646259971647,2.666748025509347+0.002726388564480881i,2.666748025509347E12+2.726388564480881E9i,489.06235528043857
0.08726646259971647,2.7088353812281287+0.03323462850592613i,2.708835381228129E12+3.323462850592613E10i,40.75320686592166
0.08813912722571365,0.5941788319890702+0.057666228604076955i,5.941788319890702E11+5.766622860407696E10i,5.151878719766513
0.08813912722571365,0.985932197722952+0.08698736364372442i,9.85932197722952E11+8.698736364372443E10i,5.667100119053215
0.08813912722571365,1.1824839094548716+0.0021404785156647187i,1.1824839094548716E12+2.1404785156647189E9i,276.2195230648356
0.08813912722571365,1.2579904283957333+0.39745723442263753i,1.2579904283957334E12+3.974572344226375E11i,1.5825481579460257
0.08813912722571365,1.2683928085784462+0.48314304272898023i,1.2683928085784463E12+4.831430427289802E11i,1.3126472870374675
0.08813912722571365,1.281034126226524+0.0025540444873094997i,1.281034126226524E12+2.5540444873094997E9i,250.78539794269602
0.08813912722571365,1.4843970264911504+0.0762121786822501i,1.4843970264911504E12+7.621217868225009E10i,9.73858149810949
0.08813912722571365,1.6108297563541831+0.012657386037463365i,1.610829756354183E12+1.2657386037463366E10i,63.63200709792863
0.08813912722571365,1.6930090675483407+0.015937132008846538i,1.6930090675483408E12+1.5937132008846539E10i,53.11523637404048
0.08813912722571365,1.8973243881499748+0.08519129297665667i,1.8973243881499749E12+8.519129297665668E10i,11.135670805406498
0.08813912722571365,2.0275615916316867+5.98579687820007E-4i,2.0275615916316868E12+5.985796878200071E8i,1693.6438312966732
0.08813912722571365,2.1805232493376505+0.01890903354082314i,2.1805232493376504E12+1.890903354082314E10i,57.658241618485405
0.08813912722571365,2.2445305428078863+5.465103594652298E-5i,2.244530542807886E12+5.465103594652298E7i,20535.11432980154
0.08813912722571365,2.2617044026015467+1.9815464450384415E-4i,2.261704402601547E12+1.9815464450384414E8i,5706.917464045791
0.08813912722571365,2.346490104193716+1.1272926592338783E-5i,2.3464901041937163E12+1.1272926592338784E7i,104076.3498712224
0.08813912722571365,2.434692139640599+0.0821583036835664i,2.434692139640599E12+8.21583036835664E10i,14.817078922526457
0.08813912722571365,2.52587169933778+0.0019625568610180154i,2.5258716993377803E12+1.9625568610180156E9i,643.5155458445067
0.08813912722571365,2.603730701283994+0.003346594360976901i,2.603730701283994E12+3.346594360976901E9i,389.0119955446201
0.08813912722571365,2.6669538915722835+0.002776372578724615i,2.6669538915722837E12+2.776372578724615E9i,480.2946679435591
0.08813912722571365,2.708870508856456+0.03320916999428919i,2.708870508856456E12+3.3209169994289192E10i,40.78497760290737
0.08901179185171082,0.5943133319074828+0.05759703694215019i,5.943133319074828E11+5.759703694215019E10i,5.159235296291407
0.08901179185171082,0.9859899240674916+0.08691461483859651i,9.859899240674917E11+8.691461483859651E10i,5.6721756513476445
0.08901179185171082,1.1820011588570492+0.002134869464875001i,1.182001158857049E12+2.134869464875001E9i,276.8321853641428
0.08901179185171082,1.2581910967698298+0.397405587692634i,1.2581910967698298E12+3.9740558769263403E11i,1.5830062985210898
0.08901179185171082,1.2686082229133269+0.4830852402063166i,1.268608222913327E12+4.830852402063166E11i,1.3130273058762139
0.08901179185171082,1.2815159260997273+0.0025628805555028126i,1.2815159260997273E12+2.562880555502813E9i,250.01475846155967
0.08901179185171082,1.484338567603585+0.07612861153767536i,1.484338567603585E12+7.612861153767537E10i,9.748887689019515
0.08901179185171082,1.6105677817137871+0.012823562500169711i,1.610567781713787E12+1.2823562500169712E10i,62.79720560072415
0.08901179185171082,1.6933306789092732+0.015844606910808686i,1.6933306789092732E12+1.5844606910808687E10i,53.43555344860392
0.08901179185171082,1.8972953211588213+0.08517860977908749i,1.8972953211588213E12+8.51786097790875E10i,11.137158296428508
0.08901179185171082,2.0274685139115247+6.107643676698017E-4i,2.027468513911525E12+6.107643676698017E8i,1659.7796312567777
0.08901179185171082,2.180459414477399+0.018935735819946058i,2.180459414477399E12+1.8935735819946056E10i,57.575249127118695
0.08901179185171082,2.2441241242064573+5.4674177328935795E-5i,2.2441241242064575E12+5.4674177328935795E7i,20522.705908359192
0.08901179185171082,2.2617052720141215+2.036136801196183E-4i,2.2617052720141216E12+2.036136801196183E8i,5553.912857636634
0.08901179185171082,2.3469784812079917+1.1284756864243946E-5i,2.3469784812079917E12+1.1284756864243945E7i,103988.88117139928
0.08901179185171082,2.4346847325177503+0.08211541095345568i,2.4346847325177505E12+8.211541095345567E10i,14.824773475820322
0.08901179185171082,2.525556735946763+0.0019883877494383416i,2.525556735946763E12+1.9883877494383416E9i,635.0765178120201
0.08901179185171082,2.6038180204179424+0.0033300905169486544i,2.6038180204179424E12+3.3300905169486547E9i,390.95303973956356
0.08901179185171082,2.6671617966006753+0.002826702356869696i,2.6671617966006753E12+2.826702356869696E9i,471.77973834399444
0.08901179185171082,2.7089058640031927+0.03318335280642242i,2.708905864003193E12+3.3183352806422424E10i,40.81724170257596
0.08988445647770797,0.5944491076094714+0.05752725262341834i,5.944491076094714E11+5.752725262341834E10i,5.166673884991698
0.08988445647770797,0.9860482348449239+0.08684120682565066i,9.86048234844924E11+8.684120682565067E10i,5.677306148131918
0.08988445647770797,1.1815184118784474+0.0021293069558228532i,1.1815184118784475E12+2.129306955822853E9i,277.4420119765822
0.08988445647770797,1.2583937179470397+0.39735340975302685i,1.2583937179470398E12+3.9735340975302686E11i,1.5834691323388774
0.08988445647770797,1.2688256968672642+0.48302689792418446i,1.2688256968672642E12+4.8302689792418445E11i,1.3134110153286103
0.08988445647770797,1.2819977154928737+0.0025717122876010514i,1.2819977154928738E12+2.5717122876010513E9i,249.24983282028583
0.08988445647770797,1.4842793866996935+0.07604413927100749i,1.4842793866996936E12+7.604413927100749E10i,9.759327943801111
0.08988445647770797,1.6103052028664557+0.01298970945579465i,1.6103052028664558E12+1.2989709455794651E10i,61.9838807152113
0.08988445647770797,1.6936536062364185+0.01575290258096i,1.6936536062364185E12+1.5752902580960001E10i,53.75687425006615
0.08988445647770797,1.897265951781276+0.08516579285627998i,1.8972659517812761E12+8.516579285627998E10i,11.138661944843122
0.08988445647770797,2.027374665353205+6.230799271258043E-4i,2.027374665353205E12+6.230799271258043E8i,1626.8977518704944
0.08988445647770797,2.1803948551015155+0.01896264076040701i,2.1803948551015154E12+1.8962640760407013E10i,57.49185682128367
0.08988445647770797,2.2437135549534366+5.476759166677954E-5i,2.2437135549534365E12+5.476759166677954E7i,20483.95307031922
0.08988445647770797,2.2617111205502614+2.0908404539848118E-4i,2.261711120550261E12+2.090840453984812E8i,5408.61718128659
0.08988445647770797,2.347466843986691+1.1296409763401348E-5i,2.347466843986691E12+1.1296409763401348E7i,103903.2264743143
0.08988445647770797,2.4346772731079738+0.08207207780302017i,2.4346772731079736E12+8.207207780302017E10i,14.83255534818676
0.08988445647770797,2.5252405410737984+0.002014262773687361i,2.5252405410737983E12+2.014262773687361E9i,626.8398974705342
0.08988445647770797,2.6039044340414925+0.0033139209023322095i,2.6039044340414927E12+3.3139209023322096E9i,392.87365492172205
0.08988445647770797,2.667371735388555+0.002877376566697411i,2.667371735388555E12+2.877376566697411E9i,463.50758643490747
0.08988445647770797,2.708941442109053+0.03315717304487586i,2.708941442109053E12+3.3157173044875862E10i,40.85000609736383
0.09075712110370514,0.5945861576261753+0.05745687814334499i,5.945861576261753E11+5.745687814334499E10i,5.174194777366649
0.09075712110370514,0.986107130447066+0.08676714125220142i,9.86107130447066E11+8.676714125220142E10i,5.682491760220618
0.09075712110370514,1.1810356701474503+0.0021237896887952657i,1.1810356701474502E12+2.123789688795266E9i,278.04911107215156
0.09075712110370514,1.2585982912994478+0.39730070005323437i,1.2585982912994478E12+3.973007000532344E11i,1.583936664509788
0.09075712110370514,1.2690452286199592+0.4829680166974829i,1.2690452286199592E12+4.829680166974829E11i,1.313798413917388
0.09075712110370514,1.2824794928589267+0.00258054133467084i,1.2824794928589268E12+2.5805413346708403E9i,248.49039920969003
0.09075712110370514,1.484219478861925+0.07595875984844196i,1.484219478861925E12+7.595875984844196E10i,9.769903312161361
0.09075712110370514,1.6100420560186233+0.013155832042080037i,1.6100420560186233E12+1.3155832042080036E10i,61.191190753605255
0.09075712110370514,1.693977817581565+0.015662015368575373i,1.693977817581565E12+1.5662015368575375E10i,54.07917747866602
0.09075712110370514,1.8972362795521476+0.08515284195991016i,1.8972362795521477E12+8.515284195991016E10i,11.14018179478592
0.09075712110370514,2.0272800498800936+6.35526681648652E-4i,2.0272800498800935E12+6.35526681648652E8i,1594.9606117409764
0.09075712110370514,2.180329569193049+0.018989746502381454i,2.180329569193049E12+1.8989746502381454E10i,57.40807463963828
0.09075712110370514,2.243299115517637+5.492998404131544E-5i,2.243299115517637E12+5.4929984041315444E7i,20419.62285871361
0.09075712110370514,2.261721668106726+2.1456796526270146E-4i,2.261721668106726E12+2.1456796526270145E8i,5270.4085284530665
0.09075712110370514,2.347955191678952+1.1307882901007892E-5i,2.347955191678952E12+1.1307882901007893E7i,103819.39803558076
0.09075712110370514,2.434669762078229+0.08202830356136755i,2.434669762078229E12+8.202830356136755E10i,14.840424928797825
0.09075712110370514,2.524923136395023+0.002040183771965902i,2.524923136395023E12+2.0401837719659019E9i,618.7979659209892
0.09075712110370514,2.603989929427663+0.0032980897248972357i,2.603989929427663E12+3.298089724897236E9i,394.7724511207469
0.09075712110370514,2.6675837026083804+0.002928394041312668i,2.6675837026083804E12+2.9283940413126683E9i,455.4687082706639
0.09075712110370514,2.7089772385089037+0.03313062672873535i,2.708977238508904E12+3.313062672873535E10i,40.88327789101727
0.0916297857297023,0.5947244804739549+0.057385916015989226i,5.947244804739548E11+5.738591601598923E10i,5.181798268308978
0.0916297857297023,0.9861666112662866+0.08669241977959526i,9.861666112662866E11+8.669241977959526E10i,5.68773264014024
0.0916297857297023,1.1805529352498185+0.002118316411247112i,1.1805529352498186E12+2.118316411247112E9i,278.6535875806188
0.0916297857297023,1.2588048161967302+0.397247458042496i,1.2588048161967302E12+3.9724745804249603E11i,1.584408900184917
0.0916297857297023,1.2692668163346748+0.4829085973462448i,1.2692668163346748E12+4.829085973462448E11i,1.3141895001556705
0.0916297857297023,1.282961256694627+0.0025893693064036956i,1.282961256694627E12+2.5893693064036956E9i,247.73624479168961
0.0916297857297023,1.4841588390944775+0.07587247124028747i,1.4841588390944775E12+7.587247124028748E10i,9.780614858280805
0.0916297857297023,1.6097783766188163+0.013321935776401677i,1.6097783766188164E12+1.3321935776401678E10i,60.41833572979533
0.0916297857297023,1.694303281825319+0.015571941230088702i,1.694303281825319E12+1.5571941230088703E10i,54.402442726649944
0.0916297857297023,1.8972063040019969+0.08513975683973207i,1.8972063040019968E12+8.513975683973207E10i,11.141717890816372
0.0916297857297023,2.0271846714374004+6.481049495027572E-4i,2.0271846714374006E12+6.481049495027572E8i,1563.9324101696097
0.0916297857297023,2.1802635547486076+0.019017051161055638i,2.1802635547486074E12+1.9017051161055637E10i,57.32391253207263
0.0916297857297023,2.2428810672587964+5.516003743157287E-5i,2.2428810672587964E12+5.516003743157287E7i,20330.67027955823
0.0916297857297023,2.2617366536602472+2.2006770465614515E-4i,2.261736653660247E12+2.2006770465614516E8i,5138.729140639243
0.0916297857297023,2.348443523440572+1.1319173947135456E-5i,2.348443523440572E12+1.1319173947135456E7i,103737.40762394117
0.0916297857297023,2.4346622001057066+0.08198408754369736i,2.4346622001057065E12+8.198408754369736E10i,14.848382613321373
0.0916297857297023,2.524604543168157+0.0020661526495031834i,2.524604543168157E12+2.0661526495031834E9i,610.9433743376151
0.0916297857297023,2.604074494478375+0.003282601055234449i,2.604074494478375E12+3.282601055234449E9i,396.64803164641455
0.0916297857297023,2.6677976928182994+0.0029797537837245357i,2.6677976928182993E12+2.979753783724536E9i,447.65404903416083
0.0916297857297023,2.7090132484286253+0.03310370979168141i,2.7090132484286255E12+3.3103709791681408E10i,40.91706436342325
0.09250245035569948,0.5948640746538733+0.05731436877363403i,5.948640746538733E11+5.731436877363403E10i,5.1894846561367425
0.09250245035569948,0.9862266776953292+0.08661704408288909i,9.862266776953292E11+8.661704408288908E10i,5.6930289421534015
0.09250245035569948,1.1800702087308472+0.0021128859156809583i,1.1800702087308472E12+2.1128859156809585E9i,279.25554332414686
0.09250245035569948,1.259013292006328+0.3971936831701565i,1.259013292006328E12+3.9719368317015656E11i,1.5848858445553002
0.09250245035569948,1.269490458158223+0.48284864069553i,1.269490458158223E12+4.8284864069553E11i,1.3145842725471457
0.09250245035569948,1.283443005538493+0.0025981977734172933i,1.2834430055384932E12+2.5981977734172935E9i,246.98716523231369
0.09250245035569948,1.4840974623225223+0.07578527142210367i,1.4840974623225222E12+7.578527142210367E10i,9.791463660903824
0.09250245035569948,1.6095141993737663+0.01348802652347946i,1.6095141993737664E12+1.348802652347946E10i,59.66455495071808
0.09250245035569948,1.6946299686619124+0.01548267576013191i,1.6946299686619124E12+1.548267576013191E10i,54.72665044841946
0.09250245035569948,1.8971760246571319+0.0851265372435955i,1.8971760246571318E12+8.512653724359549E10i,11.143270277917162
0.09250245035569948,2.027088533991827+6.60815051738978E-4i,2.0270885339918271E12+6.60815051738978E8i,1533.7790268679648
0.09250245035569948,2.1801968097790625+0.019044552826232134i,2.1801968097790625E12+1.9044552826232136E10i,57.239380458858555
0.09250245035569948,2.2424596534062387+5.545645096338667E-5i,2.242459653406239E12+5.545645096338667E7i,20218.203783782974
0.09250245035569948,2.2617558342887394+2.255855307414451E-4i,2.2617558342887393E12+2.2558553074144512E8i,5013.078247649338
0.09250245035569948,2.3489318384338067+1.1330280623938168E-5i,2.3489318384338066E12+1.1330280623938167E7i,103657.26659369215
0.09250245035569948,2.43465458787794+0.08193942905107522i,2.4346545878779404E12+8.193942905107523E10i,14.8564288040154
0.09250245035569948,2.5242847822399934+0.0020921713757482683i,2.5242847822399937E12+2.0921713757482684E9i,603.2691230509688
0.09250245035569948,2.6041581177125375+0.0032674588271904763i,2.6041581177125376E12+3.2674588271904764E9i,398.4989950051983
0.09250245035569948,2.6680137004697353+0.0030314549713996706i,2.6680137004697354E12+3.0314549713996706E9i,440.0549778309706
0.09250245035569948,2.709049466981827+0.03307641808003333i,2.7090494669818267E12+3.307641808003333E10i,40.95137297555735
0.09337511498169664,0.5950049386519578+0.05724223896681747i,5.950049386519578E11+5.724223896681747E10i,5.197254242595873
0.09337511498169664,0.9862873301274546+0.08654101585098005i,9.862873301274546E11+8.654101585098006E10i,5.698380822255422
0.09337511498169664,1.179587492097184+0.0021074970376138897i,1.179587492097184E12+2.1074970376138897E9i,279.85507714703937
0.09337511498169664,1.2592237180935142+0.3971393748856992i,1.2592237180935142E12+3.971393748856992E11i,1.5853675028520298
0.09337511498169664,1.2697161522210223+0.48278814757537253i,1.2697161522210222E12+4.8278814757537256E11i,1.3149827295861638
0.09337511498169664,1.2839247379688672+0.0026070282692846557i,1.2839247379688672E12+2.6070282692846556E9i,246.24296427770693
0.09337511498169664,1.4840353433913522+0.07569715837586402i,1.4840353433913523E12+7.569715837586403E10i,9.802450813427996
0.09337511498169664,1.6092495582649045+0.013654110464637475i,1.6092495582649045E12+1.3654110464637476E10i,58.929124765493505
0.09337511498169664,1.6949578485834023+0.015394214220982505i,1.6949578485834023E12+1.5394214220982506E10i,55.051781930939796
0.09337511498169664,1.8971454410396253+0.08511318291746663i,1.8971454410396255E12+8.511318291746663E10i,11.144839001493269
0.09337511498169664,2.026991641531194+6.736573121809212E-4i,2.0269916415311943E12+6.736573121809212E8i,1504.4679281881038
0.09337511498169664,2.180129332310244+0.01907224956194062i,2.1801293323102444E12+1.907224956194062E10i,57.1544883897905
0.09337511498169664,2.2420351000854435+5.581796959453024E-5i,2.2420351000854434E12+5.581796959453024E7i,20083.452662036158
0.09337511498169664,2.2617789841445415+2.3112368367963896E-4i,2.2617789841445415E12+2.3112368367963895E8i,4893.005658562448
0.09337511498169664,2.349420135827126+1.1341200708102657E-5i,2.349420135827126E12+1.1341200708102657E7i,103578.98587177794
0.09337511498169664,2.4346469260930226+0.08189432737020472i,2.4346469260930225E12+8.189432737020471E10i,14.864563909824666
0.09337511498169664,2.523963874053786+0.0021182419817045496i,2.523963874053786E12+2.1182419817045498E9i,595.7685419922495
0.09337511498169664,2.6042407882539678+0.0032526668383349583i,2.604240788253968E12+3.2526668383349586E9i,400.3239368940533
0.09337511498169664,2.668231719915309+0.0030834969607079557i,2.668231719915309E12+3.083496960707956E9i,432.66326413091326
0.09337511498169664,2.709085889166506+0.03304874735067609i,2.7090858891665063E12+3.304874735067609E10i,40.98621137468143
0.0942477796076938,0.5951470709392138+0.05716952916409217i,5.951470709392139E11+5.716952916409217E10i,5.205107332885138
0.0942477796076938,0.9863485689561803+0.08646433678648786i,9.863485689561803E11+8.646433678648787E10i,5.703788438184846
0.0942477796076938,1.179104786818786+0.0021021486537388576i,1.1791047868187861E12+2.1021486537388577E9i,280.4522850279032
0.0942477796076938,1.2594360938214173+0.39708453263889304i,1.2594360938214172E12+3.9708453263889307E11i,1.5858538803458544
0.0942477796076938,1.2699438966371237+0.48272711882067504i,1.2699438966371238E12+4.8272711882067505E11i,1.3153848697579453
0.0942477796076938,1.2844064526022165+0.0026158622925850895i,1.2844064526022166E12+2.6158622925850897E9i,245.503453343662
0.0942477796076938,1.483972477065559+0.0756081300911913i,1.4839724770655588E12+7.56081300911913E10i,9.8135774239869
0.0942477796076938,1.608984486565336+0.01382019406861922i,1.608984486565336E12+1.382019406861922E10i,58.211356460571395
0.0942477796076938,1.69528689286351+0.015306551570400478i,1.69528689286351E12+1.5306551570400478E10i,55.37781926472008
0.0942477796076938,1.8971145526673276+0.08509969360544394i,1.8971145526673276E12+8.509969360544394E10i,11.14642410737168
0.0942477796076938,2.0268939980640925+6.86632057407334E-4i,2.0268939980640928E12+6.866320574073341E8i,1475.9680794088445
0.0942477796076938,2.180061120383641+0.019100139406015407i,2.180061120383641E12+1.9100139406015408E10i,57.069246303434085
0.0942477796076938,2.241607617362238+5.6243406661844624E-5i,2.241607617362238E12+5.6243406661844626E7i,19927.736870915203
0.0942477796076938,2.261805893410115+2.3668435456719058E-4i,2.261805893410115E12+2.366843545671906E8i,4778.106050875508
0.0942477796076938,2.3499084147949842+1.1351932025036002E-5i,2.3499084147949844E12+1.1351932025036002E7i,103502.57602020534
0.0942477796076938,2.434639215459781+0.08184878177318418i,2.434639215459781E12+8.184878177318417E10i,14.872788346481126
0.0942477796076938,2.523641838656593+0.0021443665573827493i,2.5236418386565933E12+2.1443665573827496E9i,588.43527240435
0.0942477796076938,2.604322495819275+0.003238228750415257i,2.6043224958192754E12+3.238228750415257E9i,402.1214522731459
0.0942477796076938,2.6684517454170344+0.003135879291339185i,2.6684517454170347E12+3.1358792913391848E9i,425.4710557238104
0.0942477796076938,2.7091225098615066+0.03302069326891508i,2.709122509861507E12+3.3020693268915085E10i,41.021587399738394
0.09512044423369097,0.5952904699715464+0.0570962419519184i,5.952904699715465E11+5.7096241951918396E10i,5.2130442356683435
0.09512044423369097,0.9864103945751989+0.08638700860569049i,9.864103945751989E11+8.638700860569049E10i,5.70925194943156
0.09512044423369097,1.1786220943305143+0.002096839680020714i,1.1786220943305144E12+2.0968396800207138E9i,281.04726020800774
0.09512044423369097,1.2596504185511728+0.3970291558800496i,1.2596504185511729E12+3.970291558800496E11i,1.5863449823465083
0.09512044423369097,1.2701736895042963+0.48266555527111765i,1.2701736895042964E12+4.826655552711177E11i,1.3157906915388111
0.09512044423369097,1.2848881480912882+0.0026247013087478447i,1.284888148091288E12+2.6247013087478447E9i,244.76845113935352
0.09512044423369097,1.4839088580282709+0.07551818456652293i,1.483908858028271E12+7.551818456652293E10i,9.824844615544988
0.09512044423369097,1.60871901685711+0.013986284063873061i,1.6087190168571099E12+1.3986284063873062E10i,57.510594290461796
0.09512044423369097,1.6956170735411478+0.015219682488002416i,1.6956170735411477E12+1.5219682488002417E10i,55.70474531508106
0.09512044423369097,1.8970833590538683+0.08508606904977972i,1.8970833590538684E12+8.508606904977972E10i,11.148025641800288
0.09512044423369097,2.0267956076195213+6.997396167350582E-4i,2.0267956076195212E12+6.997396167350582E8i,1448.2498626249178
0.09512044423369097,2.1799921720571254+0.019128220369681263i,2.1799921720571252E12+1.9128220369681263E10i,56.98366418635763
0.09512044423369097,2.241177400281369+5.673166052699389E-5i,2.241177400281369E12+5.673166052699389E7i,19752.43963831253
0.09512044423369097,2.2618363672592547+2.4226966927064832E-4i,2.261836367259255E12+2.4226966927064833E8i,4668.013899693888
0.09512044423369097,2.3503966745176155+1.1362472452113716E-5i,2.3503966745176157E12+1.1362472452113716E7i,103428.04721521593
0.09512044423369097,2.434631456697942+0.08180279151727464i,2.4346314566979424E12+8.180279151727464E10i,14.881102536603601
0.09512044423369097,2.5233186957065286+0.0021705472493818647i,2.523318695706529E12+2.1705472493818645E9i,581.2632497231119
0.09512044423369097,2.6044032307056564+0.0032241480898346996i,2.6044032307056562E12+3.2241480898346996E9i,403.8901375090346
0.09512044423369097,2.668673771154818+0.0031886016905914036i,2.668673771154818E12+3.1886016905914035E9i,418.4708580926343
0.09512044423369097,2.7091593238228437+0.032992251406305365i,2.7091593238228438E12+3.2992251406305367E10i,41.05750908689242
0.09599310885968812,0.5954351341898083+0.05702237993449472i,5.954351341898083E11+5.702237993449472E10i,5.2210652630933945
0.09599310885968812,0.9864728073783608+0.08630903303852017i,9.864728073783608E11+8.630903303852017E10i,5.714771517241381
0.09599310885968812,1.1781394160338445+0.0020915690700974293i,1.1781394160338445E12+2.0915690700974293E9i,281.64009328627253
0.09599310885968812,1.2598666916419567+0.3969732440600225i,1.2598666916419568E12+3.969732440600225E11i,1.5868408142029145
0.09599310885968812,1.2704055289040368+0.4826034577711485i,1.2704055289040369E12+4.826034577711485E11i,1.316200193396113
0.09599310885968812,1.2853698231236321+0.0026335467518664975i,1.285369823123632E12+2.6335467518664975E9i,244.03778330736682
0.09599310885968812,1.4838444808802995+0.07542731981043747i,1.4838444808802996E12+7.542731981043747E10i,9.836253525973545
0.09599310885968812,1.6084531810487632+0.014152387412244874i,1.6084531810487632E12+1.4152387412244875E10i,56.82621363435484
0.09599310885968812,1.6959483634036443+0.01513360140012321i,1.6959483634036443E12+1.513360140012321E10i,56.0325436941215
0.09599310885968812,1.897051859708672+0.08507230899089592i,1.897051859708672E12+8.507230899089592E10i,11.149643651447656
0.09599310885968812,2.026696474246524+7.12980322203694E-4i,2.026696474246524E12+7.12980322203694E8i,1421.284999831671
0.09599310885968812,2.179922485405651+0.019156490437107834i,2.1799224854056514E12+1.9156490437107834E10i,56.897752032463806
0.09599310885968812,2.2407446298823572+5.728172644399851E-5i,2.2407446298823574E12+5.7281726443998516E7i,19558.983021164888
0.09599310885968812,2.261870224841073+2.478816770712999E-4i,2.2618702248410728E12+2.478816770712999E8i,4562.398987220172
0.09599310885968812,2.3508849141807935+1.137281991372986E-5i,2.3508849141807935E12+1.1372819913729861E7i,103355.40930102492
0.09599310885968812,2.434623650538341+0.08175635584464706i,2.4346236505383413E12+8.175635584464706E10i,14.88950690980282
0.09599310885968812,2.522994464479904+0.002196786258602297i,2.5229944644799043E12+2.1967862586022973E9i,574.2466875419087
0.09599310885968812,2.604482983778593+0.003210428248167901i,2.6044829837785933E12+3.210428248167901E9i,405.6285925818303
0.09599310885968812,2.6688977912352714+0.003241664077634622i,2.6688977912352715E12+3.241664077634622E9i,411.6555150869786
0.09599310885968812,2.709196325679848+0.032963417238388255i,2.709196325679848E12+3.2963417238388256E10i,41.093984675302345
0.0968657734856853,0.5955810620195612+0.05694794573349812i,5.955810620195612E11+5.694794573349812E10i,5.229170730817304
0.0968657734856853,0.9865358077596273+0.08623041182828553i,9.865358077596273E11+8.623041182828554E10i,5.720347304638647
0.0968657734856853,1.1776567532983582+0.0020863358135946495i,1.1776567532983582E12+2.0863358135946496E9i,282.23087233241614
0.0968657734856853,1.260084912451102+0.3969167966306011i,1.260084912451102E12+3.969167966306011E11i,1.5873413813019186
0.0968657734856853,1.2706394129016612+0.48254082716984104i,1.2706394129016611E12+4.8254082716984106E11i,1.316613373788609
0.0968657734856853,1.2858514764199798+0.00264240002642878i,1.2858514764199797E12+2.64240002642878E9i,243.31128208430576
0.0968657734856853,1.4837793401393582+0.07533553384293099i,1.4837793401393582E12+7.533553384293098E10i,9.847805308136055
0.0968657734856853,1.6081870103929818+0.014318511284057577i,1.608187010392982E12+1.4318511284057577E10i,56.15761926952416
0.0968657734856853,1.6962807359698424+0.015048302503322817i,1.6962807359698425E12+1.5048302503322817E10i,56.36119873305599
0.0968657734856853,1.8970200541369582+0.08505841316739614i,1.8970200541369583E12+8.505841316739613E10i,11.151278183403189
0.0968657734856853,2.0265966020138424+7.26354508555326E-4i,2.0265966020138423E12+7.26354508555326E8i,1395.0464808462586
0.0968657734856853,2.1798520585219747+0.019184947564963903i,2.1798520585219749E12+1.91849475649639E10i,56.81151984232896
0.0968657734856853,2.240309474180366+5.789270458224327E-5i,2.240309474180366E12+5.789270458224327E7i,19348.80647178737
0.0968657734856853,2.261907298298919+2.535223431506504E-4i,2.261907298298919E12+2.5352234315065044E8i,4460.962434689291
0.0968657734856853,2.351373132975644+1.1382972382346775E-5i,2.351373132975644E12+1.1382972382346775E7i,103284.6717884627
0.0968657734856853,2.434615797723113+0.08170947398215783i,2.434615797723113E12+8.170947398215784E10i,14.898001902782644
0.0968657734856853,2.522669163878308+0.002223085838040302i,2.522669163878308E12+2.2230858380403023E9i,567.3800625940056
0.0968657734856853,2.6045617464596007+0.003197072482693756i,2.6045617464596006E12+3.197072482693756E9i,407.33542335347306
0.0968657734856853,2.6691237997008+0.003295066567688469i,2.6691237997008003E12+3.295066567688469E9i,405.01819081203337
0.0968657734856853,2.7092335099311575+0.03293418614235084i,2.7092335099311577E12+3.2934186142350838E10i,41.13102261311524
0.09773843811168247,0.5957282518714231+0.056872941987930435i,5.957282518714231E11+5.6872941987930435E10i,5.237360958026827
0.09773843811168247,0.9865993961127987+0.0861511467319538i,9.865993961127987E11+8.61511467319538E10i,5.725979476410528
0.09773843811168247,1.177174107463258+0.002081138934636402i,1.177174107463258E12+2.081138934636402E9i,282.81968298020513
0.09773843811168247,1.260305080334217+0.3968598130443992i,1.260305080334217E12+3.9685981304439923E11i,1.5878466890690426
0.09773843811168247,1.2708753395462968+0.48247766432077477i,1.2708753395462969E12+4.824776643207748E11i,1.317030231166677
0.09773843811168247,1.2863331067328923+0.0026512625089196748i,1.2863331067328923E12+2.651262508919675E9i,242.58878598502903
0.09773843811168247,1.4837134302392845+0.07524282469680085i,1.4837134302392844E12+7.524282469680086E10i,9.85950112996202
0.09773843811168247,1.6079205355044481+0.014484663034502208i,1.6079205355044482E12+1.4484663034502209E10i,55.5042437533552
0.09773843811168247,1.6966141654730484+0.014963779786471738i,1.6966141654730486E12+1.4963779786471739E10i,56.690695455398966
0.09773843811168247,1.8969879418397622+0.08504438131610313i,1.8969879418397622E12+8.504438131610313E10i,11.152929285174116
0.09773843811168247,2.026495995009551+7.398625132187034E-4i,2.0264959950095508E12+7.398625132187034E8i,1369.508495702443
0.09773843811168247,2.179780889517386+0.019213589681953483i,2.1797808895173862E12+1.9213589681953484E10i,56.724977622603305
0.09773843811168247,2.2398720891036876+5.856380501858881E-5i,2.2398720891036875E12+5.856380501858881E7i,19123.34835819434
0.09773843811168247,2.2619474318326995+2.5919354413328873E-4i,2.2619474318326997E12+2.591935441332887E8i,4363.433200846829
0.09773843811168247,2.351861330098416+1.1392927874434419E-5i,2.351861330098416E12+1.1392927874434419E7i,103215.84389979164
0.09773843811168247,2.4346078990058744+0.08166214514108047i,2.4346078990058745E12+8.166214514108047E10i,14.906587959450597
0.09773843811168247,2.5223428124355793+0.002249448290741618i,2.5223428124355796E12+2.249448290741618E9i,560.6581006589823
0.09773843811168247,2.604639510713849+0.0031840839169599002i,2.604639510713849E12+3.1840839169599004E9i,409.0092438896376
0.09773843811168247,2.6693517905390025+0.0033488094761250143i,2.6693517905390024E12+3.3488094761250143E9i,398.55235264500203
0.09773843811168247,2.709270870940611+0.03290455339463917i,2.709270870940611E12+3.290455339463917E10i,41.168631563648674
0.09861110273767963,0.5958767021407504+0.05679737135419761i,5.958767021407504E11+5.679737135419761E10i,5.245636267431874
0.09861110273767963,0.9866635728316252+0.08607123951975336i,9.866635728316252E11+8.607123951975336E10i,5.73166819913861
0.09861110273767963,1.1766914798386994+0.0020759774903770416i,1.1766914798386995E12+2.0759774903770416E9i,283.40660852372423
0.09861110273767963,1.2605271946451941+0.39680229275524015i,1.260527194645194E12+3.968022927552402E11i,1.5883567429671153
0.09861110273767963,1.2711133068709832+0.48241397008207965i,1.2711133068709832E12+4.8241397008207965E11i,1.3174507639721869
0.09861110273767963,1.2868147128453482+0.0026601355493598056i,1.2868147128453481E12+2.6601355493598056E9i,241.8701395038001
0.09861110273767963,1.4836467455292075+0.07514919041899175i,1.4836467455292075E12+7.514919041899174E10i,9.871342174527667
0.09861110273767963,1.6076537863776401+0.014650850181256817i,1.6076537863776401E12+1.4650850181256817E10i,54.86554590648774
0.09861110273767963,1.6969486268439637+0.014880027051625314i,1.6969486268439639E12+1.4880027051625315E10i,57.02101955045202
0.09861110273767963,1.8969555223139336+0.08503021317205608i,1.8969555223139336E12+8.503021317205609E10i,11.154597004687622
0.09861110273767963,2.0263946573407154+7.535046762888556E-4i,2.0263946573407156E12+7.535046762888557E8i,1344.6463712216553
0.09861110273767963,2.1797089765224267+0.01924241468834428i,2.1797089765224268E12+1.924241468834428E10i,56.63813538543952
0.09861110273767963,2.2394326193824936+5.9294350357218327E-5i,2.2394326193824937E12+5.9294350357218325E7i,18884.03031562915
0.09861110273767963,2.2619904808098834+2.6489706600960224E-4i,2.2619904808098833E12+2.6489706600960225E8i,4269.564995347831
0.09861110273767963,2.3523495047502956+1.1402684452930502E-5i,2.3523495047502954E12+1.1402684452930503E7i,103148.93455399176
0.09861110273767963,2.4345999551519624+0.08161436851686404i,2.4345999551519624E12+8.161436851686404E10i,14.91526553102533
0.09861110273767963,2.522015428324684+0.0022758759678260542i,2.522015428324684E12+2.275875967826054E9i,554.0757633496489
0.09861110273767963,2.60471626903783+0.003171465541402504i,2.60471626903783E12+3.171465541402504E9i,410.6486788259344
0.09861110273767963,2.6695817576923666+0.0034028933225252805i,2.6695817576923667E12+3.4028933225252805E9i,392.2517552961777
0.09861110273767963,2.7093084029327557+0.03287451416842585i,2.709308402932756E12+3.287451416842585E10i,41.206820411887584
0.09948376736367678,0.5960264112078143+0.05672123650561811i,5.960264112078143E11+5.672123650561811E10i,5.25399698531589
0.09948376736367678,0.9867283383096317+0.08599069197531374i,9.867283383096317E11+8.599069197531374E10i,5.737413641193295
0.09948376736367678,1.176208871707093+0.0020708505696413553i,1.176208871707093E12+2.0708505696413555E9i,283.9917300046418
0.09948376736367678,1.2607512547362694+0.3967442352181449i,1.2607512547362693E12+3.967442352181449E11i,1.5888715484965532
0.09948376736367678,1.2713533128927206+0.4823497453162621i,1.2713533128927207E12+4.8234974531626215E11i,1.3178749706389217
0.09948376736367678,1.2872962935694665+0.002669020472823944i,1.2872962935694666E12+2.669020472823944E9i,241.15519282762358
0.09948376736367678,1.4835792802727858+0.07505462907205548i,1.483579280272786E12+7.505462907205548E10i,9.88332964012446
0.09948376736367678,1.607386792404698+0.014817080383349196i,1.607386792404698E12+1.4817080383349195E10i,54.24100938977867
0.09948376736367678,1.6972840956935809+0.014797037933574873i,1.6972840956935808E12+1.4797037933574873E10i,57.35215734773505
0.09948376736367678,1.896922795052157+0.0850159084685441i,1.896922795052157E12+8.50159084685441E10i,11.156281390288376
0.09948376736367678,2.0262925931330305+7.672813405093687E-4i,2.0262925931330303E12+7.672813405093688E8i,1320.4365114547502
0.09948376736367678,2.179636317687634+0.019271420455473174i,2.1796363176876338E12+1.9271420455473175E10i,56.55100314799594
0.09948376736367678,2.238991199385944+6.0083776527470364E-5i,2.2389911993859443E12+6.0083776527470365E7i,18632.244249512805
0.09948376736367678,2.2620363109281816+2.7063460389256807E-4i,2.2620363109281816E12+2.7063460389256805E8i,4179.133559406407
0.09948376736367678,2.352837656137191+1.1412240229259665E-5i,2.352837656137191E12+1.1412240229259666E7i,103083.95235603202
0.09948376736367678,2.4345919669386373+0.08156614328887896i,2.434591966938637E12+8.156614328887895E10i,14.924035076147698
0.09948376736367678,2.5216870293644633+0.0023023712666301347i,2.5216870293644634E12+2.3023712666301346E9i,547.6282357048632
0.09948376736367678,2.604792014446999+0.003159220213990399i,2.604792014446999E12+3.1592202139903994E9i,412.2523657755557
0.09948376736367678,2.6698136950682305+0.0034573188346433527i,2.6698136950682305E12+3.457318834643353E9i,386.1104258473229
0.09948376736367678,2.7093460999884256+0.03284406353107614i,2.709346099988426E12+3.2844063531076145E10i,41.24559827112923
0.10035643198967395,0.5961773774377946+0.056644540132396455i,5.961773774377947E11+5.6644540132396454E10i,5.262443441542088
0.10035643198967395,0.98679369294003+0.08590950589546906i,9.8679369294003E11+8.590950589546906E10i,5.743215972751127
0.10035643198967395,1.175726284324394+0.002065757291600162i,1.175726284324394E12+2.065757291600162E9i,284.57512629996853
0.10035643198967395,1.2609772599582272+0.396685639889698i,1.2609772599582273E12+3.96685639889698E11i,1.5893911111943115
0.10035643198967395,1.2715953556125013+0.4822849908901175i,1.2715953556125012E12+4.822849908901175E11i,1.3183028495927402
0.10035643198967395,1.2877778477452948+0.0026779185808006433i,1.287777847745295E12+2.6779185808006434E9i,240.44380157373482
0.10035643198967395,1.4835110286474662+0.07495913873560157i,1.4835110286474663E12+7.495913873560158E10i,9.895464740331107
0.10035643198967395,1.6071195823932214+0.014983361421131734i,1.6071195823932214E12+1.4983361421131735E10i,53.63014136889956
0.10035643198967395,1.6976205482961484+0.014714805918264257i,1.6976205482961484E12+1.4714805918264257E10i,57.684095791879734
0.10035643198967395,1.8968897595429486+0.08500146693711357i,1.8968897595429487E12+8.500146693711357E10i,11.157982490739366
0.10035643198967395,2.0261898065304735+7.811928512515016E-4i,2.0261898065304734E12+7.811928512515016E8i,1296.856341737151
0.10035643198967395,2.1795629111842785+0.01930060482525006i,2.1795629111842783E12+1.930060482525006E10i,56.463590931949966
0.10035643198967395,2.2385479539064232+6.0931632220829064E-5i,2.2385479539064233E12+6.093163222082906E7i,18369.341771392683
0.10035643198967395,2.2620847974310463+2.764077631490532E-4i,2.2620847974310464E12+2.764077631490532E8i,4091.934270694153
0.10035643198967395,2.3533257834695434+1.1421593357962653E-5i,2.3533257834695435E12+1.1421593357962653E7i,103020.9056527522
0.10035643198967395,2.4345839351552785+0.08151746862016189i,2.4345839351552783E12+8.15174686201619E10i,14.932897060993422
0.10035643198967395,2.5213576330263403+0.0023289366289526254i,2.5213576330263403E12+2.3289366289526253E9i,541.3109145353283
0.10035643198967395,2.6048667404634305+0.003147350660927884i,2.6048667404634307E12+3.147350660927884E9i,413.8189577667648
0.10035643198967395,2.6700475965490775+0.0035120869523550522i,2.6700475965490776E12+3.5120869523550525E9i,380.12264969104194
0.10035643198967395,2.709383956039875+0.032813196441469995i,2.709383956039875E12+3.2813196441469994E10i,41.28497448995398
0.10122909661567113,0.5963295991805144+0.05656728494157454i,5.963295991805144E11+5.656728494157455E10i,5.270975969559372
0.10122909661567113,0.986859637115581+0.08582768309033319i,9.86859637115581E11+8.582768309033319E10i,5.749075365793787
0.10122909661567113,1.1752437189212326+0.0020606968045430935i,1.1752437189212327E12+2.0606968045430937E9i,285.15687420154285
0.10122909661567113,1.2612052096604789+0.3966265062279528i,1.261205209660479E12+3.966265062279528E11i,1.5899154366345194
0.10122909661567113,1.2718394330153364+0.48221970767470645i,1.2718394330153364E12+4.822197076747065E11i,1.3187343992515628
0.10122909661567113,1.288259374239696+0.002686831152562987i,1.288259374239696E12+2.6868311525629873E9i,239.7358265350646
0.10122909661567113,1.483441984743652+0.07486271750778055i,1.483441984743652E12+7.486271750778055E10i,9.907748704082755
0.10122909661567113,1.6068521845839066+0.015149701177331202i,1.6068521845839065E12+1.5149701177331202E10i,53.032471260498234
0.10122909661567113,1.6979579615722253+0.014633324360050031i,1.6979579615722253E12+1.4633324360050032E10i,58.01682241827994
0.10122909661567113,1.8968564152706755+0.08498688830761415i,1.8968564152706755E12+8.498688830761415E10i,11.159700355217808
0.10122909661567113,2.026086301694956+7.952395564946096E-4i,2.0260863016949558E12+7.952395564946096E8i,1273.8842561013182
0.10122909661567113,2.1794887552051216+0.01932996560963812i,2.1794887552051216E12+1.932996560963812E10i,56.37590876308663
0.10122909661567113,2.238102998891114+6.18375773189686E-5i,2.238102998891114E12+6.18375773189686E7i,18096.62583760844
0.10122909661567113,2.26213582437583+2.822180615626994E-4i,2.26213582437583E12+2.8221806156269944E8i,4007.7800333719233
0.10122909661567113,2.3538138859621305+1.1430742037608748E-5i,2.3538138859621304E12+1.1430742037608748E7i,102959.80253153083
0.10122909661567113,2.4345758606036414+0.08146834365714851i,2.4345758606036416E12+8.146834365714851E10i,14.94185195938998
0.10122909661567113,2.52102725644083+0.0023555745393940113i,2.52102725644083E12+2.3555745393940115E9i,535.119397471791
0.10122909661567113,2.604940441103518+0.003135859477398239i,2.604940441103518E12+3.135859477398239E9i,415.34712570487784
0.10122909661567113,2.6702834560030957+0.003567198831503862i,2.6702834560030957E12+3.567198831503862E9i,374.28295731939284
0.10122909661567113,2.7094219648658755+0.03278190774727417i,2.7094219648658755E12+3.278190774727417E10i,41.32495865941733
0.10210176124166828,0.5964830747708917+0.056489473656632525i,5.964830747708917E11+5.648947365663252E10i,5.279594906447297
0.10210176124166828,0.986926171228671+0.08574522538313478i,9.86926171228671E11+8.574522538313478E10i,5.754991994124429
0.10210176124166828,1.1747611767040385+0.0020556682847096227i,1.1747611767040386E12+2.0556682847096226E9i,285.7370484922332
0.10210176124166828,1.2614351031909086+0.39656683369282725i,1.2614351031909087E12+3.965668336928273E11i,1.5904445304268575
0.10210176124166828,1.2720855430703952+0.4821538965452161i,1.2720855430703953E12+4.821538965452161E11i,1.319169618025787
0.10210176124166828,1.2887408719452056+0.0026957594464588667i,1.2887408719452056E12+2.6957594464588666E9i,239.03113344146635
0.10210176124166828,1.4833721425640252+0.07476536350688376i,1.4833721425640251E12+7.476536350688376E10i,9.920182775727753
0.10210176124166828,1.6065846266681298+0.015316107619200107i,1.60658462666813E12+1.5316107619200108E10i,52.44754955410906
0.10210176124166828,1.6982963130718434+0.014552586497893706i,1.6982963130718435E12+1.4552586497893707E10i,58.350325329371834
0.10210176124166828,1.8968227617155742+0.08497217230818552i,1.8968227617155742E12+8.497217230818552E10i,11.161435033318844
0.10210176124166828,2.025982082805978+8.094218068060975E-4i,2.0259820828059783E12+8.094218068060975E8i,1251.4995678213277
0.10210176124166828,2.1794138479651695+0.019359500590131005i,2.1794138479651697E12+1.9359500590131004E10i,56.287966670901135
0.10210176124166828,2.237656442122032+6.280138060545344E-5i,2.237656442122032E12+6.280138060545345E7i,17815.344348717408
0.10210176124166828,2.2621892839534774+2.8806693220805897E-4i,2.2621892839534775E12+2.8806693220805895E8i,3926.4994190995703
0.10210176124166828,2.354301962833878+1.1439684517504021E-5i,2.354301962833878E12+1.1439684517504022E7i,102900.65076670285
0.10210176124166828,2.4345677440980737+0.08141876752940941i,2.4345677440980737E12+8.141876752940941E10i,14.950900252934186
0.10210176124166828,2.5206959164040175+0.0023822875237937396i,2.5206959164040176E12+2.38228752379374E9i,529.0494726660587
0.10210176124166828,2.6050131108656656+0.0031247491283696166i,2.6050131108656655E12+3.1247491283696165E9i,416.83556084786704
0.10210176124166828,2.6705212672950323+0.003622655847738156i,2.670521267295032E12+3.622655847738156E9i,368.5861118939025
0.10210176124166828,2.709460120086494+0.03275019218207706i,2.709460120086494E12+3.275019218207706E10i,41.36556062057674
0.10297442586766545,0.5966378025285173+0.05641110901740956i,5.966378025285173E11+5.641110901740956E10i,5.288300592923846
0.10297442586766545,0.9869932956709927+0.0856621346101343i,9.869932956709927E11+8.566213461013431E10i,5.7609660333763495
0.10297442586766545,1.1742786588561143+0.0020506709351718133i,1.1742786588561143E12+2.0506709351718132E9i,286.31572201946886
0.10297442586766545,1.2616669398962612+0.3965066217461006i,1.2616669398962612E12+3.965066217461006E11i,1.5909783982172159
0.10297442586766545,1.2723336837310024+0.48208755838089007i,1.2723336837310024E12+4.820875583808901E11i,1.31960850431837
0.10297442586766545,1.2892223397789766+0.002704704701116905i,1.2892223397789766E12+2.704704701116905E9i,238.3295927364258
0.10297442586766545,1.4833014960227373+0.07466707487291922i,1.4833014960227373E12+7.466707487291922E10i,9.932768215088545
0.10297442586766545,1.606316935805291+0.0154825887815841i,1.606316935805291E12+1.54825887815841E10i,51.874946705164014
0.10297442586766545,1.6986355809578737+0.014472585470493137i,1.6986355809578738E12+1.4472585470493137E10i,58.684593171726995
0.10297442586766545,1.8967887983537273+0.08495731866529972i,1.8967887983537273E12+8.495731866529973E10i,11.163186575051705
0.10297442586766545,2.0258771540602782+8.237399553193448E-4i,2.0258771540602783E12+8.237399553193448E8i,1229.6824628804688
0.10297442586766545,2.179338187702449+0.019389207517208705i,2.1793381877024492E12+1.9389207517208706E10i,56.199774688269194
0.10297442586766545,2.2372083838463452+6.382291699755094E-5i,2.237208383846345E12+6.382291699755095E7i,17526.685468890373
0.10297442586766545,2.2622450758579142+2.939557268382843E-4i,2.262245075857914E12+2.939557268382843E8i,3847.935027818759
0.10297442586766545,2.3547900133076713+1.144841908970621E-5i,2.3547900133076714E12+1.144841908970621E7i,102843.4578982599
0.10297442586766545,2.434559586465765+0.08136873934939563i,2.434559586465765E12+8.136873934939563E10i,14.960042431109926
0.10297442586766545,2.52036362938389+0.002409078147743263i,2.52036362938389E12+2.4090781477432632E9i,523.0971091047576
0.10297442586766545,2.605084744718076+0.003114021949442323i,2.6050847447180757E12+3.114021949442323E9i,418.28297728996563
0.10297442586766545,2.670761024297369+0.0036784596002773545i,2.670761024297369E12+3.6784596002773547E9i,363.02709755137647
0.10297442586766545,2.7094984151576114+0.03271804436246781i,2.7094984151576113E12+3.2718044362467808E10i,41.40679047225981
0.10384709049366261,0.5967937807577038+0.05633219378010931i,5.967937807577039E11+5.6332193780109314E10i,5.29709337334941
0.10384709049366261,0.9870610108336888+0.08557841262059726i,9.870610108336888E11+8.557841262059726E10i,5.76699766102065
0.10384709049366261,1.1737961665386418+0.0020457039847500383i,1.1737961665386418E12+2.0457039847500384E9i,286.89296576847266
0.10384709049366261,1.2619007191220377+0.39644586985179114i,1.2619007191220378E12+3.9644586985179114E11i,1.5915170456862013
0.10384709049366261,1.272583852934641+0.4820206940649975i,1.2725838529346409E12+4.820206940649975E11i,1.3200510565248065
0.10384709049366261,1.2897037766819548+0.002713668136633671i,1.2897037766819548E12+2.7136681366336713E9i,237.63107936290314
0.10384709049366261,1.48323003894479+0.07456784976922716i,1.48323003894479E12+7.456784976922716E10i,9.945506297520282
0.10384709049366261,1.606049138639988+0.015649152750950922i,1.606049138639988E12+1.5649152750950922E10i,51.314252094011806
0.10384709049366261,1.698975743989533+0.014393314330478467i,1.698975743989533E12+1.4393314330478466E10i,59.01961511366004
0.10384709049366261,1.896754524657121+0.08494232710378093i,1.8967545246571208E12+8.494232710378093E10i,11.164955030839348
0.10384709049366261,2.0257715196714927+8.381943577122599E-4i,2.025771519671493E12+8.381943577122599E8i,1208.4139561620095
0.10384709049366261,2.179261772678784+0.01941908410978625i,2.179261772678784E12+1.941908410978625E10i,56.111342851142616
0.10384709049366261,2.23675891735925+6.490216447399799E-5i,2.23675891735925E12+6.4902164473997995E7i,17231.774436855427
0.10384709049366261,2.2623031067028414+2.998857195796718E-4i,2.2623031067028413E12+2.998857195796718E8i,3771.9420415779528
0.10384709049366261,2.3552780366101667+1.1456944098714942E-5i,2.3552780366101665E12+1.1456944098714942E7i,102788.23115119956
0.10384709049366261,2.4345513885469647+0.08131825821215084i,2.434551388546965E12+8.131825821215085E10i,14.96927899141343
0.10384709049366261,2.5200304115265553+0.0024359490152106224i,2.520030411526555E12+2.4359490152106223E9i,517.2584474861562
0.10384709049366261,2.6051553380865577+0.0031036801477610436i,2.6051553380865576E12+3.1036801477610435E9i,419.6881144414776
0.10384709049366261,2.671002720901788+0.0037346119156480913i,2.671002720901788E12+3.7346119156480913E9i,357.60110839231226
0.10384709049366261,2.7095368433653095+0.03268545878503434i,2.7095368433653096E12+3.268545878503434E10i,41.448658579115964
0.10471975511965978,0.5969510077477828+0.05625273071679618i,5.969510077477827E11+5.625273071679618E10i,5.305973595780858
0.10471975511965978,0.9871293171070679+0.08549406127672186i,9.871293171070679E11+8.549406127672186E10i,5.77308705637453
0.10471975511965978,1.1733137008915895+0.00204076668703844i,1.1733137008915896E12+2.04076668703844E9i,287.46884892420064
0.10471975511965978,1.262136440212636+0.3963845774760843i,1.262136440212636E12+3.963845774760843E11i,1.592060478549757
0.10471975511965978,1.272836048603153+0.4819533044846645i,1.2728360486031528E12+4.819533044846645E11i,1.3204972730336926
0.10471975511965978,1.290185181617732+0.0027226509557110113i,1.2901851816177322E12+2.7226509557110114E9i,236.93547256056635
0.10471975511965978,1.4831577650651877+0.07446768638418225i,1.4831577650651877E12+7.446768638418225E10i,9.958398313958003
0.10471975511965978,1.6057812613189253+0.01581580765028743i,1.6057812613189253E12+1.581580765028743E10i,50.76507304670408
0.10471975511965978,1.6993167815061485+0.014314766057654678i,1.6993167815061484E12+1.4314766057654678E10i,59.35538082361659
0.10471975511965978,1.8967199400936088+0.08492719734681221i,1.896719940093609E12+8.492719734681221E10i,11.166740451519228
0.10471975511965978,2.0256651838698163+8.527853721859269E-4i,2.0256651838698162E12+8.527853721859269E8i,1187.6758501834236
0.10471975511965978,2.179184601180588+0.019449128054644573i,2.1791846011805884E12+1.9449128054644573E10i,56.02268119830147
0.10471975511965978,2.236308129541982+6.603920083013592E-5i,2.2363081295419824E12+6.603920083013592E7i,16931.6716543417
0.10471975511965978,2.2623632894834187+3.0585811080843404E-4i,2.262363289483419E12+3.0585811080843407E8i,3698.386947306408
0.10471975511965978,2.3557660319716143+1.1465257935784157E-5i,2.3557660319716143E12+1.1465257935784157E7i,102734.977493138
0.10471975511965978,2.434543151195272+0.08126732319505174i,2.434543151195272E12+8.126732319505174E10i,14.978610439475556
0.10471975511965978,2.519696278662338+0.002462902767218258i,2.519696278662338E12+2.462902767218258E9i,511.5297916344919
0.10471975511965978,2.605224886842421+0.0030937258029835714i,2.605224886842421E12+3.0937258029835715E9i,421.0497394969452
0.10471975511965978,2.6712463510309368+0.0037911148513959923i,2.671246351030937E12+3.7911148513959923E9i,352.3035381066484
0.10471975511965978,2.7095753978198456+0.03265242982314154i,2.7095753978198457E12+3.265242982314154E10i,41.49117558013258
0.10559241974565695,0.5971094817726911+0.05617272261547487i,5.97109481772691E11+5.617272261547487E10i,5.3149416119648345
0.10559241974565695,0.9871982148806642+0.08540908245357756i,9.871982148806642E11+8.540908245357756E10i,5.779234400610945
0.10559241974565695,1.1728312630347144+0.0020358583194260683i,1.1728312630347144E12+2.0358583194260683E9i,288.04343893767344
0.10559241974565695,1.2623741025114008+0.3963227440876627i,1.262374102511401E12+3.963227440876627E11i,1.5926087025580546
0.10559241974565695,1.273090268642635+0.4818853905308429i,1.273090268642635E12+4.818853905308429E11i,1.320947152226595
0.10559241974565695,1.2906665535718225+0.002731654344703367i,1.2906665535718225E12+2.731654344703367E9i,236.2426556775757
0.10559241974565695,1.4830846680283603+0.07436658293293308i,1.4830846680283604E12+7.436658293293307E10i,9.971445570962086
0.10559241974565695,1.605513329507595+0.015982561624883214i,1.605513329507595E12+1.5982561624883213E10i,50.22703391326128
0.10559241974565695,1.6996586734111352+0.014236933571360452i,1.6996586734111353E12+1.4236933571360453E10i,59.6918804492504
0.10559241974565695,1.8966850441269627+0.08491192911598197i,1.8966850441269626E12+8.491192911598198E10i,11.168542888339418
0.10559241974565695,2.025558150901655+8.675133594403035E-4i,2.0255581509016548E12+8.675133594403034E8i,1167.4506962108867
0.10559241974565695,2.1791066715196745+0.01947933700584661i,2.1791066715196746E12+1.947933700584661E10i,55.9337997711531
0.10559241974565695,2.2358561013576304+6.72342003969359E-5i,2.2358561013576304E12+6.723420039693591E7i,16627.37184466855
0.10559241974565695,2.2624255430800733+3.118740310939462E-4i,2.262425543080073E12+3.1187403109394616E8i,3627.146407708695
0.10559241974565695,2.356253998625675+1.1473359046307548E-5i,2.3562539986256753E12+1.1473359046307547E7i,102683.70357432442
0.10559241974565695,2.4345348752778695+0.08121593335752214i,2.4345348752778696E12+8.121593335752214E10i,14.988037289190283
0.10559241974565695,2.5193612463118074+0.002489942080631346i,2.5193612463118076E12+2.489942080631346E9i,505.9076004035005
0.10559241974565695,2.605293387290453+0.003084160868302894i,2.605293387290453E12+3.084160868302894E9i,422.36664988296394
0.10559241974565695,2.6714919086504905+0.003847970699741697i,2.6714919086504907E12+3.847970699741697E9i,347.1299701982944
0.10559241974565695,2.709614071449445+0.03261895172376779i,2.7096140714494453E12+3.261895172376779E10i,41.53435239727654
0.10646508437165411,0.5972692010913263+0.0560921722799185i,5.972692010913263E11+5.60921722799185E10i,5.323997777361477
0.10646508437165411,0.9872677045429984+0.08532347803899808i,9.872677045429984E11+8.532347803899808E10i,5.785439876769653
0.10646508437165411,1.17234885406829+0.002030978182175371i,1.17234885406829E12+2.030978182175371E9i,288.61680158784196
0.10646508437165411,1.2626137053607325+0.39626036915781393i,1.2626137053607324E12+3.9626036915781396E11i,1.5931617234953492
0.10646508437165411,1.2733465109436288+0.481816953098214i,1.273346510943629E12+4.81816953098214E11i,1.3214006924784036
0.10646508437165411,1.2911478915507921+0.0027406794746618604i,1.2911478915507922E12+2.7406794746618605E9i,235.55251598877527
0.10646508437165411,1.4830107413874112+0.07426453765913081i,1.4830107413874111E12+7.426453765913081E10i,9.984649390765279
0.10646508437165411,1.605245368406685+0.01614942282880118i,1.605245368406685E12+1.6149422828801182E10i,49.699775200134724
0.10646508437165411,1.7000014001562518+0.014159809741978524i,1.7000014001562517E12+1.4159809741978525E10i,60.02910459723146
0.10646508437165411,1.8966498362168456+0.0848965221312801i,1.8966498362168457E12+8.48965221312801E10i,11.170362392960886
0.10646508437165411,2.025450425029297+8.823786826532258E-4i,2.0254504250292969E12+8.823786826532258E8i,1147.7217575899313
0.10646508437165411,2.179027982034061+0.019509708584154715i,2.1790279820340608E12+1.9509708584154716E10i,55.844708613531296
0.10646508437165411,2.235402908307581+6.84874307566063E-5i,2.235402908307581E12+6.84874307566063E7i,16319.80411304854
0.10646508437165411,2.2624897918017064+3.179345451330763E-4i,2.2624897918017065E12+3.179345451330763E8i,3558.1062618639116
0.10646508437165411,2.356741935809245+1.1481245926579164E-5i,2.356741935809245E12+1.1481245926579164E7i,102634.41576289953
0.10646508437165411,2.434526561675799+0.08116408774075443i,2.4345265616757993E12+8.116408774075443E10i,14.997560062843936
0.10646508437165411,2.5190253296916323+0.002517069666998583i,2.5190253296916323E12+2.517069666998583E9i,500.3884800485839
0.10646508437165411,2.6053608361569687+0.0030749871715343552i,2.6053608361569688E12+3.074987171534355E9i,423.63767567474883
0.10646508437165411,2.6717393877815985+0.0039051819912545183i,2.6717393877815986E12+3.9051819912545185E9i,342.0761687630487
0.10646508437165411,2.7096528569937752+0.032585018604109416i,2.7096528569937754E12+3.2585018604109413E10i,41.57820024463714
0.10733774899765128,0.5974301639472678+0.05601108252939874i,5.974301639472678E11+5.6011082529398735E10i,5.333142451171985
0.10733774899765128,0.9873377864816162+0.08523724993358371i,9.873377864816162E11+8.523724993358371E10i,5.791703669762593
0.10733774899765128,1.1718664750740782+0.002026125597549414i,1.1718664750740781E12+2.0261255975494144E9i,289.18900104007446
0.10733774899765128,1.2628552481021462+0.3961974521606045i,1.2628552481021462E12+3.961974521606045E11i,1.5937195471795074
0.10733774899765128,1.2736047733811058+0.48174799308514366i,1.2736047733811057E12+4.817479930851437E11i,1.3218578921573318
0.10733774899765128,1.2916291945814578+0.0027497275023339878i,1.2916291945814578E12+2.7497275023339877E9i,234.86494452361444
0.10733774899765128,1.4829359786035081+0.0741615488367874i,1.482935978603508E12+7.41615488367874E10i,9.998011111304532
0.10733774899765128,1.6049774027681398+0.016316399412214484i,1.60497740276814E12+1.6316399412214483E10i,49.18295275263522
0.10733774899765128,1.7003449427261403+0.014083387401704523i,1.7003449427261404E12+1.4083387401704523E10i,60.36704431351318
0.10733774899765128,1.8966143158188598+0.08488097611113841i,1.8966143158188599E12+8.488097611113841E10i,11.172199017454387
0.10733774899765128,2.0253420105305686+8.973817074545634E-4i,2.0253420105305688E12+8.973817074545634E8i,1128.472975159858
0.10733774899765128,2.1789485310888232+0.019540240376416863i,2.1789485310888235E12+1.9540240376416862E10i,55.755417771589926
0.10733774899765128,2.2349486208512896+6.979924956864816E-5i,2.2349486208512896E12+6.979924956864816E7i,16009.832732178578
0.10733774899765128,2.262555964965529+3.240406556175128E-4i,2.2625559649655293E12+3.240406556175128E8i,3491.160639478797
0.10733774899765128,2.3572298427622687+1.1488917132758436E-5i,2.3572298427622686E12+1.1488917132758437E7i,102587.12007074546
0.10733774899765128,2.434518211284235+0.08111178536742386i,2.4345182112842354E12+8.111178536742386E10i,15.007179291247528
0.10733774899765128,2.5186885437203426+0.002544288271479811i,2.518688543720343E12+2.5442882714798107E9i,494.96917702950014
0.10733774899765128,2.6054272305779502+0.0030662064162615714i,2.60542723057795E12+3.0662064162615714E9i,424.8616819728954
0.10733774899765128,2.6719887825135626+0.003962751498485161i,2.6719887825135625E12+3.962751498485161E9i,337.1380697900162
0.10733774899765128,2.709691746997075+0.03255062444808997i,2.709691746997075E12+3.255062444808997E10i,41.62273063790757
0.10821041362364843,0.5975923685688372+0.055929456198389925i,5.975923685688373E11+5.592945619838992E10i,5.34237599637202
0.10821041362364843,0.9874084610829809+0.08515040005047336i,9.874084610829808E11+8.515040005047336E10i,5.798025966394105
0.10821041362364843,1.1713841271159922+0.0020212999090379103i,1.1713841271159922E12+2.0212999090379102E9i,289.76009989372204
0.10821041362364843,1.263098730076337+0.39613399257316756i,1.263098730076337E12+3.9613399257316754E11i,1.594282179461079
0.10821041362364843,1.2738650538145422+0.48167851139349716i,1.2738650538145422E12+4.816785113934972E11i,1.3223187496253956
0.10821041362364843,1.2921104617101213+0.0027587995711445584i,1.2921104617101213E12+2.7587995711445584E9i,234.17983590124604
0.10821041362364843,1.4828603730452585+0.07405761477212983i,1.4828603730452585E12+7.405761477212982E10i,10.01153208625418
0.10821041362364843,1.6047094569109737+0.016483499509318243i,1.6047094569109736E12+1.6483499509318241E10i,48.676236984865376
0.10821041362364843,1.7006892826230926+0.014007659354500093i,1.7006892826230925E12+1.4007659354500093E10i,60.70569106453642
0.10821041362364843,1.8965784823845284+0.084865290772444i,1.8965784823845286E12+8.4865290772444E10i,11.174052814300573
0.10821041362364843,2.025232911698508+9.125228019022565E-4i,2.025232911698508E12+9.125228019022566E8i,1109.6889346089115
0.10821041362364843,2.178868317076919+0.019570929934946954i,2.1788683170769192E12+1.9570929934946953E10i,55.66593729371565
0.10821041362364843,2.234493304792089+7.117010150216657E-5i,2.234493304792089E12+7.117010150216657E7i,15698.258521691627
0.10821041362364843,2.262623996510838+3.301933069764326E-4i,2.262623996510838E12+3.301933069764326E8i,3426.2111749471824
0.10821041362364843,2.3577177187275837+1.149637127698237E-5i,2.357717718727584E12+1.149637127698237E7i,102541.8221942833
0.10821041362364843,2.4345098250127695+0.08105902524141546i,2.4345098250127695E12+8.105902524141547E10i,15.01689551386874
0.10821041362364843,2.518350903023999+0.0025716006718393865i,2.518350903023999E12+2.5716006718393865E9i,489.6465712195316
0.10821041362364843,2.605492568087345+0.003057820183034405i,2.605492568087345E12+3.057820183034405E9i,426.0375712318381
0.10821041362364843,2.6722400870169443+0.00402068223960883i,2.6722400870169443E12+4.0206822396088305E9i,332.31177294887704
0.10821041362364843,2.709730733800988+0.03251576310278057i,2.709730733800988E12+3.2515763102780575E10i,41.66795540420926
0.1090830782496456,0.5977558131693087+0.055847296136788176i,5.977558131693087E11+5.584729613678818E10i,5.351698779697503
0.1090830782496456,0.9874797287323333+0.08506293031550417i,9.874797287323333E11+8.506293031550418E10i,5.8044069553547235
0.1090830782496456,1.1709018112408995+0.002016500480511266i,1.1709018112408997E12+2.0165004805112658E9i,290.3301592430139
0.1090830782496456,1.2633441506232705+0.39606998987565495i,1.2633441506232705E12+3.9606998987565497E11i,1.5948496262237564
0.1090830782496456,1.2741273500880004+0.4816085089286296i,1.2741273500880005E12+4.8160850892862964E11i,1.3227832632384153
0.1090830782496456,1.2925916920019085+0.0027678968120262303i,1.2925916920019084E12+2.7678968120262303E9i,233.4970881836579
0.1090830782496456,1.4827839179880224+0.07395273380552597i,1.4827839179880225E12+7.395273380552597E10i,10.025213685049899
0.1090830782496456,1.604441554736727+0.01665073122699879i,1.604441554736727E12+1.665073122699879E10i,48.17931215342545
0.1090830782496456,1.7010344018522143+0.013932618385375361i,1.7010344018522144E12+1.393261838537536E10i,61.04503671893209
0.1090830782496456,1.8965423353613193+0.08484946583056449i,1.8965423353613193E12+8.48494658305645E10i,11.175923836388764
0.1090830782496456,2.0251231328410233+9.278023364595029E-4i,2.0251231328410232E12+9.278023364595029E8i,1091.3548356479141
0.1090830782496456,2.178787338420065+0.01960177477689744i,2.1787873384200652E12+1.960177477689744E10i,55.576277230467255
0.1090830782496456,2.234037021631594+7.260051534037753E-5i,2.234037021631594E12+7.260051534037752E7i,15385.82068706826
0.1090830782496456,2.2626938246441903+3.3639338899024E-4i,2.2626938246441904E12+3.3639338899024004E8i,3363.1663087020997
0.1090830782496456,2.358205562950727+1.1503607037885834E-5i,2.358205562950727E12+1.1503607037885834E7i,102498.5274264082
0.1090830782496456,2.4345014037856925+0.08100580634749963i,2.4345014037856924E12+8.100580634749963E10i,15.026709278975265
0.1090830782496456,2.5180124219417+0.00259900967751388i,2.5180124219417E12+2.59900967751388E9i,484.4176694929319
0.1090830782496456,2.605556846605386+0.0030498299306403035i,2.6055568466053857E12+3.0498299306403036E9i,427.1642855276124
0.1090830782496456,2.672493295556935+0.004078977482058541i,2.672493295556935E12+4.078977482058541E9i,327.59353383439196
0.1090830782496456,2.7097698095370215+0.03248042827464946i,2.7097698095370215E12+3.248042827464946E10i,41.713886692374075
0.10995574287564278,0.5979204959465851+0.055764605209236505i,5.979204959465852E11+5.57646052092365E10i,5.361111171711024
0.10995574287564278,0.9875515898135611+0.08497484266691391i,9.87551589813561E11+8.497484266691391E10i,5.810846827246186
0.10995574287564278,1.1704195284793062+0.0020117266954640073i,1.1704195284793062E12+2.0117266954640074E9i,290.89923872818804
0.10995574287564278,1.2635915090822827+0.39600544355168305i,1.2635915090822827E12+3.9600544355168304E11i,1.5954218933828497
0.10995574287564278,1.2743916600301604+0.4815379865993083i,1.2743916600301604E12+4.815379865993083E11i,1.3232514313461547
0.10995574287564278,1.2930728845400354+0.0027770203443954304i,1.2930728845400354E12+2.7770203443954306E9i,232.81660272127806
0.10995574287564278,1.4827066066134489+0.07384690431341212i,1.482706606613449E12+7.384690431341212E10i,10.03905729291457
0.10995574287564278,1.60417371974455+0.016818102634074683i,1.60417371974455E12+1.6818102634074684E10i,47.69187567253808
0.10995574287564278,1.7013802829068179+0.013858257269010158i,1.7013802829068179E12+1.3858257269010159E10i,61.385073529824176
0.10995574287564278,1.8965058741926508+0.08483350099937188i,1.896505874192651E12+8.483350099937189E10i,11.17781213701585
0.10995574287564278,2.0250126782805737+9.432206839662714E-4i,2.0250126782805737E12+9.432206839662714E8i,1073.4564628954777
0.10995574287564278,2.178705593569618+0.019632772383612117i,2.1787055935696177E12+1.9632772383612118E10i,55.486447634574226
0.10995574287564278,2.2335798288951536+7.409110124944982E-5i,2.233579828895154E12+7.409110124944982E7i,15073.199016000182
0.10995574287564278,2.262765391513473+3.426417402273246E-4i,2.262765391513473E12+3.426417402273246E8i,3301.9406655071393
0.10995574287564278,2.3586933746797687+1.1510623154915454E-5i,2.3586933746797686E12+1.1510623154915454E7i,102457.24071300696
0.10995574287564278,2.4344929485423057+0.0809521276510818i,2.4344929485423057E12+8.09521276510818E10i,15.036621143766641
0.10995574287564278,2.5176731145310214+0.002626518128738773i,2.5176731145310215E12+2.6265181287387733E9i,479.27959966908395
0.10995574287564278,2.605620064427126+0.003042236997414737i,2.605620064427126E12+3.042236997414737E9i,428.2408087603556
0.10995574287564278,2.6727484025071537+0.004137640746191322i,2.672748402507154E12+4.1376407461913223E9i,322.979756636364
0.10995574287564278,2.709808966118654+0.032444613525735126i,2.7098089661186543E12+3.244461352573513E10i,41.76053698357708
0.11082840750163994,0.5980864150833463+0.05568138629547835i,5.980864150833463E11+5.568138629547835E10i,5.370613546774377
0.11082840750163994,0.9876240447092663+0.08488613905547675i,9.876240447092664E11+8.488613905547675E10i,5.817345774578176
0.11082840750163994,1.169937279846048+0.0020069779563524383i,1.1699372798460479E12+2.0069779563524382E9i,291.4673965757797
0.11082840750163994,1.2638408047920366+0.3959403530882059i,1.2638408047920366E12+3.9594035308820593E11i,1.5959989868858901
0.11082840750163994,1.2746579814544277+0.4814669453175908i,1.2746579814544277E12+4.814669453175908E11i,1.3237232522926605
0.11082840750163994,1.2935540384252049+0.002786171276932776i,1.2935540384252048E12+2.786171276932776E9i,232.13828401986203
0.11082840750163994,1.482628432008816+0.0737401247103464i,1.4826284320088162E12+7.37401247103464E10i,10.053064310866224
0.11082840750163994,1.6039059750460516+0.016985621751107287i,1.6039059750460515E12+1.6985621751107288E10i,47.21363746786288
0.11082840750163994,1.7017269087542013+0.013784568777710851i,1.7017269087542014E12+1.3784568777710852E10i,61.7257941179064
0.11082840750163994,1.8964690983179193+0.08481739599127618i,1.8964690983179194E12+8.481739599127618E10i,11.179717769884016
0.11082840750163994,2.024901552353836+9.587782196155904E-4i,2.024901552353836E12+9.587782196155905E8i,1055.9801583549183
0.11082840750163994,2.178623081007473+0.019663920199979423i,2.1786230810074734E12+1.9663920199979424E10i,55.39645856093723
0.11082840750163994,2.233121780430702+7.56425482401521E-5i,2.233121780430702E12+7.564254824015209E7i,14761.016335283446
0.11082840750163994,2.2628386429086036+3.489391513151981E-4i,2.2628386429086035E12+3.489391513151981E8i,3242.454500132277
0.11082840750163994,2.3591811531651645+1.1517418441106893E-5i,2.3591811531651646E12+1.1517418441106893E7i,102417.96654469875
0.11082840750163994,2.4344844602372127+0.08089798809786096i,2.434484460237213E12+8.089798809786096E10i,15.046631674524818
0.11082840750163994,2.5173329945733007+0.002654128895736155i,2.517332994573301E12+2.654128895736155E9i,474.2296047899904
0.11082840750163994,2.605682220211049+0.003035042602628416i,2.605682220211049E12+3.035042602628416E9i,429.26616877708216
0.11082840750163994,2.6730054023638012+0.004196675808950065i,2.6730054023638013E12+4.1966758089500656E9i,318.46698721202154
0.11082840750163994,2.7098481952330413+0.032408312269595285i,2.7098481952330415E12+3.2408312269595284E10i,41.807919102522305
0.1117010721276371,0.5982535687470665+0.05559764228966656i,5.982535687470665E11+5.559764228966656E10i,5.380206283120199
0.1117010721276371,0.9876970938004695+0.08479682144419014i,9.876970938004696E11+8.479682144419014E10i,5.823903991793679
0.1117010721276371,1.169455066340935+0.002002253683859133i,1.169455066340935E12+2.002253683859133E9i,292.0346896520459
0.1117010721276371,1.2640920370908595+0.39587471797605633i,1.2640920370908596E12+3.9587471797605634E11i,1.5965809127110204
0.1117010721276371,1.2749263121589218+0.481395385998723i,1.2749263121589219E12+4.81395385998723E11i,1.3241987244164237
0.1117010721276371,1.2940351527749794+0.0027953507084654276i,1.2940351527749795E12+2.795350708465428E9i,231.4620396031398
0.1117010721276371,1.4825493871665145+0.07363239345102962i,1.4825493871665146E12+7.363239345102962E10i,10.067236155731564
0.1117010721276371,1.6036383433796622+0.017153296540786084i,1.603638343379662E12+1.7153296540786083E10i,46.74431936644442
0.1117010721276371,1.7020742628216539+0.013711545688808242i,1.7020742628216538E12+1.3711545688808243E10i,62.067191454969795
0.1117010721276371,1.8964320071724763+0.0848011505172227i,1.8964320071724763E12+8.48011505172227E10i,11.181640789102975
0.1117010721276371,2.0247897594113766+9.744753209264235E-4i,2.0247897594113765E12+9.744753209264235E8i,1038.9127953935406
0.1117010721276371,2.178539799246983+0.019695215633749683i,2.1785397992469832E12+1.9695215633749683E10i,55.306320066733406
0.1117010721276371,2.232662926683092+7.72556218274334E-5i,2.232662926683092E12+7.725562182743339E7i,14449.841149879112
0.1117010721276371,2.2629135279866617+3.552863680288377E-4i,2.2629135279866616E12+3.5528636802883774E8i,3184.633202424173
0.1117010721276371,2.3596688976595486+1.1523991786433615E-5i,2.359668897659549E12+1.1523991786433615E7i,102380.70893270773
0.1117010721276371,2.434475939840647+0.08084338661356118i,2.434475939840647E12+8.084338661356117E10i,15.056741446753499
0.1117010721276371,2.5169920755788273+0.002681844877976115i,2.516992075578827E12+2.681844877976115E9i,469.26503770760667
0.1117010721276371,2.6057433129678227+0.0030282478479273806i,2.6057433129678228E12+3.0282478479273806E9i,430.2394394090411
0.1117010721276371,2.673264289760153+0.004256086707579691i,2.673264289760153E12+4.256086707579691E9i,314.0519065318054
0.1117010721276371,2.709887488332303+0.03237151776721295i,2.709887488332303E12+3.2371517767212948E10i,41.85604622896267
0.11257373675363426,0.5984219550900115+0.05551337610048532i,5.984219550900115E11+5.551337610048532E10i,5.389889762845642
0.11257373675363426,0.987770737466736+0.08470689180843598i,9.877707374667361E11+8.470689180843597E10i,5.830521675264467
0.11257373675363426,1.1689728889493285+0.0019975533163055356i,1.1689728889493286E12+1.9975533163055356E9i,292.6011734974208
0.11257373675363426,1.2643452053164106+0.39580853770972313i,1.2643452053164106E12+3.9580853770972314E11i,1.5971676768676126
0.11257373675363426,1.27519664992663+0.48132330956117114i,1.2751966499266301E12+4.8132330956117114E11i,1.3246778460503439
0.11257373675363426,1.2945162267232397+0.002804559728696206i,1.2945162267232397E12+2.804559728696206E9i,230.78777989246802
0.11257373675363426,1.4824694649836194+0.07352370903248012i,1.4824694649836194E12+7.352370903248012E10i,10.08157426013912
0.11257373675363426,1.6033708471247248+0.01732113489878056i,1.6033708471247249E12+1.732113489878056E10i,46.28365452074405
0.11257373675363426,1.702422328982922+0.013639180791462605i,1.7024223289829219E12+1.3639180791462605E10i,62.409258848176094
0.11257373675363426,1.8963946001876852+0.08478476428675057i,1.8963946001876853E12+8.478476428675056E10i,11.183581249184634
0.11257373675363426,2.024677303817335+9.903123677163488E-4i,2.024677303817335E12+9.903123677163488E8i,1022.2417541276508
0.11257373675363426,2.1784557468339005+0.019726656054872026i,2.1784557468339006E12+1.9726656054872025E10i,55.21604221146931
0.11257373675363426,2.232203314946013+7.893116187155616E-5i,2.232203314946013E12+7.893116187155616E7i,14140.190401469408
0.11257373675363426,2.2629899990194615+3.616840941889893E-4i,2.2629899990194614E12+3.6168409418898934E8i,3128.406854735766
0.11257373675363426,2.360156607417587+1.15303421558299E-5i,2.360156607417587E12+1.15303421558299E7i,102345.47143183686
0.11257373675363426,2.4344673883387933+0.0807883221036065i,2.4344673883387935E12+8.078832210360649E10i,15.066951045330077
0.11257373675363426,2.516650370791929+0.002709669003472591i,2.516650370791929E12+2.7096690034725914E9i,464.3833559683308
0.11257373675363426,2.605803342049216+0.003021853718808564i,2.605803342049216E12+3.021853718808564E9i,431.1597424174149
0.11257373675363426,2.673525059481555+0.0043158777433656235i,2.673525059481555E12+4.315877743365623E9i,309.73132447870006
0.11257373675363426,2.709926836624347+0.032334223122680826i,2.709926836624347E12+3.233422312268083E10i,41.90493190979854
0.11344640137963143,0.5985915722491606+0.055428590651013056i,5.985915722491606E11+5.5428590651013054E10i,5.399664371930232
0.11344640137963143,0.9878449760859013+0.08461635213573582i,9.878449760859012E11+8.461635213573582E10i,5.837199023312109
0.11344640137963143,1.168490748642788+0.0019928763089339225i,1.168490748642788E12+1.9928763089339225E9i,293.1669023823825
0.11344640137963143,1.2646003088061966+0.39574181178796225i,1.2646003088061965E12+3.957418117879623E11i,1.5977592853945983
0.11344640137963143,1.2754689925253988+0.4812507169263373i,1.275468992525399E12+4.8125071692633734E11i,1.3251606155223958
0.11344640137963143,1.2949972594196024+0.002813799419005269i,1.2949972594196025E12+2.813799419005269E9i,230.1154180843154
0.11344640137963143,1.4823886582613288+0.07341406999610793i,1.4823886582613289E12+7.341406999610793E10i,10.09608007252505
0.11344640137963143,1.6031035083152114+0.017489144645104874i,1.6031035083152114E12+1.7489144645104874E10i,45.831386864420274
0.11344640137963143,1.7027710915448822+0.013567466892965714i,1.702771091544882E12+1.3567466892965714E10i,62.75198992479993
0.11344640137963143,1.8963568767908892+0.0847682370079846i,1.8963568767908892E12+8.47682370079846E10i,11.185539205046018
0.11344640137963143,2.0245641899490963+0.001006289742074034i,2.0245641899490964E12+1.006289742074034E9i,1005.9548981272169
0.11344640137963143,2.178370922347342+0.019758238794788958i,2.1783709223473423E12+1.975823879478896E10i,55.125635057155655
0.11344640137963143,2.2317429895932896+8.067008062235825E-5i,2.2317429895932896E12+8.067008062235825E7i,13832.532286912994
0.11344640137963143,2.263068011161671+3.681329943933196E-4i,2.263068011161671E12+3.681329943933196E8i,3073.70983534251
0.11344640137963143,2.3606442816958086+1.153646860473174E-5i,2.3606442816958086E12+1.153646860473174E7i,102312.25700764178
0.11344640137963143,2.4344588067341095+0.0807327934528204i,2.4344588067341094E12+8.07327934528204E10i,15.077261064655142
0.11344640137963143,2.516307893195911+0.002737604228156943i,2.516307893195911E12+2.737604228156943E9i,459.5821169683799
0.11344640137963143,2.6058623071371185+0.0030158610861818944i,2.6058623071371187E12+3.0158610861818943E9i,432.0262493316896
0.11344640137963143,2.6737877064807605+0.0043760534854430325i,2.6737877064807607E12+4.376053485443032E9i,305.5021739765215
0.11344640137963143,2.709966231063247+0.032296421278728615i,2.709966231063247E12+3.2296421278728615E10i,41.95459007168871
0.11431906600562859,0.5987624183463004+0.055343288878378624i,5.987624183463004E11+5.5343288878378624E10i,5.409530500275557
0.11431906600562859,0.9879198100340624+0.08452520442578203i,9.879198100340624E11+8.452520442578203E10i,5.843936236211724
0.11431906600562859,1.168008646379553+0.001988222133418024i,1.168008646379553E12+1.988222133418024E9i,293.73192933215853
0.11431906600562859,1.2648573468972897+0.39567453971357014i,1.2648573468972898E12+3.956745397135701E11i,1.5983557443611653
0.11431906600562859,1.2757433377080531+0.48117760901864587i,1.2757433377080532E12+4.811776090186459E11i,1.32564703115541
0.11431906600562859,1.295478250028897+0.002823070853149904i,1.295478250028897E12+2.8230708531499043E9i,229.44487003991384
0.11431906600562859,1.4823069597045964+0.07330347492999369i,1.4823069597045964E12+7.330347492999368E10i,10.110755057111753
0.11431906600562859,1.6028363486530364+0.017657333515915016i,1.6028363486530364E12+1.7657333515915016E10i,45.38727059803107
0.11431906600562859,1.7031205352346006+0.013496396824537646i,1.7031205352346006E12+1.3496396824537645E10i,63.09537861757949
0.11431906600562859,1.896318836405454+0.08475156838769118i,1.896318836405454E12+8.47515683876912E10i,11.187514712004221
0.11431906600562859,2.024450422196979+0.0010224078283305885i,2.0244504221969792E12+1.0224078283305885E9i,990.0405523608664
0.11431906600562859,2.1782853244007763+0.019789961145747267i,2.1782853244007761E12+1.978996114574727E10i,55.03510866843908
0.11431906600562859,2.2312819922913456+8.247336094787522E-5i,2.2312819922913457E12+8.247336094787522E7i,13527.28909460571
0.11431906600562859,2.263147522237769+3.746336965601241E-4i,2.263147522237769E12+3.746336965601241E8i,3020.4804626731725
0.11431906600562859,2.3611319197524385+1.1542370274820217E-5i,2.3611319197524385E12+1.1542370274820218E7i,102281.06807937312
0.11431906600562859,2.434450196045681+0.08067679952511046i,2.434450196045681E12+8.067679952511046E10i,15.087672108807219
0.11431906600562859,2.5159646555179225+0.0027656535353009957i,2.5159646555179224E12+2.765653535300996E9i,454.85897336813395
0.11431906600562859,2.605920208232768+0.0030102707079506194i,2.605920208232768E12+3.010270707950619E9i,432.83818318234717
0.11431906600562859,2.6740522258937722+0.004436618774638964i,2.6740522258937725E12+4.436618774638964E9i,301.36150543060546
0.11431906600562859,2.710005662339141+0.03225810501214721i,2.710005662339141E12+3.2258105012147213E10i,42.005035034120155
0.11519173063162576,0.5989344914878348+0.05525747373358232i,5.989344914878348E11+5.525747373358232E10i,5.419488541726771
0.11519173063162576,0.9879952396854569+0.084433450690305i,9.879952396854569E11+8.443345069030501E10i,5.8507335162064065
0.11519173063162576,1.1675265831051511+0.001983590277207361i,1.1675265831051511E12+1.983590277207361E9i,294.29630617792645
0.11519173063162576,1.2651163189265866+0.39560672099389066i,1.2651163189265867E12+3.956067209938907E11i,1.5989570598651732
0.11519173063162576,1.2760196832124715+0.48110398676535077i,1.2760196832124714E12+4.8110398676535077E11i,1.326137091267574
0.11519173063162576,1.2959591977306653+0.0028323750980527355i,1.2959591977306653E12+2.8323750980527353E9i,228.77605417122194
0.11519173063162576,1.482224361921727+0.07319192247114628i,1.482224361921727E12+7.319192247114629E10i,10.125600693888382
0.11519173063162576,1.6025693895210344+0.017825709155686164i,1.6025693895210344E12+1.7825709155686165E10i,44.951069702880126
0.11519173063162576,1.7034706451867312+0.013425963446650892i,1.7034706451867312E12+1.3425963446650892E10i,63.43941915064807
0.11519173063162576,1.8962804784507599+0.08473475813127526i,1.89628047845076E12+8.473475813127527E10i,11.189507825778819
0.11519173063162576,2.0243360049639127+0.001038667013032478i,2.0243360049639126E12+1.0386670130324779E9i,974.4874823037314
0.11519173063162576,2.1781989516430387+0.01982182036008318i,2.1781989516430388E12+1.982182036008318E10i,54.94447311280896
0.11519173063162576,2.230820362194392+8.43420547364341E-5i,2.230820362194392E12+8.43420547364341E7i,13224.840022961414
0.11519173063162576,2.2632284925462463+3.8118679431229166E-4i,2.263228492546246E12+3.811867943122917E8i,2968.6606754431136
0.11519173063162576,2.3616195208472197+1.1548046410984509E-5i,2.3616195208472197E12+1.1548046410984509E7i,102251.90637443429
0.11519173063162576,2.434441557309574+0.08062033916314783i,2.434441557309574E12+8.062033916314783E10i,15.098184791700653
0.11519173063162576,2.51562067023367+0.0027938199349668456i,2.51562067023367E12+2.7938199349668455E9i,450.21166875300486
0.11519173063162576,2.605977045646114+0.00300508323067289i,2.6059770456461143E12+3.00508323067289E9i,433.59482011128705
0.11519173063162576,2.6743186130561303+0.004497578727432541i,2.6743186130561304E12+4.497578727432541E9i,297.3064814568321
0.11519173063162576,2.7100451208675262+0.03221926692895231i,2.7100451208675264E12+3.2219266928952305E10i,42.05628152315709
0.11606439525762292,0.5991077897651357+0.05517114818152128i,5.991077897651357E11+5.517114818152128E10i,5.42953889407904
0.11606439525762292,0.9880712654124507+0.08434109295301724i,9.880712654124507E11+8.434109295301724E10i,5.857591067517125
0.11606439525762292,1.167044559752871+0.001978980243068999i,1.1670445597528708E12+1.978980243068999E9i,294.86008358098115
0.11606439525762292,1.2653772242307855+0.3955383551408048i,1.2653772242307854E12+3.955383551408048E11i,1.599563238033304
0.11606439525762292,1.2762980267615478+0.4810298510965429i,1.2762980267615479E12+4.810298510965429E11i,1.3266307941722668
0.11606439525762292,1.2964401017187575+0.002841713214386844i,1.2964401017187576E12+2.8417132143868437E9i,228.10889134681565
0.11606439525762292,1.4821408574239907+0.07307941130777204i,1.4821408574239907E12+7.307941130777205E10i,10.140618478588948
0.11606439525762292,1.6023026519955714+0.01799427910980146i,1.6023026519955715E12+1.799427910980146E10i,44.52255748113853
0.11606439525762292,1.703821406931233+0.013356159653929563i,1.703821406931233E12+1.3356159653929564E10i,63.78410602593933
0.11606439525762292,1.896241802342233+0.08471780594282916i,1.896241802342233E12+8.471780594282916E10i,11.19151860248771
0.11606439525762292,2.024220942665128+0.0010550676849089616i,2.024220942665128E12+1.0550676849089615E9i,959.284874145203
0.11606439525762292,2.17811180275936+0.01985381364949556i,2.1781118027593596E12+1.985381364949556E10i,54.85373846083975
0.11606439525762292,2.2303581361237885+8.627728147826351E-5i,2.2303581361237886E12+8.627728147826351E7i,12925.52394969526
0.11606439525762292,2.2633108846795698+3.877928491928506E-4i,2.26331088467957E12+3.8779284919285065E8i,2918.195744700308
0.11606439525762292,2.362107084241259+1.1553496361893486E-5i,2.362107084241259E12+1.1553496361893486E7i,102224.77292813794
0.11606439525762292,2.4344328915791884+0.08056341118806028i,2.4344328915791885E12+8.056341118806027E10i,15.108799737243364
0.11606439525762292,2.5152759495720542+0.0028221064635403185i,2.515275949572054E12+2.8221064635403185E9i,445.63803351639916
0.11606439525762292,2.606032819985321+0.003000299191242489i,2.606032819985321E12+3.000299191242489E9i,434.2954908617141
0.11606439525762292,2.674586863519747+0.004558938739940698i,2.674586863519747E12+4.558938739940699E9i,293.3343718887674
0.11606439525762292,2.7100845967781124+0.032179899459484844i,2.7100845967781123E12+3.2179899459484848E10i,42.10834468563465
0.11693705988362008,0.5992823112540712+0.05508431520062554i,5.992823112540712E11+5.508431520062554E10i,5.439681959114794
0.11693705988362008,0.9881478875853162+0.08424813324954619i,9.881478875853163E11+8.424813324954619E10i,5.8645090963522275
0.11693705988362008,1.166562577244253+0.001974391548512181i,1.166562577244253E12+1.974391548512181E9i,295.42331107609476
0.11693705988362008,1.265640062146543+0.39546944167097i,1.265640062146543E12+3.9546944167097E11i,1.6001742850204261
0.11693705988362008,1.2765783660634304+0.48095520294498545i,1.2765783660634304E12+4.809552029449855E11i,1.327128138178654
0.11693705988362008,1.2969209612008317+0.002851086257360837i,1.2969209612008318E12+2.851086257360837E9i,227.44330478470891
0.11693705988362008,1.4820564386253252+0.07296594018166914i,1.4820564386253252E12+7.296594018166914E10i,10.155809922652477
0.11693705988362008,1.6020361568587498+0.018163050817528545i,1.6020361568587498E12+1.8163050817528545E10i,44.101516120647496
0.11693705988362008,1.7041728063814068+0.013286978379623898i,1.7041728063814067E12+1.3286978379623898E10i,64.1294340101743
0.11693705988362008,1.8962028074913437+0.08470071152514648i,1.8962028074913438E12+8.470071152514648E10i,11.193547098647377
0.11693705988362008,2.0241052397278416+0.0010716102348458977i,2.0241052397278418E12+1.0716102348458978E9i,944.4223160200205
0.11693705988362008,2.1780238764724498+0.019885938184326046i,2.17802387647245E12+1.9885938184326046E10i,54.762914786418094
0.11693705988362008,2.229895348732959+8.828022700886589E-5i,2.229895348732959E12+8.82802270088659E7i,12629.642131012039
0.11693705988362008,2.2633946633586044+3.944523927281903E-4i,2.2633946633586045E12+3.944523927281903E8i,2869.0340140974463
0.11693705988362008,2.362594609196848+1.155871958618519E-5i,2.362594609196848E12+1.155871958618519E7i,102199.6680333255
0.11693705988362008,2.434424199925634+0.08050601439908345i,2.4344241999256343E12+8.050601439908345E10i,15.119517579504905
0.11693705988362008,2.5149305055196884+0.0028505161832899036i,2.5149305055196885E12+2.8505161832899036E9i,441.1359809606656
0.11693705988362008,2.606087532146475+0.0029959190186390344i,2.606087532146475E12+2.9959190186390343E9i,434.93958213369046
0.11693705988362008,2.67485697307022+0.0046207044920508955i,2.67485697307022E12+4.620704492050896E9i,289.44254903898724
0.11693705988362008,2.710124079902898+0.03213999485321036i,2.710124079902898E12+3.2139994853210365E10i,42.161240104122044
0.11780972450961724,0.5994580540155118+0.05499697778261299i,5.994580540155118E11+5.499697778261299E10i,5.449918142638625
0.11780972450961724,0.9882251065722468+0.08415457362735475i,9.882251065722468E11+8.415457362735475E10i,5.871487810919291
0.11780972450961724,1.1660806364895449+0.001969823725330381i,1.166080636489545E12+1.9698237253303812E9i,295.9860370993269
0.11780972450961724,1.2659048320104267+0.39539998010608374i,1.2659048320104268E12+3.9539998010608374E11i,1.6007902070085982
0.11780972450961724,1.2768606988114386+0.4808800432460036i,1.2768606988114387E12+4.808800432460036E11i,1.3276291215918017
0.11780972450961724,1.2974017753979135+0.002860495277267926i,1.2974017753979136E12+2.8604952772679257E9i,226.77921996729688
0.11780972450961724,1.4819710978420926+0.07285150789070165i,1.4819710978420925E12+7.285150789070164E10i,10.171176553170858
0.11780972450961724,1.6017699246102823+0.018332031605222305i,1.6017699246102825E12+1.8332031605222305E10i,43.68773628324918
0.11780972450961724,1.7045248298222444+0.01321841259971185i,1.7045248298222444E12+1.3218412599711851E10i,64.47539812229047
0.11780972450961724,1.8961634933056166+0.08468347457974655i,1.8961634933056167E12+8.468347457974655E10i,11.195593371171826
0.11780972450961724,2.023988900590953+0.0010882950558519136i,2.0239889005909531E12+1.0882950558519137E9i,929.8897802152476
0.11780972450961724,2.1779351715435857+0.019918191092805862i,2.1779351715435857E12+1.9918191092805862E10i,54.672012167064246
0.11780972450961724,2.2294320326590555+9.0352142403984E-5i,2.2294320326590557E12+9.0352142403984E7i,12337.460813550952
0.11780972450961724,2.263479795280202+4.0116592834993814E-4i,2.263479795280202E12+4.0116592834993815E8i,2821.1266652059276
0.11780972450961724,2.3630820949773086+1.156371566951823E-5i,2.3630820949773086E12+1.156371566951823E7i,102176.5910937414
0.11780972450961724,2.43441548343811+0.08044814757326138i,2.43441548343811E12+8.044814757326138E10i,15.130338962877738
0.11780972450961724,2.514584349825298+0.0028790521819665495i,2.5145843498252983E12+2.8790521819665494E9i,436.7035036002196
0.11780972450961724,2.6061411833034627+0.0029919430357030607i,2.606141183303463E12+2.9919430357030606E9i,435.52653780573394
0.11780972450961724,2.6751289377447565+0.004682881951641894i,2.6751289377447563E12+4.682881951641893E9i,285.6284832043239
0.11780972450961724,2.7101635597637808+0.03209954517340982i,2.710163559763781E12+3.2099545173409824E10i,42.21498381243091
0.11868238913561442,0.5996350160949625+0.05490913893250987i,5.996350160949625E11+5.490913893250987E10i,5.460247854478179
0.11868238913561442,0.9883029227391977+0.08406041614559215i,9.883029227391978E11+8.406041614559215E10i,5.878527421440925
0.11868238913561442,1.1655987383881594+0.0019652763190828276i,1.1655987383881594E12+1.9652763190828278E9i,296.5483090266236
0.11868238913561442,1.266171533159059+0.39532996997295483i,1.266171533159059E12+3.9532996997295483E11i,1.6014110102070935
0.11868238913561442,1.2771450226842347+0.4808043729375227i,1.2771450226842346E12+4.808043729375227E11i,1.3281337427126427
0.11868238913561442,1.2978825435440622+0.0028699413202009326i,1.2978825435440623E12+2.8699413202009325E9i,226.11656454585523
0.11868238913561442,1.4818848272928107+0.07273611329117671i,1.4818848272928108E12+7.273611329117671E10i,10.186719912848103
0.11868238913561442,1.6015039754789906+0.01850122867995487i,1.6015039754789907E12+1.8501228679954872E10i,43.2810167146936
0.11868238913561442,1.704877463899153+0.013150455336624844i,1.704877463899153E12+1.3150455336624846E10i,64.82199362142853
0.11868238913561442,1.8961238591886578+0.08466609480691364i,1.8961238591886577E12+8.466609480691365E10i,11.197657477369704
0.11868238913561442,2.0238719297047325+0.0011051225430291727i,2.0238719297047324E12+1.1051225430291727E9i,915.6776062848385
0.11868238913561442,2.1778456867737397+0.019950569460319083i,2.1778456867737397E12+1.9950569460319084E10i,54.58104068421182
0.11868238913561442,2.228968218662501+9.249434302055896E-5i,2.228968218662501E12+9.249434302055897E7i,12049.213745791254
0.11868238913561442,2.2635662489769297+4.079339331751123E-4i,2.2635662489769297E12+4.079339331751123E8i,2774.4275051583622
0.11868238913561442,2.3635695408468145+1.1568484323703086E-5i,2.3635695408468145E12+1.1568484323703086E7i,102155.5406356912
0.11868238913561442,2.4344067432242937+0.08038980946509178i,2.434406743224294E12+8.038980946509178E10i,15.141264542251484
0.11868238913561442,2.5142374940040164+0.0029077175724666437i,2.5142374940040166E12+2.907717572466644E9i,432.3386696513248
0.11868238913561442,2.6061937748979873+0.002988371460964738i,2.6061937748979873E12+2.988371460964738E9i,436.0558600129028
0.11868238913561442,2.675402753850687+0.004745477378919194i,2.675402753850687E12+4.745477378919194E9i,281.8897383997248
0.11868238913561442,2.7102030255593754+0.03205854229161275i,2.7102030255593755E12+3.205854229161275E10i,42.269592311881674
0.11955505376161159,0.5998131955226876+0.05482080166847024i,5.998131955226876E11+5.482080166847024E10i,5.470671508509383
0.11955505376161159,0.9883813364498651+0.08396566287514003i,9.883813364498651E11+8.396566287514003E10i,5.885628140157864
0.11955505376161159,1.1651168838290793+0.0019607488887124344i,1.1651168838290793E12+1.9607488887124345E9i,297.110173193615
0.11955505376161159,1.2664401649292+0.3952594108037455i,1.2664401649292002E12+3.952594108037455E11i,1.6020367008516516
0.11955505376161159,1.2774313353458473+0.4807281929598472i,1.2774313353458474E12+4.807281929598472E11i,1.3286419998385082
0.11955505376161159,1.298363264885924+0.002879425428603387i,1.298363264885924E12+2.879425428603387E9i,225.45526826087516
0.11955505376161159,1.4817976190980098+0.07261975530040042i,1.4817976190980098E12+7.261975530040042E10i,10.20244155993348
0.11955505376161159,1.601238329433893+0.018670649123349387i,1.601238329433893E12+1.867064912334939E10i,42.88116387532009
0.11955505376161159,1.7052306956069434+0.01308309966265039i,1.7052306956069434E12+1.308309966265039E10i,65.16921599531314
0.11955505376161159,1.8960839045401543+0.08464857190571567i,1.8960839045401543E12+8.464857190571568E10i,11.199739474943971
0.11955505376161159,2.023754331530517+0.001122093093540142i,2.0237543315305173E12+1.122093093540142E9i,901.7764850266049
0.11955505376161159,2.177755421004738+0.019983070328645314i,2.1777554210047383E12+1.9983070328645313E10i,54.490010423547666
0.11955505376161159,2.2285039357554464+9.470820767062205E-5i,2.2285039357554463E12+9.470820767062205E7i,11765.104580512063
0.11955505376161159,2.2636539946877905+4.147568596605661E-4i,2.2636539946877905E12+4.147568596605661E8i,2728.892774118731
0.11955505376161159,2.3640569460702285+1.157302540265445E-5i,2.3640569460702285E12+1.157302540265445E7i,102136.51417061592
0.11955505376161159,2.4343979804107665+0.08033099880620556i,2.4343979804107666E12+8.033099880620557E10i,15.152294983183438
0.11955505376161159,2.5138899493415847+0.002936515492510154i,2.513889949341585E12+2.9365154925101542E9i,428.0396197046272
0.11955505376161159,2.606245308629796+0.0029852044104948855i,2.606245308629796E12+2.9852044104948854E9i,436.527110081171
0.11955505376161159,2.675678417984646+0.004808497330901158i,2.675678417984646E12+4.808497330901158E9i,278.22396830604026
0.11955505376161159,2.710242466151175+0.032016977881878565i,2.7102424661511753E12+3.2016977881878567E10i,42.32508258821576
0.12042771838760874,0.5999925903136187+0.05473196902130894i,5.999925903136188E11+5.473196902130894E10i,5.4811895227085845
0.12042771838760874,0.9884603480655076+0.08387031589844637i,9.884603480655077E11+8.387031589844638E10i,5.89279018134602
0.12042771838760874,1.1646350736913+0.001956241006061195i,1.1646350736913E12+1.9562410060611951E9i,297.6716749323851
0.12042771838760874,1.2667107266577142+0.39518830213623235i,1.2667107266577144E12+3.9518830213623236E11i,1.6026672852035029
0.12042771838760874,1.277719634445754+0.4806515042556374i,1.277719634445754E12+4.806515042556374E11i,1.3291538912631709
0.12042771838760874,1.2988439386824397+0.002888948641927905i,1.2988439386824397E12+2.888948641927905E9i,224.79526285653728
0.12042771838760874,1.4817094652800786+0.07250243289930829i,1.4817094652800786E12+7.250243289930829E10i,10.218343068141476
0.12042771838760874,1.6009730061949807+0.01884029988570308i,1.6009730061949807E12+1.8840299885703083E10i,42.48799159003502
0.12042771838760874,1.7055845122791529+0.013016338703005122i,1.7055845122791528E12+1.3016338703005121E10i,65.51706094915076
0.12042771838760874,1.8960436287558906+0.08463090557402177i,1.8960436287558906E12+8.463090557402177E10i,11.201839421991831
0.12042771838760874,2.0236361105404135+0.0011392071065776167i,2.0236361105404136E12+1.1392071065776167E9i,888.1774432656854
0.12042771838760874,2.1776643731204706+0.020015690695196063i,2.1776643731204705E12+2.0015690695196064E10i,54.39893147537318
0.12042771838760874,2.228039211320068+9.699517793186613E-5i,2.228039211320068E12+9.699517793186612E7i,11485.309160859239
0.12042771838760874,2.263743004239118+4.216351371427711E-4i,2.2637430042391177E12+4.216351371427711E8i,2684.4809704184886
0.12042771838760874,2.364544309912936+1.157733891343488E-5i,2.364544309912936E12+1.157733891343488E7i,102119.5081008214
0.12042771838760874,2.434389196143389+0.08027171430501318i,2.434389196143389E12+8.027171430501318E10i,15.163430962077728
0.12042771838760874,2.5135417268984317+0.002965449104383623i,2.5135417268984316E12+2.965449104383623E9i,423.8045635621992
0.12042771838760874,2.6062957864470917+0.002982441899818417i,2.606295786447092E12+2.982441899818417E9i,436.9399093081702
0.12042771838760874,2.6759559270524074+0.004871948666023622i,2.675955927052407E12+4.871948666023622E9i,274.62891242206626
0.12042771838760874,2.7102818700488487+0.03197484341479905i,2.7102818700488486E12+3.197484341479905E10i,42.38147212934337
0.1213003830136059,0.6001731984676318+0.05464264403461812i,6.001731984676318E11+5.464264403461812E10i,5.491802319150223
0.1213003830136059,0.9885399579449016+0.08377437730948328i,9.885399579449016E11+8.377437730948329E10i,5.900013761325795
0.1213003830136059,1.1641533088441998+0.0019517522554627438i,1.1641533088441997E12+1.9517522554627438E9i,298.23285859818026
0.1213003830136059,1.266983217681702+0.39511664351384745i,1.266983217681702E12+3.951166435138475E11i,1.603302769549492
0.1213003830136059,1.2780099176189734+0.4805743077698531i,1.2780099176189734E12+4.805743077698531E11i,1.329669415276994
0.1213003830136059,1.299324564204445+0.0028985119971585383i,1.299324564204445E12+2.8985119971585383E9i,224.13648200838836
0.1213003830136059,1.4816203577632525+0.07238414513500895i,1.4816203577632524E12+7.238414513500894E10i,10.234426026582026
0.1213003830136059,1.6007080252436086+0.019010187780333955i,1.6007080252436086E12+1.9010187780333954E10i,42.101320716556565
0.1213003830136059,1.7059389015776862+0.01295016563862769i,1.7059389015776863E12+1.2950165638627691E10i,65.86552439488572
0.1213003830136059,1.8960030312277623+0.08461309550855313i,1.8960030312277622E12+8.461309550855313E10i,11.203957377000256
0.1213003830136059,2.023517271216999+0.0011564649833282852i,2.0235172712169993E12+1.1564649833282852E9i,874.8718294060894
0.1213003830136059,2.1775725420480976+0.020048427512253823i,2.1775725420480974E12+2.0048427512253822E10i,54.30781393496175
0.1213003830136059,2.227574071217555+9.935675755693406E-5i,2.227574071217555E12+9.935675755693406E7i,11209.97769045098
0.1213003830136059,2.2638332509346846+4.2856917325915784E-4i,2.2638332509346846E12+4.2856917325915784E8i,2641.1526915466384
0.1213003830136059,2.3650316316406683+1.1581425021253848E-5i,2.3650316316406685E12+1.1581425021253848E7i,102104.51767811131
0.1213003830136059,2.434380391587763+0.08021195464637415i,2.434380391587763E12+8.021195464637415E10i,15.174673166363274
0.1213003830136059,2.513192837513661+0.0029945215946945735i,2.513192837513661E12+2.9945215946945734E9i,419.6317772371908
0.1213003830136059,2.606345210537106+0.0029800838458270535i,2.606345210537106E12+2.9800838458270535E9i,437.29393959614833
0.1213003830136059,2.676235278289482+0.004935838548941256i,2.676235278289482E12+4.935838548941256E9i,271.10239240539363
0.1213003830136059,2.7103212253948166+0.03193213015134695i,2.7103212253948164E12+3.1932130151346954E10i,42.43877894379198
0.12217304763960307,0.6003550179691629+0.054552829764446906i,6.00355017969163E11+5.455282976444691E10i,5.502510324042122
0.12217304763960307,0.988620166444311+0.08367784921366554i,9.88620166444311E11+8.367784921366554E10i,5.907299098474308
0.12217304763960307,1.1636715901479093+0.00194728223340036i,1.1636715901479094E12+1.94728223340036E9i,298.7937675875306
0.12217304763960307,1.267257637338524+0.39504443448599175i,1.2672576373385242E12+3.9504443448599176E11i,1.6039431602009584
0.12217304763960307,1.2783021824861163+0.4804966044495597i,1.2783021824861162E12+4.8049660444955975E11i,1.3301885701674154
0.12217304763960307,1.299805140734376+0.0029081165294345254i,1.299805140734376E12+2.9081165294345255E9i,223.47886124548097
0.12217304763960307,1.481530288373522+0.0722648911235064i,1.481530288373522E12+7.22648911235064E10i,10.250692039661901
0.12217304763960307,1.6004434058325285+0.019180319478163857i,1.6004434058325286E12+1.9180319478163857E10i,41.720978830790045
0.12217304763960307,1.7062938514827337+0.012884573708669909i,1.7062938514827336E12+1.2884573708669909E10i,66.21460244100216
0.12217304763960307,1.8959621113438012+0.08459514140489902i,1.8959621113438013E12+8.459514140489902E10i,11.20609339884621
0.12217304763960307,2.0233978180530143+0.0011738671269419926i,2.0233978180530142E12+1.1738671269419925E9i,861.8512996969723
0.12217304763960307,2.1774799267593363+0.020081277686189468i,2.1774799267593362E12+2.008127768618947E10i,54.216667902980554
0.12217304763960307,2.227108539888572+1.0179451201113543E-4i,2.227108539888572E12+1.0179451201113543E8i,10939.236781472786
0.12217304763960307,2.2639247094543413+4.355593552658278E-4i,2.2639247094543413E12+4.355593552658278E8i,2598.8704892730834
0.12217304763960307,2.365518910519329+1.158528406817428E-5i,2.365518910519329E12+1.158528406817428E7i,102091.53684101724
0.12217304763960307,2.434371567929656+0.08015171849123429i,2.434371567929656E12+8.015171849123428E10i,15.18602229468036
0.12217304763960307,2.5128432918089394+0.0030237361741822107i,2.5128432918089395E12+3.023736174182211E9i,415.5196001001235
0.12217304763960307,2.6063935833168843+0.0029781300687417686i,2.6063935833168843E12+2.978130068741769E9i,437.5889439271637
0.12217304763960307,2.67651646928253+0.005000174455470934i,2.6765164692825303E12+5.000174455470934E9i,267.6423085952555
0.12217304763960307,2.7103605199478427+0.03188882913638982i,2.710360519947843E12+3.188882913638982E10i,42.49702158012012
0.12304571226560025,0.6005380467875279+0.054462529279211226i,6.005380467875278E11+5.446252927921123E10i,5.513313967744406
0.12304571226560025,0.9887009739171925+0.08358073372771813i,9.887009739171925E11+8.358073372771812E10i,5.91464641323977
0.12304571226560025,1.1631899184536638+0.0019428305480497848i,1.1631899184536638E12+1.942830548049785E9i,299.3544443753149
0.12304571226560025,1.267533984965943+0.39497167460819294i,1.267533984965943E12+3.9497167460819293E11i,1.6045884634933902
0.12304571226560025,1.2785964266534828+0.4804183952439453i,1.278596426653483E12+4.804183952439453E11i,1.3307113542189004
0.12304571226560025,1.300285667565982+0.002917763272589397i,1.300285667565982E12+2.917763272589397E9i,222.82233788144694
0.12304571226560025,1.4814392488387476+0.07214467005243538i,1.4814392488387476E12+7.214467005243538E10i,10.267142726981941
0.12304571226560025,1.6001791669955236+0.019350701502518643i,1.6001791669955237E12+1.9350701502518642E10i,41.34679992834492
0.12304571226560025,1.7066493502830171+0.01281955621274962i,1.706649350283017E12+1.281955621274962E10i,66.56429138263297
0.12304571226560025,1.8959208684881597+0.08457704295753711i,1.8959208684881597E12+8.457704295753711E10i,11.208247546796054
0.12304571226560025,2.023277755551087+0.001191413942495954i,2.0232777555510867E12+1.191413942495954E9i,849.1078051816393
0.12304571226560025,2.177386526271771+0.020114238076696635i,2.177386526271771E12+2.0114238076696636E10i,54.12550348587113
0.12304571226560025,2.2266426404459403+1.0431006809699611E-4i,2.2266426404459404E12+1.0431006809699611E8i,10673.191385396394
0.12304571226560025,2.26401735576037+4.426060512704536E-4i,2.26401735576037E12+4.4260605127045363E8i,2557.598737366727
0.12304571226560025,2.3660061458148314+1.158891658564652E-5i,2.3660061458148315E12+1.1588916585646521E7i,102080.55810606376
0.12304571226560025,2.43436272637543+0.08009100447628996i,2.43436272637543E12+8.009100447628996E10i,15.19747905706499
0.12304571226560025,2.512493100192265+0.00305309607755358i,2.5124931001922646E12+3.05309607755358E9i,411.46643216768734
0.12304571226560025,2.606440907424224+0.002976580294107383i,2.606440907424224E12+2.976580294107383E9i,437.82472668116685
0.12304571226560025,2.6767994979915914+0.005064964177736952i,2.6767994979915913E12+5.064964177736952E9i,264.24663670450644
0.12304571226560025,2.7103997410657423+0.03184493119208266i,2.710399741065742E12+3.1844931192082664E10i,42.556219147046015
0.1239183768915974,0.6007222828767963+0.0543717456593884i,6.007222828767963E11+5.43717456593884E10i,5.524213684806249
0.1239183768915974,0.9887823807143854+0.08348303297965294i,9.887823807143854E11+8.348303297965294E10i,5.922055928151162
0.1239183768915974,1.1627082946041165+0.001938396818973768i,1.1627082946041165E12+1.938396818973768E9i,299.9149305299833
0.1239183768915974,1.2678122599020618+0.3948983634422881i,1.2678122599020618E12+3.9489836344228815E11i,1.6052386857857217
0.1239183768915974,1.278892647713131+0.48033968110421305i,1.278892647713131E12+4.803396811042131E11i,1.331237765713204
0.1239183768915974,1.3007661440040101+0.0029274532596649467i,1.3007661440040103E12+2.9274532596649466E9i,222.16685094963495
0.1239183768915974,1.481347230788749+0.07202348118382663i,1.481347230788749E12+7.202348118382663E10i,10.283779723225846
0.1239183768915974,1.5999153275567901+0.01952134022406089i,1.59991532755679E12+1.952134022406089E10i,40.97862414141078
0.1239183768915974,1.7070053865663113+0.012755106512955562i,1.7070053865663113E12+1.2755106512955563E10i,66.91458769209332
0.1239183768915974,1.8958793020411504+0.08455879985988111i,1.8958793020411504E12+8.455879985988112E10i,11.210419880501695
0.1239183768915974,2.0231570882234253+0.0012091058369602837i,2.0231570882234253E12+1.2091058369602838E9i,836.6335792860295
0.1239183768915974,2.1772923396501875+0.020147305496008776i,2.1772923396501877E12+2.0147305496008778E10i,54.034330796282255
0.1239183768915974,2.226176394760087+1.069051136723549E-4i,2.226176394760087E12+1.069051136723549E8i,10411.926606162733
0.1239183768915974,2.264111167011009+4.4970961136228064E-4i,2.264111167011009E12+4.4970961136228067E8i,2517.303510761601
0.1239183768915974,2.3664933367929253+1.1592323301695286E-5i,2.3664933367929253E12+1.1592323301695285E7i,102071.57250552374
0.1239183768915974,2.4343538681525536+0.0800298112136205i,2.4343538681525537E12+8.00298112136205E10i,15.209044175142601
0.1239183768915974,2.5121422728616625+0.003082604563349163i,2.5121422728616626E12+3.082604563349163E9i,407.4707315252091
0.1239183768915974,2.6064871857088394+0.002975434154791828i,2.6064871857088394E12+2.975434154791828E9i,438.0011537998895
0.1239183768915974,2.6770843627732304+0.005130215829505524i,2.6770843627732305E12+5.130215829505524E9i,260.91342467274535
0.1239183768915974,2.7104388756870708+0.03180042691090325i,2.710438875687071E12+3.1800426910903248E10i,42.61639133463577
0.12479104151759457,0.6009077241758236+0.054280481997410354i,6.009077241758236E11+5.4280481997410355E10i,5.5352099139842945
0.12479104151759457,0.9888643871837748+0.08338474910870862i,9.888643871837748E11+8.338474910870862E10i,5.929527867827444
0.12479104151759457,1.1622267194337779+0.0019339806767841848i,1.1622267194337778E12+1.9339806767841847E9i,300.4752667349096
0.12479104151759457,1.2680924614854+0.39482450055665735i,1.2680924614854E12+3.9482450055665735E11i,1.6058938334595936
0.12479104151759457,1.2791908432429453+0.4802604629834188i,1.2791908432429453E12+4.802604629834188E11i,1.3317678029297926
0.12479104151759457,1.301246569363908+0.0029371875235164853i,1.301246569363908E12+2.937187523516485E9i,221.51234113340135
0.12479104151759457,1.481254225755455+0.07190132385693465i,1.481254225755455E12+7.190132385693465E10i,10.30060467803607
0.12479104151759457,1.5996519061398173+0.019692241855954976i,1.5996519061398174E12+1.9692241855954975E10i,40.61629746986068
0.12479104151759457,1.7073619492102408+0.012691218035630806i,1.7073619492102407E12+1.2691218035630806E10i,67.26548800977154
0.12479104151759457,1.8958374113792567+0.08454041180429359i,1.8958374113792566E12+8.45404118042936E10i,11.212610460001164
0.12479104151759457,2.02303582059154+0.001226943219162354i,2.02303582059154E12+1.226943219162354E9i,824.4211260129406
0.12479104151759457,2.177197366007984+0.02018047670812153i,2.177197366007984E12+2.018047670812153E10i,53.9431599534956
0.12479104151759457,2.2257098235379886+1.0958139745614691E-4i,2.225709823537989E12+1.0958139745614691E8i,10155.509398521266
0.12479104151759457,2.264206121480471+4.568703686695682E-4i,2.264206121480471E12+4.568703686695682E8i,2477.9524748715535
0.12479104151759457,2.3669804827190073+1.1595505165796625E-5i,2.3669804827190073E12+1.1595505165796624E7i,102064.56936869439
0.12479104151759457,2.43434499451002+0.07996813729032684i,2.43434499451002E12+7.996813729032684E10i,15.220718382323035
0.12479104151759457,2.511790819808745+0.003112264913852254i,2.511790819808745E12+3.112264913852254E9i,403.53101187323693
0.12479104151759457,2.6065324212236956+0.0029746911930165943i,2.606532421223696E12+2.9746911930165944E9i,438.1181527922645
0.12479104151759457,2.6773710624047076+0.005195937851763303i,2.6773710624047075E12+5.195937851763304E9i,257.6407896695791
0.12479104151759457,2.7104779103116665+0.03175530664844414i,2.7104779103116665E12+3.175530664844414E10i,42.67755843643329
0.12566370614359174,0.6010943686081179+0.054188741397392874i,6.010943686081179E11+5.4188741397392876E10i,5.546303098276405
0.12566370614359174,0.9889469936703553+0.08328588426520339i,9.889469936703553E11+8.32858842652034E10i,5.937062458995435
0.12566370614359174,1.1617451937692054+0.0019295817627529874i,1.1617451937692053E12+1.9295817627529874E9i,301.03549281884574
0.12566370614359174,1.2683745890550675+0.3947500855263821i,1.2683745890550676E12+3.947500855263821E11i,1.6065539129190374
0.12566370614359174,1.2794910108067272+0.48018074183648624i,1.2794910108067273E12+4.8018074183648627E11i,1.3323014641457929
0.12566370614359174,1.3017269429716634+0.0029469670972416405i,1.3017269429716633E12+2.9469670972416406E9i,220.85875071188934
0.12566370614359174,1.4811602251731997+0.07177819749114174i,1.4811602251731997E12+7.177819749114174E10i,10.31761925587496
0.12566370614359174,1.5993889211760806+0.01986341244912949i,1.5993889211760806E12+1.986341244912949E10i,40.25967152603161
0.12566370614359174,1.7077190273733798+0.012627884272943155i,1.70771902737338E12+1.2627884272943155E10i,67.61698913540032
0.12566370614359174,1.8957951958751338+0.08452187848212102i,1.8957951958751338E12+8.452187848212102E10i,11.214819345716228
0.12566370614359174,2.0229139571859536+0.0012449264997507568i,2.0229139571859536E12+1.2449264997507567E9i,812.4632087078858
0.12566370614359174,2.177101604508592+0.02021374842800952i,2.1771016045085923E12+2.021374842800952E10i,53.852001083872565
0.12566370614359174,2.2252429463960306+1.1234072890867586E-4i,2.225242946396031E12+1.1234072890867586E8i,9903.990155720716
0.12566370614359174,2.264302198484973+4.6408864033609527E-4i,2.264302198484973E12+4.640886403360953E8i,2439.5147841209327
0.12566370614359174,2.3674675828579517+1.1598463358536165E-5i,2.3674675828579517E12+1.1598463358536165E7i,102059.53623656351
0.12566370614359174,2.4343361067188782+0.07990598126817808i,2.4343361067188784E12+7.990598126817809E10i,15.23250242399772
0.12566370614359174,2.511438750822237+0.003142080435000507i,2.511438750822237E12+3.1420804350005074E9i,399.64584019661345
0.12566370614359174,2.606576617216551+0.002974350862412328i,2.6065766172165513E12+2.974350862412328E9i,438.1757125826279
0.12566370614359174,2.677659596109173+0.005262139018479685i,2.677659596109173E12+5.262139018479685E9i,254.42691524356488
0.12566370614359174,2.7105168309800995+0.031709560516006985i,2.7105168309800996E12+3.1709560516006985E10i,42.73974137250863
0.1265363707695889,0.6012822140820978+0.05409652697513789i,6.012822140820978E11+5.409652697513789E10i,5.55749368493138
0.1265363707695889,0.9890302005159706+0.08318644061047602i,9.890302005159706E11+8.318644061047601E10i,5.944659930499646
0.1265363707695889,1.1612637184293495+0.0019251997285380457i,1.1612637184293496E12+1.9251997285380456E9i,301.5956477697999
0.1265363707695889,1.2686586419507275+0.3946751179334406i,1.2686586419507275E12+3.946751179334406E11i,1.6072189305897395
0.1265363707695889,1.2797931479542768+0.48010051862004016i,1.2797931479542769E12+4.8010051862004016E11i,1.3328387476364374
0.1265363707695889,1.3022072641634341+0.0029567930148058563i,1.302207264163434E12+2.956793014805856E9i,220.20602349281074
0.1265363707695889,1.4810652203790056+0.0716541015888667i,1.4810652203790056E12+7.16541015888667E10i,10.334825135879779
0.1265363707695889,1.5991263909132316+0.02003485788775383i,1.5991263909132317E12+2.003485788775383E10i,39.90860329213233
0.1265363707695889,1.708076610486617+0.012565098784239948i,1.708076610486617E12+1.2565098784239948E10i,67.96908801978579
0.1265363707695889,1.8957526548976287+0.08450319958373663i,1.8957526548976287E12+8.450319958373663E10i,11.217046598449052
0.1265363707695889,2.0227915025459144+0.0012630560911585324i,2.0227915025459146E12+1.2630560911585324E9i,800.7528393653992
0.1265363707695889,2.177005054366967+0.020247117320849675i,2.1770050543669668E12+2.0247117320849674E10i,53.76086432129214
0.1265363707695889,2.224775781927326+1.1518497818353775E-4i,2.224775781927326E12+1.1518497818353775E8i,9657.404190250962
0.1265363707695889,2.2643993783142395+4.7136472843025654E-4i,2.2643993783142397E12+4.7136472843025655E8i,2401.960988739192
0.1265363707695889,2.3679546364739408+1.1601199306584665E-5i,2.367954636473941E12+1.1601199306584666E7i,102056.4587287939
0.1265363707695889,2.4343272060727092+0.07984334168323101i,2.4343272060727095E12+7.984334168323102E10i,15.244397057744738
0.1265363707695889,2.511086075491314+0.0031720544563787504i,2.511086075491314E12+3.1720544563787503E9i,395.8138345389561
0.1265363707695889,2.6066197771216615+0.0029744125300838692i,2.6066197771216616E12+2.9744125300838695E9i,438.1738832051254
0.1265363707695889,2.6779499635819897+0.0053288284426385125i,2.6779499635819897E12+5.328828442638513E9i,251.27004860528325
0.1265363707695889,2.710555623251871+0.03166317837282313i,2.710555623251871E12+3.1663178372823124E10i,42.8029617136979
0.12740903539558607,0.6014712584909578+0.05400384185779803i,6.014712584909579E11+5.4003841857798035E10i,5.568782125489714
0.12740903539558607,0.989114008059519+0.08308642031685108i,9.89114008059519E11+8.308642031685109E10i,5.95232051331325
0.12740903539558607,1.1607822942258408+0.0019208342359122357i,1.1607822942258408E12+1.9208342359122357E9i,302.15576974932617
0.12740903539558607,1.2689446195124554+0.3945995973669031i,1.2689446195124553E12+3.945995973669031E11i,1.6078888929181756
0.12740903539558607,1.2800972522215144+0.48001979429238445i,1.2800972522215144E12+4.8001979429238446E11i,1.333379651675151
0.12740903539558607,1.3026875322854394+0.002966666311438264i,1.3026875322854395E12+2.966666311438264E9i,219.55410476446303
0.12740903539558607,1.4809692026129824+0.07152903573854676i,1.4809692026129824E12+7.152903573854675E10i,10.352224011702237
0.12740903539558607,1.5988643334230783+0.020206583884762767i,1.5988643334230784E12+2.0206583884762768E10i,39.56295488988464
0.12740903539558607,1.7084346882447639+0.0125028551972783i,1.708434688244764E12+1.25028551972783E10i,68.32178175656496
0.12740903539558607,1.8957097878118128+0.08448437479855099i,1.8957097878118127E12+8.4484374798551E10i,11.219292279383279
0.12740903539558607,2.022668461219125+0.0012813324075658498i,2.0226684612191252E12+1.2813324075658498E9i,789.2832684461612
0.12740903539558607,2.176907714851129+0.020280580001246367i,2.176907714851129E12+2.028058000124637E10i,53.66975980759289
0.12740903539558607,2.224308347763956+1.1811607613739744E-4i,2.224308347763956E12+1.1811607613739745E8i,9415.77311278335
0.12740903539558607,2.2644976421680783+4.786989207874453E-4i,2.264497642168078E12+4.786989207874453E8i,2365.262949040127
0.12740903539558607,2.368441642830264+1.1603714710689573E-5i,2.368441642830264E12+1.1603714710689573E7i,102055.32029533648
0.12740903539558607,2.434318293888162+0.07978021704545697i,2.434318293888162E12+7.978021704545697E10i,15.256403053536081
0.12740903539558607,2.5107328032089478+0.0032021903311663055i,2.5107328032089478E12+3.2021903311663055E9i,392.0336618926842
0.12740903539558607,2.606661904551694+0.0029748754786760043i,2.606661904551694E12+2.9748754786760044E9i,438.11277534745966
0.12740903539558607,2.678242165018381+0.0053960155825447526i,2.6782421650183813E12+5.396015582544753E9i,248.1684980378917
0.12740903539558607,2.710594272182165+0.03161614981798949i,2.710594272182165E12+3.1616149817989494E10i,42.86724170695581
0.12828170002158323,0.601661499712524+0.05391068918358626i,6.01661499712524E11+5.3910689183586266E10i,5.580168875820148
0.12828170002158323,0.9891984166364766+0.08298582556745715i,9.891984166364766E11+8.298582556745715E10i,5.960044440555582
0.12828170002158323,1.1603009219633238+0.0019164849563704104i,1.1603009219633237E12+1.9164849563704104E9i,302.715896127041
0.12828170002158323,1.2692325210812456+0.3945235234232498i,1.2692325210812456E12+3.945235234232498E11i,1.608563806371055
0.12828170002158323,1.2804033211304273+0.4799385698133364i,1.2804033211304272E12+4.7993856981333636E11i,1.333924174533855
0.12828170002158323,1.3031677466936633+0.002976588024198656i,1.3031677466936633E12+2.976588024198656E9i,218.9029412366356
0.12828170002158323,1.4808721630188144+0.07140299961767213i,1.4808721630188145E12+7.140299961767213E10i,10.369817591334781
0.12828170002158323,1.5986027666091522+0.020378595977549496i,1.5986027666091523E12+2.0378595977549496E10i,39.2225933614437
0.12828170002158323,1.7087932505984573+0.012441147209205432i,1.7087932505984573E12+1.2441147209205433E10i,68.67506757472052
0.12828170002158323,1.895666593978962+0.0844654038150525i,1.8956665939789622E12+8.44654038150525E10i,11.22155645008079
0.12828170002158323,2.0225448377614565+0.0012997558648605379i,2.0225448377614568E12+1.299755864860538E9i,778.0479751781975
0.12828170002158323,2.1768095852837352+0.020314133032454915i,2.176809585283735E12+2.0314133032454914E10i,53.578697693028566
0.12828170002158323,2.2238406606344747+1.2113601439997157E-4i,2.2238406606344746E12+1.2113601439997157E8i,9179.106113280694
0.12828170002158323,2.2645969720975727+4.8609149179217477E-4i,2.2645969720975728E12+4.8609149179217476E8i,2329.3937564595212
0.12828170002158323,2.3689286011891424+1.1606011552287051E-5i,2.3689286011891426E12+1.1606011552287051E7i,102056.1021551942
0.12828170002158323,2.4343093715054507+0.07971660583837534i,2.4343093715054507E12+7.971660583837534E10i,15.268521193946654
0.12828170002158323,2.510378943175082+0.0032324914361731337i,2.510378943175082E12+3.232491436173134E9i,388.30403618130805
0.12828170002158323,2.606703003289855+0.002975738908476534i,2.606703003289855E12+2.975738908476534E9i,437.9925597411348
0.12828170002158323,2.6785362011422826+0.0054637102483541386i,2.6785362011422827E12+5.463710248354138E9i,245.12063043141353
0.12828170002158323,2.710632762297321+0.031568464182178374i,2.7106327622973213E12+3.1568464182178375E10i,42.93260430178891
0.1291543646475804,0.6018529356096771+0.05381707210193039i,6.018529356096771E11+5.381707210193039E10i,5.591654396115772
0.1291543646475804,0.9892834265791233+0.08288465855622704i,9.892834265791233E11+8.288465855622704E10i,5.967831947500974
0.1291543646475804,1.1598196024396255+0.0019121515709586627i,1.1598196024396255E12+1.9121515709586627E9i,303.27606348124027
0.1291543646475804,1.269522345998657+0.39444689570635216i,1.2695223459986572E12+3.944468957063522E11i,1.609243677435047
0.1291543646475804,1.2807113521893345+0.479856846144225i,1.2807113521893345E12+4.7985684614422504E11i,1.3344723144831467
0.1291543646475804,1.3036479067536635+0.0029865591924508827i,1.3036479067536636E12+2.986559192450883E9i,218.2524809903133
0.1291543646475804,1.4807740926442887+0.07127599299586544i,1.4807740926442888E12+7.127599299586545E10i,10.38760759692387
0.1291543646475804,1.5983417082139217+0.020550899523742956i,1.5983417082139219E12+2.0550899523742958E10i,38.887390461116276
0.1291543646475804,1.7091522877462908+0.012379968587467136i,1.7091522877462908E12+1.2379968587467136E10i,69.0289428309435
0.1291543646475804,1.895623072756595+0.08444628632084103i,1.895623072756595E12+8.444628632084103E10i,11.223839172479762
0.1291543646475804,2.022420636736677+0.0013183268806016783i,2.0224206367366772E12+1.3183268806016784E9i,767.0406583129268
0.1291543646475804,2.176710665043724+0.0203477729256163i,2.1767106650437239E12+2.03477729256163E10i,53.48768813670539
0.1291543646475804,2.2233727364171436+1.242468454915864E-4i,2.2233727364171436E12+1.242468454915864E8i,8947.401149784939
0.1291543646475804,2.264697350950553+4.935427031122613E-4i,2.264697350950553E12+4.935427031122613E8i,2294.3276606760255
0.1291543646475804,2.3694155108115504+1.160809212443592E-5i,2.3694155108115503E12+1.160809212443592E7i,102058.78302015495
0.1291543646475804,2.434300440288938+0.07965250651866534i,2.434300440288938E12+7.965250651866534E10i,15.280752274371284
0.1291543646475804,2.510024504399757+0.003262961171871356i,2.5100245043997573E12+3.262961171871356E9i,384.6237163404892
0.1291543646475804,2.606743077282177+0.002977001939503724i,2.606743077282177E12+2.977001939503724E9i,437.81346640921726
0.1291543646475804,2.6788320732367548+0.005531922608936552i,2.678832073236755E12+5.531922608936552E9i,242.12486892976702
0.1291543646475804,2.71067107756859+0.03152011051893571i,2.71067107756859E12+3.1520110518935715E10i,42.99907317806125
0.13002702927357757,0.6020455640297746+0.053722993772923604i,6.020455640297747E11+5.372299377292361E10i,5.603239150953699
0.13002702927357757,0.9893690382162872+0.08278292148782113i,9.893690382162872E11+8.278292148782112E10i,5.975683271590273
0.13002702927357757,1.1593383364460625+0.001907833769943803i,1.1593383364460625E12+1.907833769943803E9i,303.8363076255359
0.13002702927357757,1.2698140936070157+0.39436971382789476i,1.2698140936070156E12+3.943697138278948E11i,1.6099285126154108
0.13002702927357757,1.2810213428928487+0.47977462424773487i,1.2810213428928489E12+4.7977462424773486E11i,1.335024069792596
0.13002702927357757,1.3041280118404444+0.002996580858324842i,1.3041280118404443E12+2.9965808583248425E9i,217.6026734298573
0.13002702927357757,1.4806749824419827+0.07114801573795156i,1.4806749824419827E12+7.114801573795155E10i,10.405595764578475
0.13002702927357757,1.5980811758257754+0.0207234996970996i,1.5980811758257754E12+2.07234996970996E10i,38.5572224572049
0.13002702927357757,1.709511790127212+0.01231931317049416i,1.7095117901272122E12+1.2319313170494162E10i,69.38340500270921
0.13002702927357757,1.8955792234984876+0.08442702200265591i,1.8955792234984875E12+8.442702200265591E10i,11.226140508893327
0.13002702927357757,2.022295862716179+0.001337045873977503i,2.0222958627161792E12+1.337045873977503E9i,756.2552273169821
0.13002702927357757,2.1766109535679994+0.020381496138999037i,2.1766109535679993E12+2.038149613899904E10i,53.3967413070122
0.13002702927357757,2.222904590189144+1.274506829868393E-4i,2.222904590189144E12+1.274506829868393E8i,8720.646049494626
0.13002702927357757,2.2647987623209813+5.010528043640624E-4i,2.2647987623209814E12+5.010528043640624E8i,2260.040002366088
0.13002702927357757,2.369902370956999+1.1609959047176488E-5i,2.369902370956999E12+1.1609959047176488E7i,102063.33895438473
0.13002702927357757,2.434291501627671+0.07958791751576919i,2.434291501627671E12+7.958791751576918E10i,15.293097103246556
0.13002702927357757,2.509669495706127+0.0032936029624523935i,2.509669495706127E12+3.2936029624523935E9i,380.9915044886656
0.13002702927357757,2.6067821306300005+0.0029786636135993604i,2.6067821306300005E12+2.9786636135993605E9i,437.5757837723768
0.13002702927357757,2.67912978317587+0.005600663198995934i,2.67912978317587E12+5.6006631989959345E9i,239.1796906887897
0.13002702927357757,2.7107092013843737+0.031471077595726045i,2.7107092013843735E12+3.1471077595726048E10i,43.06667277501332
0.1308996938995747,0.6022393828052367+0.05362845736734373i,6.022393828052367E11+5.362845736734373E10i,5.614923609307114
0.1308996938995747,0.9894552518732344+0.08268061657739353i,9.894552518732344E11+8.268061657739354E10i,5.983598652454718
0.1308996938995747,1.1588571247676633+0.0019035312525811287i,1.1588571247676633E12+1.9035312525811288E9i,304.39666362091225
0.1308996938995747,1.2701077632494504+0.39429197740747757i,1.2701077632494504E12+3.942919774074776E11i,1.6106183184357168
0.1308996938995747,1.2813332907220085+0.47969190508784376i,1.2813332907220085E12+4.7969190508784375E11i,1.3355794387309536
0.1308996938995747,1.304608061338225+0.0030066540672289894i,1.3046080613382249E12+3.0066540672289896E9i,216.95346923309097
0.1308996938995747,1.4805748232699312+0.07101906780721443i,1.4805748232699312E12+7.101906780721443E10i,10.423783844143388
0.1308996938995747,1.5978211868855356+0.020896401483469607i,1.5978211868855356E12+2.089640148346961E10i,38.23196994347363
0.1308996938995747,1.7098717484131354+0.012259174868310938i,1.7098717484131355E12+1.2259174868310938E10i,69.73845168132105
0.1308996938995747,1.8955350455546733+0.08440761054640576i,1.8955350455546733E12+8.440761054640576E10i,11.228460522007923
0.1308996938995747,2.0221705202787073+0.0013559132657680138i,2.0221705202787073E12+1.3559132657680137E9i,745.685793970499
0.1308996938995747,2.176510450353188+0.02041529907724634i,2.176510450353188E12+2.0415299077246338E10i,53.305867382050636
0.1308996938995747,2.2224362362721295+1.307497017143736E-4i,2.2224362362721294E12+1.3074970171437362E8i,8498.819527432282
0.1308996938995747,2.2649011905019507+5.086220337561512E-4i,2.2649011905019507E12+5.0862203375615126E8i,2226.507150875627
0.1308996938995747,2.3703891808833717+1.1611615298413199E-5i,2.3703891808833716E12+1.1611615298413198E7i,102069.74309626415
0.1308996938995747,2.434282556935944+0.07952283723152284i,2.4342825569359443E12+7.952283723152284E10i,15.305556502270992
0.1308996938995747,2.5093139257333847+0.003324420255916591i,2.509313925733385E12+3.324420255916591E9i,377.4062441815934
0.1308996938995747,2.606820167582665+0.0029807228965446735i,2.606820167582665E12+2.9807228965446734E9i,437.2798576151702
0.1308996938995747,2.6794293334583252+0.005669942926533069i,2.679429333458325E12+5.669942926533069E9i,236.28362473629724
0.1308996938995747,2.7107471165204906+0.03142135388460455i,2.7107471165204907E12+3.1421353884604546E10i,43.1354283217037
0.1317723585255719,0.6024343897533108+0.053533466066455516i,6.024343897533108E11+5.353346606645552E10i,5.626708244572275
0.1317723585255719,0.9895420678717999+0.08257774605076454i,9.895420678717999E11+8.257774605076454E10i,5.991578331912089
0.1317723585255719,1.158375968183469+0.0018992437268791906i,1.1583759681834692E12+1.8992437268791907E9i,304.9571657890627
0.1317723585255719,1.2704033542699096+0.39421368607272006i,1.2704033542699097E12+3.942136860727201E11i,1.6113131014375284
0.1317723585255719,1.281647193144311+0.4796086896297755i,1.281647193144311E12+4.796086896297755E11i,1.3361384195662231
0.1317723585255719,1.3050880546402523+0.0030167798682827324i,1.3050880546402524E12+3.0167798682827325E9i,216.3048203088081
0.1317723585255719,1.480473605892475+0.07088914926846698i,1.480473605892475E12+7.088914926846698E10i,10.442173598992685
0.1317723585255719,1.5975617586927495+0.021069609676827618i,1.5975617586927495E12+2.1069609676827618E10i,37.91151765971607
0.1317723585255719,1.7102321535017926+0.012199547662981607i,1.7102321535017927E12+1.2199547662981607E10i,70.09408056543494
0.1317723585255719,1.8954905382714797+0.08438805163721287i,1.8954905382714797E12+8.438805163721288E10i,11.230799274879923
0.1317723585255719,2.022044614010099+0.0013749294783019564i,2.022044614010099E12+1.3749294783019564E9i,735.3266643563903
0.1317723585255719,2.1764091549574327+0.020449178090639644i,2.1764091549574326E12+2.0449178090639645E10i,53.21507655003642
0.1317723585255719,2.2219676882744017+1.3414613798645142E-4i,2.221967688274402E12+1.3414613798645142E8i,8281.892127594525
0.1317723585255719,2.265004620441997+5.162506186656293E-4i,2.265004620441997E12+5.162506186656292E8i,2193.7064465863814
0.1317723585255719,2.3708759398467167+1.1613064232586342E-5i,2.370875939846717E12+1.1613064232586343E7i,102077.96548623324
0.1317723585255719,2.434273607653928+0.07945726403974426i,2.434273607653928E12+7.945726403974426E10i,15.318131306637444
0.1317723585255719,2.508957802939649+0.0033554165241697197i,2.508957802939649E12+3.3554165241697197E9i,373.866818749198
0.1317723585255719,2.6068571925303803+0.0029831786801494905i,2.6068571925303804E12+2.9831786801494904E9i,436.9260899249501
0.1317723585255719,2.679730727242906+0.0057397730806097195i,2.6797307272429062E12+5.739773080609719E9i,233.43524993136543
0.1317723585255719,2.71078480510869+0.031370927552582195i,2.71078480510869E12+3.13709275525822E10i,43.20536586884503
0.13264502315156906,0.6026305826759568+0.0534380230617368i,6.026305826759568E11+5.34380230617368E10i,5.638593534604932
0.13264502315156906,0.9896294865299109+0.08247431214412147i,9.896294865299109E11+8.247431214412148E10i,5.999622553993309
0.13264502315156906,1.157894867466684+0.0018949709093020227i,1.157894867466684E12+1.8949709093020227E9i,305.5178477365579
0.13264502315156906,1.270700866013224+0.39413483945967964i,1.2707008660132239E12+3.941348394596796E11i,1.6120128681788581
0.13264502315156906,1.2819630476139117+0.4795249788398316i,1.2819630476139116E12+4.795249788398316E11i,1.336701010566236
0.13264502315156906,1.3055679911487224+0.0030269593147998746i,1.3055679911487224E12+3.026959314799875E9i,215.6566797520764
0.13264502315156906,1.480371320981217+0.07075826029139853i,1.480371320981217E12+7.075826029139853E10i,10.460766805774428
0.13264502315156906,1.5973029084116348+0.021243128875393816i,1.5973029084116348E12+2.1243128875393818E10i,37.595754320866796
0.13264502315156906,1.7105929965098527+0.012140425608960781i,1.7105929965098528E12+1.2140425608960781E10i,70.45028945473186
0.13264502315156906,1.895445700991527+0.08436834495942906i,1.895445700991527E12+8.436834495942906E10i,11.23315683093586
0.13264502315156906,2.021918148503014+0.001394094935415723i,2.0219181485030144E12+1.394094935415723E9i,725.1723312157621
0.13264502315156906,2.1763070670022757+0.020483129474371947i,2.176307067002276E12+2.048312947437195E10i,53.124379009692454
0.13264502315156906,2.221498959129944+1.3764228986096918E-4i,2.221498959129944E12+1.376422898609692E8i,8069.827090837609
0.13264502315156906,2.2651090377045087+5.23938776193755E-4i,2.265109037704509E12+5.2393877619375503E8i,2161.616147367246
0.13264502315156906,2.371362647101034+1.1614309605086612E-5i,2.371362647101034E12+1.1614309605086612E7i,102087.97284267635
0.13264502315156906,2.4342646552482483+0.07939119628584144i,2.4342646552482485E12+7.939119628584145E10i,15.330822365265034
0.13264502315156906,2.508601135604669+0.0033865952631507213i,2.508601135604669E12+3.3865952631507215E9i,370.3721497074897
0.13264502315156906,2.6068932099972772+0.0029860297843537064i,2.6068932099972773E12+2.9860297843537064E9i,436.51493760326156
0.13264502315156906,2.6800339683858923+0.005810165339461246i,2.680033968385892E12+5.8101653394612465E9i,230.63319301636267
0.13264502315156906,2.710822248602913+0.03131978645161811i,2.710822248602913E12+3.1319786451618114E10i,43.27651232217869
0.13351768777756623,0.6028279593599194+0.053342131554701806i,6.028279593599194E11+5.3342131554701805E10i,5.650579961748675
0.13351768777756623,0.9897175081618672+0.08237031710397263i,9.897175081618672E11+8.237031710397264E10i,6.00773156495554
0.13351768777756623,1.1574138233849116+0.0018907125246584926i,1.1574138233849116E12+1.8907125246584926E9i,306.0787423497837
0.13351768777756623,1.271000297825189+0.39405543721291597i,1.2710002978251892E12+3.9405543721291595E11i,1.6127176252340893
0.13351768777756623,1.2822808515715995+0.47944077368535i,1.2822808515715996E12+4.7944077368535E11i,1.3372672099986451
0.13351768777756623,1.3060478702745788+0.0030371934647650868i,1.3060478702745789E12+3.0371934647650867E9i,215.00900180153585
0.13351768777756623,1.4802679591159709+0.07062640115381656i,1.480267959115971E12+7.062640115381656E10i,10.479565254161185
0.13351768777756623,1.5970446530766653+0.021416963477833457i,1.5970446530766653E12+2.1416963477833458E10i,37.28457245420448
0.13351768777756623,1.7109542687661912+0.012081802833329672i,1.7109542687661912E12+1.2081802833329672E10i,70.80707624387968
0.13351768777756623,1.8954005330537453+0.08434849019668078i,1.8954005330537454E12+8.434849019668079E10i,11.235533253968851
0.13351768777756623,2.0217911283566767+0.001413410062412664i,2.0217911283566768E12+1.413410062412664E9i,715.2174666513687
0.13351768777756623,2.176204186174579+0.020517149467839727i,2.176204186174579E12+2.051714946783973E10i,53.03378497061058
0.13351768777756623,2.221030061134547+1.4124051742186344E-4i,2.221030061134547E12+1.4124051742186344E8i,7862.581154742856
0.13351768777756623,2.2652144284299283+5.316867136656157E-4i,2.265214428429928E12+5.316867136656157E8i,2130.2153789144236
0.13351768777756623,2.371849301898084+1.1615355610819591E-5i,2.371849301898084E12+1.1615355610819591E7i,102099.72821188226
0.13351768777756623,2.4342557012126127+0.0793246322864029i,2.434255701212613E12+7.93246322864029E10i,15.34363054103858
0.13351768777756623,2.5082439318325327+0.0034179599929800484i,2.5082439318325327E12+3.4179599929800487E9i,366.9211952427867
0.13351768777756623,2.6069282246346637+0.002989274959325447i,2.6069282246346636E12+2.989274959325447E9i,436.0469110581479
0.13351768777756623,2.6803390614806357+0.00588113177894202i,2.6803390614806357E12+5.881131778942019E9i,227.87612675827617
0.13351768777756623,2.7108594277433293+0.03126791810825649i,2.7108594277433296E12+3.1267918108256493E10i,43.348895477430425
0.13439035240356337,0.6030265175769052+0.05324579475691282i,6.030265175769052E11+5.324579475691283E10i,5.66266801284448
0.13439035240356337,0.989806133078056+0.08226576318715899i,9.89806133078056E11+8.2265763187159E10i,6.015905613287719
0.13439035240356337,1.1569328367004141+0.0018864683057309034i,1.156932836700414E12+1.8864683057309034E9i,306.63988183256697
0.13439035240356337,1.2713016490524782+0.39397547898567603i,1.2713016490524783E12+3.93975478985676E11i,1.6134273791931852
0.13439035240356337,1.282600602444936+0.4793560751346702i,1.282600602444936E12+4.793560751346702E11i,1.3378370161310695
0.13439035240356337,1.306527691437419+0.003047483381265539i,1.3065276914374192E12+3.0474833812655387E9i,214.36174180133725
0.13439035240356337,1.4801635107859186+0.07049357224496103i,1.4801635107859187E12+7.049357224496103E10i,10.498570746581244
0.13439035240356337,1.5967870095978667+0.021591117679443852i,1.5967870095978667E12+2.159111767944385E10i,36.977868244359385
0.13439035240356337,1.7113159618054268+0.012023673535932472i,1.7113159618054268E12+1.2023673535932472E10i,71.16443891674197
0.13439035240356337,1.895355033793403+0.08432848703190177i,1.895355033793403E12+8.432848703190176E10i,11.237928608136794
0.13439035240356337,2.02166355817661+0.0014328752860184833i,2.02166355817661E12+1.4328752860184834E9i,705.4569151632822
0.13439035240356337,2.176100512228517+0.02055123425395021i,2.176100512228517E12+2.055123425395021E10i,52.943304653593806
0.13439035240356337,2.220561005979296+1.4494324307116698E-4i,2.2205610059792964E12+1.44943243071167E8i,7660.105289934085
0.13439035240356337,2.2653207793005645+5.394946291179969E-4i,2.2653207793005645E12+5.394946291179969E8i,2099.484088473751
0.13439035240356337,2.372335903487178+1.161620690343251E-5i,2.372335903487178E12+1.1616206903432509E7i,102113.19078632153
0.13439035240356337,2.4342467470684483+0.07925757032878855i,2.434246747068448E12+7.925757032878856E10i,15.356556711051878
0.13439035240356337,2.507886199554272+0.0034495142581212777i,2.507886199554272E12+3.449514258121278E9i,363.51294876516204
0.13439035240356337,2.6069622412144446+0.002992912887536646i,2.606962241214445E12+2.9929128875366464E9i,435.5225726867275
0.13439035240356337,2.6806460118995+0.005952684881322058i,2.6806460118995E12+5.952684881322058E9i,225.1627681746311
0.13439035240356337,2.7108963225179776+0.0312153097129244i,2.7108963225179775E12+3.12153097129244E10i,43.42254405689201
0.13526301702956053,0.603226255083532+0.05314901588937934i,6.03226255083532E11+5.314901588937934E10i,5.674858179303311
0.13526301702956053,0.9898953615848464+0.0821606526606612i,9.898953615848464E11+8.21606526606612E10i,6.024144949732196
0.13526301702956053,1.1564519081702298+0.0018822379932455684i,1.1564519081702297E12+1.8822379932455685E9i,307.2012976892853
0.13526301702956053,1.2716049190428147+0.3938949644402305i,1.2716049190428147E12+3.9389496444023047E11i,1.6141421366606068
0.13526301702956053,1.2829222976483419+0.47927088415691693i,1.2829222976483418E12+4.7927088415691693E11i,1.338410427231694
0.13526301702956053,1.3070074540653278+0.0030578301329683977i,1.307007454065328E12+3.0578301329683976E9i,213.7148561611803
0.13526301702956053,1.480057966390821+0.07035977406885416i,1.480057966390821E12+7.035977406885416E10i,10.517785097934187
0.13526301702956053,1.5965299947658123+0.021765595468496806i,1.5965299947658123E12+2.1765595468496807E10i,36.675541385408124
0.13526301702956053,1.711678067361629+0.011966031989433414i,1.711678067361629E12+1.1966031989433414E10i,71.52237554074415
0.13526301702956053,1.8953092025421103+0.08430833514736506i,1.8953092025421104E12+8.430833514736507E10i,11.24034295796046
0.13526301702956053,2.0215354425743954+0.001452491034338579i,2.0215354425743953E12+1.4524910343385792E9i,695.8856869966643
0.13526301702956053,2.175996044987658+0.020585379958442545i,2.175996044987658E12+2.0585379958442547E10i,52.85294829098432
0.13526301702956053,2.2200918047815423+1.4875295184544368E-4i,2.2200918047815425E12+1.487529518454437E8i,7462.345376138309
0.13526301702956053,2.265428077507839+5.473627117354624E-4i,2.265428077507839E12+5.473627117354624E8i,2069.4030018277062
0.13526301702956053,2.372822451114954+1.1616868637036666E-5i,2.372822451114954E12+1.1616868637036666E7i,102128.3155234264
0.13526301702956053,2.4342377943655724+0.07919000867072366i,2.4342377943655723E12+7.919000867072366E10i,15.369601766854608
0.13526301702956053,2.5075279465303404+0.0034812616275551127i,2.5075279465303403E12+3.481261627555113E9i,360.1464375275028
0.13526301702956053,2.6069952646227494+0.0029969421858503i,2.6069952646227495E12+2.9969421858503E9i,434.94253524998953
0.13526301702956053,2.6809548258383007+0.006024837544458946i,2.680954825838301E12+6.024837544458946E9i,222.49187683939957
0.13526301702956053,2.7109329121216756+0.031161948108843218i,2.710932912121676E12+3.116194810884322E10i,43.49748774776312
0.13613568165555773,0.6034271696212001+0.05305179818285475i,6.034271696212002E11+5.305179818285475E10i,5.687150957083067
0.13613568165555773,0.9899851939846308+0.08205498780153224i,9.899851939846309E11+8.205498780153224E10i,6.032449827298278
0.13613568165555773,1.1559710385464264+0.0018780213355361524i,1.1559710385464263E12+1.8780213355361524E9i,307.7630207583373
0.13613568165555773,1.2719101071449033+0.39381389324797633i,1.2719101071449033E12+3.938138932479763E11i,1.6148619042548713
0.13613568165555773,1.2832459345832081+0.47918520172206486i,1.2832459345832083E12+4.791852017220649E11i,1.338987441569107
0.13613568165555773,1.3074871575948301+0.0030682347945563985i,1.30748715759483E12+3.0682347945563984E9i,213.06830232069396
0.13613568165555773,1.4799513162424054+0.07022500724767337i,1.4799513162424055E12+7.022500724767337E10i,10.537210135292922
0.13613568165555773,1.5962736252562668+0.02194040062253957i,1.5962736252562668E12+2.194040062253957E10i,36.3774949400058
0.13613568165555773,1.7120405773622709+0.011908872539263366i,1.712040577362271E12+1.1908872539263367E10i,71.8808842616167
0.13613568165555773,1.8952630386278384+0.08428803422471025i,1.8952630386278384E12+8.428803422471025E10i,11.242776368322366
0.13613568165555773,2.021406786167406+0.0014722577368137557i,2.021406786167406E12+1.4722577368137558E9i,686.4989517875154
0.13613568165555773,2.175890784347069+0.020619582649255935i,2.175890784347069E12+2.0619582649255936E10i,52.762726126893426
0.13613568165555773,2.219622468113584+1.5267219171710933E-4i,2.219622468113584E12+1.5267219171710932E8i,7269.242823953121
0.13613568165555773,2.2655363107217408+5.552911422713181E-4i,2.2655363107217407E12+5.552911422713181E8i,2039.9535831374635
0.13613568165555773,2.373308944025173+1.1617346491346417E-5i,2.373308944025173E12+1.1617346491346417E7i,102145.05290829598
0.13613568165555773,2.4342288446828664+0.07912194553987703i,2.434228844682866E12+7.912194553987703E10i,15.382766614706334
0.13613568165555773,2.507169180353078+0.0035132056949865416i,2.507169180353078E12+3.5132056949865417E9i,356.82072130460364
0.13613568165555773,2.607027299853728+0.003001361407572918i,2.607027299853728E12+3.001361407572918E9i,434.3074601538786
0.13613568165555773,2.6812655103635716+0.006097603091315272i,2.681265510363572E12+6.097603091315272E9i,219.8622532665712
0.13613568165555773,2.7109691749120737+0.031107819780578295i,2.7109691749120737E12+3.1107819780578297E10i,43.573757242296786
0.13700834628155487,0.6036292589161071+0.05295414487724362i,6.03629258916107E11+5.295414487724362E10i,5.699546846761651
0.13700834628155487,0.9900756305755907+0.08194877089683897i,9.900756305755907E11+8.194877089683897E10i,6.040820501273565
0.13700834628155487,1.155490228576302+0.0018738180883890489i,1.155490228576302E12+1.8738180883890488E9i,308.3250812168473
0.13700834628155487,1.2722172127085627+0.3937322650896625i,1.2722172127085627E12+3.9373226508966254E11i,1.6155866886078634
0.13700834628155487,1.283571510637936+0.4790990288007082i,1.283571510637936E12+4.790990288007082E11i,1.3395680574128923
0.13700834628155487,1.3079668014707302+0.0030786984471820617i,1.3079668014707302E12+3.0786984471820617E9i,212.42203871378092
0.13700834628155487,1.4798435505657344+0.07008927252518102i,1.4798435505657344E12+7.008927252518102E10i,10.556847697585034
0.13700834628155487,1.596017917634559+0.02211553670476782i,1.596017917634559E12+2.211553670476782E10i,36.08363520498416
0.13700834628155487,1.7124034839223372+0.011852189603511224i,1.7124034839223372E12+1.1852189603511225E10i,72.23996329821773
0.13700834628155487,1.8952165413749416+0.08426758394499724i,1.8952165413749417E12+8.426758394499724E10i,11.245228904462117
0.13700834628155487,2.0212775935785614+0.0014921758241747763i,2.0212775935785613E12+1.4921758241747763E9i,677.292032491009
0.13700834628155487,2.1757847302755375+0.02065383833588492i,2.1757847302755376E12+2.0653838335884922E10i,52.67264841749124
0.13700834628155487,2.2191530060292277+1.5670357391846048E-4i,2.2191530060292275E12+1.567035739184605E8i,7080.735143870895
0.13700834628155487,2.2656454670623223+5.632800934352475E-4i,2.2656454670623223E12+5.632800934352475E8i,2011.1179974823413
0.13700834628155487,2.3737953814584754+1.1617646712133799E-5i,2.3737953814584756E12+1.1617646712133799E7i,102163.34857984692
0.13700834628155487,2.4342198996289692+0.07905337913343839i,2.434219899628969E12+7.90533791334384E10i,15.396052175835015
0.13700834628155487,2.506809908449029+0.0035453500790575223i,2.506809908449029E12+3.5453500790575223E9i,353.53489113202414
0.13700834628155487,2.607058352003518+0.003006169044508444i,2.607058352003518E12+3.0061690445084443E9i,433.6180556389524
0.13700834628155487,2.6815780734627945+0.006170995279848815i,2.6815780734627944E12+6.170995279848816E9i,217.272737366969
0.13700834628155487,2.7110050883625645+0.031052910842255525i,2.7110050883625645E12+3.1052910842255527E10i,43.651384279787706
0.13788101090755203,0.6038325206795475+0.05285605922176013i,6.038325206795475E11+5.285605922176013E10i,5.712046353532895
0.13788101090755203,0.9901666716516434+0.08184200424362084i,9.901666716516434E11+8.184200424362085E10i,6.049257229235205
0.13788101090755203,1.155009479002515+0.0018696280148614813i,1.155009479002515E12+1.8696280148614814E9i,308.88750859033536
0.13788101090755203,1.2725262350846558+0.3936500796555773i,1.2725262350846558E12+3.9365007965557733E11i,1.6163164963640397
0.13788101090755203,1.2838990231880731+0.4790123663640919i,1.2838990231880732E12+4.790123663640919E11i,1.3401522730335902
0.13788101090755203,1.3084463851460608+0.003089222178923587i,1.3084463851460608E12+3.089222178923587E9i,211.7760247341578
0.13788101090755203,1.479734659500799+0.06995257077013527i,1.479734659500799E12+6.995257077013527E10i,10.576699635265868
0.13788101090755203,1.5957628883596127+0.02229100706045977i,1.5957628883596128E12+2.229100706045977E10i,35.79387158308806
0.13788101090755203,1.7127667793386294+0.011795977672748731i,1.7127667793386294E12+1.1795977672748732E10i,72.59961093752713
0.13788101090755203,1.8951697101041673+0.08424698398872282i,1.8951697101041675E12+8.424698398872282E10i,11.247700631976642
0.13788101090755203,2.021147869436083+0.0015122457283974174i,2.0211478694360833E12+1.5122457283974175E9i,668.2603995773782
0.13788101090755203,2.17567788281785+0.02068814296880855i,2.1756778828178499E12+2.068814296880855E10i,52.58272543113494
0.13788101090755203,2.2186834280883425+1.6084977324977762E-4i,2.218683428088343E12+1.6084977324977762E8i,6896.756468046218
0.13788101090755203,2.2657555350731324+5.713297302567109E-4i,2.2657555350731323E12+5.713297302567109E8i,1982.8790758491414
0.13788101090755203,2.374281762652173+1.1617776153986877E-5i,2.374281762652173E12+1.1617776153986877E7i,102183.14293469106
0.13788101090755203,2.4342109608429814+0.07898430761768352i,2.4342109608429814E12+7.898430761768352E10i,15.409459386702242
0.13788101090755203,2.506450138081243+0.0035776984235593606i,2.506450138081243E12+3.5776984235593605E9i,350.28806810212365
0.13788101090755203,2.607088426264404+0.0030113635289999298i,2.607088426264404E12+3.01136352899993E9i,432.87507488845336
0.13788101090755203,2.681892524097949+0.006245028313250413i,2.681892524097949E12+6.245028313250413E9i,214.7222069760383
0.13788101090755203,2.7110406290118445+0.030997207025373744i,2.7110406290118447E12+3.0997207025373745E10i,43.730401690588394
0.1387536755335492,0.604036952607609+0.05275754447432971i,6.04036952607609E11+5.275754447432971E10i,5.724649987278273
0.1387536755335492,0.9902583175024725+0.08173469014858561i,9.902583175024725E11+8.173469014858562E10i,6.057760271081229
0.1387536755335492,1.1545287905632526+0.0018654508851833566i,1.1545287905632527E12+1.8654508851833565E9i,309.4503317490916
0.1387536755335492,1.272837173625157+0.3935673366458813i,1.272837173625157E12+3.935673366458813E11i,1.6170513341792045
0.1387536755335492,1.2842284695964032+0.4789252153839956i,1.2842284695964033E12+4.789252153839956E11i,1.3407400867030217
0.1387536755335492,1.308925908081998+0.0030998070852167477i,1.308925908081998E12+3.0998070852167478E9i,211.13022070379486
0.1387536755335492,1.4796246331043081+0.06981490297976257i,1.479624633104308E12+6.981490297976257E10i,10.596767809970393
0.1387536755335492,1.5955085537876708+0.022466814813420034i,1.595508553787671E12+2.2466814813420036E10i,35.50811646060817
0.1387536755335492,1.7131304560842788+0.011740231309769094i,1.7131304560842788E12+1.1740231309769094E10i,72.95982552996107
0.1387536755335492,1.8951225441326818+0.08422623403586664i,1.895122544132682E12+8.422623403586664E10i,11.250191616816613
0.1387536755335492,2.021017618373251+0.0015324678826557792i,2.021017618373251E12+1.5324678826557794E9i,659.399665482976
0.1387536755335492,2.1755702420971352+0.020722492438915194i,2.1755702420971353E12+2.0722492438915195E10i,52.49296744853884
0.1387536755335492,2.2182137433796134+1.6511352837730896E-4i,2.2182137433796133E12+1.6511352837730896E8i,6717.2380276153535
0.1387536755335492,2.265866503696391+5.794402104286669E-4i,2.265866503696391E12+5.794402104286668E8i,1955.220282365384
0.1387536755335492,2.3747680868399947+1.1617742309805703E-5i,2.3747680868399946E12+1.1617742309805702E7i,102204.37084559981
0.1387536755335492,2.434202029995223+0.07891472912755454i,2.434202029995223E12+7.891472912755453E10i,15.422989199270257
0.1387536755335492,2.5060898763514605+0.0036102543977073157i,2.5060898763514604E12+3.610254397707316E9i,347.07940220818614
0.1387536755335492,2.607117527919155+0.003016943235927238i,2.6071175279191553E12+3.016943235927238E9i,432.0793140673518
0.1387536755335492,2.682208872262655+0.006319716850577685i,2.6822088722626553E12+6.319716850577685E9i,212.20957644783363
0.1387536755335492,2.7110757724096977+0.03094069366630373i,2.7110757724096978E12+3.094069366630373E10i,43.810843442114255
0.13962634015954636,0.6042425523812255+0.05265860390184039i,6.042425523812255E11+5.265860390184039E10i,5.737358262550781
0.13962634015954636,0.9903505684132424+0.08162683092833604i,9.903505684132424E11+8.162683092833604E10i,6.066329889020908
0.13962634015954636,1.1540481639924576+0.001861286476463285i,1.1540481639924575E12+1.861286476463285E9i,310.01357893743386
0.13962634015954636,1.273150027683242+0.3934840357706876i,1.273150027683242E12+3.9348403577068756E11i,1.6177912087203472
0.13962634015954636,1.2845598472130604+0.4788375768325617i,1.2845598472130603E12+4.788375768325617E11i,1.3413314966947976
0.13962634015954636,1.3094053697477472+0.0031104542693086417i,1.3094053697477473E12+3.110454269308642E9i,210.48458784105316
0.13962634015954636,1.479513461351328+0.06967627028319619i,1.4795134613513281E12+6.967627028319618E10i,10.617054094155082
0.13962634015954636,1.5952549301757823+0.022642962862467045i,1.5952549301757825E12+2.2642962862467045E10i,35.22628509054519
0.13962634015954636,1.713494506803389+0.011684945149279037i,1.7134945068033892E12+1.1684945149279037E10i,73.32060548478962
0.13962634015954636,1.895075042774067+0.08420533376591698i,1.8950750427740671E12+8.420533376591698E10i,11.252701925285399
0.13962634015954636,2.020886845028154+0.0015528427212747142i,2.020886845028154E12+1.5528427212747142E9i,650.7055793033652
0.13962634015954636,2.175461808317299+0.020756882576980305i,2.1754618083172993E12+2.0756882576980305E10i,52.40338476284293
0.13962634015954636,2.217743960541521+1.6949764211941364E-4i,2.217743960541521E12+1.6949764211941364E8i,6542.10858868198
0.13962634015954636,2.265978362249792+5.876116846289157E-4i,2.265978362249792E12+5.876116846289157E8i,1928.1256836143298
0.13962634015954636,2.375254353251859+1.161755336796479E-5i,2.375254353251859E12+1.1617553367964791E7i,102226.96113458721
0.13962634015954636,2.4341931087879716+0.07884464176621968i,2.4341931087879717E12+7.884464176621968E10i,15.436642581277356
0.13962634015954636,2.505729130202212+0.0036430216963638357i,2.5057291302022124E12+3.643021696363836E9i,343.90807124525566
0.13962634015954636,2.607145662335529+0.0030229064847290643i,2.6071456623355293E12+3.0229064847290645E9i,431.2316102906507
0.13962634015954636,2.682527129043207+0.006395076017676924i,2.682527129043207E12+6.395076017676924E9i,209.73379531598297
0.13962634015954636,2.7111104930587815+0.030883355693408217i,2.7111104930587817E12+3.088335569340822E10i,43.89274468702642
0.14049900478554353,0.6044493176664226+0.052559240779578874i,6.044493176664226E11+5.255924077957887E10i,5.750171698648971
0.14049900478554353,0.9904434246646149+0.08151842890902153i,9.904434246646149E11+8.151842890902153E10i,6.074966347609552
0.14049900478554353,1.1535676000199524+0.0018571345725992587i,1.1535676000199524E12+1.8571345725992587E9i,310.57727776975554
0.14049900478554353,1.2734647966131818+0.3934001767502959i,1.273464796613182E12+3.9340017675029596E11i,1.6185361266645946
0.14049900478554353,1.2848931533755368+0.4787494516823351i,1.2848931533755369E12+4.7874945168233514E11i,1.3419265012841233
0.14049900478554353,1.3098847696205465+0.003121164842731081i,1.3098847696205464E12+3.121164842731081E9i,209.83908822873502
0.14049900478554353,1.4794011341373943+0.06953667394503502i,1.4794011341373943E12+6.953667394503502E10i,10.637560370710144
0.14049900478554353,1.5950020336848534+0.022819453877933594i,1.5950020336848535E12+2.2819453877933594E10i,34.948295481059255
0.14049900478554353,1.7138589243058995+0.01163011389753971i,1.7138589243058994E12+1.1630113897539711E10i,73.68194926570999
0.14049900478554353,1.8950272053383728+0.084184282857928i,1.8950272053383728E12+8.418428285792801E10i,11.255231624034138
0.14049900478554353,2.0207555540434594+0.001573370679683366i,2.0207555540434595E12+1.573370679683366E9i,642.1740217156353
0.14049900478554353,2.175352581765538+0.0207913091531761i,2.175352581765538E12+2.07913091531761E10i,52.31398767963654
0.14049900478554353,2.2172740877817896+1.740049817216376E-4i,2.2172740877817896E12+1.7400498172163758E8i,6371.294849847597
0.14049900478554353,2.2660911004048305+5.958442968209438E-4i,2.2660911004048306E12+5.958442968209438E8i,1901.5799198677316
0.14049900478554353,2.375740561113622+1.1617218251328593E-5i,2.375740561113622E12+1.1617218251328593E7i,102250.83620349142
0.14049900478554353,2.4341841989562516+0.07877404360461271i,2.4341841989562515E12+7.877404360461272E10i,15.450420516522238
0.14049900478554353,2.5053679064189036+0.003676004040334859i,2.505367906418904E12+3.676004040334859E9i,340.77327975279945
0.14049900478554353,2.6071728349609447+0.0030292515413561506i,2.607172834960945E12+3.0292515413561506E9i,430.33283954256115
0.14049900478554353,2.682847306683913+0.006471121418461955i,2.682847306683913E12+6.471121418461955E9i,207.29384701620756
0.14049900478554353,2.7111447643520834+0.030825177613912368i,2.7111447643520835E12+3.082517761391237E10i,43.97614181350992
0.1413716694115407,0.6046572461142115+0.05245945839132765i,6.046572461142114E11+5.245945839132765E10i,5.763090819616339
0.1413716694115407,0.9905368865326528+0.08140948642638399i,9.905368865326528E11+8.140948642638399E10i,6.083669913753625
0.1413716694115407,1.153087099371599+0.001852994964077639i,1.1530870993715989E12+1.852994964077639E9i,311.14145524555386
0.1413716694115407,1.2737814797705294+0.39331575931539475i,1.2737814797705293E12+3.933157593153948E11i,1.6192860946986625
0.1413716694115407,1.2852283854089004+0.4786608409061408i,1.2852283854089004E12+4.786608409061408E11i,1.3425250987482775
0.1413716694115407,1.3103641071855607+0.003131939925681479i,1.3103641071855608E12+3.1319399256814795E9i,209.19368478953797
0.1413716694115407,1.4792876412804488+0.0693961153687684i,1.4792876412804487E12+6.93961153687684E10i,10.658288532575408
0.1413716694115407,1.594749880382547+0.022996290298236435i,1.594749880382547E12+2.2996290298236435E10i,34.6740682888502
0.1413716694115407,1.7142237015626076+0.011575732331940088i,1.7142237015626077E12+1.1575732331940088E10i,74.04385538669865
0.1413716694115407,1.8949790311321022+0.08416308099053282i,1.8949790311321023E12+8.416308099053282E10i,11.257780780062348
0.1413716694115407,2.0206237500661772+0.001594052194364194i,2.0206237500661772E12+1.594052194364194E9i,633.8010001209924
0.1413716694115407,2.175242562814924+0.02082576787662824i,2.175242562814924E12+2.0825767876628242E10i,52.22478651690184
0.1413716694115407,2.2168041328952923+1.786384790897257E-4i,2.2168041328952925E12+1.786384790897257E8i,6204.721805154439
0.1413716694115407,2.2662047081665286+6.041381845378623E-4i,2.266204708166529E12+6.041381845378623E8i,1875.5681780817004
0.1413716694115407,2.376226709646815+1.1616746662377475E-5i,2.376226709646815E12+1.1616746662377475E7i,102275.91160882293
0.1413716694115407,2.434175302268615+0.07870293268102938i,2.4341753022686147E12+7.870293268102937E10i,15.464324005141872
0.1413716694115407,2.5050062116317426+0.003709205176628815i,2.5050062116317427E12+3.709205176628815E9i,337.6742580075427
0.1413716694115407,2.607199051317311+0.0030359766202316812i,2.607199051317311E12+3.0359766202316813E9i,429.3839145438397
0.1413716694115407,2.6831694186571338+0.006547869146502698i,2.683169418657134E12+6.547869146502699E9i,204.88874766917488
0.1413716694115407,2.7111785585054515+0.030766143500456006i,2.7111785585054517E12+3.0766143500456005E10i,44.061072497846006
0.14224433403753786,0.6048663353602968+0.052359260029087897i,6.048663353602968E11+5.23592600290879E10i,5.7761161542797455
0.14224433403753786,0.9906309542887568+0.08130000582555644i,9.906309542887568E11+8.130000582555644E10i,6.092440856734568
0.14224433403753786,1.1526066627693716+0.0018488674478817188i,1.1526066627693716E12+1.8488674478817189E9i,311.7061377466335
0.14224433403753786,1.2741000765119568+0.39323078320744376i,1.2741000765119568E12+3.932307832074438E11i,1.620041119517113
0.14224433403753786,1.2855655406258288+0.47857174547693315i,1.2855655406258289E12+4.7857174547693317E11i,1.3431272873669808
0.14224433403753786,1.3108433819358736+0.0031427806475507907i,1.3108433819358735E12+3.142780647550791E9i,208.54834125274232
0.14224433403753786,1.4791729725231906+0.06925459610032615i,1.4791729725231907E12+6.925459610032616E10i,10.67924048232392
0.14224433403753786,1.594498486245767+0.023173474326464275i,1.594498486245767E12+2.3173474326464275E10i,34.403526717287235
0.14224433403753786,1.714588831700296+0.01152179530055958i,1.714588831700296E12+1.152179530055958E10i,74.4063224078032
0.14224433403753786,1.8949305194582395+0.08414172784198996i,1.8949305194582395E12+8.414172784198996E10i,11.260349460714284
0.14224433403753786,2.020491437747419+0.0016148877028075168i,2.0204914377474192E12+1.6148877028075168E9i,625.5826439927531
0.14224433403753786,2.175131751927085+0.020860254395023342i,2.1751317519270852E12+2.0860254395023342E10i,52.13579160487154
0.14224433403753786,2.216334103280593+1.8340113101032523E-4i,2.2163341032805933E12+1.8340113101032522E8i,6042.313073728583
0.14224433403753786,2.2663191758544645+6.124934791480171E-4i,2.2663191758544644E12+6.124934791480172E8i,1850.0761665307284
0.14224433403753786,2.376712798068388+1.161614914600881E-5i,2.376712798068388E12+1.161614914600881E7i,102302.09547907718
0.14224433403753786,2.434166420527994+0.07863130700062536i,2.434166420527994E12+7.863130700062537E10i,15.478354063913976
0.14224433403753786,2.504644052317681+0.003742628878772194i,2.504644052317681E12+3.742628878772194E9i,334.6102610552391
0.14224433403753786,2.607224316996057+0.0030430798861881742i,2.607224316996057E12+3.0430798861881742E9i,428.3857825799508
0.14224433403753786,2.683493479738442+0.006625335796855358i,2.6834934797384424E12+6.625335796855358E9i,202.51754492294057
0.14224433403753786,2.71121184648498+0.03070623697731825i,2.71121184648498E12+3.070623697731825E10i,44.147575759407914
0.14311699866353503,0.6050765830257291+0.05225864899269267i,6.050765830257291E11+5.225864899269267E10i,5.789248236309525
0.14311699866353503,0.9907256281994395+0.08118998946113708i,9.907256281994396E11+8.118998946113708E10i,6.101279448211202
0.14311699866353503,1.1521262909317302+0.0018447518273564606i,1.1521262909317302E12+1.8447518273564606E9i,312.2713510420351
0.14311699866353503,1.2744205861953684+0.393145248178578i,1.2744205861953684E12+3.93145248178578E11i,1.6208012078229286
0.14311699866353503,1.2859046163267382+0.4784821663677986i,1.2859046163267383E12+4.7848216636779865E11i,1.343733065422434
0.14311699866353503,1.3113225933724217+0.00315368814730017i,1.3113225933724219E12+3.15368814730017E9i,207.90302213220218
0.14311699866353503,1.4790571175352798+0.06911211783157724i,1.4790571175352798E12+6.911211783157724E10i,10.700418131735361
0.14311699866353503,1.5942478671629299+0.023351007926944348i,1.59424786716293E12+2.3351007926944347E10i,34.13659641910689
0.14311699866353503,1.7149543079971035+0.011468297721632235i,1.7149543079971035E12+1.1468297721632236E10i,74.7693489314568
0.14311699866353503,1.8948816696162887+0.08412022309023551i,1.8948816696162888E12+8.41202230902355E10i,11.262937733674667
0.14311699866353503,2.0203586217421807+0.0016358776434572517i,2.0203586217421807E12+1.6358776434572518E9i,617.5152004254944
0.14311699866353503,2.1750201496549812+0.020894764294246762i,2.1750201496549814E12+2.089476429424676E10i,52.047013285855996
0.14311699866353503,2.215864005955184+1.8829599932951774E-4i,2.215864005955184E12+1.8829599932951775E8i,5883.991199614988
0.14311699866353503,2.2664344940850065+6.209103061106308E-4i,2.2664344940850063E12+6.209103061106308E8i,1825.0900909359234
0.14311699866353503,2.377198825590442+1.1615437132307726E-5i,2.3771988255904424E12+1.1615437132307725E7i,102329.2881065315
0.14311699866353503,2.4341575555725075+0.07855916453499381i,2.4341575555725073E12+7.855916453499382E10i,15.492511726548614
0.14311699866353503,2.5042814348022+0.0037762789470982424i,2.5042814348021997E12+3.7762789470982423E9i,331.5805677870451
0.14311699866353503,2.6072486376532917+0.0030505594563559383i,2.607248637653292E12+3.0505594563559384E9i,427.3394233016842
0.14311699866353503,2.683819506087433+0.006703538478073058i,2.683819506087433E12+6.703538478073058E9i,200.17931685378355
0.14311699866353503,2.7112445979286273+0.030645441206660788i,2.7112445979286274E12+3.064544120666079E10i,44.23569201769786
0.1439896632895322,0.6052879867163136+0.05215762858990759i,6.052879867163136E11+5.215762858990759E10i,5.802487604214388
0.1439896632895322,0.9908209085264506+0.08107943969695011i,9.908209085264506E11+8.107943969695012E10i,6.110185962247845
0.1439896632895322,1.151645984573441+0.0018406479119485496i,1.1516459845734412E12+1.8406479119485497E9i,312.8371203144125
0.1439896632895322,1.2747430081800244+0.39305915399204977i,1.2747430081800244E12+3.930591539920498E11i,1.6215663663258788
0.1439896632895322,1.2862456097997816+0.47839210455185355i,1.2862456097997817E12+4.783921045518536E11i,1.3443424311995138
0.1439896632895322,1.3118017410039895+0.003164663573968201i,1.3118017410039895E12+3.164663573968201E9i,207.25769269671673
0.1439896632895322,1.4789400659159755+0.0689686824038381i,1.4789400659159756E12+6.89686824038381E10i,10.721823401353486
0.1439896632895322,1.593998038935845+0.023528892821928875i,1.593998038935845E12+2.3528892821928875E10i,33.87320540323603
0.1439896632895322,1.7153201238779787+0.01141523458306511i,1.7153201238779788E12+1.141523458306511E10i,75.13293359834736
0.1439896632895322,1.8948324809022563+0.08409856641289637i,1.8948324809022563E12+8.409856641289638E10i,11.265545666969222
0.1439896632895322,2.0202253067091016+0.001657022455662696i,2.0202253067091018E12+1.657022455662696E9i,609.595029869752
0.1439896632895322,2.174907756645718+0.020929293098098895i,2.1749077566457178E12+2.0929293098098896E10i,51.95846191392089
0.1439896632895322,2.2153938475695085+1.9332621108698883E-4i,2.215393847569509E12+1.9332621108698884E8i,5729.677923943465
0.1439896632895322,2.2665506537546767+6.293887852097474E-4i,2.266550653754677E12+6.293887852097474E8i,1800.5966320160405
0.1439896632895322,2.377684791419954+1.1614623009350353E-5i,2.377684791419954E12+1.1614623009350354E7i,102357.38127297797
0.1439896632895322,2.4341487092763545+0.07848650322169577i,2.4341487092763545E12+7.848650322169577E10i,15.50679804399472
0.1439896632895322,2.5039183652610832+0.0038101592090578726i,2.5039183652610835E12+3.810159209057873E9i,328.5844800538165
0.1439896632895322,2.6072720190051295+0.003058413402059335i,2.6072720190051294E12+3.0584134020593348E9i,426.2458464983124
0.1439896632895322,2.68414751533471+0.00678249482451827i,2.68414751533471E12+6.78249482451827E9i,197.87317091873734
0.1439896632895322,2.7112767810615153+0.030583738874297585i,2.711276781061515E12+3.0583738874297585E10i,44.325463152251444
0.14486232791552936,0.605500544022967+0.0520562021361402i,6.05500544022967E11+5.20562021361402E10i,5.815834801388596
0.14486232791552936,0.9909167955264389+0.08096835890598993i,9.909167955264388E11+8.096835890598993E10i,6.119160675326051
0.14486232791552936,1.1511657444059855+0.0018365555172687078i,1.1511657444059856E12+1.8365555172687078E9i,313.4034701324952
0.14486232791552936,1.275067341826372+0.39297250042247295i,1.275067341826372E12+3.9297250042247296E11i,1.6223366017413245
0.14486232791552936,1.2865885183211418+0.4783015610020818i,1.2865885183211418E12+4.7830156100208185E11i,1.344955382986448
0.14486232791552936,1.312280824347184+0.003175708087063683i,1.312280824347184E12+3.175708087063683E9i,206.61231894908556
0.14486232791552936,1.4788218071966448+0.06882429181137213i,1.4788218071966448E12+6.882429181137213E10i,10.74345822002554
0.14486232791552936,1.5937490172814228+0.023707130488234515i,1.5937490172814229E12+2.3707130488234516E10i,33.61328394578112
0.14486232791552936,1.7156862729103077+0.011362600941806486i,1.7156862729103079E12+1.1362600941806486E10i,75.49707508418135
0.14486232791552936,1.894782952608702+0.08407675748734361i,1.8947829526087021E12+8.407675748734361E10i,11.26817332896033
0.14486232791552936,2.020091497310252+0.001678322579626704i,2.020091497310252E12+1.678322579626704E9i,601.8186020471597
0.14486232791552936,2.174794573643533+0.020963836268053027i,2.174794573643533E12+2.096383626805303E10i,51.87014785451557
0.14486232791552936,2.2149236344198346+1.9849495861414554E-4i,2.2149236344198345E12+1.9849495861414555E8i,5579.294431163427
0.14486232791552936,2.2666676460245556+6.379290307777284E-4i,2.2666676460245557E12+6.379290307777284E8i,1776.5829243271446
0.14486232791552936,2.378170694758476+1.16137201753427E-5i,2.378170694758476E12+1.16137201753427E7i,102386.25775604675
0.14486232791552936,2.4341398835506913+0.07841332096379025i,2.4341398835506914E12+7.841332096379025E10i,15.521214084751811
0.14486232791552936,2.50355484972212+0.003844273519555206i,2.50355484972212E12+3.8442735195552063E9i,325.62132181632444
0.14486232791552936,2.607294466823184+0.0030666397506449597i,2.607294466823184E12+3.06663975064496E9i,425.1060898618482
0.14486232791552936,2.6844775266756953+0.006862223008505628i,2.6844775266756953E12+6.862223008505629E9i,195.59824297085095
0.14486232791552936,2.7113083626043397+0.03052111217583997i,2.71130836260434E12+3.052111217583997E10i,44.416932564314756
0.1457349925415265,0.6057142525216361+0.0519543729540572i,6.057142525216361E11+5.19543729540572E10i,5.829290376165871
0.1457349925415265,0.9910132894510753+0.08085674947026375i,9.910132894510753E11+8.085674947026375E10i,6.128203866366993
0.1457349925415265,1.1506855711375135+0.0018324744647795444i,1.1506855711375134E12+1.8324744647795446E9i,313.9704244871828
0.1457349925415265,1.2753935864961123+0.39288528725586364i,1.2753935864961123E12+3.9288528725586365E11i,1.6231119207901537
0.1457349925415265,1.2869333391549453+0.47821053669140934i,1.2869333391549453E12+4.7821053669140936E11i,1.3455719190744297
0.1457349925415265,1.3127598429264085+0.0031868228571101742i,1.3127598429264084E12+3.186822857110174E9i,205.9668675962782
0.1457349925415265,1.4787023308436846+0.06867894820490604i,1.4787023308436846E12+6.867894820490604E10i,10.76532452442286
0.1457349925415265,1.5935008178329584+0.023885722153968635i,1.5935008178329585E12+2.3885722153968636E10i,33.35676450477753
0.1457349925415265,1.7160527487996773+0.011310391923295731i,1.7160527487996772E12+1.131039192329573E10i,75.86177209585313
0.1457349925415265,1.8947330840247367+0.08405479599072958i,1.8947330840247368E12+8.405479599072958E10i,11.27082078834447
0.1457349925415265,2.019957198210903+0.001699778456354098i,2.019957198210903E12+1.699778456354098E9i,594.1824920359226
0.1457349925415265,2.174680601492791+0.020998389203094634i,2.174680601492791E12+2.0998389203094635E10i,51.78208148395253
0.1457349925415265,2.214453372460074+2.0380549957420838E-4i,2.214453372460074E12+2.0380549957420838E8i,5432.76157190685
0.1457349925415265,2.266785462305663+6.465311519121323E-4i,2.266785462305663E12+6.465311519121323E8i,1753.0365362918612
0.1457349925415265,2.378656534801849+1.1612743106018624E-5i,2.378656534801849E12+1.1612743106018623E7i,102415.79070017682
0.1457349925415265,2.4341310803445873+0.07833961562936517i,2.4341310803445874E12+7.833961562936517E10i,15.535760935187476
0.1457349925415265,2.503190894066685+0.003878625761277069i,2.503190894066685E12+3.878625761277069E9i,322.6904383322728
0.1457349925415265,2.6073159869302014+0.003075236487317874i,2.6073159869302017E12+3.075236487317874E9i,423.9212167393705
0.1457349925415265,2.6848095609719365+0.006942741752692246i,2.6848095609719365E12+6.942741752692246E9i,193.35369632111298
0.1457349925415265,2.711339307674169+0.03045754280241296i,2.711339307674169E12+3.045754280241296E10i,44.51014524158145
0.1466076571675237,0.6059291097732782+0.05185214437371772i,6.059291097732782E11+5.185214437371772E10i,5.842854881816665
0.1466076571675237,0.9911103905468437+0.08074461378091677i,9.911103905468438E11+8.074461378091676E10i,6.137315816730573
0.1466076571675237,1.150205465473059+0.0018284045817855011i,1.1502054654730588E12+1.8284045817855012E9i,314.5380067768816
0.1466076571675237,1.2757217415522866+0.39279751428997034i,1.2757217415522866E12+3.9279751428997034E11i,1.6238923301975448
0.1466076571675237,1.2872800695535065+0.47811903259241867i,1.2872800695535066E12+4.781190325924187E11i,1.3461920377585888
0.1466076571675237,1.3132387962738892+0.003198009065976068i,1.3132387962738892E12+3.198009065976068E9i,205.32130603467724
0.1466076571675237,1.4785816262613527+0.06853265389505839i,1.4785816262613528E12+6.8532653895058395E10i,10.787424258554557
0.1466076571675237,1.593253456141232+0.024064668795262752i,1.593253456141232E12+2.4064668795262753E10i,33.10358163863181
0.1466076571675237,1.7164195453857727+0.011258602720802868i,1.7164195453857727E12+1.1258602720802868E10i,76.2270233682858
0.1466076571675237,1.8946828744360473+0.08403268160002574i,1.8946828744360474E12+8.403268160002574E10i,11.273488114149787
0.1466076571675237,2.01982241407931+0.0017213905275964654i,2.01982241407931E12+1.7213905275964653E9i,586.6833765198934
0.1466076571675237,2.1745658411411153+0.02103294723960307i,2.1745658411411155E12+2.103294723960307E10i,51.69427318884278
0.1466076571675237,2.213983067312593+2.092611569453849E-4i,2.2139830673125933E12+2.0926115694538492E8i,5290.000064107504
0.1466076571675237,2.266904094245237+6.551952526728151E-4i,2.2669040942452373E12+6.551952526728151E8i,1729.9454513731507
0.1466076571675237,2.379142310739904+1.1611707432753095E-5i,2.379142310739904E12+1.1611707432753095E7i,102445.84289253908
0.1466076571675237,2.434122301645895+0.07826538505106757i,2.434122301645895E12+7.826538505106758E10i,15.55043969985996
0.1466076571675237,2.5028265040313107+0.003913219845024156i,2.5028265040313105E12+3.9132198450241556E9i,319.7911953776087
0.1466076571675237,2.607336585195873+0.003084201556925088i,2.607336585195873E12+3.084201556925088E9i,422.69231388939386
0.1466076571675237,2.68514364086065+0.0070240703420996545i,2.68514364086065E12+7.024070342099654E9i,191.13872086152824
0.1466076571675237,2.711369579676926+0.03039301192696426i,2.711369579676926E12+3.039301192696426E10i,44.605147824645776
0.14748032179352086,0.6061451133240459+0.051749519732328254i,6.061451133240459E11+5.1749519732328255E10i,5.856528876589585
0.14748032179352086,0.9912080990550045+0.08063195423793212i,9.912080990550045E11+8.063195423793213E10i,6.146496810247872
0.14748032179352086,1.1497254281146398+0.0018243457012933856i,1.14972542811464E12+1.8243457012933855E9i,315.1062398150559
0.14748032179352086,1.276051806359204+0.3927091813344298i,1.2760518063592039E12+3.927091813344298E11i,1.6246778366922399
0.14748032179352086,1.2876287067573122+0.47802704967749976i,1.2876287067573123E12+4.7802704967749976E11i,1.3468157373374676
0.14748032179352086,1.3137176839296805+0.003209267907456719i,1.3137176839296804E12+3.2092679074567194E9i,204.67560231996578
0.14748032179352086,1.478459682794923+0.06838541135580922i,1.478459682794923E12+6.838541135580923E10i,10.809759373256519
0.14748032179352086,1.5930069476752666+0.024243971133040967i,1.5930069476752666E12+2.4243971133040966E10i,32.85367192803312
0.14748032179352086,1.7167866566384071+0.011207228594798052i,1.7167866566384072E12+1.1207228594798052E10i,76.59282766103615
0.14748032179352086,1.8946323231249356+0.0840104139920626i,1.8946323231249355E12+8.40104139920626E10i,11.276175375733432
0.14748032179352086,2.0196871495865+0.0017431592358004159i,2.0196871495864998E12+1.743159235800416E9i,579.3180301910596
0.14748032179352086,2.1744502936426344+0.021067505651323506i,2.1744502936426343E12+2.1067505651323505E10i,51.606733365371866
0.14748032179352086,2.213512724278079+2.1486531894892463E-4i,2.213512724278079E12+2.1486531894892463E8i,5150.9306739359145
0.14748032179352086,2.2670235337138602+6.639214322751935E-4i,2.2670235337138604E12+6.639214322751936E8i,1707.298050271546
0.14748032179352086,2.3796280217561234+1.1610630008450906E-5i,2.3796280217561235E12+1.1610630008450907E7i,102476.26614680207
0.14748032179352086,2.434113549482309+0.07819062702560928i,2.434113549482309E12+7.819062702560928E10i,15.565251501852511
0.14748032179352086,2.5024616852091803+0.00394805971006153i,2.50246168520918E12+3.94805971006153E9i,316.92297849899785
0.14748032179352086,2.6073562675327335+0.0030935328657133057i,2.6073562675327334E12+3.093532865713306E9i,421.42048924563954
0.14748032179352086,2.685479790873394+0.007106228635990897i,2.685479790873394E12+7.106228635990897E9i,188.95253223856687
0.14748032179352086,2.7113991401906348+0.03032750019056996i,2.711399140190635E12+3.032750019056996E10i,44.70198867616721
0.14835298641951802,0.6063622607051903+0.051646502373601265i,6.063622607051903E11+5.1646502373601265E10i,5.870312923795668
0.14835298641951802,0.9913064152114158+0.08051877325004783i,9.913064152114159E11+8.051877325004784E10i,6.155747133236577
0.14835298641951802,1.149245459761366+0.0018202976618630828i,1.149245459761366E12+1.820297661863083E9i,315.6751458399139
0.14835298641951802,1.2763837802824658+0.39262028821103895i,1.2763837802824658E12+3.9262028821103894E11i,1.6254684470054583
0.14835298641951802,1.2879792479952519+0.47793458891854096i,1.287979247995252E12+4.7793458891854095E11i,1.347443016114047
0.14835298641951802,1.3141965054416236+0.0032206005876788068i,1.3141965054416235E12+3.220600587678807E9i,204.02972514962005
0.14835298641951802,1.4783364897339286+0.0682372232279612i,1.4783364897339287E12+6.823722322796121E10i,10.832331825660797
0.14835298641951802,1.5927613078227736+0.02442362962986024i,1.5927613078227737E12+2.442362962986024E10i,32.60697390111643
0.14835298641951802,1.71715407665371+0.01115626487226172i,1.71715407665371E12+1.115626487226172E10i,76.95918375527013
0.14835298641951802,1.8945814293702983+0.08398799284357236i,1.8945814293702983E12+8.398799284357236E10i,11.278882642778214
0.14835298641951802,2.019551409406054+0.0017650850240523825i,2.019551409406054E12+1.7650850240523825E9i,572.0833223006598
0.14835298641951802,2.1743339601612592+0.021102059649421873i,2.1743339601612593E12+2.1102059649421875E10i,51.519472418438276
0.14835298641951802,2.2130423483445223+2.2062143889688683E-4i,2.2130423483445225E12+2.2062143889688683E8i,5015.474378668261
0.14835298641951802,2.2671437727933674+6.727097852674824E-4i,2.2671437727933677E12+6.727097852674824E8i,1685.0830941101203
0.14835298641951802,2.380113667027344+1.1609528991107828E-5i,2.380113667027344E12+1.1609528991107829E7i,102506.90053189764
0.14835298641951802,2.434104825922286+0.07811533931329931i,2.434104825922286E12+7.811533931329932E10i,15.580197483107355
0.14835298641951802,2.5020964430515034+0.003983149324477884i,2.5020964430515034E12+3.9831493244778843E9i,314.08519229686186
0.14835298641951802,2.607375039892286+0.003103228283063963i,2.607375039892286E12+3.103228283063963E9i,420.1068696947268
0.14835298641951802,2.685818037564841+0.007189237079154923i,2.685818037564841E12+7.189237079154923E9i,186.79437108509933
0.14835298641951802,2.7114279488384425+0.03026098768950937i,2.7114279488384424E12+3.026098768950937E10i,44.8007179517544
0.1492256510455152,0.6065805494329672+0.05154309564833291i,6.065805494329673E11+5.154309564833292E10i,5.884207591755175
0.1492256510455152,0.9914053392466308+0.08040507323472192i,9.914053392466307E11+8.040507323472192E10i,6.1650670745145515
0.1492256510455152,1.1487655611095107+0.0018162603075891i,1.1487655611095107E12+1.8162603075891E9i,316.2447465017775
0.1492256510455152,1.27671766268896+0.3925308347540267i,1.27671766268896E12+3.9253083475402673E11i,1.6262641678697611
0.1492256510455152,1.2883316904846043+0.47784165128704736i,1.2883316904846042E12+4.7784165128704736E11i,1.3480738723953158
0.1492256510455152,1.3146752603654668+0.003232008325559359i,1.3146752603654668E12+3.232008325559359E9i,203.38364384286322
0.1492256510455152,1.4782120363155982+0.06808809232243697i,1.4782120363155981E12+6.8088092322436966E10i,10.855143578670107
0.1492256510455152,1.5925165518903857+0.024603644486754506i,1.5925165518903857E12+2.4603644486754505E10i,32.36342796181527
0.1492256510455152,1.7175217996503562+0.011105706946041996i,1.7175217996503562E12+1.1105706946041996E10i,77.32609045039092
0.1492256510455152,1.8945301924476947+0.08396541783122156i,1.8945301924476948E12+8.396541783122157E10i,11.281609985291086
0.1492256510455152,2.0194151982139+0.001787168336023384i,2.0194151982139001E12+1.787168336023384E9i,564.9762133508046
0.1492256510455152,2.174216841974124+0.02113660438261553i,2.174216841974124E12+2.113660438261553E10i,51.432500760679844
0.1492256510455152,2.212571944195368+2.265330349763821E-4i,2.212571944195368E12+2.265330349763821E8i,4883.552512387535
0.1492256510455152,2.267264803765502+6.815604017042075E-4i,2.267264803765502E12+6.815604017042075E8i,1663.289708510295
0.1492256510455152,2.3805992457233955+1.1608423932737525E-5i,2.3805992457233955E12+1.1608423932737526E7i,102537.57355508626
0.1492256510455152,2.43409613307614+0.0780395196375376i,2.43409613307614E12+7.80395196375376E10i,15.595278804774457
0.1492256510455152,2.501730782868923+0.004018492685535815i,2.501730782868923E12+4.018492685535815E9i,311.2772597389149
0.1492256510455152,2.6073929082612097+0.0031132856431797125i,2.60739290826121E12+3.113285643179713E9i,418.75259887785046
0.1492256510455152,2.686158409652648+0.007273116712560524i,2.686158409652648E12+7.273116712560524E9i,184.66350230663198
0.1492256510455152,2.711455963150457+0.03019345396286453i,2.711455963150457E12+3.019345396286453E10i,44.90138767305863
0.15009831567151233,0.6067999770088134+0.05143930291353603i,6.067999770088134E11+5.143930291353603E10i,5.898213453910711
0.15009831567151233,0.9915048713855673+0.08029085661808176i,9.915048713855674E11+8.029085661808176E10i,6.174456925412086
0.15009831567151233,1.1482857328527658+0.0018122334878752262i,1.1482857328527659E12+1.8122334878752263E9i,316.81506288659483
0.15009831567151233,1.2770534529469582+0.3924408208100726i,1.2770534529469583E12+3.924408208100726E11i,1.6270650060190945
0.15009831567151233,1.2886860314312256+0.47774823775387876i,1.2886860314312256E12+4.777482377538788E11i,1.3487083044931263
0.15009831567151233,1.3151539482648216+0.0032434923533241266i,1.3151539482648215E12+3.2434923533241267E9i,202.73732831788124
0.15009831567151233,1.4780863117284124+0.06793802162370229i,1.4780863117284124E12+6.7938021623702286E10i,10.878196600390378
0.15009831567151233,1.592272695103528+0.024784015640160553i,1.592272695103528E12+2.4784015640160553E10i,32.12297632114497
0.15009831567151233,1.7178898199660102+0.011055550274061587i,1.7178898199660103E12+1.1055550274061586E10i,77.69354656169874
0.15009831567151233,1.8944786116293266+0.08394268863166678i,1.8944786116293267E12+8.394268863166678E10i,11.284357473598053
0.15009831567151233,2.019278520688101+0.0018094096159124193i,2.019278520688101E12+1.8094096159124193E9i,557.993751920527
0.15009831567151233,2.1740989404750932+0.021171134937381646i,2.1740989404750933E12+2.1171134937381645E10i,51.345828811385786
0.15009831567151233,2.2121015162168707+2.3260368994401634E-4i,2.2121015162168706E12+2.3260368994401634E8i,4755.0868964058245
0.15009831567151233,2.2673866191012286+6.904733673111046E-4i,2.2673866191012285E12+6.904733673111047E8i,1641.9073685137653
0.15009831567151233,2.381084757006777+1.160733586220515E-5i,2.381084757006777E12+1.160733586220515E7i,102568.09940168392
0.15009831567151233,2.4340874730970357+0.07796316568433087i,2.4340874730970356E12+7.796316568433087E10i,15.610496647561359
0.15009831567151233,2.5013647098327527+0.0040540938200403455i,2.501364709832753E12+4.0540938200403457E9i,308.49862150055765
0.15009831567151233,2.607409878657708+0.003123702746758515i,2.607409878657708E12+3.1237027467585154E9i,417.35883501774174
0.15009831567151233,2.6865009381697456+0.007357889182913157i,2.6865009381697456E12+7.357889182913157E9i,182.5592144285393
0.15009831567151233,2.711483138413213+0.03012487798135431i,2.7114831384132134E12+3.0124877981354313E10i,45.0040518021596
0.15097098029750952,0.6070205409193884+0.0513351275325078i,6.070205409193884E11+5.1335127532507805E10i,5.912331088833807
0.15097098029750952,0.9916050118475814+0.08017612583469089i,9.916050118475814E11+8.017612583469089E10i,6.183916979800801
0.15097098029750952,1.1478059756821195+0.001808217057464593i,1.1478059756821196E12+1.808217057464593E9i,317.38611549531714
0.15097098029750952,1.27739115042595+0.39235024623879433i,1.2773911504259502E12+3.923502462387943E11i,1.6278709681865442
0.15097098029750952,1.2890422680296343+0.47765434928932826i,1.2890422680296343E12+4.7765434928932825E11i,1.3493463107239774
0.15097098029750952,1.3156325687112271+0.003255053916956219i,1.315632568711227E12+3.2550539169562187E9i,202.09074907451412
0.15097098029750952,1.4779593051158655+0.06778701429304883i,1.4779593051158655E12+6.778701429304883E10i,10.901492863563263
0.15097098029750952,1.5920297526060514+0.02496474275888009i,1.5920297526060515E12+2.496474275888009E10i,31.885562931341607
0.15097098029750952,1.7182581320538308+0.011005790378684262i,1.7182581320538308E12+1.1005790378684263E10i,78.06155091694777
0.15097098029750952,1.8944266861840804+0.0839198049215752i,1.8944266861840803E12+8.391980492157521E10i,11.28712517834414
0.15097098029750952,2.019141381508653+0.0018318093083913144i,2.0191413815086528E12+1.8318093083913145E9i,551.1330716191885
0.15097098029750952,2.1739802571783717+0.02120564633829518i,2.1739802571783716E12+2.120564633829518E10i,51.25946699517454
0.15097098029750952,2.211631068504719+2.388370507362639E-4i,2.2116310685047188E12+2.388370507362639E8i,4629.999955381535
0.15097098029750952,2.267509211450695+6.994487636365941E-4i,2.2675092114506953E12+6.994487636365942E8i,1620.9258843073767
0.15097098029750952,2.3815702000322574+1.1606287386969349E-5i,2.3815702000322573E12+1.1606287386969348E7i,102598.27801205845
0.15097098029750952,2.434078848182131+0.07788627510178323i,2.4340788481821313E12+7.788627510178323E10i,15.625852212095339
0.15097098029750952,2.500998228976226+0.004089956784712942i,2.500998228976226E12+4.0899567847129416E9i,305.74873533190174
0.15097098029750952,2.6074259571280463+0.0031344773626091203i,2.6074259571280464E12+3.1344773626091204E9i,415.92674878303166
0.15097098029750952,2.6868456566303385+0.007443576750934151i,2.6868456566303384E12+7.443576750934152E9i,180.48081900231267
0.15097098029750952,2.711509427505061+0.03005523813738146i,2.711509427505061E12+3.005523813738146E10i,45.10876631738609
0.1518436449235067,0.6072422386365748+0.051230572874910535i,6.072422386365748E11+5.123057287491054E10i,5.926561080229138
0.1518436449235067,0.9917057608463608+0.08006088332753447i,9.917057608463607E11+8.006088332753447E10i,6.193447534104924
0.1518436449235067,1.1473262902861798+0.0018042108762307777i,1.14732629028618E12+1.8042108762307777E9i,317.95792426523
0.1518436449235067,1.2777307544967484+0.39225911091266197i,1.2777307544967485E12+3.92259110912662E11i,1.6286820611048092
0.1518436449235067,1.289400397463111+0.4775599868629769i,1.289400397463111E12+4.775599868629769E11i,1.3499878894094515
0.1518436449235067,1.316111121284208+0.0032666942766670505i,1.316111121284208E12+3.2666942766670504E9i,201.44387717650343
0.1518436449235067,1.4778310055803765+0.06763507367178513i,1.4778310055803765E12+6.763507367178513E10i,10.925034344990099
0.1518436449235067,1.5917877394595443+0.02514582524108709i,1.5917877394595444E12+2.5145825241087093E10i,31.651133422709037
0.1518436449235067,1.7186267304790952+0.010956422845946475i,1.7186267304790952E12+1.0956422845946474E10i,78.43010235384133
0.1518436449235067,1.8943744153775537+0.08389676637768964i,1.8943744153775537E12+8.389676637768964E10i,11.28991317048733
0.1518436449235067,2.019003785357283+0.0018543678585452542i,2.019003785357283E12+1.8543678585452542E9i,544.3913881631838
0.1518436449235067,2.173860793722226+0.021240133548426913i,2.1738607937222263E12+2.1240133548426914E10i,51.17342574061232
0.1518436449235067,2.211160604869936+2.4523682798643313E-4i,2.211160604869936E12+2.4523682798643312E8i,4508.2148203944735
0.1518436449235067,2.2676325736338208+7.084866682028054E-4i,2.267632573633821E12+7.084866682028054E8i,1600.335387669361
0.1518436449235067,2.382055573946538+1.1605302786589597E-5i,2.382055573946538E12+1.1605302786589596E7i,102627.89423724046
0.1518436449235067,2.4340702605736597+0.07780884549960643i,2.4340702605736597E12+7.780884549960643E10i,15.641346719287665
0.1518436449235067,2.500631345195645+0.004126085666556164i,2.500631345195645E12+4.1260856665561643E9i,303.02707545124673
0.1518436449235067,2.607441149743132+0.003145607229258713i,2.607441149743132E12+3.1456072292587132E9i,414.4575211886189
0.1518436449235067,2.687192601211107+0.007530202297789057i,2.6871926012111074E12+7.530202297789057E9i,178.42765007788
0.1518436449235067,2.7115347807165557+0.029984512237032714i,2.7115347807165557E12+2.9984512237032715E10i,45.21558928958737
0.15271630954950383,0.6074650676173551+0.05112564231596041i,6.074650676173551E11+5.112564231596041E10i,5.940904017040746
0.15271630954950383,0.991807118589779+0.07994513154793943i,9.91807118589779E11+7.994513154793944E10i,6.203048887317408
0.15271630954950383,1.1468466773511072+0.0018002148091873834i,1.1468466773511072E12+1.8002148091873834E9i,318.53050855325245
0.15271630954950383,1.278072264531467+0.3921674147175214i,1.278072264531467E12+3.921674147175214E11i,1.6294982915039788
0.15271630954950383,1.289760416903814+0.4774651514435715i,1.289760416903814E12+4.774651514435715E11i,1.3506330388766
0.15271630954950383,1.316589605571316+0.003278414707437207i,1.316589605571316E12+3.2784147074372067E9i,200.79668423042745
0.15271630954950383,1.4777014021873858+0.06748220328449918i,1.4777014021873857E12+6.7482203284499176E10i,10.948823024920538
0.15271630954950383,1.5915466706424188+0.025327262211436982i,1.591546670642419E12+2.532726221143698E10i,31.419635042980037
0.15271630954950383,1.7189956099159398+0.010907443324803777i,1.71899560991594E12+1.0907443324803778E10i,78.7991997174491
0.15271630954950383,1.894321798472054+0.08387357267685039i,1.894321798472054E12+8.387357267685039E10i,11.29272152129808
0.15271630954950383,2.018865736917249+0.0018770857118153657i,2.0188657369172488E12+1.8770857118153658E9i,537.7659965683625
0.15271630954950383,2.1737405518728052+0.021274591469884037i,2.1737405518728052E12+2.1274591469884037E10i,51.087715478577266
0.15271630954950383,2.210690128844153+2.518067954365966E-4i,2.2106901288441533E12+2.5180679543659663E8i,4389.65542016278
0.15271630954950383,2.267756698631379+7.175871546452329E-4i,2.267756698631379E12+7.175871546452329E8i,1580.1263191176636
0.15271630954950383,2.382540877887842+1.160440813066128E-5i,2.3825408778878423E12+1.160440813066128E7i,102656.7167864714
0.15271630954950383,2.43406171256009+0.07773087444858477i,2.43406171256009E12+7.773087444858478E10i,15.656981410714119
0.15271630954950383,2.5002640632514797+0.0041624845832315205i,2.5002640632514795E12+4.16248458323152E9i,300.33313196206655
0.15271630954950383,2.607455462595327+0.0031570900565118325i,2.6074554625953267E12+3.1570900565118327E9i,412.95234154267683
0.15271630954950383,2.687541810949475+0.007617789329243964i,2.687541810949475E12+7.617789329243964E9i,176.3990637436152
0.15271630954950383,2.7115591455534673+0.029912677494336234i,2.7115591455534673E12+2.9912677494336235E10i,45.32458095847292
0.15358897417550102,0.6076890253040774+0.05102033923684252i,6.076890253040774E11+5.102033923684252E10i,5.955360493421185
0.15358897417550102,0.9919090852797621+0.07982887295547747i,9.919090852797621E11+7.982887295547748E10i,6.212721341017643
0.15358897417550102,1.1463671375609084+0.001796228726369083i,1.1463671375609084E12+1.796228726369083E9i,319.1038871419755
0.15358897417550102,1.2784156799034854+0.3920751575525732i,1.2784156799034854E12+3.9207515755257324E11i,1.630319666111545
0.15358897417550102,1.290122323512947+0.4773698439990015i,1.290122323512947E12+4.773698439990015E11i,1.3512817574581077
0.15358897417550102,1.3170680211681804+0.003290216499451307i,1.3170680211681804E12+3.2902164994513073E9i,200.1491423722149
0.15358897417550102,1.4775704839696149+0.06732840684207411i,1.477570483969615E12+6.732840684207412E10i,10.972860886456235
0.15358897417550102,1.5913065610486583+0.025509052518194256i,1.5913065610486584E12+2.5509052518194256E10i,31.19101659917913
0.15358897417550102,1.7193647651441806+0.010858847526397753i,1.7193647651441807E12+1.0858847526397753E10i,79.16884185750014
0.15358897417550102,1.8942688347266439+0.08385022349605672i,1.8942688347266438E12+8.385022349605673E10i,11.295550302353854
0.15358897417550102,2.0187272408731416+0.001899963313938537i,2.0187272408731416E12+1.8999633139385371E9i,531.2542684543768
0.15358897417550102,2.173619533528072+0.021309014944442546i,2.1736195335280718E12+2.1309014944442547E10i,51.00234664049917
0.15358897417550102,2.210219643684207+2.585507892456614E-4i,2.210219643684207E12+2.585507892456614E8i,4274.246561251399
0.15358897417550102,2.267881579576654+7.267502928527377E-4i,2.267881579576654E12+7.267502928527377E8i,1560.2894156908153
0.15358897417550102,2.383026110985525+1.1603631391856528E-5i,2.383026110985525E12+1.1603631391856529E7i,102684.49722808074
0.15358897417550102,2.4340532064773255+0.07765235948008559i,2.4340532064773257E12+7.765235948008559E10i,15.67275754899343
0.15358897417550102,2.4998963877694305+0.004199157683442631i,2.4998963877694307E12+4.199157683442631E9i,297.66641029301854
0.15358897417550102,2.607468901795285+0.003168923526964952i,2.607468901795285E12+3.168923526964952E9i,411.4124054442863
0.15358897417550102,2.6878933279607837+0.0077063619768303875i,2.6878933279607837E12+7.706361976830388E9i,174.39443774131598
0.15358897417550102,2.7115824665210133+0.029839710528581625i,2.711582466521013E12+2.9839710528581627E10i,45.43580380787801
0.15446163880149816,0.607914109124285+0.050914667024240905i,6.07914109124285E11+5.0914667024240906E10i,5.969931108798688
0.15446163880149816,0.9920116611124847+0.07971211001777256i,9.920116611124847E11+7.971211001777257E10i,6.222465199398852
0.15446163880149816,1.145887671597214+0.001792252502656293i,1.1458876715972139E12+1.792252502656293E9i,319.6780782559647
0.15446163880149816,1.278760999987507+0.39198233933075355i,1.2787609999875068E12+3.9198233933075354E11i,1.6311461916508592
0.15446163880149816,1.29048611444072+0.4772740654962528i,1.29048611444072E12+4.772740654962528E11i,1.3519340434923044
0.15446163880149816,1.3175463676786494+0.0033021009586429897i,1.3175463676786494E12+3.3021009586429896E9i,199.50122424786488
0.15446163880149816,1.477438239931468+0.06717368824478832i,1.477438239931468E12+6.717368824478833E10i,10.997149914915495
0.15446163880149816,1.591067425486305+0.025691194730480392i,1.5910674254863052E12+2.5691194730480392E10i,30.96522840174966
0.15446163880149816,1.7197341910462831+0.010810631223300386i,1.7197341910462832E12+1.0810631223300386E10i,79.53902762586624
0.15446163880149816,1.8942155233971514+0.08382671851248583i,1.8942155233971514E12+8.382671851248582E10i,11.298399585539137
0.15446163880149816,2.01858830191069+0.0019230011108890984i,2.0185883019106902E12+1.9230011108890984E9i,524.853649454575
0.15446163880149816,2.1734977407218063+0.021343398754321757i,2.1734977407218064E12+2.134339875432176E10i,50.91732965635807
0.15446163880149816,2.209749152376192+2.654727071746719E-4i,2.209749152376192E12+2.654727071746719E8i,4161.913998417647
0.15446163880149816,2.268007209747575+7.359761490870052E-4i,2.268007209747575E12+7.359761490870051E8i,1540.8156993681716
0.15446163880149816,2.3835112723596374+1.1603002560449464E-5i,2.3835112723596377E12+1.1603002560449464E7i,102710.96899022437
0.15446163880149816,2.434044744709903+0.07757329808553307i,2.4340447447099033E12+7.757329808553307E10i,15.688676418180016
0.15446163880149816,2.4995283232413534+0.004236109147306547i,2.4995283232413535E12+4.236109147306547E9i,295.0264306610977
0.15446163880149816,2.607481473469003+0.003181105297519914i,2.607481473469003E12+3.181105297519914E9i,409.83891283037286
0.15446163880149816,2.688247197676619+0.0077959449953467815i,2.688247197676619E12+7.795944995346782E9i,172.4131711602103
0.15446163880149816,2.711604684886621+0.029765587365276992i,2.711604684886621E12+2.9765587365276993E10i,45.54932263909967
0.15533430342749532,0.6081403164907239+0.05080862907023098i,6.081403164907239E11+5.080862907023098E10i,5.984616467904624
0.15533430342749532,0.9921148462778455+0.07959484521042073i,9.921148462778456E11+7.959484521042073E10i,6.232280769282505
0.15533430342749532,1.1454082801396706+0.0017882860178736917i,1.1454082801396707E12+1.7882860178736918E9i,320.25309952979006
0.15533430342749532,1.279108224159463+0.3918889599788681i,1.279108224159463E12+3.918889599788681E11i,1.6319778748404095
0.15533430342749532,1.2908517868266354+0.4771778169012631i,1.2908517868266355E12+4.771778169012631E11i,1.3525898953237976
0.15533430342749532,1.3180246447148087+0.003314069407180242i,1.3180246447148088E12+3.314069407180242E9i,198.8529029988305
0.15533430342749532,1.4773046590536627+0.06701805158524476i,1.4773046590536628E12+6.701805158524477E10i,11.021692097199958
0.15533430342749532,1.590829278675735+0.02587368713554724i,1.590829278675735E12+2.587368713554724E10i,30.742222210960662
0.15533430342749532,1.7201038826043973+0.010762790248755542i,1.7201038826043972E12+1.0762790248755543E10i,79.90975587409993
0.15533430342749532,1.8941618637361883+0.08380305740356088i,1.8941618637361885E12+8.380305740356088E10i,11.301269443038862
0.15533430342749532,2.0184489247165747+0.0019461995488164532i,2.0184489247165747E12+1.9461995488164532E9i,518.5616567283809
0.15533430342749532,2.173375175627771+0.021377737623068615i,2.173375175627771E12+2.1377737623068615E10i,50.83267495252847
0.15533430342749532,2.2092786576388894+2.725765076545874E-4i,2.2092786576388896E12+2.725765076545874E8i,4052.584495723522
0.15533430342749532,2.268133582559278+7.452647861120785E-4i,2.268133582559278E12+7.452647861120784E8i,1521.6964660250158
0.15533430342749532,2.3839963611205155+1.160255377967712E-5i,2.3839963611205156E12+1.1602553779677121E7i,102735.8461934601
0.15533430342749532,2.4340363296922587+0.07749368771588147i,2.434036329692259E12+7.749368771588147E10i,15.704739324164528
0.15533430342749532,2.4991598740262315+0.004273343186745581i,2.4991598740262314E12+4.273343186745581E9i,292.4127275545939
0.15533430342749532,2.607493183754909+0.003193633000813733i,2.607493183754909E12+3.193633000813733E9i,408.23306608657344
0.15533430342749532,2.688603469106908+0.007886563755540869i,2.688603469106908E12+7.886563755540869E9i,170.45468422276903
0.15533430342749532,2.7116257384190714+0.029690283442030375i,2.7116257384190713E12+2.9690283442030376E10i,45.66520464032384
0.15620696805349252,0.6083676448018103+0.05070222877185364i,6.083676448018103E11+5.070222877185364E10i,5.999417180843279
0.15620696805349252,0.9922186409597393+0.0794770810170899i,9.922186409597394E11+7.94770810170899E10i,6.24216836012374
0.15620696805349252,1.1449289638659044+0.00178432915657092i,1.1449289638659043E12+1.78432915657092E9i,320.82896803250156
0.15620696805349252,1.279457351796474+0.3917950194378238i,1.279457351796474E12+3.917950194378238E11i,1.632814722392762
0.15620696805349252,1.2912193377994956+0.47708109917886266i,1.2912193377994956E12+4.770810991788627E11i,1.3532493113035735
0.15620696805349252,1.3185028518970712+0.003326123184004724i,1.3185028518970713E12+3.326123184004724E9i,198.20415224513204
0.15620696805349252,1.477169730298034+0.06686150115117298i,1.477169730298034E12+6.686150115117298E10i,11.046489421155625
0.15620696805349252,1.5905921352475314+0.026056527736221653i,1.5905921352475315E12+2.6056527736221653E10i,30.521951185315082
0.15620696805349252,1.7204738348974289+0.010715320495904675i,1.720473834897429E12+1.0715320495904676E10i,80.28102545112777
0.15620696805349252,1.8941078549931951+0.08377923984698075i,1.894107854993195E12+8.377923984698076E10i,11.30415994733721
0.15620696805349252,2.018309113978233+0.001969559073984139i,2.0183091139782332E12+1.9695590739841392E9i,512.3758765700486
0.15620696805349252,2.173251840563926+0.021412026216587967i,2.1732518405639263E12+2.1412026216587967E10i,50.7483929493861
0.15620696805349252,2.2088081619267217+2.798662087200445E-4i,2.2088081619267217E12+2.798662087200445E8i,3946.185879368228
0.15620696805349252,2.2682606915571304+7.546162633176152E-4i,2.2682606915571304E12+7.546162633176152E8i,1502.9232749271055
0.15620696805349252,2.384481376368303+1.1602319488188138E-5i,2.3844813763683027E12+1.1602319488188138E7i,102758.82244045463
0.15620696805349252,2.434027963910006+0.0774135257810776i,2.434027963910006E12+7.74135257810776E10i,15.72094759508397
0.15620696805349252,2.4987910443509804+0.004310864045847446i,2.4987910443509805E12+4.3108640458474455E9i,289.8248492385195
0.15620696805349252,2.6075040388011517+0.003206504246671705i,2.607504038801152E12+3.2065042466717052E9i,406.5960682116194
0.15620696805349252,2.6889621951284326+0.00797824423102336i,2.6889621951284326E12+7.97824423102336E9i,168.51841816727153
0.15620696805349252,2.711645561100995+0.029613773620109973i,2.711645561100995E12+2.9613773620109974E10i,45.78351945088795
0.15707963267948966,0.608596091440819+0.05059546953126764i,6.085960914408191E11+5.059546953126764E10i,6.0143338630814664
0.15707963267948966,0.9923230453358185+0.07935881992910775i,9.923230453358185E11+7.935881992910774E10i,6.252128284053829
0.15707963267948966,1.144449723451579+0.0017803818080063363i,1.1444497234515789E12+1.7803818080063362E9i,321.40570025626374
0.15707963267948966,1.279808382277006+0.3917005176629375i,1.279808382277006E12+3.917005176629375E11i,1.6336567410134175
0.15707963267948966,1.2915887644775776+0.47698391329270495i,1.2915887644775776E12+4.7698391329270496E11i,1.3539122897893037
0.15707963267948966,1.3189809888543411+0.0033382636453568987i,1.318980988854341E12+3.338263645356899E9i,197.5549460703735
0.15707963267948966,1.4770334426124312+0.06670404142826267i,1.4770334426124312E12+6.6704041428262665E10i,11.071543874900874
0.15707963267948966,1.5903560097401876+0.026239714248335096i,1.5903560097401877E12+2.62397142483351E10i,30.304369832097073
0.15707963267948966,1.7208440430983443+0.010668217917002901i,1.7208440430983442E12+1.0668217917002901E10i,80.65283520107327
0.15707963267948966,1.8940534964144267+0.08375526552076024i,1.8940534964144268E12+8.375526552076024E10i,11.307071171214613
0.15707963267948966,2.0181688743836768+0.0019930801327080407i,2.0181688743836768E12+1.9930801327080407E9i,506.29396211018053
0.15707963267948966,2.1731277379967913+0.021446259144318913i,2.1731277379967913E12+2.1446259144318913E10i,50.66449405868646
0.15707963267948966,2.2083376674321435+2.8734588680392917E-4i,2.2083376674321436E12+2.8734588680392915E8i,3842.6470829196273
0.15707963267948966,2.2683885304101357+7.640306368201698E-4i,2.2683885304101357E12+7.640306368201698E8i,1484.4879387631463
0.15707963267948966,2.3849663171924993+1.1602336561943547E-5i,2.3849663171924995E12+1.1602336561943548E7i,102779.56963493676
0.15707963267948966,2.434019649901291+0.07733280964955225i,2.434019649901291E12+7.733280964955225E10i,15.737302581734038
0.15707963267948966,2.498421838311293+0.0043486760012708455i,2.498421838311293E12+4.348676001270845E9i,287.26235727623316
0.15707963267948966,2.6075140447629104+0.0032197166234581758i,2.6075140447629106E12+3.2197166234581757E9i,404.9291210544918
0.15707963267948966,2.68932343280334+0.00807101297783501i,2.6893234328033403E12+8.071012977835011E9i,166.60383524279325
0.15707963267948966,2.7116640828113447+0.029536032203593472i,2.7116640828113447E12+2.953603220359347E10i,45.90433921726008
0.15795229730548685,0.6088256537768737+0.050488354755424285i,6.088256537768737E11+5.0488354755424286E10i,6.029367135512211
0.15795229730548685,0.9924280595773523+0.07924006444556221i,9.924280595773523E11+7.924006444556221E10i,6.262160855883382
0.15795229730548685,1.1439705595705578+0.0017764438660939758i,1.1439705595705579E12+1.7764438660939758E9i,321.9833121116028
0.15795229730548685,1.280161314980602+0.39160545462396185i,1.280161314980602E12+3.9160545462396185E11i,1.634503937400302
0.15795229730548685,1.2919600639686697+0.4768862602052714i,1.2919600639686697E12+4.768862602052714E11i,1.3545788291452945
0.15795229730548685,1.3194590552240195+0.0033504921652960764i,1.3194590552240195E12+3.3504921652960763E9i,196.90525900803317
0.15795229730548685,1.476895784935892+0.0665456771027124i,1.4768957849358918E12+6.65456771027124E10i,11.096857446174317
0.15795229730548685,1.5901209165975663+0.026423244098344897i,1.5901209165975664E12+2.64232440983449E10i,30.08943395972277
0.15795229730548685,1.7212145024714258+0.0106214785226962i,1.7212145024714258E12+1.0621478522696201E10i,81.02518396066507
0.15795229730548685,1.8939987872430237+0.08373113410329555i,1.8939987872430237E12+8.373113410329555E10i,11.310003187741836
0.15795229730548685,2.0180282106213046+0.0020167631712914524i,2.0180282106213047E12+2.0167631712914524E9i,500.31363110648294
0.15795229730548685,2.1730028705458877+0.02148043096057167i,2.173002870545888E12+2.148043096057167E10i,50.580988680686524
0.15795229730548685,2.2078671760875817+2.9501967538041695E-4i,2.2078671760875815E12+2.950196753804169E8i,3741.8981856729024
0.15795229730548685,2.26851709290472+7.735079595836621E-4i,2.26851709290472E12+7.735079595836622E8i,1466.3825141022087
0.15795229730548685,2.385451182671472+1.1602644467143109E-5i,2.385451182671472E12+1.1602644467143109E7i,102797.73673263454
0.15795229730548685,2.4340113902581346+0.0772515366476656i,2.434011390258135E12+7.72515366476656E10i,15.753805657998429
0.15795229730548685,2.4980522598723507+0.0043867833626004245i,2.4980522598723506E12+4.386783362600425E9i,284.72482607296337
0.15795229730548685,2.607523207799903+0.003233267699454853i,2.6075232077999033E12+3.233267699454853E9i,403.23342361035344
0.15795229730548685,2.689687243731046+0.008164897104910045i,2.6896872437310464E12+8.164897104910045E9i,164.7104188314618
0.15795229730548685,2.7116812289744456+0.029457032967438984i,2.711681228974446E12+2.9457032967438984E10i,46.027738638373144
0.158824961931484,0.6090563291642118+0.050380887855892786i,6.090563291642118E11+5.0380887855892784E10i,6.044517624484199
0.158824961931484,0.9925336838492541+0.07912081707319053i,9.925336838492542E11+7.912081707319054E10i,6.272266393123273
0.158824961931484,1.143491472894867+0.0017725152292671637i,1.1434914728948672E12+1.7725152292671638E9i,322.561818937837
0.158824961931484,1.280516149288135+0.3915098303055409i,1.280516149288135E12+3.915098303055409E11i,1.6353563182421225
0.158824961931484,1.2923332333703073+0.4767881408775959i,1.2923332333703074E12+4.7678814087759595E11i,1.3552489277434474
0.158824961931484,1.3199370506522559+0.003362810136229858i,1.3199370506522559E12+3.362810136229858E9i,196.255066028211
0.158824961931484,1.4767567462039313+0.06638641306377978i,1.4767567462039314E12+6.6386413063779785E10i,11.12243212165386
0.158824961931484,1.5898868701659683+0.02660711442104598i,1.5898868701659683E12+2.6607114421045982E10i,29.87710063193441
0.158824961931484,1.7215852083696794+0.010575098381214048i,1.7215852083696794E12+1.0575098381214048E10i,81.39807055733684
0.158824961931484,1.893943726718988+0.0837068452733817i,1.893943726718988E12+8.37068452733817E10i,11.312956070280022
0.158824961931484,2.017887127379728+0.0020406086359629934i,2.017887127379728E12+2.0406086359629934E9i,494.43266381832626
0.158824961931484,2.172877240988298+0.021514536165989376i,2.172877240988298E12+2.1514536165989376E10i,50.49788720110144
0.158824961931484,2.2073966895669+3.0289176345729045E-4i,2.2073966895669004E12+3.028917634572905E8i,3643.870444628575
0.158824961931484,2.2686463729388677+7.830482815175647E-4i,2.2686463729388677E12+7.830482815175648E8i,1448.5992923336612
0.158824961931484,2.3859359718719286+1.1603285439419561E-5i,2.3859359718719287E12+1.1603285439419562E7i,102812.94829506848
0.158824961931484,2.434003187627848+0.07716970405916111i,2.434003187627848E12+7.716970405916112E10i,15.770458221284951
0.158824961931484,2.497682312869522+0.004425190472735248i,2.497682312869522E12+4.425190472735249E9i,282.2118424346244
0.158824961931484,2.6075315340739267+0.003247155024162558i,2.607531534073927E12+3.247155024162558E9i,401.5101703908346
0.158824961931484,2.6900536944380264+0.008259924233359752i,2.6900536944380264E12+8.259924233359753E9i,162.83767371458308
0.158824961931484,2.7116969201710255+0.029376749196841564i,2.7116969201710254E12+2.9376749196841564E10i,46.15379499618993
0.15969762655748115,0.609288114942526+0.05027307224848421i,6.09288114942526E11+5.027307224848421E10i,6.059785961866462
0.15969762655748115,0.9926399183100021+0.07900108032616149i,9.926399183100021E11+7.900108032616148E10i,6.282445216013621
0.15969762655748115,1.1430124640949029+0.0017685958005315063i,1.1430124640949028E12+1.7685958005315063E9i,323.14123547941244
0.15969762655748115,1.2808728845814623+0.3914136447072379i,1.2808728845814624E12+3.914136447072379E11i,1.6362138902177328
0.15969762655748115,1.2927082697697592+0.4766895562694763i,1.2927082697697593E12+4.766895562694763E11i,1.3559225839625708
0.15969762655748115,1.3204149747939706+0.0033752189695226958i,1.3204149747939707E12+3.375218969522696E9i,195.60434252073077
0.15969762655748115,1.4766163153540555+0.06622625440617844i,1.4766163153540554E12+6.622625440617844E10i,11.148269886272608
0.15969762655748115,1.58965388469106+0.02679132205732769i,1.58965388469106E12+2.679132205732769E10i,29.667328123814517
0.15969762655748115,1.7219561562322936+0.010529073617613856i,1.7219561562322937E12+1.0529073617613855E10i,81.77149380699889
0.15969762655748115,1.8938883140792484+0.0836823987102813i,1.8938883140792485E12+8.36823987102813E10i,11.315929892474292
0.15969762655748115,2.0177456293475857+0.0020646169728105773i,2.0177456293475857E12+2.0646169728105774E9i,488.6489009631686
0.15969762655748115,2.1727508522633294+0.021548569209236985i,2.1727508522633296E12+2.1548569209236984E10i,50.415199987662305
0.15969762655748115,2.206926209286426+3.109663938961537E-4i,2.2069262092864263E12+3.109663938961537E8i,3548.4963208330205
0.15969762655748115,2.2687763645165897+7.926516495800577E-4i,2.26877636451659E12+7.926516495800577E8i,1431.13079100925
0.15969762655748115,2.3864206838484163+1.1604304650003174E-5i,2.3864206838484165E12+1.1604304650003174E7i,102824.80320127426
0.15969762655748115,2.433995044714502+0.07708730912463853i,2.433995044714502E12+7.708730912463853E10i,15.787261692966215
0.15969762655748115,2.4973120010089755+0.004463901708246983i,2.4973120010089756E12+4.463901708246983E9i,279.7230051453904
0.15969762655748115,2.607539029746577+0.003261376129585593i,2.6075390297465767E12+3.261376129585593E9i,399.7605498630272
0.15969762655748115,2.6904228568103417+0.008356122441822345i,2.690422856810342E12+8.356122441822346E9i,160.98512650705013
0.15969762655748115,2.711711071706455+0.029295153740633077i,2.711711071706455E12+2.9295153740633076E10i,46.28258816654113
0.16057029118347835,0.6095210084371241+0.05016491135343185i,6.095210084371241E11+5.0164911353431854E10i,6.075172785044959
0.16057029118347835,0.9927467631114009+0.0788808567260878i,9.927467631114009E11+7.88808567260878E10i,6.292697647533762
0.16057029118347835,1.1425335338393992+0.0017646854873015112i,1.1425335338393992E12+1.7646854873015113E9i,323.7215759014705
0.16057029118347835,1.2812315202436926+0.391316897843914i,1.2812315202436926E12+3.91316897843914E11i,1.6370766599948134
0.16057029118347835,1.2930851702442705+0.4765905073390984i,1.2930851702442705E12+4.7659050733909845E11i,1.356599796189634
0.16057029118347835,1.320892827313024+0.0033877200960094546i,1.3208928273130242E12+3.3877200960094547E9i,194.9530642848803
0.16057029118347835,1.4764744813313202+0.06606520643230238i,1.4764744813313203E12+6.606520643230238E10i,11.174372722533434
0.16057029118347835,1.5894219743144817+0.02697586355216517i,1.5894219743144817E12+2.6975863552165173E10i,29.460075879330088
0.16057029118347835,1.7223273415822142+0.010483400413009393i,1.7223273415822144E12+1.0483400413009394E10i,82.14545251199645
0.16057029118347835,1.8938325485576597+0.08365779409375387i,1.8938325485576597E12+8.365779409375388E10i,11.318924728252298
0.16057029118347835,2.0176037212133733+0.0020887886277158214i,2.0176037212133733E12+2.0887886277158213E9i,482.9602417501929
0.16057029118347835,2.172623707477284+0.02158252448880869i,2.1726237074772842E12+2.158252448880869E10i,50.332937386538525
0.16057029118347835,2.2064557364055526+3.192478615619709E-4i,2.2064557364055527E12+3.192478615619709E8i,3455.709500464807
0.16057029118347835,2.2689070617426985+8.02318107873521E-4i,2.2689070617426987E12+8.02318107873521E8i,1413.9697455889739
0.16057029118347835,2.3869053176427437+1.160575039709863E-5i,2.3869053176427437E12+1.160575039709863E7i,102832.87318670303
0.16057029118347835,2.433986964280391+0.0770043490409897i,2.433986964280391E12+7.70043490409897E10i,15.804217518836312
0.16057029118347835,2.496941327868263+0.0045029214797579036i,2.4969413278682627E12+4.502921479757904E9i,277.257924559958
0.16057029118347835,2.607545700976995+0.003275928531471352i,2.607545700976995E12+3.275928531471352E9i,397.9857429621398
0.16057029118347835,2.6907948085742777+0.008453520194561727i,2.690794808574278E12+8.453520194561728E9i,159.15232628800635
0.16057029118347835,2.711723593130825+0.029212219081875015i,2.711723593130825E12+2.9212219081875015E10i,46.41420060438576
0.16144295580947549,0.6097550069586637+0.050056408594762535i,6.097550069586637E11+5.0056408594762535E10i,6.090678737012539
0.16144295580947549,0.9928542183986535+0.07876014880185786i,9.928542183986536E11+7.876014880185786E10i,6.303024013428687
0.16144295580947549,1.1420546827955955+0.0017607842014161004i,1.1420546827955955E12+1.7607842014161005E9i,324.3028537730815
0.16144295580947549,1.2815920556589868+0.3912195897458285i,1.2815920556589868E12+3.912195897458285E11i,1.6379446342291097
0.16144295580947549,1.2934639318610501+0.47649099504322545i,1.29346393186105E12+4.7649099504322546E11i,1.3572805628191482
0.16144295580947549,1.3213706078823568+0.0034003149665761075i,1.321370607882357E12+3.4003149665761075E9i,194.30120751620987
0.16144295580947549,1.4763312330942975+0.06590327465433023i,1.4763312330942976E12+6.590327465433022E10i,11.20074260981578
0.16144295580947549,1.5891911530702256+0.027160735152657656i,1.5891911530702256E12+2.7160735152657658E10i,29.255304470555252
0.16144295580947549,1.7226987600237522+0.010438075003838152i,1.7226987600237522E12+1.0438075003838152E10i,82.5199454588276
0.16144295580947549,1.8937764293850323+0.08363303110410582i,1.8937764293850325E12+8.363303110410582E10i,11.321940651820167
0.16144295580947549,2.017461407665266+0.0021131240462876244i,2.017461407665266E12+2.1131240462876246E9i,477.36464198814537
0.16144295580947549,2.172495809908305+0.021616396355079563i,2.1724958099083052E12+2.1616396355079563E10i,50.251109718336515
0.16144295580947549,2.205985271826963+3.2774051128377896E-4i,2.205985271826963E12+3.2774051128377897E8i,3365.4449112591974
0.16144295580947549,2.269038458817884+8.120476977405072E-4i,2.269038458817884E12+8.120476977405072E8i,1397.10910155364
0.16144295580947549,2.387389872283421+1.1607674310563545E-5i,2.387389872283421E12+1.1607674310563546E7i,102836.70132400168
0.16144295580947549,2.4339789491475923+0.0769208209608532i,2.4339789491475923E12+7.692082096085321E10i,15.821327169572855
0.16144295580947549,2.4965702968968295+0.004542254232286127i,2.4965702968968296E12+4.542254232286127E9i,274.8162222131169
0.16144295580947549,2.607551553919775+0.003290809730533167i,2.607551553919775E12+3.290809730533167E9i,396.1869216755518
0.16144295580947549,2.6911696338318825+0.008552146248481515i,2.6911696338318823E12+8.552146248481515E9i,157.33884545705212
0.16144295580947549,2.711734387704101+0.02912791742958881i,2.711734387704101E12+2.912791742958881E10i,46.54871729603055
0.16231562043547265,0.6099901078034556+0.0499475674008139i,6.099901078034557E11+4.99475674008139E10i,6.10630446632638
0.16231562043547265,0.99296228431027+0.0786389590895388i,9.9296228431027E11+7.86389590895388E10i,6.313424642229032
0.16231562043547265,1.1415759116291748+0.001756891859003577i,1.1415759116291748E12+1.756891859003577E9i,324.88508207802295
0.16231562043547265,1.2819544902125553+0.3911217204589117i,1.2819544902125552E12+3.911217204589117E11i,1.638817819563191
0.16231562043547265,1.2938445516775172+0.47639102033697855i,1.2938445516775173E12+4.763910203369786E11i,1.3579648822539803
0.16231562043547265,1.3218483161841952+0.0034130050527563416i,1.3218483161841953E12+3.4130050527563415E9i,193.64874879348204
0.16231562043547265,1.476186559620928+0.06574046479610285i,1.476186559620928E12+6.5740464796102844E10i,11.227381523688571
0.16231562043547265,1.5889614348807743+0.02734593280630057i,1.5889614348807744E12+2.734593280630057E10i,29.052975558300826
0.16231562043547265,1.7230704072403196+0.010393093681040123i,1.7230704072403196E12+1.0393093681040123E10i,82.89497141662817
0.16231562043547265,1.8937199557891713+0.08360810942224281i,1.8937199557891714E12+8.360810942224281E10i,11.324977737658141
0.16231562043547265,2.017318693390951+0.002137623673795661i,2.0173186933909507E12+2.1376236737956612E9i,471.860112264033
0.16231562043547265,2.172367163011394+0.02165017911250987i,2.1723671630113943E12+2.1650179112509872E10i,50.16972727389956
0.16231562043547265,2.205514816196446+3.3644873562848574E-4i,2.205514816196446E12+3.3644873562848574E8i,3277.638734585445
0.16231562043547265,2.2691705500340493+8.218404578512913E-4i,2.2691705500340493E12+8.218404578512913E8i,1380.5420068797869
0.16231562043547265,2.387874346785054+1.1610131560393632E-5i,2.387874346785054E12+1.1610131560393633E7i,102835.80054040728
0.16231562043547265,2.4339710021995553+0.07683672199206115i,2.433971002199555E12+7.683672199206116E10i,15.838592141209741
0.16231562043547265,2.4961989114164562+0.004581904445621798i,2.496198911416456E12+4.581904445621798E9i,272.3975304419191
0.16231562043547265,2.607556594722922+0.0033060172136069954i,2.607556594722922E12+3.3060172136069956E9i,394.36524770510414
0.16231562043547265,2.6915474236584536+0.008652029533646936i,2.6915474236584536E12+8.652029533646936E9i,155.54428086446518
0.16231562043547265,2.7117433517991567+0.02904222083700571i,2.7117433517991567E12+2.904222083700571E10i,46.68622566811149
0.16318828506146982,0.6102263082532988+0.049838391202962386i,6.102263082532988E11+4.983839120296239E10i,6.122050627278545
0.16318828506146982,0.9930709609778027+0.07851729013232103i,9.930709609778027E11+7.851729013232103E10i,6.323899865266828
0.16318828506146982,1.1410972210045167+0.0017530083805293154i,1.1410972210045168E12+1.7530083805293155E9i,325.4682731921584
0.16318828506146982,1.2823188232906557+0.39102329004498404i,1.2823188232906558E12+3.910232900449841E11i,1.639696222625429
0.16318828506146982,1.2942270267413667+0.4762905841737816i,1.2942270267413667E12+4.762905841737816E11i,1.358652752905513
0.16318828506146982,1.3223259519101298+0.003425791847325308i,1.32232595191013E12+3.4257918473253083E9i,192.99566506682794
0.16318828506146982,1.4760404499147854+0.06557678279502466i,1.4760404499147854E12+6.557678279502466E10i,11.254291435190485
0.16318828506146982,1.5887328335529312+0.02753145215924021i,1.5887328335529312E12+2.753145215924021E10i,28.853051854362768
0.16318828506146982,1.7234422789921457+0.010348452789371262i,1.7234422789921458E12+1.0348452789371262E10i,83.2705291346677
0.16318828506146982,1.893663126994883+0.08358302872971267i,1.893663126994883E12+8.358302872971268E10i,11.328036060517334
0.16318828506146982,2.0171755830774574+0.0021622879551002313i,2.0171755830774575E12+2.162287955100231E9i,466.4447161904375
0.16318828506146982,2.1722377704234432+0.021683867022077762i,2.172237770423443E12+2.1683867022077763E10i,50.08880030973594
0.16318828506146982,2.2050443699023763+3.4537697245834475E-4i,2.2050443699023765E12+3.4537697245834476E8i,3192.228413792588
0.16318828506146982,2.269303329769912+8.316964242944117E-4i,2.269303329769912E12+8.316964242944118E8i,1364.2618048377003
0.16318828506146982,2.3883587401477273+1.1613181097573143E-5i,2.3883587401477275E12+1.1613181097573142E7i,102829.65193089227
0.16318828506146982,2.433963126382713+0.07675204919705457i,2.433963126382713E12+7.675204919705457E10i,15.856013955625556
0.16318828506146982,2.495827174621717+0.004621876634632557i,2.495827174621717E12+4.621876634632557E9i,270.0014920259914
0.16318828506146982,2.6075608295259185+0.0033215484548147454i,2.6075608295259185E12+3.3215484548147454E9i,392.5218711992795
0.16318828506146982,2.691928276770601+0.008753199001470532i,2.691928276770601E12+8.753199001470531E9i,153.7682552583552
0.16318828506146982,2.7117503742342954+0.028955101352251208i,2.7117503742342954E12+2.895510135225121E10i,46.82681544168488
0.16406094968746698,0.6104636055757253+0.04972888343650364i,6.104636055757253E11+4.972888343650364E10i,6.137917879809188
0.16406094968746698,0.9931802485259352+0.07839514448040495i,9.931802485259353E11+7.839514448040495E10i,6.334450016698311
0.16406094968746698,1.1406186115845245+0.001749133690667008i,1.1406186115845244E12+1.749133690667008E9i,326.05243889321156
0.16406094968746698,1.2826850542804835+0.39092429858192645i,1.2826850542804836E12+3.9092429858192645E11i,1.640579850029033
0.16406094968746698,1.2946113540906472+0.47618968750534424i,1.2946113540906472E12+4.7618968750534424E11i,1.3593441731937106
0.16406094968746698,1.3228035147613837+0.0034386768649223103i,1.3228035147613838E12+3.4386768649223104E9i,192.34193364535136
0.16406094968746698,1.4758928930113369+0.06541223480347301i,1.475892893011337E12+6.541223480347301E10i,11.281474310162046
0.16406094968746698,1.5885053627735417+0.027717288554911332i,1.5885053627735417E12+2.771728855491133E10i,28.65549708490639
0.16406094968746698,1.7238143711141642+0.010304148726600992i,1.7238143711141643E12+1.0304148726600992E10i,83.64661734083856
0.16406094968746698,1.8936059422240195+0.083557788708757i,1.8936059422240195E12+8.3557788708757E10i,11.331115695415514
0.16406094968746698,2.0170320814109894+0.002187117334585589i,2.0170320814109895E12+2.187117334585589E9i,461.1165687169621
0.16406094968746698,2.1721076359684255+0.021717454303933504i,2.1721076359684255E12+2.1717454303933506E10i,50.00833904310344
0.16406094968746698,2.2045739330748315+3.545297022810869E-4i,2.2045739330748315E12+3.5452970228108686E8i,3109.1526589878604
0.16406094968746698,2.269436792486845+8.416156306555294E-4i,2.2694367924868447E12+8.416156306555294E8i,1348.2620271199062
0.16406094968746698,2.388843051356334+1.1616885879587774E-5i,2.388843051356334E12+1.1616885879587773E7i,102817.70330350798
0.16406094968746698,2.433955324708186+0.0766667995923523i,2.433955324708186E12+7.66667995923523E10i,15.873594161030946
0.16406094968746698,2.4954550895802616+0.004662175349641844i,2.4954550895802617E12+4.662175349641845E9i,267.6277598366143
0.16406094968746698,2.6075642644578996+0.0033374009166473604i,2.6075642644578994E12+3.3374009166473603E9i,390.65792956594646
0.16406094968746698,2.692312300274701+0.008855683432452301i,2.692312300274701E12+8.855683432452301E9i,152.01041911731653
0.16406094968746698,2.711755335525238+0.028866531209446943i,2.711755335525238E12+2.8866531209446945E10i,46.970578415701375
0.16493361431346415,0.6107019970235925+0.04961904753979762i,6.107019970235925E11+4.961904753979762E10i,6.153906889625106
0.16493361431346415,0.993290147072378+0.07827252469065814i,9.932901470723779E11+7.827252469065814E10i,6.3450754335443555
0.16493361431346415,1.1401400840309528+0.001745267718347894i,1.140140084030953E12+1.745267718347894E9i,326.6375903377829
0.16493361431346415,1.2830531825702434+0.39082474616417084i,1.2830531825702434E12+3.9082474616417084E11i,1.641468708369967
0.16493361431346415,1.294997530754005+0.4760883312815639i,1.294997530754005E12+4.760883312815639E11i,1.3600391415475892
0.16493361431346415,1.3232810044489602+0.0034516616426427246i,1.3232810044489602E12+3.4516616426427245E9i,191.68753218751266
0.16493361431346415,1.4757438779844778+0.06524682719035646i,1.4757438779844778E12+6.524682719035647E10i,11.308932108522466
0.16493361431346415,1.5882790361047932+0.027903437032665148i,1.5882790361047932E12+2.790343703266515E10i,28.460275955350497
0.16493361431346415,1.7241866795139236+0.010260177942795474i,1.7241866795139236E12+1.0260177942795475E10i,84.02323473954068
0.16493361431346415,1.8935484006954841+0.08353238904233876i,1.8935484006954841E12+8.353238904233876E10i,11.334216717635902
0.16493361431346415,2.016888193076769+0.0022121122560885575i,2.016888193076769E12+2.2121122560885577E9i,455.8738345049038
0.16493361431346415,2.1719767636626623+0.021750935140274742i,2.1719767636626626E12+2.1750935140274742E10i,49.92835364675791
0.16493361431346415,2.2041035055843925+3.63911445378388E-4i,2.2041035055843926E12+3.63911445378388E8i,3028.3514486506588
0.16493361431346415,2.2695709327249527+8.515981081035735E-4i,2.2695709327249526E12+8.515981081035734E8i,1332.5363872514158
0.16493361431346415,2.3893272793799207+1.162131314525895E-5i,2.389327279379921E12+1.162131314525895E7i,102799.3674000031
0.16493361431346415,2.4339476002535023+0.07658097014796246i,2.4339476002535024E12+7.658097014796246E10i,15.891334332477511
0.16493361431346415,2.4950826592331725+0.004702805176713631i,2.4950826592331724E12+4.702805176713631E9i,265.2759965039379
0.16493361431346415,2.6075669056358937+0.003353572051060081i,2.6075669056358936E12+3.353572051060081E9i,388.7745463544802
0.16493361431346415,2.6926996105069767+0.008959511194001837i,2.6926996105069766E12+8.959511194001837E9i,150.27045294109737
0.16493361431346415,2.711758107045458+0.028776483069715617i,2.711758107045458E12+2.877648306971562E10i,47.117608160729574
0.16580627893946132,0.610941479835843+0.0495088869544559i,6.10941479835843E11+4.95088869544559E10i,6.170018328202963
0.16580627893946132,0.9934006567277845+0.0781494333269108i,9.934006567277845E11+7.81494333269108E10i,6.355776455679727
0.16580627893946132,1.139661639004243+0.001741410396552794i,1.1396616390042432E12+1.741410396552794E9i,327.2237380861681
0.16580627893946132,1.283423207548953+0.39072463290239534i,1.283423207548953E12+3.907246329023953E11i,1.642362804227853
0.16580627893946132,1.2953855537506056+0.4759865164504657i,1.2953855537506057E12+4.759865164504657E11i,1.360737656405244
0.16580627893946132,1.3237584206938044+0.003464747740686734i,1.3237584206938044E12+3.464747740686734E9i,191.03243868937878
0.16580627893946132,1.475593393953095+0.06508056654220237i,1.475593393953095E12+6.508056654220237E10i,11.336666783595273
0.16580627893946132,1.588053866979514+0.02808989232665282i,1.588053866979514E12+2.808989232665282E10i,28.267354116425437
0.16580627893946132,1.7245592001695051+0.010216536939571245i,1.7245592001695051E12+1.0216536939571245E10i,84.40038000987639
0.16580627893946132,1.89349050162529+0.08350682941421975i,1.89349050162529E12+8.350682941421974E10i,11.33733920271952
0.16580627893946132,2.0167439227588693+0.0022372731628279617i,2.0167439227588694E12+2.237273162827962E9i,450.7147263612775
0.16580627893946132,2.1718451577201705+0.02178430367845508i,2.1718451577201707E12+2.1784303678455082E10i,49.84885424334563
0.16580627893946132,2.2036330870406244+3.7352675867694256E-4i,2.2036330870406245E12+3.735267586769426E8i,2949.7660286053456
0.16580627893946132,2.269705745099348+8.616438854663627E-4i,2.269705745099348E12+8.616438854663627E8i,1317.078774295993
0.16580627893946132,2.3898114231709466+1.1626534686614264E-5i,2.389811423170947E12+1.1626534686614264E7i,102774.02027288314
0.16580627893946132,2.4339399561643993+0.07649455778682242i,2.4339399561643994E12+7.649455778682242E10i,15.909236072371217
0.16580627893946132,2.4947098863951584+0.004743770737981794i,2.4947098863951587E12+4.743770737981794E9i,262.9458740934555
0.16580627893946132,2.6075687591631485+0.00337005930049774i,2.6075687591631484E12+3.37005930049774E9i,386.8728302166707
0.16580627893946132,2.6930903339779753+0.009064709936027614i,2.693090333977975E12+9.064709936027615E9i,148.54807009732932
0.16580627893946132,2.7117585500820987+0.02868493032456971i,2.7117585500820986E12+2.868493032456971E10i,47.26799959767336
0.16667894356545848,0.6111820512367074+0.04939840512500426i,6.111820512367074E11+4.9398405125004265E10i,6.186252872841657
0.16667894356545848,0.9935117775956083+0.07802587295961702i,9.935117775956083E11+7.802587295961702E10i,6.366553425873294
0.16667894356545848,1.1391832771637496+0.0017375616624636814i,1.1391832771637495E12+1.7375616624636815E9i,327.8108920602295
0.16667894356545848,1.2837951286065419+0.39062395892434587i,1.283795128606542E12+3.906239589243459E11i,1.6432621441625155
0.16667894356545848,1.2957754200905214+0.47588424395810774i,1.2957754200905215E12+4.758842439581077E11i,1.3614397162144636
0.16667894356545848,1.3242357632270643+0.003477936742995995i,1.3242357632270642E12+3.477936742995995E9i,190.37663147466122
0.16667894356545848,1.475441430087989+0.06491345966416533i,1.475441430087989E12+6.491345966416532E10i,11.364680281418496
0.16667894356545848,1.5878298686960082+0.028276648864915224i,1.5878298686960083E12+2.8276648864915226E10i,28.076698131406538
0.16667894356545848,1.724931929127629+0.010173222269357567i,1.7249319291276292E12+1.0173222269357567E10i,84.77805180386359
0.16667894356545848,1.8934322442265523+0.08348110950898012i,1.8934322442265522E12+8.348110950898012E10i,11.340483226464992
0.16667894356545848,2.0165992751400563+0.002262600497333085i,2.0165992751400564E12+2.262600497333085E9i,445.637503730113
0.16667894356545848,2.17171282255815+0.021817554034367945i,2.1717128225581501E12+2.1817554034367947E10i,49.76985089935322
0.16667894356545848,2.203162676790268+3.833802323970372E-4i,2.203162676790268E12+3.833802323970372E8i,2873.338908236436
0.16667894356545848,2.2698412242966466+8.717529893070173E-4i,2.2698412242966465E12+8.717529893070173E8i,1301.88324682489
0.16667894356545848,2.3902954816645563+1.1632627141554437E-5i,2.390295481664556E12+1.1632627141554438E7i,102740.99962878838
0.16667894356545848,2.433932395656647+0.07640755938422737i,2.433932395656647E12+7.640755938422737E10i,15.92730101099838
0.16667894356545848,2.4943367737548066+0.004785076691942537i,2.4943367737548066E12+4.785076691942537E9i,260.63707379601186
0.16667894356545848,2.6075698311275457+0.0033868600989073916i,2.607569831127546E12+3.3868600989073915E9i,384.9538739389846
0.16667894356545848,2.6934846084367168+0.009171306208941741i,2.693484608436717E12+9.171306208941742E9i,146.84302034374625
0.16667894356545848,2.711756514772085+0.028591847476830926i,2.711756514772085E12+2.8591847476830925E10i,47.42184843021294
0.16755160819145565,0.6114237084364781+0.04928760549852832i,6.114237084364781E11+4.928760549852832E10i,6.202611206733655
0.16755160819145565,0.9936235097718569+0.07790184616568442i,9.936235097718569E11+7.790184616568442E10i,6.377406689814405
0.16755160819145565,1.1387049991677067+0.0017337214573202656i,1.1387049991677068E12+1.7337214573202655E9i,328.39906155621776
0.16755160819145565,1.2841689451336917+0.3905227243744918i,1.2841689451336917E12+3.905227243744918E11i,1.644166734715081
0.16755160819145565,1.2961671267746686+0.47578151474859726i,1.2961671267746687E12+4.757815147485973E11i,1.362145319432558
0.16755160819145565,1.3247130317903173+0.003491230257936618i,1.3247130317903174E12+3.491230257936618E9i,189.72008918329658
0.16755160819145565,1.4752879756186281+0.06474551358084314i,1.4752879756186282E12+6.474551358084314E10i,11.392974540054738
0.16755160819145565,1.5876070544129124+0.028463700768564623i,1.5876070544129124E12+2.8463700768564625E10i,27.88827544460187
0.16755160819145565,1.7253048625017087+0.01013023053467235i,1.7253048625017087E12+1.013023053467235E10i,85.15624874461516
0.16755160819145565,1.8933736277095474+0.08345522901210335i,1.8933736277095474E12+8.345522901210335E10i,11.343648864919867
0.16755160819145565,2.0164542549016367+0.002288094701371916i,2.0164542549016365E12+2.288094701371916E9i,440.6404712384923
0.16755160819145565,2.171579762802481+0.021850680296070155i,2.171579762802481E12+2.1850680296070156E10i,49.69135361870265
0.16755160819145565,2.202692273915142+3.9347648641937524E-4i,2.202692273915142E12+3.9347648641937524E8i,2799.013854626459
0.16755160819145565,2.2699773650716257+8.819254440003383E-4i,2.269977365071626E12+8.819254440003383E8i,1286.9440271363546
0.16755160819145565,2.390779453777802+1.163967231449493E-5i,2.3907794537778022E12+1.163967231449493E7i,102699.60309795642
0.16755160819145565,2.433924922017951+0.07631997176724363i,2.433924922017951E12+7.631997176724364E10i,15.9455308070658
0.16755160819145565,2.4939633238746692+0.004826727733726743i,2.4939633238746694E12+4.826727733726743E9i,258.3492856296938
0.16755160819145565,2.607570127600091+0.0034039718727114205i,2.607570127600091E12+3.4039718727114205E9i,383.01875354848937
0.16755160819145565,2.693882584071281+0.009279324984968272i,2.6938825840712812E12+9.279324984968273E9i,145.15509417092002
0.16755160819145565,2.711751838901886+0.028497210618339378i,2.711751838901886E12+2.849721061833938E10i,47.57925039085647
0.1684242728174528,0.6116664486311688+0.04917649152478303i,6.116664486311688E11+4.9176491524783035E10i,6.219094018967506
0.1684242728174528,0.9937358533455732+0.07777735552853532i,9.937358533455732E11+7.777735552853532E10i,6.3883365961252485
0.1684242728174528,1.1382268056732785+0.001729889726348762i,1.1382268056732786E12+1.729889726348762E9i,328.98825524436967
0.1684242728174528,1.2845446565218308+0.390420929414734i,1.2845446565218308E12+3.90420929414734E11i,1.645076582404849
0.1684242728174528,1.2965606707949375+0.4756783297638992i,1.2965606707949375E12+4.756783297638992E11i,1.3628544645269836
0.1684242728174528,1.3251902261357802+0.0035046299189553693i,1.3251902261357803E12+3.5046299189553695E9i,189.06279076262376
0.1684242728174528,1.4751330198404244+0.06457673553677253i,1.4751330198404246E12+6.457673553677253E10i,11.421551488929213
0.1684242728174528,1.5873854371436624+0.028651041851331494i,1.5873854371436624E12+2.8651041851331493E10i,27.7020543507721
0.1684242728174528,1.7256779964699738+0.010087558387403873i,1.7256779964699739E12+1.0087558387403873E10i,85.53496942455334
0.1684242728174528,1.8933146512817216+0.08342918760997745i,1.8933146512817217E12+8.342918760997745E10i,11.346836194382988
0.1684242728174528,2.0163088667233+0.002313756215876557i,2.0163088667233E12+2.313756215876557E9i,435.7219772955704
0.1684242728174528,2.171445983293389+0.021883676527684765i,2.1714459832933887E12+2.1883676527684765E10i,49.61337233591256
0.1684242728174528,2.20222187722979+4.0382016638716776E-4i,2.20222187722979E12+4.0382016638716775E8i,2726.735884604611
0.1684242728174528,2.2701141622441035+8.92161271802115E-4i,2.2701141622441035E12+8.921612718021151E8i,1272.255495723661
0.1684242728174528,2.391263338408816+1.1647757509683288E-5i,2.391263338408816E12+1.1647757509683289E7i,102649.08659116806
0.1684242728174528,2.4339175386099328+0.07623179171414421i,2.4339175386099326E12+7.623179171414421E10i,15.963927148247379
0.1684242728174528,2.4935895391913956+0.0048687285953732526i,2.4935895391913955E12+4.868728595373253E9i,256.0822081519445
0.1684242728174528,2.607569654633495+0.0034213920417535907i,2.607569654633495E12+3.4213920417535906E9i,381.068527489913
0.1684242728174528,2.694284424865532+0.00938878905805337i,2.694284424865532E12+9.38878905805337E9i,143.48412815572158
0.1684242728174528,2.7117443465508897+0.02840099802898088i,2.7117443465508896E12+2.840099802898088E10i,47.740300249022546
0.16929693744344998,0.6119102690023979+0.04906506665585282i,6.119102690023978E11+4.906506665585282E10i,6.235702004589093
0.16929693744344998,0.9938488083980653+0.07765240363785196i,9.938488083980653E11+7.765240363785196E10i,6.399343496391205
0.16929693744344998,1.137748697336689+0.0017260664188969886i,1.137748697336689E12+1.7260664188969886E9i,329.5784811292912
0.16929693744344998,1.2849222621630731+0.3903185742243842i,1.2849222621630732E12+3.903185742243842E11i,1.6459916937291386
0.16929693744344998,1.2969560491343926+0.47557468994387064i,1.2969560491343926E12+4.7557468994387067E11i,1.3635671499753959
0.16929693744344998,1.3256673460265314+0.003518137385328358i,1.3256673460265315E12+3.518137385328358E9i,188.40471545468128
0.16929693744344998,1.4749765521218183+0.06440713299672535i,1.4749765521218184E12+6.440713299672535E10i,11.450413048169763
0.16929693744344998,1.587165029750829+0.028838665619209503i,1.587165029750829E12+2.8838665619209503E10i,27.518003965717725
0.16929693744344998,1.7260513272737439+0.010045202528114276i,1.726051327273744E12+1.0045202528114277E10i,85.91421240352855
0.16929693744344998,1.8932553141477224+0.08340298498998149i,1.8932553141477224E12+8.340298498998149E10i,11.350045291395407
0.16929693744344998,2.0161631152829744+0.0023395854808706006i,2.0161631152829746E12+2.3395854808706007E9i,430.88041274147525
0.16929693744344998,2.171311489091114+0.021916536773609368i,2.171311489091114E12+2.1916536773609367E10i,49.53591690877188
0.16929693744344998,2.2017514852788564+4.144159395228575E-4i,2.2017514852788564E12+4.1441593952285755E8i,2656.451255004655
0.16929693744344998,2.270251610695941+9.024604929178721E-4i,2.270251610695941E12+9.024604929178721E8i,1257.8121859693108
0.16929693744344998,2.3917471344359775+1.1656975890933898E-5i,2.3917471344359775E12+1.1656975890933897E7i,102588.66265204067
0.16929693744344998,2.4339102488701148+0.07614301595383084i,2.4339102488701147E12+7.614301595383084E10i,15.982491751744579
0.16929693744344998,2.4932154220157523+0.004911084046056215i,2.4932154220157524E12+4.911084046056215E9i,253.83554818389823
0.16929693744344998,2.6075684182607977+0.003439118020202891i,2.607568418260798E12+3.4391180202028913E9i,379.1042358742553
0.16929693744344998,2.6946903101343107+0.009499718291469797i,2.6946903101343105E12+9.499718291469797E9i,141.83001155697366
0.16929693744344998,2.7117338465564838+0.028303190928188088i,2.711733846556484E12+2.8303190928188087E10i,47.905090515002286
0.17016960206944712,0.6121551667178813+0.04895333434608356i,6.121551667178813E11+4.895333434608356E10i,6.252435864635398
0.17016960206944712,0.993962375003287+0.07752699308952492i,9.93962375003287E11+7.752699308952492E10i,6.410427745182255
0.17016960206944712,1.1372706748131816+0.0017222514881607524i,1.1372706748131816E12+1.7222514881607525E9i,330.16974658785443
0.17016960206944712,1.2853017614501614+0.39021565900036836i,1.2853017614501614E12+3.9021565900036835E11i,1.6469120751621966
0.17016960206944712,1.2973532587674173+0.475470596226231i,1.2973532587674172E12+4.75470596226231E11i,1.3642833742658302
0.17016960206944712,1.3261443912367945+0.0035317543427288898i,1.3261443912367944E12+3.53175434272889E9i,187.7458427943942
0.17016960206944712,1.4748185619116316+0.06423671364571915i,1.4748185619116316E12+6.423671364571915E10i,11.479561127968104
0.17016960206944712,1.5869458449403324+0.02902656527031445i,1.5869458449403325E12+2.902656527031445E10i,27.336094197877877
0.17016960206944712,1.7264248512156464+0.010003159705305716i,1.7264248512156465E12+1.0003159705305716E10i,86.29397620733496
0.17016960206944712,1.8931956155094434+0.08337662084052291i,1.8931956155094434E12+8.337662084052292E10i,11.353276232738061
0.17016960206944712,2.0160170052566664+0.0023655829353933784i,2.0160170052566665E12+2.3655829353933783E9i,426.1142095450182
0.17016960206944712,2.17117628548171+0.02194925506300856i,2.1711762854817097E12+2.194925506300856E10i,49.45899711058597
0.17016960206944712,2.2012810963342524+4.2526849013474244E-4i,2.2012810963342524E12+4.2526849013474244E8i,2588.1074514088696
0.17016960206944712,2.270389705368247+9.128231255709148E-4i,2.270389705368247E12+9.128231255709147E8i,1243.6087790546815
0.17016960206944712,2.3922308407169948+1.166742686590062E-5i,2.3922308407169946E12+1.166742686590062E7i,102517.49885437726
0.17016960206944712,2.433903056314027+0.07605364116525389i,2.4339030563140273E12+7.605364116525389E10i,16.00122636485936
0.17016960206944712,2.4928409745326023+0.0049537988923053595i,2.4928409745326025E12+4.95379889230536E9i,251.60902054428212
0.17016960206944712,2.607566424494101+0.003457147217434739i,2.607566424494101E12+3.457147217434739E9i,377.1268997952825
0.17016960206944712,2.6951004362621056+0.009612128673257472i,2.6951004362621055E12+9.612128673257471E9i,140.1926944528073
0.17016960206944712,2.7117201307754764+0.02820377441855584i,2.7117201307754766E12+2.820377441855584E10i,48.07370975480821
0.1710422666954443,0.6124011389310943+0.048841298051656074i,6.124011389310942E11+4.8841298051656075E10i,6.269296306205865
0.1710422666954443,0.9940765532275103+0.07740112648559741i,9.940765532275104E11+7.740112648559741E10i,6.421589700070356
0.1710422666954443,1.1367927387571963+0.0017184448913544327i,1.1367927387571963E12+1.7184448913544328E9i,330.762058322745
0.1710422666954443,1.2856831537763753+0.3901121839575473i,1.2856831537763752E12+3.901121839575473E11i,1.6478377331535556
0.1710422666954443,1.297752296659744+0.47536604954631434i,1.297752296659744E12+4.7536604954631433E11i,1.3650031358973875
0.1710422666954443,1.3266213615522555+0.0035454825041249527i,1.3266213615522556E12+3.545482504124953E9i,187.08615259119352
0.1710422666954443,1.4746590387465701+0.0640654853889179i,1.47465903874657E12+6.40654853889179E10i,11.5089976279307
0.1710422666954443,1.5867278952553312+0.02921473369509711i,1.5867278952553313E12+2.921473369509711E10i,27.15629572077222
0.1710422666954443,1.7267985646579107+0.009961426714758732i,1.7267985646579106E12+9.961426714758732E9i,86.67425932570012
0.1710422666954443,1.8931355545660316+0.08335009485108041i,1.8931355545660315E12+8.335009485108041E10i,11.35652909542845
0.1710422666954443,2.0158705413183244+0.0023917490174225906i,2.0158705413183245E12+2.3917490174225907E9i,421.42183954792165
0.1710422666954443,2.1710403779828864+0.021981825414610707i,2.1710403779828862E12+2.1981825414610706E10i,49.38262262195605
0.1710422666954443,2.2008107083920696+4.3638251482886896E-4i,2.20081070839207E12+4.36382514828869E8i,2521.6531753742884
0.1710422666954443,2.2705284412586955+9.23249186069355E-4i,2.2705284412586953E12+9.23249186069355E8i,1229.6400990751222
0.1710422666954443,2.3927144560879996+1.1679216502509029E-5i,2.3927144560879995E12+1.167921650250903E7i,102434.71621465258
0.1710422666954443,2.433895964537331+0.07596366397682341i,2.433895964537331E12+7.596366397682341E10i,16.020132765580627
0.1710422666954443,2.4924661988008863+0.004996877978209327i,2.492466198800886E12+4.996877978209328E9i,249.40234779297953
0.1710422666954443,2.6075636793233494+0.0034754770388889015i,2.6075636793233496E12+3.4754770388889017E9i,375.13752071240543
0.1710422666954443,2.6955150186732726+0.009726031128936876i,2.6955150186732725E12+9.726031128936876E9i,138.5721977926628
0.1710422666954443,2.711702972113954+0.0281027386722509i,2.711702972113954E12+2.81027386722509E10i,48.24624040630484
0.17191493132144148,0.6126481827815526+0.048728961230814175i,6.126481827815526E11+4.872896123081418E10i,6.286284042457068
0.17191493132144148,0.9941913431294741+0.07727480643403421i,9.941913431294741E11+7.727480643403421E10i,6.432829721664638
0.17191493132144148,1.13631488982227+0.001714646589596783i,1.13631488982227E12+1.7146465895967832E9i,331.3554223700075
0.17191493132144148,1.2860664385354559+0.3900081493288204i,1.2860664385354558E12+3.900081493288204E11i,1.6487686741273173
0.17191493132144148,1.298153159768659+0.4752610508373024i,1.2981531597686592E12+4.752610508373024E11i,1.3657264333797259
0.17191493132144148,1.3270982567702394+0.0035593236104077947i,1.3270982567702395E12+3.559323610407795E9i,186.42562492627533
0.17191493132144148,1.474497972258751+0.06389345635096581i,1.474497972258751E12+6.389345635096581E10i,11.538724436500628
0.17191493132144148,1.5865111930700855+0.029403163476661966i,1.5865111930700854E12+2.940316347666197E10i,26.978579946496904
0.17191493132144148,1.727172464020796+0.00992000039882557i,1.727172464020796E12+9.92000039882557E9i,87.05506021074738
0.17191493132144148,1.8930751305139444+0.08332340671226802i,1.8930751305139443E12+8.332340671226802E10i,11.359803956714721
0.17191493132144148,2.0157237281396903+0.002418084163800166i,2.0157237281396902E12+2.418084163800166E9i,416.80181325282285
0.17191493132144148,2.1709037723499223+0.02201424184188771i,2.170903772349922E12+2.201424184188771E10i,49.30680302192429
0.17191493132144148,2.2003403191693125+4.4776271737243423E-4i,2.2003403191693125E12+4.4776271737243426E8i,2457.0383305709015
0.17191493132144148,2.270667813419007+9.337386888612714E-4i,2.270667813419007E12+9.337386888612715E8i,1215.9011083647874
0.17191493132144148,2.3931979793625424+1.1692457955095782E-5i,2.3931979793625425E12+1.1692457955095783E7i,102339.38785811685
0.17191493132144148,2.4338889772180576+0.07587308096584523i,2.4338889772180576E12+7.587308096584523E10i,16.03921276317808
0.17191493132144148,2.492091096753478+0.005040326185565123i,2.492091096753478E12+5.040326185565123E9i,247.21525998560588
0.17191493132144148,2.607560188715176+0.0034941048868755925i,2.607560188715176E12+3.4941048868755927E9i,373.1370799012906
0.17191493132144148,2.6959342940647426+0.009841430026026048i,2.6959342940647427E12+9.841430026026049E9i,136.96862584681486
0.17191493132144148,2.7116821222946634+0.028000080425568424i,2.7116821222946636E12+2.8000080425568424E10i,48.422755954273555
0.17278759594743864,0.6128962953946628+0.048616327343151765i,6.128962953946628E11+4.8616327343151764E10i,6.303399792713848
0.17278759594743864,0.9943067447599816+0.07714803554867469i,9.943067447599816E11+7.71480355486747E10i,6.444148173628139
0.17278759594743864,1.1358371286612237+0.0017108565479416957i,1.1358371286612236E12+1.7108565479416957E9i,331.94984407890047
0.17278759594743864,1.286451615121634+0.38990355536553367i,1.286451615121634E12+3.899035553655337E11i,1.649704904480274
0.17278759594743864,1.2985558450430985+0.4751556010298394i,1.2985558450430986E12+4.751556010298394E11i,1.3664532652342136
0.17278759594743864,1.3275750767001244+0.0035732794312043356i,1.3275750767001245E12+3.5732794312043357E9i,185.76424014125863
0.17278759594743864,1.4743353521834037+0.06372063487542544i,1.4743353521834038E12+6.3720634875425446E10i,11.568743430332622
0.17278759594743864,1.5862957505835458+0.029591846891435958i,1.586295750583546E12+2.959184689143596E10i,26.802919000007204
0.17278759594743864,1.7275465457809354+0.009878877645747979i,1.7275465457809353E12+9.878877645747978E9i,87.43637727533239
0.17278759594743864,1.8930143425469488+0.08329655611586946i,1.8930143425469487E12+8.329655611586946E10i,11.363100894073435
0.17278759594743864,2.0155765703901576+0.002444588810152908i,2.0155765703901577E12+2.444588810152908E9i,412.25267865479685
0.17278759594743864,2.17076647458162+0.022046498358501542i,2.17076647458162E12+2.204649835850154E10i,49.2315477787549
0.17278759594743864,2.1998699261004093+4.594138032320345E-4i,2.199869926100409E12+4.594138032320345E8i,2394.214007746442
0.17278759594743864,2.2708078169525625+9.442916466133132E-4i,2.2708078169525625E12+9.442916466133132E8i,1202.386902974721
0.17278759594743864,2.39368140933058+1.1707271949746608E-5i,2.39368140933058E12+1.1707271949746609E7i,102230.53754988534
0.17278759594743864,2.4338820981188705+0.07578188865792386i,2.4338820981188706E12+7.578188865792386E10i,16.05846819881534
0.17278759594743864,2.491715670197042+0.005084148434037552i,2.491715670197042E12+5.084148434037552E9i,245.04749443539143
0.17278759594743864,2.6075559586118318+0.0035130281613750284i,2.607555958611832E12+3.5130281613750286E9i,371.1265379653565
0.17278759594743864,2.696358522933655+0.009958321286166796i,2.6963585229336553E12+9.958321286166796E9i,135.38218166746609
0.17278759594743864,2.7116573093293184+0.027895804866022514i,2.7116573093293184E12+2.7895804866022514E10i,48.60331727929735
0.1736602605734358,0.6131454738817594+0.048503399849832075i,6.131454738817594E11+4.850339984983208E10i,6.320644282463451
0.1736602605734358,0.9944227581622029+0.07702081644909994i,9.94422758162203E11+7.702081644909995E10i,6.455545422706459
0.1736602605734358,1.1353594559260802+0.0017070747352724402i,1.1353594559260803E12+1.7070747352724402E9i,332.5453281179523
0.1736602605734358,1.286838682929429+0.38979840233747914i,1.286838682929429E12+3.897984023374791E11i,1.6506464305814568
0.1736602605734358,1.2989603494238051+0.4750497010522714i,1.2989603494238052E12+4.750497010522714E11i,1.367183629993355
0.1736602605734358,1.3280518211635473+0.0035873517656129926i,1.3280518211635474E12+3.587351765612993E9i,185.1019788320947
0.1736602605734358,1.4741711683666086+0.06354702952351712i,1.4741711683666086E12+6.354702952351713E10i,11.599056473765273
0.1736602605734358,1.5860815798128867+0.029780775910049392i,1.5860815798128867E12+2.9780775910049393E10i,26.629285694293653
0.1736602605734358,1.7279208064698361+0.009838055389030348i,1.7279208064698362E12+9.838055389030348E9i,87.81820889098198
0.1736602605734358,1.892953189856186+0.08326954275490077i,1.892953189856186E12+8.326954275490077E10i,11.36641998520388
0.1736602605734358,2.015429072736631+0.002471263390814693i,2.015429072736631E12+2.471263390814693E9i,407.77302011345125
0.1736602605734358,2.170628490926339+0.022078588984174332i,2.170628490926339E12+2.207858898417433E10i,49.1568662400079
0.1736602605734358,2.199399526333571+4.7134047374137924E-4i,2.1993995263335713E12+4.7134047374137926E8i,2333.1324688449777
0.1736602605734358,2.2709484470121413+9.549080702496829E-4i,2.270948447012141E12+9.549080702496829E8i,1189.0927083789065
0.1736602605734358,2.3941647447573993+1.1723787273429897E-5i,2.3941647447573994E12+1.1723787273429897E7i,102107.13862846154
0.1736602605734358,2.4338753310894443+0.07569008352640569i,2.4338753310894443E12+7.569008352640569E10i,16.07790094616786
0.1736602605734358,2.4913399208118534+0.005128349681233919i,2.4913399208118535E12+5.128349681233919E9i,242.89879548662316
0.1736602605734358,2.6075509949301465+0.003532244260787639i,2.6075509949301465E12+3.5322442607876387E9i,369.106834410809
0.1736602605734358,2.6967879924336122+0.010076689995995161i,2.6967879924336123E12+1.0076689995995161E10i,133.81318634915894
0.1736602605734358,2.7116282346624256+0.027789928020661322i,2.711628234662426E12+2.7789928020661324E10i,48.78796794015403
0.17453292519943295,0.6133957153404836+0.048390182213353033i,6.133957153404836E11+4.8390182213353035E10i,6.338018243411574
0.17453292519943295,0.9945393833712142+0.07689315176059176i,9.945393833712142E11+7.689315176059177E10i,6.467021838744046
0.17453292519943295,1.134881872268269+0.0017033011243036116i,1.134881872268269E12+1.7033011243036118E9i,333.14187846035185
0.17453292519943295,1.2872276413536659+0.3896926905333276i,1.2872276413536658E12+3.8969269053332764E11i,1.6515932587701159
0.17453292519943295,1.2993666698434025+0.47494335183031877i,1.2993666698434026E12+4.749433518303188E11i,1.3679175262017589
0.17453292519943295,1.3285284899947876+0.003601542443036023i,1.3285284899947876E12+3.601542443036023E9i,184.43882183918768
0.17453292519943295,1.4740054107731688+0.06337264907290632i,1.474005410773169E12+6.337264907290633E10i,11.629665418258092
0.17453292519943295,1.5858686925867826+0.029969942198481026i,1.5858686925867827E12+2.9969942198481026E10i,26.457653506371454
0.17453292519943295,1.7282952426723517+0.009797530606720449i,1.7282952426723518E12+9.79753060672045E9i,88.20055338673079
0.17453292519943295,1.892891671630178+0.08324236632365706i,1.892891671630178E12+8.324236632365706E10i,11.369761308024156
0.17453292519943295,2.015281239843389+0.0024981083387449993i,2.0152812398433892E12+2.4981083387449994E9i,403.36145726486524
0.17453292519943295,2.1704898278880465+0.022110507750893512i,2.1704898278880466E12+2.2110507750893513E10i,49.082767622112485
0.17453292519943295,2.198929116726958+4.835474199039613E-4i,2.1989291167269583E12+4.835474199039613E8i,2273.7471302852714
0.17453292519943295,2.271089698797765+9.655879690283576E-4i,2.271089698797765E12+9.655879690283576E8i,1176.013875298744
0.17453292519943295,2.394647984382466+1.1742141315639636E-5i,2.3946479843824663E12+1.1742141315639636E7i,101968.11297071421
0.17453292519943295,2.433868680068878+0.07559766199178272i,2.433868680068878E12+7.559766199178273E10i,16.097512912062236
0.17453292519943295,2.4909638501515134+0.0051729349227921705i,2.4909638501515137E12+5.172934922792171E9i,240.76891429430336
0.17453292519943295,2.6075453035605802+0.003551750582676725i,2.60754530356058E12+3.551750582676725E9i,367.07888727865594
0.17453292519943295,2.697223019590601+0.010196507374957494i,2.697223019590601E12+1.0196507374957495E10i,132.2621031106666
0.17453292519943295,2.7115945699552317+0.02768247978739767i,2.711594569955232E12+2.768247978739767E10i,48.97672807458661
