% Model,yuin.mph
% Version,COMSOL 5.4.0.388
% Date,"Aug 12 2026, 11:22"
% Table,Table 1 - Global Evaluation 1 (freq*a/(c_const))
% U,lambda (THz),freq*a/(c_const) (1)
0,0.4874688783091732,0.48780634599137235
0,0.5131342575101739,0.5134894929646702
0,0.513134258433204,0.5134894938883392
0,0.6178206990247376,0.6182484073946292
0,0.6178206994991098,0.6182484078693298
0,0.69386322115501,0.6943435726675385
0,0.7779999126816322,0.7785385108136698
0,0.8025748424906796,0.8031304534926087
0,0.8474123437863867,0.8479989951445542
0,0.8474123530845237,0.8479990044491282
0,0.8618574523475384,0.8624541038462733
0,0.8831245437033552,0.8837359181030717
0,0.9112494028161903,0.9118802476507167
0,0.9653863645116435,0.9660546875848792
0,0.9653863666497301,0.966054689724446
0,0.9675166780852149,0.9681864759438493
0,0.9675166789021029,0.9681864767613029
0,0.9711437823140804,0.9718160911647221
0,1.0148156142446003,1.015518156475371
0,1.0534344493739645,1.05416372686797
0,1.0641944039655848,1.064931130421151
0,1.0849628078726703,1.0857139119950812
0,1.0849628116606367,1.0857139157856697
0,1.1417418878193746,1.1425322992808988
0,1.164360038442042,1.1651661081234157
0,1.1643600613611715,1.165166131058412
0,1.2003806179496692,1.20121162415934
0,1.2594418231143645,1.260313716545562
0,1.3143644958020033,1.3152744114083117
0,1.3359060175736068,1.3368308460651204
1,0.4874688783093772,0.4878063459915764
1,0.5131342575101735,0.5134894929646696
1,0.513134258433256,0.5134894938883913
1,0.6178206990247194,0.618248407394611
1,0.6178206994991117,0.6182484078693318
1,0.6938632211550022,0.6943435726675307
1,0.777999912681627,0.7785385108136647
1,0.8025748424906853,0.8031304534926144
1,0.8474123437864125,0.84799899514458
1,0.8474123530845287,0.8479990044491332
1,0.8618574523475472,0.8624541038462821
1,0.8831245437033566,0.883735918103073
1,0.9112494028161924,0.9118802476507187
1,0.9653863645116412,0.9660546875848769
1,0.9653863666497294,0.9660546897244454
1,0.9675166780852137,0.9681864759438482
1,0.9675166789021034,0.9681864767613033
1,0.9711437823140805,0.9718160911647221
1,1.0148156142446005,1.015518156475371
1,1.0534344493739658,1.054163726867971
1,1.0641944039655824,1.0649311304211484
1,1.084962807872671,1.0857139119950818
1,1.0849628116606356,1.0857139157856688
1,1.141741887819381,1.1425322992809055
1,1.1643600384420452,1.1651661081234188
1,1.1643600613611689,1.1651661310584092
1,1.200380617949669,1.2012116241593398
1,1.2594418231143631,1.260313716545561
1,1.3143644958020142,1.3152744114083224
1,1.3359060175736135,1.3368308460651268
2,0.4874688783092715,0.48780634599147066
2,0.513134257510111,0.5134894929646071
2,0.5131342584331289,0.513489493888264
2,0.6178206990247366,0.6182484073946282
2,0.6178206994991114,0.6182484078693314
2,0.6938632211550082,0.6943435726675367
2,0.7779999126816289,0.7785385108136665
2,0.8025748424906821,0.8031304534926114
2,0.847412343786387,0.8479989951445545
2,0.847412353084527,0.8479990044491315
2,0.8618574523475422,0.8624541038462771
2,0.8831245437033524,0.8837359181030688
2,0.9112494028161909,0.9118802476507173
2,0.9653863645116416,0.9660546875848772
2,0.9653863666497293,0.9660546897244452
2,0.967516678085213,0.9681864759438473
2,0.9675166789021052,0.9681864767613051
2,0.9711437823140805,0.9718160911647221
2,1.0148156142446005,1.015518156475371
2,1.0534344493739667,1.054163726867972
2,1.064194403965583,1.064931130421149
2,1.0849628078726732,1.085713911995084
2,1.0849628116606462,1.0857139157856794
2,1.1417418878193812,1.1425322992809057
2,1.1643600384420414,1.1651661081234153
2,1.1643600613611724,1.1651661310584127
2,1.2003806179496603,1.2012116241593311
2,1.2594418231143638,1.2603137165455613
2,1.3143644958020118,1.3152744114083201
2,1.3359060175735844,1.3368308460650977
3,0.487468878309355,0.48780634599155426
3,0.5131342575101415,0.5134894929646376
3,0.5131342584332116,0.5134894938883467
3,0.6178206990247416,0.6182484073946332
3,0.6178206994991018,0.6182484078693218
3,0.6938632211550061,0.6943435726675347
3,0.7779999126816348,0.7785385108136724
3,0.8025748424906907,0.8031304534926199
3,0.8474123437863837,0.8479989951445513
3,0.8474123530845293,0.8479990044491339
3,0.8618574523475475,0.8624541038462823
3,0.8831245437033604,0.8837359181030767
3,0.9112494028161915,0.911880247650718
3,0.9653863645116426,0.9660546875848782
3,0.9653863666497301,0.966054689724446
3,0.9675166780852137,0.9681864759438482
3,0.9675166789021046,0.9681864767613044
3,0.9711437823140804,0.9718160911647221
3,1.0148156142446005,1.015518156475371
3,1.0534344493739627,1.0541637268679682
3,1.0641944039655786,1.0649311304211446
3,1.0849628078726712,1.085713911995082
3,1.0849628116606431,1.0857139157856763
3,1.1417418878193832,1.1425322992809077
3,1.1643600384420436,1.1651661081234175
3,1.164360061361171,1.1651661310584114
3,1.20038061794967,1.2012116241593411
3,1.2594418231143647,1.2603137165455622
3,1.3143644958020069,1.315274411408315
3,1.3359060175736044,1.336830846065118
4,0.4874688783091702,0.48780634599136924
4,0.5131342575101862,0.5134894929646824
4,0.5131342584332469,0.5134894938883822
4,0.6178206990247321,0.6182484073946237
4,0.6178206994991152,0.6182484078693352
4,0.6938632211550085,0.694343572667537
4,0.7779999126816324,0.77853851081367
4,0.8025748424906832,0.8031304534926124
4,0.8474123437864147,0.8479989951445824
4,0.8474123530845218,0.8479990044491263
4,0.8618574523475401,0.8624541038462749
4,0.883124543703349,0.8837359181030654
4,0.9112494028161924,0.9118802476507187
4,0.965386364511642,0.9660546875848777
4,0.965386366649729,0.966054689724445
4,0.9675166780852136,0.968186475943848
4,0.9675166789021049,0.9681864767613049
4,0.97114378231408,0.9718160911647217
4,1.0148156142446005,1.0155181564753712
4,1.053434449373964,1.0541637268679696
4,1.0641944039655846,1.0649311304211508
4,1.0849628078726703,1.085713911995081
4,1.0849628116606385,1.0857139157856717
4,1.1417418878193826,1.142532299280907
4,1.164360038442042,1.1651661081234157
4,1.1643600613611809,1.1651661310584212
4,1.2003806179496654,1.2012116241593362
4,1.2594418231143494,1.260313716545547
4,1.3143644958020033,1.3152744114083117
4,1.3359060175736148,1.3368308460651281
5,0.48746887830931807,0.4878063459915173
5,0.5131342575101803,0.5134894929646765
5,0.5131342584332284,0.5134894938883636
5,0.6178206990247473,0.6182484073946388
5,0.6178206994991062,0.6182484078693261
5,0.6938632211550192,0.6943435726675476
5,0.7779999126816334,0.778538510813671
5,0.8025748424906842,0.8031304534926132
5,0.8474123437864051,0.8479989951445726
5,0.847412353084525,0.8479990044491296
5,0.8618574523475467,0.8624541038462816
5,0.883124543703357,0.8837359181030735
5,0.9112494028161897,0.911880247650716
5,0.9653863645116418,0.9660546875848777
5,0.9653863666497293,0.9660546897244452
5,0.9675166780852132,0.9681864759438475
5,0.9675166789021034,0.9681864767613033
5,0.9711437823140804,0.9718160911647221
5,1.0148156142446,1.0155181564753708
5,1.0534344493739625,1.054163726867968
5,1.0641944039655782,1.0649311304211444
5,1.0849628078726699,1.0857139119950807
5,1.084962811660641,1.085713915785674
5,1.1417418878193808,1.1425322992809053
5,1.1643600384420387,1.1651661081234126
5,1.1643600613611758,1.1651661310584163
5,1.2003806179496617,1.2012116241593325
5,1.259441823114357,1.2603137165455545
5,1.3143644958020047,1.3152744114083128
5,1.3359060175735997,1.3368308460651133
6,0.48746887830924324,0.4878063459914424
6,0.5131342575102215,0.5134894929647178
6,0.5131342584332638,0.513489493888399
6,0.6178206990247554,0.6182484073946471
6,0.6178206994991057,0.6182484078693257
6,0.6938632211550151,0.6943435726675435
6,0.7779999126816317,0.7785385108136693
6,0.802574842490685,0.8031304534926142
6,0.847412343786401,0.8479989951445686
6,0.8474123530845199,0.8479990044491243
6,0.8618574523475464,0.8624541038462812
6,0.8831245437033584,0.8837359181030747
6,0.9112494028161918,0.9118802476507183
6,0.965386364511643,0.9660546875848787
6,0.9653863666497299,0.9660546897244457
6,0.9675166780852147,0.9681864759438491
6,0.9675166789021029,0.9681864767613029
6,0.9711437823140805,0.9718160911647221
6,1.0148156142446,1.0155181564753708
6,1.053434449373965,1.0541637268679702
6,1.0641944039655817,1.064931130421148
6,1.084962807872672,1.085713911995083
6,1.0849628116606436,1.085713915785677
6,1.1417418878193826,1.142532299280907
6,1.1643600384420474,1.165166108123421
6,1.1643600613611802,1.1651661310584205
6,1.2003806179496581,1.201211624159329
6,1.2594418231143736,1.2603137165455711
6,1.314364495802006,1.3152744114083144
6,1.335906017573593,1.3368308460651064
7,0.48746887830930075,0.48780634599149997
7,0.5131342575101432,0.5134894929646393
7,0.5131342584331529,0.513489493888288
7,0.6178206990247382,0.6182484073946299
7,0.6178206994991107,0.6182484078693308
7,0.6938632211550112,0.6943435726675398
7,0.7779999126816298,0.7785385108136675
7,0.802574842490677,0.8031304534926061
7,0.8474123437863685,0.8479989951445361
7,0.8474123530845247,0.8479990044491291
7,0.8618574523475481,0.8624541038462828
7,0.8831245437033592,0.8837359181030756
7,0.9112494028161948,0.9118802476507211
7,0.9653863645116433,0.966054687584879
7,0.9653863666497289,0.9660546897244447
7,0.9675166780852142,0.9681864759438485
7,0.9675166789021035,0.9681864767613035
7,0.9711437823140804,0.9718160911647221
7,1.0148156142446005,1.0155181564753712
7,1.053434449373966,1.0541637268679713
7,1.0641944039655846,1.0649311304211508
7,1.0849628078726703,1.0857139119950812
7,1.084962811660643,1.085713915785676
7,1.141741887819375,1.1425322992808995
7,1.1643600384420403,1.165166108123414
7,1.1643600613611766,1.165166131058417
7,1.2003806179496592,1.20121162415933
7,1.2594418231143552,1.260313716545553
7,1.3143644958020027,1.3152744114083108
7,1.3359060175735973,1.3368308460651108
8,0.4874688783093583,0.48780634599155753
8,0.5131342575101699,0.5134894929646662
8,0.5131342584331852,0.5134894938883203
8,0.6178206990247359,0.6182484073946275
8,0.6178206994991111,0.6182484078693311
8,0.69386322115501,0.6943435726675385
8,0.7779999126816369,0.7785385108136745
8,0.8025748424906757,0.8031304534926047
8,0.847412343786401,0.8479989951445686
8,0.8474123530845223,0.8479990044491269
8,0.8618574523475425,0.8624541038462773
8,0.8831245437033537,0.8837359181030702
8,0.911249402816192,0.9118802476507183
8,0.965386364511642,0.9660546875848777
8,0.9653863666497295,0.9660546897244455
8,0.9675166780852141,0.9681864759438485
8,0.9675166789021031,0.9681864767613031
8,0.9711437823140804,0.9718160911647221
8,1.0148156142446,1.0155181564753708
8,1.0534344493739662,1.0541637268679716
8,1.064194403965582,1.0649311304211482
8,1.0849628078726714,1.0857139119950825
8,1.084962811660642,1.0857139157856752
8,1.1417418878193775,1.142532299280902
8,1.1643600384420423,1.165166108123416
8,1.1643600613611664,1.165166131058407
8,1.2003806179496668,1.2012116241593376
8,1.2594418231143663,1.2603137165455638
8,1.314364495802013,1.3152744114083215
8,1.3359060175735882,1.3368308460651015
9,0.4874688783091446,0.4878063459913437
9,0.5131342575101998,0.513489492964696
9,0.513134258433256,0.5134894938883913
9,0.6178206990247455,0.618248407394637
9,0.6178206994991083,0.6182484078693283
9,0.6938632211550131,0.6943435726675417
9,0.7779999126816324,0.77853851081367
9,0.8025748424906788,0.8031304534926079
9,0.8474123437863863,0.8479989951445539
9,0.8474123530845196,0.8479990044491241
9,0.8618574523475455,0.8624541038462803
9,0.883124543703362,0.8837359181030785
9,0.9112494028161909,0.9118802476507173
9,0.9653863645116434,0.966054687584879
9,0.9653863666497303,0.9660546897244462
9,0.9675166780852146,0.968186475943849
9,0.9675166789021025,0.9681864767613025
9,0.9711437823140804,0.9718160911647221
9,1.0148156142446003,1.015518156475371
9,1.0534344493739647,1.0541637268679702
9,1.0641944039655808,1.0649311304211468
9,1.0849628078726699,1.085713911995081
9,1.0849628116606391,1.0857139157856723
9,1.141741887819382,1.1425322992809064
9,1.1643600384420385,1.1651661081234124
9,1.1643600613611693,1.1651661310584098
9,1.2003806179496623,1.2012116241593331
9,1.2594418231143532,1.260313716545551
9,1.3143644958020197,1.315274411408328
9,1.335906017573588,1.3368308460651013
10,0.48746887830923186,0.48780634599143097
10,0.513134257510144,0.5134894929646402
10,0.5131342584331804,0.5134894938883156
10,0.6178206990247359,0.6182484073946275
10,0.6178206994991033,0.6182484078693233
10,0.6938632211550042,0.6943435726675328
10,0.7779999126816323,0.7785385108136699
10,0.8025748424906819,0.803130453492611
10,0.8474123437863893,0.8479989951445569
10,0.847412353084522,0.8479990044491265
10,0.8618574523475405,0.8624541038462753
10,0.8831245437033555,0.8837359181030718
10,0.9112494028161928,0.9118802476507192
10,0.9653863645116426,0.9660546875848782
10,0.9653863666497293,0.9660546897244452
10,0.9675166780852142,0.9681864759438485
10,0.9675166789021034,0.9681864767613033
10,0.9711437823140804,0.9718160911647221
10,1.0148156142446005,1.0155181564753712
10,1.053434449373966,1.0541637268679716
10,1.064194403965583,1.0649311304211493
10,1.084962807872673,1.085713911995084
10,1.0849628116606425,1.0857139157856757
10,1.1417418878193784,1.1425322992809028
10,1.1643600384420418,1.1651661081234155
10,1.1643600613611733,1.1651661310584136
10,1.2003806179496497,1.2012116241593205
10,1.2594418231143685,1.260313716545566
10,1.3143644958019953,1.3152744114083035
10,1.3359060175736062,1.3368308460651197
11,0.487468878309167,0.4878063459913662
11,0.5131342575101435,0.5134894929646396
11,0.5131342584331668,0.513489493888302
11,0.6178206990247622,0.6182484073946538
11,0.6178206994990988,0.6182484078693187
11,0.693863221155015,0.6943435726675435
11,0.7779999126816339,0.7785385108136714
11,0.8025748424906752,0.8031304534926045
11,0.8474123437863748,0.8479989951445424
11,0.8474123530845259,0.8479990044491303
11,0.861857452347544,0.8624541038462787
11,0.8831245437033564,0.8837359181030727
11,0.911249402816192,0.9118802476507183
11,0.965386364511643,0.9660546875848787
11,0.9653863666497303,0.9660546897244462
11,0.9675166780852146,0.968186475943849
11,0.967516678902104,0.9681864767613039
11,0.9711437823140805,0.9718160911647221
11,1.0148156142446005,1.0155181564753712
11,1.0534344493739631,1.0541637268679684
11,1.064194403965582,1.0649311304211482
11,1.0849628078726725,1.0857139119950834
11,1.0849628116606456,1.085713915785679
11,1.141741887819385,1.1425322992809095
11,1.1643600384420427,1.1651661081234166
11,1.1643600613611766,1.165166131058417
11,1.200380617949668,1.2012116241593391
11,1.2594418231143476,1.2603137165455451
11,1.3143644958020129,1.3152744114083212
11,1.3359060175736135,1.3368308460651268
12,0.487468878309332,0.4878063459915313
12,0.5131342575101375,0.5134894929646338
12,0.5131342584331994,0.5134894938883345
12,0.6178206990247405,0.6182484073946322
12,0.6178206994991101,0.6182484078693301
12,0.6938632211550005,0.6943435726675291
12,0.7779999126816387,0.7785385108136762
12,0.8025748424906737,0.8031304534926028
12,0.8474123437863817,0.8479989951445494
12,0.8474123530845276,0.8479990044491321
12,0.8618574523475431,0.862454103846278
12,0.8831245437033578,0.8837359181030742
12,0.9112494028161933,0.9118802476507195
12,0.9653863645116411,0.9660546875848769
12,0.9653863666497275,0.9660546897244434
12,0.9675166780852144,0.9681864759438488
12,0.9675166789021032,0.9681864767613031
12,0.9711437823140803,0.9718160911647219
12,1.0148156142446003,1.015518156475371
12,1.0534344493739636,1.0541637268679689
12,1.0641944039655804,1.0649311304211464
12,1.0849628078726714,1.0857139119950823
12,1.0849628116606371,1.0857139157856703
12,1.1417418878193808,1.1425322992809053
12,1.1643600384420454,1.165166108123419
12,1.1643600613611715,1.165166131058412
12,1.2003806179496574,1.2012116241593283
12,1.2594418231143738,1.2603137165455713
12,1.314364495802007,1.3152744114083152
12,1.3359060175735884,1.3368308460651017
13,0.48746887830918334,0.48780634599138245
13,0.5131342575101573,0.5134894929646535
13,0.5131342584331688,0.513489493888304
13,0.6178206990247548,0.6182484073946464
13,0.6178206994991065,0.6182484078693264
13,0.6938632211550122,0.6943435726675407
13,0.7779999126816247,0.7785385108136623
13,0.802574842490689,0.803130453492618
13,0.8474123437863617,0.8479989951445293
13,0.8474123530845217,0.8479990044491263
13,0.8618574523475439,0.8624541038462786
13,0.8831245437033552,0.8837359181030717
13,0.9112494028161915,0.911880247650718
13,0.9653863645116423,0.9660546875848781
13,0.9653863666497295,0.9660546897244455
13,0.9675166780852135,0.968186475943848
13,0.9675166789021039,0.9681864767613036
13,0.9711437823140803,0.9718160911647219
13,1.0148156142446,1.0155181564753708
13,1.0534344493739636,1.0541637268679689
13,1.0641944039655786,1.0649311304211448
13,1.0849628078726716,1.0857139119950825
13,1.0849628116606465,1.0857139157856797
13,1.1417418878193801,1.1425322992809044
13,1.1643600384420438,1.1651661081234177
13,1.164360061361175,1.1651661310584154
13,1.20038061794966,1.2012116241593307
13,1.2594418231143711,1.2603137165455687
13,1.3143644958020055,1.315274411408314
13,1.3359060175735882,1.3368308460651015
14,0.48746887830923213,0.4878063459914313
14,0.513134257510122,0.5134894929646181
14,0.5131342584331721,0.5134894938883073
14,0.6178206990247277,0.6182484073946193
14,0.6178206994991045,0.6182484078693244
14,0.6938632211550052,0.6943435726675338
14,0.7779999126816307,0.7785385108136683
14,0.8025748424906868,0.8031304534926159
14,0.8474123437863724,0.84799899514454
14,0.8474123530845178,0.8479990044491224
14,0.8618574523475441,0.862454103846279
14,0.8831245437033639,0.8837359181030804
14,0.9112494028161937,0.9118802476507201
14,0.9653863645116431,0.9660546875848789
14,0.9653863666497289,0.9660546897244447
14,0.9675166780852152,0.9681864759438495
14,0.9675166789021034,0.9681864767613033
14,0.9711437823140803,0.9718160911647219
14,1.0148156142446005,1.0155181564753712
14,1.0534344493739645,1.05416372686797
14,1.0641944039655804,1.0649311304211464
14,1.0849628078726723,1.085713911995083
14,1.0849628116606345,1.0857139157856677
14,1.14174188781938,1.1425322992809044
14,1.1643600384420443,1.165166108123418
14,1.164360061361165,1.1651661310584052
14,1.2003806179496705,1.2012116241593416
14,1.2594418231143776,1.2603137165455753
14,1.314364495802013,1.3152744114083215
14,1.3359060175735893,1.3368308460651028
15,0.48746887830901936,0.48780634599121836
15,0.5131342575102024,0.5134894929646986
15,0.5131342584332755,0.5134894938884108
15,0.6178206990247195,0.6182484073946111
15,0.6178206994991059,0.618248407869326
15,0.6938632211550041,0.6943435726675327
15,0.777999912681626,0.7785385108136637
15,0.8025748424906752,0.8031304534926045
15,0.8474123437863997,0.8479989951445673
15,0.8474123530845298,0.8479990044491343
15,0.8618574523475441,0.862454103846279
15,0.8831245437033556,0.883735918103072
15,0.9112494028161943,0.9118802476507207
15,0.9653863645116422,0.9660546875848779
15,0.9653863666497293,0.9660546897244452
15,0.9675166780852132,0.9681864759438475
15,0.9675166789021027,0.9681864767613025
15,0.9711437823140803,0.9718160911647219
15,1.0148156142446008,1.0155181564753715
15,1.0534344493739636,1.0541637268679689
15,1.0641944039655815,1.0649311304211477
15,1.084962807872673,1.085713911995084
15,1.0849628116606458,1.085713915785679
15,1.141741887819376,1.1425322992809004
15,1.1643600384420425,1.1651661081234164
15,1.1643600613611718,1.1651661310584123
15,1.200380617949658,1.2012116241593287
15,1.2594418231143685,1.260313716545566
15,1.3143644958020007,1.3152744114083088
15,1.3359060175736057,1.336830846065119
16,0.4874688783091853,0.48780634599138445
16,0.5131342575101349,0.513489492964631
16,0.5131342584331265,0.5134894938882617
16,0.6178206990247362,0.6182484073946278
16,0.6178206994991025,0.6182484078693223
16,0.693863221155005,0.6943435726675334
16,0.7779999126816339,0.7785385108136714
16,0.8025748424906739,0.803130453492603
16,0.8474123437863932,0.8479989951445608
16,0.847412353084527,0.8479990044491315
16,0.8618574523475467,0.8624541038462816
16,0.8831245437033604,0.8837359181030767
16,0.9112494028161952,0.9118802476507215
16,0.9653863645116417,0.9660546875848774
16,0.9653863666497303,0.9660546897244462
16,0.967516678085214,0.9681864759438483
16,0.9675166789021037,0.9681864767613036
16,0.9711437823140803,0.9718160911647219
16,1.0148156142446003,1.015518156475371
16,1.0534344493739651,1.0541637268679704
16,1.064194403965586,1.064931130421152
16,1.0849628078726719,1.0857139119950827
16,1.0849628116606442,1.0857139157856774
16,1.1417418878193801,1.1425322992809044
16,1.164360038442042,1.1651661081234157
16,1.1643600613611733,1.1651661310584136
16,1.2003806179496694,1.2012116241593402
16,1.259441823114363,1.2603137165455607
16,1.3143644958020102,1.3152744114083184
16,1.3359060175735957,1.336830846065109
17,0.48746887830922087,0.48780634599142003
17,0.5131342575101524,0.5134894929646487
17,0.5131342584332459,0.513489493888381
17,0.617820699024711,0.6182484073946027
17,0.6178206994991058,0.6182484078693259
17,0.6938632211550044,0.6943435726675329
17,0.7779999126816316,0.7785385108136692
17,0.8025748424906837,0.8031304534926129
17,0.8474123437864192,0.8479989951445868
17,0.847412353084529,0.8479990044491336
17,0.8618574523475402,0.862454103846275
17,0.8831245437033525,0.883735918103069
17,0.9112494028161917,0.9118802476507182
17,0.9653863645116411,0.9660546875848769
17,0.9653863666497283,0.9660546897244442
17,0.9675166780852144,0.9681864759438488
17,0.9675166789021034,0.9681864767613033
17,0.9711437823140805,0.9718160911647221
17,1.0148156142446005,1.015518156475371
17,1.0534344493739656,1.0541637268679709
17,1.0641944039655844,1.0649311304211504
17,1.0849628078726723,1.085713911995083
17,1.084962811660643,1.085713915785676
17,1.141741887819375,1.1425322992808995
17,1.1643600384420412,1.1651661081234148
17,1.1643600613611802,1.1651661310584205
17,1.2003806179496566,1.2012116241593274
17,1.2594418231143631,1.260313716545561
17,1.314364495802002,1.3152744114083101
17,1.3359060175735924,1.336830846065106
18,0.48746887830921,0.4878063459914091
18,0.5131342575101755,0.5134894929646716
18,0.5131342584331999,0.5134894938883351
18,0.617820699024739,0.6182484073946306
18,0.6178206994991127,0.6182484078693328
18,0.6938632211550088,0.6943435726675373
18,0.7779999126816346,0.7785385108136723
18,0.8025748424906679,0.8031304534925972
18,0.8474123437864117,0.8479989951445793
18,0.8474123530845189,0.8479990044491235
18,0.8618574523475442,0.862454103846279
18,0.8831245437033572,0.8837359181030737
18,0.9112494028161939,0.9118802476507203
18,0.965386364511643,0.9660546875848787
18,0.9653863666497311,0.966054689724447
18,0.9675166780852148,0.9681864759438491
18,0.9675166789021031,0.9681864767613031
18,0.9711437823140805,0.9718160911647221
18,1.0148156142446003,1.015518156475371
18,1.053434449373964,1.0541637268679696
18,1.0641944039655789,1.064931130421145
18,1.0849628078726712,1.085713911995082
18,1.084962811660647,1.08571391578568
18,1.1417418878193772,1.1425322992809017
18,1.1643600384420418,1.1651661081234155
18,1.1643600613611729,1.1651661310584132
18,1.2003806179496768,1.2012116241593476
18,1.2594418231143545,1.260313716545552
18,1.3143644958020093,1.3152744114083175
18,1.3359060175736042,1.3368308460651177
19,0.48746887830922697,0.4878063459914261
19,0.5131342575101695,0.5134894929646657
19,0.5131342584332104,0.5134894938883456
19,0.6178206990247308,0.6182484073946225
19,0.6178206994991008,0.6182484078693208
19,0.6938632211550206,0.6943435726675492
19,0.7779999126816339,0.7785385108136714
19,0.8025748424906859,0.8031304534926151
19,0.847412343786403,0.8479989951445704
19,0.8474123530845165,0.847999004449121
19,0.8618574523475453,0.8624541038462801
19,0.8831245437033552,0.8837359181030717
19,0.9112494028161918,0.9118802476507183
19,0.965386364511643,0.9660546875848787
19,0.9653863666497293,0.9660546897244452
19,0.9675166780852147,0.9681864759438491
19,0.9675166789021029,0.9681864767613029
19,0.9711437823140804,0.9718160911647221
19,1.0148156142446003,1.015518156475371
19,1.0534344493739642,1.0541637268679696
19,1.0641944039655813,1.0649311304211475
19,1.0849628078726716,1.0857139119950825
19,1.0849628116606453,1.0857139157856786
19,1.1417418878193826,1.142532299280907
19,1.164360038442038,1.1651661081234117
19,1.1643600613611718,1.1651661310584123
19,1.2003806179496723,1.2012116241593433
19,1.2594418231143478,1.2603137165455456
19,1.314364495802001,1.3152744114083095
19,1.3359060175735822,1.3368308460650955
20,0.4874688783093532,0.4878063459915525
20,0.513134257510131,0.5134894929646271
20,0.5131342584331363,0.5134894938882716
20,0.6178206990247566,0.6182484073946483
20,0.61782069949911,0.6182484078693299
20,0.6938632211550096,0.6943435726675381
20,0.7779999126816357,0.7785385108136733
20,0.8025748424906812,0.8031304534926105
20,0.8474123437863921,0.8479989951445597
20,0.8474123530845217,0.8479990044491263
20,0.8618574523475495,0.8624541038462844
20,0.8831245437033577,0.8837359181030741
20,0.9112494028161914,0.9118802476507177
20,0.9653863645116428,0.9660546875848784
20,0.9653863666497304,0.9660546897244464
20,0.967516678085213,0.9681864759438473
20,0.9675166789021032,0.9681864767613031
20,0.9711437823140804,0.9718160911647221
20,1.0148156142446005,1.015518156475371
20,1.0534344493739642,1.0541637268679696
20,1.0641944039655824,1.0649311304211486
20,1.0849628078726712,1.085713911995082
20,1.0849628116606407,1.0857139157856737
20,1.141741887819378,1.1425322992809024
20,1.164360038442042,1.1651661081234157
20,1.16436006136117,1.1651661310584103
20,1.20038061794967,1.2012116241593411
20,1.25944182311436,1.2603137165455576
20,1.3143644958020064,1.3152744114083146
20,1.3359060175735966,1.3368308460651102
21,0.48746887830928165,0.48780634599148087
21,0.5131342575101517,0.513489492964648
21,0.5131342584331635,0.5134894938882987
21,0.617820699024717,0.6182484073946086
21,0.6178206994991037,0.6182484078693237
21,0.6938632211549972,0.6943435726675257
21,0.7779999126816255,0.778538510813663
21,0.8025748424906801,0.8031304534926094
21,0.8474123437864108,0.8479989951445784
21,0.8474123530845237,0.8479990044491282
21,0.8618574523475468,0.8624541038462817
21,0.8831245437033581,0.8837359181030746
21,0.9112494028161922,0.9118802476507185
21,0.9653863645116414,0.9660546875848771
21,0.9653863666497278,0.9660546897244436
21,0.9675166780852135,0.968186475943848
21,0.9675166789021044,0.9681864767613043
21,0.9711437823140804,0.9718160911647221
21,1.0148156142446,1.0155181564753708
21,1.0534344493739645,1.05416372686797
21,1.0641944039655804,1.0649311304211464
21,1.0849628078726723,1.085713911995083
21,1.0849628116606367,1.0857139157856697
21,1.1417418878193826,1.142532299280907
21,1.1643600384420447,1.1651661081234186
21,1.16436006136117,1.1651661310584103
21,1.2003806179496705,1.2012116241593416
21,1.2594418231143698,1.2603137165455673
21,1.3143644958020055,1.315274411408314
21,1.3359060175736026,1.336830846065116
22,0.4874688783092788,0.487806345991478
22,0.5131342575101441,0.5134894929646402
22,0.5131342584331848,0.51348949388832
22,0.6178206990247289,0.6182484073946205
22,0.6178206994991111,0.6182484078693311
22,0.6938632211550017,0.6943435726675302
22,0.7779999126816299,0.7785385108136675
22,0.8025748424906831,0.8031304534926123
22,0.8474123437864,0.8479989951445676
22,0.847412353084524,0.8479990044491286
22,0.8618574523475456,0.8624541038462805
22,0.883124543703356,0.8837359181030725
22,0.9112494028161925,0.911880247650719
22,0.9653863645116426,0.9660546875848782
22,0.9653863666497282,0.9660546897244442
22,0.9675166780852142,0.9681864759438485
22,0.9675166789021039,0.9681864767613036
22,0.9711437823140803,0.9718160911647219
22,1.0148156142446003,1.015518156475371
22,1.0534344493739642,1.0541637268679696
22,1.0641944039655824,1.0649311304211486
22,1.084962807872672,1.085713911995083
22,1.0849628116606387,1.085713915785672
22,1.1417418878193801,1.1425322992809044
22,1.1643600384420436,1.1651661081234175
22,1.1643600613611689,1.1651661310584092
22,1.2003806179496626,1.2012116241593334
22,1.2594418231143663,1.2603137165455638
22,1.3143644958020044,1.3152744114083126
22,1.3359060175736055,1.3368308460651188
23,0.4874688783092237,0.4878063459914228
23,0.5131342575100943,0.5134894929645905
23,0.5131342584331947,0.51348949388833
23,0.6178206990247342,0.6182484073946258
23,0.6178206994991032,0.6182484078693232
23,0.6938632211550094,0.6943435726675379
23,0.7779999126816352,0.7785385108136726
23,0.80257484249069,0.8031304534926191
23,0.8474123437863932,0.8479989951445608
23,0.8474123530845223,0.8479990044491269
23,0.8618574523475463,0.8624541038462811
23,0.8831245437033552,0.8837359181030717
23,0.9112494028161902,0.9118802476507165
23,0.965386364511642,0.9660546875848777
23,0.9653863666497287,0.9660546897244446
23,0.967516678085214,0.9681864759438483
23,0.9675166789021037,0.9681864767613036
23,0.9711437823140804,0.9718160911647221
23,1.0148156142446005,1.015518156475371
23,1.053434449373966,1.0541637268679716
23,1.064194403965581,1.0649311304211473
23,1.0849628078726723,1.085713911995083
23,1.0849628116606476,1.0857139157856808
23,1.1417418878193784,1.1425322992809028
23,1.1643600384420438,1.1651661081234177
23,1.1643600613611758,1.1651661310584163
23,1.2003806179496594,1.2012116241593302
23,1.2594418231143687,1.2603137165455662
23,1.3143644958020095,1.315274411408318
23,1.3359060175735915,1.336830846065105
24,0.4874688783093395,0.4878063459915387
24,0.5131342575101343,0.5134894929646305
24,0.5131342584331899,0.5134894938883252
24,0.6178206990247567,0.6182484073946484
24,0.6178206994991065,0.6182484078693264
24,0.6938632211550076,0.6943435726675361
24,0.777999912681634,0.7785385108136715
24,0.8025748424906883,0.8031304534926175
24,0.8474123437864192,0.8479989951445868
24,0.8474123530845177,0.8479990044491222
24,0.8618574523475427,0.8624541038462775
24,0.8831245437033571,0.8837359181030736
24,0.9112494028161924,0.9118802476507187
24,0.9653863645116426,0.9660546875848782
24,0.9653863666497304,0.9660546897244464
24,0.9675166780852147,0.9681864759438491
24,0.9675166789021042,0.9681864767613041
24,0.9711437823140804,0.9718160911647221
24,1.0148156142446005,1.0155181564753712
24,1.053434449373965,1.0541637268679702
24,1.064194403965586,1.064931130421152
24,1.0849628078726716,1.0857139119950825
24,1.0849628116606418,1.085713915785675
24,1.1417418878193764,1.1425322992809008
24,1.1643600384420432,1.1651661081234168
24,1.1643600613611678,1.165166131058408
24,1.2003806179496646,1.2012116241593354
24,1.259441823114357,1.2603137165455545
24,1.3143644958020049,1.315274411408313
24,1.3359060175736157,1.336830846065129
25,0.48746887830918095,0.48780634599138006
25,0.5131342575101768,0.513489492964673
25,0.5131342584331798,0.513489493888315
25,0.6178206990247567,0.6182484073946484
25,0.6178206994991079,0.618248407869328
25,0.6938632211550206,0.6943435726675492
25,0.7779999126816345,0.7785385108136721
25,0.80257484249069,0.8031304534926191
25,0.847412343786396,0.8479989951445636
25,0.8474123530845213,0.8479990044491259
25,0.8618574523475467,0.8624541038462816
25,0.8831245437033567,0.8837359181030731
25,0.9112494028161878,0.9118802476507142
25,0.9653863645116433,0.966054687584879
25,0.96538636664973,0.9660546897244457
25,0.9675166780852146,0.968186475943849
25,0.9675166789021015,0.9681864767613013
25,0.9711437823140804,0.9718160911647221
25,1.0148156142445999,1.0155181564753706
25,1.0534344493739654,1.0541637268679707
25,1.0641944039655782,1.0649311304211444
25,1.0849628078726716,1.0857139119950825
25,1.0849628116606487,1.085713915785682
25,1.1417418878193757,1.1425322992809002
25,1.1643600384420383,1.1651661081234121
25,1.1643600613611793,1.1651661310584198
25,1.2003806179496663,1.2012116241593371
25,1.2594418231143527,1.2603137165455502
25,1.314364495802006,1.3152744114083144
25,1.3359060175735875,1.336830846065101
26,0.48746887830924485,0.487806345991444
26,0.5131342575101592,0.5134894929646554
26,0.5131342584332147,0.51348949388835
26,0.6178206990247382,0.6182484073946299
26,0.6178206994991091,0.6182484078693291
26,0.6938632211550123,0.6943435726675408
26,0.7779999126816283,0.7785385108136659
26,0.8025748424906879,0.803130453492617
26,0.8474123437863855,0.8479989951445531
26,0.8474123530845236,0.8479990044491281
26,0.8618574523475452,0.86245410384628
26,0.883124543703357,0.8837359181030735
26,0.9112494028161947,0.9118802476507211
26,0.9653863645116422,0.9660546875848779
26,0.9653863666497288,0.9660546897244446
26,0.9675166780852158,0.9681864759438501
26,0.967516678902104,0.9681864767613039
26,0.9711437823140803,0.9718160911647219
26,1.0148156142446005,1.0155181564753712
26,1.0534344493739636,1.0541637268679689
26,1.0641944039655804,1.0649311304211464
26,1.0849628078726712,1.085713911995082
26,1.0849628116606373,1.0857139157856706
26,1.141741887819386,1.1425322992809104
26,1.164360038442039,1.1651661081234128
26,1.1643600613611729,1.1651661310584132
26,1.2003806179496657,1.2012116241593365
26,1.259441823114363,1.2603137165455607
26,1.3143644958020055,1.315274411408314
26,1.3359060175735928,1.3368308460651062
27,0.48746887830916724,0.48780634599136635
27,0.5131342575101548,0.5134894929646511
27,0.5131342584331988,0.5134894938883341
27,0.6178206990247355,0.618248407394627
27,0.6178206994991066,0.6182484078693266
27,0.693863221155012,0.6943435726675404
27,0.7779999126816298,0.7785385108136675
27,0.8025748424906854,0.8031304534926146
27,0.8474123437863651,0.8479989951445326
27,0.8474123530845326,0.8479990044491371
27,0.8618574523475461,0.8624541038462809
27,0.883124543703364,0.8837359181030804
27,0.9112494028161904,0.9118802476507167
27,0.9653863645116433,0.966054687584879
27,0.9653863666497299,0.9660546897244457
27,0.9675166780852149,0.9681864759438493
27,0.9675166789021021,0.9681864767613021
27,0.9711437823140804,0.9718160911647221
27,1.0148156142446003,1.015518156475371
27,1.0534344493739627,1.054163726867968
27,1.064194403965582,1.0649311304211482
27,1.0849628078726719,1.0857139119950827
27,1.084962811660639,1.0857139157856721
27,1.141741887819384,1.1425322992809084
27,1.1643600384420387,1.1651661081234126
27,1.1643600613611702,1.1651661310584105
27,1.2003806179496634,1.2012116241593342
27,1.2594418231143527,1.2603137165455502
27,1.3143644958020029,1.315274411408311
27,1.3359060175736204,1.3368308460651337
28,0.4874688783093818,0.48780634599158096
28,0.5131342575101495,0.5134894929646457
28,0.5131342584331501,0.5134894938882852
28,0.617820699024724,0.6182484073946156
28,0.617820699499102,0.6182484078693221
28,0.6938632211550125,0.6943435726675411
28,0.7779999126816358,0.7785385108136734
28,0.8025748424906928,0.8031304534926219
28,0.8474123437864026,0.8479989951445702
28,0.8474123530845217,0.8479990044491263
28,0.8618574523475429,0.8624541038462776
28,0.8831245437033572,0.8837359181030737
28,0.9112494028161952,0.9118802476507215
28,0.9653863645116424,0.9660546875848782
28,0.96538636664973,0.9660546897244457
28,0.9675166780852141,0.9681864759438485
28,0.9675166789021035,0.9681864767613035
28,0.9711437823140804,0.9718160911647221
28,1.0148156142446005,1.015518156475371
28,1.0534344493739645,1.05416372686797
28,1.0641944039655833,1.0649311304211495
28,1.0849628078726703,1.0857139119950812
28,1.084962811660646,1.0857139157856792
28,1.1417418878193737,1.1425322992808982
28,1.1643600384420452,1.1651661081234188
28,1.1643600613611758,1.1651661310584163
28,1.200380617949654,1.2012116241593245
28,1.2594418231143711,1.2603137165455687
28,1.3143644958020024,1.3152744114083108
28,1.3359060175736044,1.336830846065118
29,0.4874688783092851,0.48780634599148426
29,0.5131342575101048,0.513489492964601
29,0.5131342584331259,0.5134894938882612
29,0.6178206990247378,0.6182484073946294
29,0.6178206994991099,0.6182484078693299
29,0.693863221155003,0.6943435726675316
29,0.7779999126816338,0.7785385108136713
29,0.8025748424906836,0.8031304534926127
29,0.8474123437863951,0.8479989951445628
29,0.8474123530845271,0.8479990044491317
29,0.861857452347549,0.8624541038462837
29,0.8831245437033565,0.8837359181030728
29,0.9112494028161924,0.9118802476507187
29,0.9653863645116405,0.9660546875848762
29,0.965386366649729,0.966054689724445
29,0.9675166780852141,0.9681864759438485
29,0.9675166789021031,0.9681864767613031
29,0.9711437823140805,0.9718160911647221
29,1.0148156142446,1.0155181564753708
29,1.0534344493739654,1.0541637268679707
29,1.0641944039655833,1.0649311304211495
29,1.0849628078726716,1.0857139119950825
29,1.084962811660636,1.0857139157856694
29,1.1417418878193801,1.1425322992809044
29,1.1643600384420454,1.165166108123419
29,1.1643600613611715,1.165166131058412
29,1.200380617949664,1.201211624159335
29,1.259441823114357,1.2603137165455545
29,1.3143644958020122,1.3152744114083204
29,1.3359060175735782,1.3368308460650915
30,0.48746887830932767,0.4878063459915269
30,0.5131342575101183,0.5134894929646145
30,0.5131342584331616,0.5134894938882968
30,0.6178206990247309,0.6182484073946226
30,0.6178206994991093,0.6182484078693293
30,0.6938632211550106,0.6943435726675391
30,0.7779999126816317,0.7785385108136693
30,0.8025748424906934,0.8031304534926227
30,0.8474123437863869,0.8479989951445543
30,0.8474123530845281,0.8479990044491327
30,0.8618574523475458,0.8624541038462807
30,0.883124543703358,0.8837359181030745
30,0.9112494028161925,0.911880247650719
30,0.965386364511643,0.9660546875848787
30,0.965386366649729,0.966054689724445
30,0.9675166780852146,0.968186475943849
30,0.967516678902104,0.9681864767613039
30,0.9711437823140798,0.9718160911647215
30,1.0148156142446003,1.015518156475371
30,1.0534344493739642,1.0541637268679696
30,1.0641944039655793,1.0649311304211453
30,1.0849628078726714,1.0857139119950825
30,1.0849628116606405,1.0857139157856734
30,1.1417418878193746,1.1425322992808988
30,1.1643600384420414,1.1651661081234153
30,1.16436006136117,1.1651661310584103
30,1.2003806179496535,1.2012116241593245
30,1.259441823114361,1.2603137165455585
30,1.3143644958020149,1.3152744114083232
30,1.3359060175736064,1.33683084606512
31,0.4874688783091947,0.4878063459913938
31,0.5131342575101633,0.5134894929646594
31,0.5131342584331843,0.5134894938883194
31,0.6178206990247359,0.6182484073946275
31,0.6178206994991069,0.618248407869327
31,0.6938632211550054,0.694343572667534
31,0.7779999126816286,0.7785385108136662
31,0.8025748424906805,0.8031304534926095
31,0.8474123437863808,0.8479989951445484
31,0.8474123530845294,0.8479990044491339
31,0.8618574523475452,0.86245410384628
31,0.8831245437033612,0.8837359181030776
31,0.9112494028161948,0.9118802476507211
31,0.9653863645116416,0.9660546875848772
31,0.9653863666497295,0.9660546897244455
31,0.9675166780852149,0.9681864759438493
31,0.9675166789021037,0.9681864767613036
31,0.9711437823140803,0.9718160911647219
31,1.0148156142446005,1.0155181564753712
31,1.053434449373964,1.0541637268679696
31,1.0641944039655773,1.0649311304211433
31,1.0849628078726705,1.0857139119950814
31,1.084962811660643,1.085713915785676
31,1.1417418878193775,1.142532299280902
31,1.164360038442041,1.1651661081234148
31,1.164360061361165,1.1651661310584052
31,1.2003806179496623,1.2012116241593331
31,1.2594418231143525,1.26031371654555
31,1.3143644958020069,1.315274411408315
31,1.3359060175736202,1.3368308460651335
32,0.48746887830926,0.4878063459914592
32,0.5131342575101524,0.5134894929646486
32,0.5131342584331892,0.5134894938883243
32,0.617820699024739,0.6182484073946306
32,0.6178206994991069,0.618248407869327
32,0.6938632211550045,0.6943435726675331
32,0.7779999126816305,0.7785385108136681
32,0.8025748424906798,0.8031304534926089
32,0.8474123437864126,0.8479989951445801
32,0.847412353084523,0.8479990044491276
32,0.8618574523475422,0.8624541038462771
32,0.8831245437033589,0.8837359181030753
32,0.9112494028161924,0.9118802476507187
32,0.9653863645116417,0.9660546875848774
32,0.965386366649729,0.966054689724445
32,0.9675166780852116,0.968186475943846
32,0.9675166789021032,0.9681864767613031
32,0.9711437823140804,0.9718160911647221
32,1.0148156142446005,1.015518156475371
32,1.053434449373965,1.0541637268679702
32,1.0641944039655789,1.064931130421145
32,1.0849628078726712,1.085713911995082
32,1.0849628116606465,1.0857139157856797
32,1.141741887819382,1.1425322992809064
32,1.164360038442041,1.1651661081234148
32,1.1643600613611718,1.1651661310584123
32,1.200380617949656,1.2012116241593267
32,1.2594418231143831,1.2603137165455807
32,1.3143644958020082,1.3152744114083164
32,1.3359060175736033,1.3368308460651166
33,0.4874688783095085,0.48780634599170786
33,0.5131342575101576,0.5134894929646537
33,0.5131342584331766,0.5134894938883118
33,0.6178206990247405,0.6182484073946322
33,0.6178206994991101,0.6182484078693301
33,0.6938632211550078,0.6943435726675363
33,0.7779999126816357,0.7785385108136733
33,0.8025748424906827,0.8031304534926119
33,0.8474123437864106,0.8479989951445782
33,0.84741235308452,0.8479990044491245
33,0.8618574523475444,0.8624541038462792
33,0.8831245437033605,0.8837359181030768
33,0.9112494028161917,0.9118802476507182
33,0.9653863645116436,0.9660546875848794
33,0.9653863666497303,0.9660546897244462
33,0.9675166780852141,0.9681864759438485
33,0.9675166789021032,0.9681864767613031
33,0.9711437823140807,0.9718160911647223
33,1.0148156142446005,1.015518156475371
33,1.0534344493739642,1.0541637268679698
33,1.064194403965581,1.0649311304211473
33,1.0849628078726699,1.0857139119950807
33,1.0849628116606485,1.0857139157856817
33,1.1417418878193746,1.1425322992808988
33,1.164360038442042,1.1651661081234157
33,1.1643600613611786,1.165166131058419
33,1.200380617949658,1.2012116241593287
33,1.259441823114363,1.2603137165455607
33,1.3143644958020033,1.3152744114083117
33,1.3359060175735957,1.336830846065109
34,0.4874688783093206,0.48780634599151984
34,0.5131342575101717,0.5134894929646678
34,0.5131342584331872,0.5134894938883223
34,0.6178206990247493,0.6182484073946409
34,0.6178206994991037,0.6182484078693237
34,0.6938632211550053,0.6943435726675339
34,0.7779999126816369,0.7785385108136745
34,0.8025748424906757,0.8031304534926047
34,0.8474123437863612,0.8479989951445287
34,0.8474123530845299,0.8479990044491345
34,0.8618574523475431,0.862454103846278
34,0.8831245437033572,0.8837359181030737
34,0.9112494028161918,0.9118802476507183
34,0.9653863645116423,0.9660546875848781
34,0.9653863666497288,0.9660546897244446
34,0.967516678085214,0.9681864759438483
34,0.9675166789021031,0.9681864767613031
34,0.9711437823140805,0.9718160911647221
34,1.0148156142446005,1.0155181564753712
34,1.0534344493739642,1.0541637268679698
34,1.0641944039655833,1.0649311304211495
34,1.0849628078726716,1.0857139119950825
34,1.084962811660642,1.0857139157856752
34,1.141741887819375,1.1425322992808995
34,1.1643600384420458,1.1651661081234197
34,1.1643600613611766,1.165166131058417
34,1.2003806179496663,1.2012116241593371
34,1.2594418231143647,1.2603137165455622
34,1.3143644958020149,1.3152744114083232
34,1.335906017573605,1.3368308460651184
35,0.48746887830919783,0.4878063459913969
35,0.5131342575101752,0.5134894929646714
35,0.5131342584332402,0.5134894938883754
35,0.6178206990247535,0.618248407394645
35,0.6178206994991008,0.6182484078693208
35,0.6938632211550084,0.6943435726675369
35,0.7779999126816258,0.7785385108136634
35,0.8025748424906859,0.8031304534926151
35,0.847412343786413,0.8479989951445805
35,0.8474123530845269,0.8479990044491313
35,0.8618574523475439,0.8624541038462786
35,0.8831245437033632,0.8837359181030797
35,0.9112494028161902,0.9118802476507165
35,0.965386364511643,0.9660546875848787
35,0.9653863666497293,0.9660546897244452
35,0.9675166780852147,0.9681864759438491
35,0.9675166789021039,0.9681864767613036
35,0.9711437823140804,0.9718160911647221
35,1.0148156142446003,1.015518156475371
35,1.0534344493739636,1.0541637268679689
35,1.0641944039655817,1.064931130421148
35,1.084962807872671,1.0857139119950818
35,1.0849628116606473,1.0857139157856808
35,1.1417418878193843,1.1425322992809086
35,1.1643600384420372,1.165166108123411
35,1.1643600613611755,1.1651661310584158
35,1.2003806179496574,1.2012116241593283
35,1.2594418231143647,1.2603137165455622
35,1.3143644958020058,1.3152744114083141
35,1.3359060175736055,1.3368308460651188
36,0.48746887830919705,0.48780634599139616
36,0.5131342575101544,0.5134894929646506
36,0.5131342584332259,0.5134894938883611
36,0.6178206990247475,0.618248407394639
36,0.6178206994991099,0.6182484078693299
36,0.6938632211550056,0.6943435726675341
36,0.7779999126816395,0.7785385108136771
36,0.8025748424906775,0.8031304534926067
36,0.8474123437863921,0.8479989951445597
36,0.8474123530845145,0.847999004449119
36,0.8618574523475451,0.8624541038462799
36,0.8831245437033597,0.8837359181030762
36,0.9112494028161922,0.9118802476507185
36,0.965386364511642,0.9660546875848777
36,0.9653863666497278,0.9660546897244436
36,0.9675166780852132,0.9681864759438475
36,0.9675166789021028,0.9681864767613027
36,0.9711437823140803,0.9718160911647219
36,1.0148156142446,1.0155181564753708
36,1.0534344493739647,1.0541637268679702
36,1.0641944039655844,1.0649311304211504
36,1.0849628078726716,1.0857139119950825
36,1.08496281166064,1.0857139157856732
36,1.1417418878193757,1.1425322992809002
36,1.164360038442042,1.1651661081234157
36,1.164360061361169,1.1651661310584094
36,1.2003806179496566,1.2012116241593274
36,1.2594418231143616,1.2603137165455591
36,1.314364495801998,1.3152744114083064
36,1.3359060175736002,1.3368308460651135
37,0.4874688783093581,0.4878063459915573
37,0.5131342575101159,0.5134894929646121
37,0.5131342584331994,0.5134894938883345
37,0.6178206990247291,0.6182484073946207
37,0.617820699499107,0.6182484078693271
37,0.6938632211550014,0.69434357266753
37,0.7779999126816233,0.7785385108136609
37,0.802574842490678,0.8031304534926071
37,0.8474123437863924,0.84799899514456
37,0.8474123530845185,0.8479990044491229
37,0.8618574523475442,0.862454103846279
37,0.8831245437033571,0.8837359181030736
37,0.9112494028161917,0.9118802476507182
37,0.9653863645116422,0.9660546875848779
37,0.9653863666497295,0.9660546897244455
37,0.967516678085213,0.9681864759438473
37,0.9675166789021049,0.9681864767613049
37,0.9711437823140805,0.9718160911647221
37,1.0148156142446003,1.015518156475371
37,1.0534344493739651,1.0541637268679704
37,1.0641944039655842,1.0649311304211502
37,1.084962807872672,1.085713911995083
37,1.0849628116606396,1.085713915785673
37,1.1417418878193808,1.1425322992809053
37,1.1643600384420405,1.1651661081234144
37,1.1643600613611766,1.165166131058417
37,1.2003806179496654,1.2012116241593362
37,1.259441823114362,1.2603137165455596
37,1.3143644958020044,1.3152744114083126
37,1.3359060175735995,1.3368308460651128
38,0.4874688783092999,0.4878063459914991
38,0.5131342575101662,0.5134894929646624
38,0.5131342584332232,0.5134894938883585
38,0.617820699024742,0.6182484073946337
38,0.6178206994991073,0.6182484078693272
38,0.6938632211550029,0.6943435726675314
38,0.7779999126816277,0.7785385108136652
38,0.8025748424906797,0.8031304534926088
38,0.8474123437863784,0.8479989951445459
38,0.8474123530845218,0.8479990044491263
38,0.8618574523475394,0.8624541038462742
38,0.8831245437033536,0.8837359181030701
38,0.9112494028161933,0.9118802476507195
38,0.9653863645116424,0.9660546875848782
38,0.9653863666497289,0.9660546897244447
38,0.9675166780852148,0.9681864759438491
38,0.9675166789021049,0.9681864767613049
38,0.9711437823140805,0.9718160911647221
38,1.0148156142446008,1.0155181564753715
38,1.0534344493739645,1.05416372686797
38,1.064194403965583,1.0649311304211493
38,1.084962807872672,1.085713911995083
38,1.0849628116606385,1.0857139157856717
38,1.1417418878193843,1.1425322992809086
38,1.1643600384420427,1.1651661081234166
38,1.1643600613611667,1.165166131058407
38,1.2003806179496581,1.201211624159329
38,1.259441823114361,1.2603137165455585
38,1.3143644958020053,1.3152744114083137
38,1.3359060175736037,1.336830846065117
39,0.48746887830924723,0.4878063459914464
39,0.5131342575101695,0.5134894929646657
39,0.5131342584332566,0.5134894938883917
39,0.6178206990247339,0.6182484073946255
39,0.6178206994991063,0.6182484078693263
39,0.6938632211550095,0.694343572667538
39,0.7779999126816339,0.7785385108136714
39,0.8025748424906775,0.8031304534926067
39,0.8474123437863934,0.847998995144561
39,0.8474123530845271,0.8479990044491317
39,0.8618574523475433,0.8624541038462781
39,0.8831245437033539,0.8837359181030703
39,0.9112494028161929,0.9118802476507193
39,0.9653863645116417,0.9660546875848774
39,0.965386366649729,0.966054689724445
39,0.9675166780852141,0.9681864759438485
39,0.9675166789021042,0.9681864767613041
39,0.9711437823140804,0.9718160911647221
39,1.0148156142446008,1.0155181564753715
39,1.0534344493739651,1.0541637268679704
39,1.0641944039655817,1.064931130421148
39,1.0849628078726727,1.0857139119950836
39,1.0849628116606447,1.0857139157856779
39,1.1417418878193772,1.1425322992809017
39,1.164360038442046,1.16516610812342
39,1.164360061361171,1.1651661310584114
39,1.2003806179496608,1.2012116241593318
39,1.2594418231143631,1.260313716545561
39,1.314364495802003,1.3152744114083115
39,1.335906017573619,1.3368308460651326
40,0.48746887830927577,0.48780634599147493
40,0.5131342575101792,0.5134894929646754
40,0.513134258433211,0.5134894938883463
40,0.6178206990247271,0.6182484073946188
40,0.6178206994991061,0.6182484078693261
40,0.6938632211550033,0.6943435726675318
40,0.7779999126816255,0.778538510813663
40,0.8025748424906879,0.803130453492617
40,0.8474123437864366,0.8479989951446043
40,0.8474123530845259,0.8479990044491303
40,0.8618574523475447,0.8624541038462796
40,0.8831245437033639,0.8837359181030804
40,0.9112494028161957,0.9118802476507221
40,0.9653863645116417,0.9660546875848774
40,0.9653863666497294,0.9660546897244454
40,0.9675166780852137,0.9681864759438482
40,0.9675166789021022,0.9681864767613021
40,0.9711437823140803,0.9718160911647219
40,1.0148156142446005,1.015518156475371
40,1.0534344493739622,1.0541637268679676
40,1.0641944039655826,1.0649311304211486
40,1.0849628078726712,1.085713911995082
40,1.0849628116606433,1.0857139157856768
40,1.1417418878193863,1.1425322992809108
40,1.1643600384420447,1.1651661081234186
40,1.1643600613611742,1.1651661310584147
40,1.200380617949669,1.2012116241593398
40,1.2594418231143745,1.2603137165455722
40,1.3143644958020078,1.3152744114083161
40,1.335906017573591,1.3368308460651044
41,0.48746887830905344,0.48780634599125244
41,0.5131342575101558,0.513489492964652
41,0.5131342584332247,0.51348949388836
41,0.6178206990247499,0.6182484073946415
41,0.6178206994991065,0.6182484078693264
41,0.6938632211550207,0.6943435726675492
41,0.7779999126816342,0.7785385108136718
41,0.8025748424906871,0.8031304534926162
41,0.8474123437863696,0.8479989951445371
41,0.8474123530845213,0.8479990044491259
41,0.8618574523475484,0.8624541038462833
41,0.8831245437033581,0.8837359181030746
41,0.9112494028161914,0.9118802476507177
41,0.965386364511642,0.9660546875848777
41,0.9653863666497289,0.9660546897244447
41,0.9675166780852146,0.968186475943849
41,0.9675166789021021,0.9681864767613021
41,0.9711437823140807,0.9718160911647223
41,1.0148156142446005,1.015518156475371
41,1.0534344493739645,1.05416372686797
41,1.064194403965579,1.0649311304211453
41,1.0849628078726745,1.0857139119950852
41,1.0849628116606407,1.0857139157856739
41,1.1417418878193861,1.1425322992809106
41,1.1643600384420427,1.1651661081234166
41,1.1643600613611718,1.1651661310584123
41,1.2003806179496566,1.2012116241593274
41,1.259441823114363,1.2603137165455607
41,1.3143644958019975,1.3152744114083057
41,1.3359060175736077,1.336830846065121
42,0.48746887830917024,0.48780634599136935
42,0.5131342575101413,0.5134894929646374
42,0.5131342584331996,0.5134894938883349
42,0.6178206990247229,0.6182484073946145
42,0.6178206994991093,0.6182484078693293
42,0.6938632211550245,0.6943435726675531
42,0.7779999126816318,0.7785385108136694
42,0.8025748424906911,0.8031304534926202
42,0.8474123437863749,0.8479989951445425
42,0.8474123530845253,0.8479990044491299
42,0.8618574523475475,0.8624541038462823
42,0.8831245437033567,0.8837359181030731
42,0.9112494028161939,0.9118802476507203
42,0.9653863645116414,0.9660546875848771
42,0.9653863666497289,0.9660546897244447
42,0.9675166780852137,0.9681864759438482
42,0.9675166789021035,0.9681864767613035
42,0.9711437823140804,0.9718160911647221
42,1.0148156142446003,1.015518156475371
42,1.053434449373965,1.0541637268679702
42,1.0641944039655842,1.0649311304211502
42,1.0849628078726712,1.085713911995082
42,1.0849628116606362,1.0857139157856697
42,1.141741887819378,1.1425322992809024
42,1.1643600384420465,1.1651661081234204
42,1.1643600613611773,1.1651661310584176
42,1.2003806179496719,1.2012116241593427
42,1.2594418231143667,1.2603137165455642
42,1.3143644958020182,1.3152744114083266
42,1.3359060175735802,1.3368308460650937
43,0.48746887830945884,0.4878063459916581
43,0.5131342575101321,0.5134894929646282
43,0.5131342584331985,0.5134894938883338
43,0.6178206990247342,0.6182484073946258
43,0.6178206994991081,0.6182484078693281
43,0.6938632211550149,0.6943435726675434
43,0.7779999126816357,0.7785385108136733
43,0.8025748424906793,0.8031304534926085
43,0.8474123437864288,0.8479989951445964
43,0.847412353084522,0.8479990044491265
43,0.8618574523475419,0.8624541038462766
43,0.8831245437033572,0.8837359181030737
43,0.9112494028161942,0.9118802476507205
43,0.9653863645116423,0.9660546875848781
43,0.9653863666497292,0.9660546897244452
43,0.9675166780852142,0.9681864759438485
43,0.9675166789021048,0.9681864767613046
43,0.9711437823140804,0.9718160911647221
43,1.0148156142446008,1.0155181564753715
43,1.0534344493739665,1.0541637268679718
43,1.0641944039655808,1.064931130421147
43,1.0849628078726743,1.0857139119950852
43,1.0849628116606436,1.0857139157856768
43,1.1417418878193843,1.1425322992809086
43,1.1643600384420394,1.165166108123413
43,1.1643600613611644,1.165166131058405
43,1.200380617949658,1.2012116241593287
43,1.259441823114364,1.2603137165455616
43,1.314364495802007,1.3152744114083152
43,1.3359060175735942,1.3368308460651075
44,0.48746887830936464,0.48780634599156386
44,0.5131342575101675,0.5134894929646637
44,0.5131342584332277,0.5134894938883628
44,0.6178206990247417,0.6182484073946333
44,0.617820699499109,0.618248407869329
44,0.6938632211550169,0.6943435726675454
44,0.777999912681627,0.7785385108136647
44,0.8025748424906815,0.8031304534926106
44,0.847412343786412,0.8479989951445795
44,0.8474123530845239,0.8479990044491285
44,0.8618574523475463,0.8624541038462811
44,0.8831245437033588,0.8837359181030752
44,0.911249402816192,0.9118802476507183
44,0.9653863645116426,0.9660546875848782
44,0.9653863666497299,0.9660546897244457
44,0.9675166780852137,0.9681864759438482
44,0.9675166789021029,0.9681864767613029
44,0.9711437823140804,0.9718160911647221
44,1.0148156142446,1.0155181564753708
44,1.0534344493739622,1.0541637268679678
44,1.0641944039655804,1.0649311304211464
44,1.0849628078726699,1.0857139119950807
44,1.0849628116606402,1.0857139157856734
44,1.1417418878193843,1.1425322992809086
44,1.1643600384420427,1.1651661081234166
44,1.1643600613611702,1.1651661310584105
44,1.2003806179496643,1.2012116241593351
44,1.2594418231143716,1.2603137165455691
44,1.3143644958020106,1.315274411408319
44,1.3359060175735986,1.336830846065112
45,0.48746887830936414,0.4878063459915634
45,0.5131342575101422,0.5134894929646383
45,0.5131342584331576,0.5134894938882927
45,0.6178206990247241,0.6182484073946157
45,0.6178206994991019,0.6182484078693219
45,0.6938632211550028,0.6943435726675312
45,0.7779999126816309,0.7785385108136685
45,0.8025748424906752,0.8031304534926045
45,0.8474123437863844,0.847998995144552
45,0.8474123530845264,0.847999004449131
45,0.861857452347537,0.8624541038462717
45,0.8831245437033581,0.8837359181030746
45,0.9112494028161912,0.9118802476507175
45,0.9653863645116428,0.9660546875848784
45,0.9653863666497305,0.9660546897244465
45,0.967516678085214,0.9681864759438483
45,0.9675166789021042,0.9681864767613041
45,0.9711437823140799,0.9718160911647215
45,1.0148156142446008,1.0155181564753715
45,1.0534344493739645,1.05416372686797
45,1.064194403965581,1.0649311304211473
45,1.0849628078726725,1.0857139119950834
45,1.0849628116606462,1.0857139157856794
45,1.141741887819379,1.1425322992809035
45,1.1643600384420445,1.1651661081234181
45,1.1643600613611753,1.1651661310584156
45,1.20038061794965,1.2012116241593207
45,1.2594418231143796,1.2603137165455771
45,1.314364495802009,1.3152744114083172
45,1.3359060175735973,1.3368308460651108
46,0.4874688783092816,0.48780634599148076
46,0.5131342575101606,0.5134894929646568
46,0.5131342584331997,0.5134894938883349
46,0.6178206990247376,0.6182484073946292
46,0.6178206994991079,0.618248407869328
46,0.6938632211550093,0.6943435726675378
46,0.7779999126816328,0.7785385108136704
46,0.802574842490673,0.803130453492602
46,0.8474123437864005,0.8479989951445681
46,0.8474123530845288,0.8479990044491333
46,0.8618574523475441,0.862454103846279
46,0.8831245437033622,0.8837359181030787
46,0.9112494028161913,0.9118802476507175
46,0.9653863645116414,0.9660546875848771
46,0.9653863666497282,0.9660546897244442
46,0.9675166780852137,0.9681864759438482
46,0.9675166789021027,0.9681864767613025
46,0.9711437823140803,0.9718160911647219
46,1.0148156142445997,1.0155181564753704
46,1.0534344493739642,1.0541637268679696
46,1.0641944039655817,1.064931130421148
46,1.0849628078726699,1.085713911995081
46,1.084962811660642,1.0857139157856752
46,1.1417418878193826,1.142532299280907
46,1.1643600384420443,1.165166108123418
46,1.1643600613611729,1.1651661310584132
46,1.2003806179496603,1.2012116241593311
46,1.259441823114364,1.2603137165455616
46,1.3143644958019987,1.3152744114083068
46,1.3359060175736153,1.3368308460651286
47,0.4874688783093144,0.48780634599151357
47,0.5131342575101239,0.51348949296462
47,0.5131342584331803,0.5134894938883154
47,0.6178206990247446,0.6182484073946362
47,0.617820699499109,0.618248407869329
47,0.6938632211550135,0.694343572667542
47,0.7779999126816417,0.7785385108136793
47,0.8025748424906813,0.8031304534926105
47,0.8474123437863454,0.847998995144513
47,0.8474123530845251,0.8479990044491297
47,0.8618574523475463,0.8624541038462811
47,0.8831245437033604,0.8837359181030767
47,0.9112494028161935,0.9118802476507197
47,0.9653863645116423,0.9660546875848781
47,0.965386366649729,0.966054689724445
47,0.9675166780852136,0.968186475943848
47,0.9675166789021035,0.9681864767613035
47,0.9711437823140803,0.9718160911647219
47,1.0148156142446005,1.015518156475371
47,1.0534344493739642,1.0541637268679696
47,1.0641944039655786,1.0649311304211446
47,1.0849628078726723,1.085713911995083
47,1.0849628116606442,1.0857139157856772
47,1.1417418878193852,1.1425322992809097
47,1.1643600384420418,1.1651661081234155
47,1.1643600613611707,1.165166131058411
47,1.2003806179496628,1.2012116241593338
47,1.259441823114354,1.2603137165455516
47,1.3143644958020035,1.315274411408312
47,1.3359060175735884,1.3368308460651017
48,0.48746887830934194,0.4878063459915411
48,0.5131342575101461,0.5134894929646423
48,0.5131342584331757,0.5134894938883109
48,0.6178206990247621,0.6182484073946537
48,0.6178206994991146,0.6182484078693347
48,0.6938632211550106,0.6943435726675391
48,0.777999912681635,0.7785385108136725
48,0.8025748424906746,0.8031304534926037
48,0.8474123437864091,0.8479989951445767
48,0.847412353084525,0.8479990044491296
48,0.861857452347544,0.8624541038462787
48,0.8831245437033594,0.8837359181030757
48,0.9112494028161925,0.911880247650719
48,0.965386364511643,0.9660546875848787
48,0.9653863666497294,0.9660546897244454
48,0.9675166780852159,0.9681864759438503
48,0.9675166789021028,0.9681864767613027
48,0.9711437823140804,0.9718160911647221
48,1.0148156142446005,1.015518156475371
48,1.0534344493739638,1.054163726867969
48,1.0641944039655786,1.0649311304211448
48,1.084962807872672,1.085713911995083
48,1.0849628116606413,1.0857139157856746
48,1.141741887819382,1.1425322992809064
48,1.1643600384420452,1.1651661081234188
48,1.1643600613611684,1.165166131058409
48,1.2003806179496626,1.2012116241593334
48,1.259441823114371,1.2603137165455685
48,1.3143644958020098,1.3152744114083181
48,1.3359060175736095,1.336830846065123
49,0.48746887830933244,0.48780634599153166
49,0.5131342575101496,0.5134894929646459
49,0.5131342584332375,0.5134894938883726
49,0.6178206990247348,0.6182484073946265
49,0.6178206994991068,0.6182484078693269
49,0.6938632211550145,0.694343572667543
49,0.7779999126816409,0.7785385108136785
49,0.8025748424906833,0.8031304534926125
49,0.8474123437863943,0.8479989951445619
49,0.8474123530845235,0.847999004449128
49,0.8618574523475444,0.8624541038462792
49,0.8831245437033559,0.8837359181030724
49,0.9112494028161902,0.9118802476507165
49,0.9653863645116418,0.9660546875848777
49,0.9653863666497283,0.9660546897244442
49,0.9675166780852135,0.968186475943848
49,0.9675166789021049,0.9681864767613049
49,0.9711437823140805,0.9718160911647221
49,1.0148156142446005,1.0155181564753712
49,1.0534344493739636,1.0541637268679689
49,1.064194403965578,1.0649311304211442
49,1.0849628078726714,1.0857139119950825
49,1.0849628116606396,1.0857139157856728
49,1.1417418878193784,1.1425322992809028
49,1.1643600384420472,1.1651661081234208
49,1.164360061361175,1.1651661310584154
49,1.2003806179496646,1.2012116241593354
49,1.259441823114373,1.2603137165455705
49,1.3143644958020189,1.315274411408327
49,1.3359060175736035,1.3368308460651168
50,0.4874688783091799,0.487806345991379
50,0.5131342575101364,0.5134894929646325
50,0.5131342584331409,0.513489493888276
50,0.6178206990247436,0.618248407394635
50,0.6178206994991079,0.618248407869328
50,0.6938632211550011,0.6943435726675296
50,0.7779999126816355,0.7785385108136731
50,0.8025748424906812,0.8031304534926105
50,0.847412343786375,0.8479989951445426
50,0.8474123530845242,0.8479990044491288
50,0.8618574523475441,0.862454103846279
50,0.8831245437033566,0.883735918103073
50,0.9112494028161933,0.9118802476507195
50,0.9653863645116423,0.9660546875848781
50,0.9653863666497289,0.9660546897244447
50,0.9675166780852125,0.968186475943847
50,0.9675166789021029,0.9681864767613029
50,0.9711437823140803,0.9718160911647219
50,1.0148156142446005,1.0155181564753712
50,1.053434449373962,1.0541637268679673
50,1.0641944039655837,1.06493113042115
50,1.0849628078726703,1.0857139119950812
50,1.0849628116606318,1.085713915785665
50,1.1417418878193812,1.1425322992809057
50,1.1643600384420465,1.1651661081234204
50,1.1643600613611784,1.1651661310584187
50,1.200380617949675,1.2012116241593458
50,1.2594418231143611,1.2603137165455587
50,1.3143644958020064,1.3152744114083146
50,1.3359060175735937,1.336830846065107
51,0.4874688783092517,0.48780634599145084
51,0.5131342575101918,0.513489492964688
51,0.5131342584332638,0.513489493888399
51,0.6178206990247291,0.6182484073946207
51,0.6178206994991045,0.6182484078693244
51,0.6938632211550209,0.6943435726675493
51,0.7779999126816289,0.7785385108136665
51,0.802574842490698,0.8031304534926271
51,0.847412343786388,0.8479989951445555
51,0.8474123530845185,0.8479990044491229
51,0.861857452347549,0.8624541038462837
51,0.8831245437033565,0.8837359181030728
51,0.9112494028161936,0.91188024765072
51,0.9653863645116417,0.9660546875848774
51,0.9653863666497273,0.9660546897244432
51,0.9675166780852148,0.9681864759438491
51,0.9675166789021049,0.9681864767613049
51,0.9711437823140804,0.9718160911647221
51,1.0148156142446003,1.015518156475371
51,1.0534344493739654,1.0541637268679707
51,1.064194403965581,1.0649311304211473
51,1.0849628078726734,1.0857139119950843
51,1.084962811660642,1.0857139157856752
51,1.1417418878193832,1.1425322992809077
51,1.1643600384420412,1.1651661081234148
51,1.164360061361171,1.1651661310584114
51,1.2003806179496639,1.2012116241593347
51,1.2594418231143425,1.26031371654554
51,1.3143644958019953,1.3152744114083035
51,1.3359060175735988,1.3368308460651124
52,0.4874688783093869,0.4878063459915862
52,0.5131342575101101,0.5134894929646063
52,0.5131342584331491,0.5134894938882841
52,0.61782069902474,0.6182484073946316
52,0.6178206994991104,0.6182484078693304
52,0.6938632211550053,0.6943435726675339
52,0.7779999126816318,0.7785385108136694
52,0.8025748424906879,0.803130453492617
52,0.84741234378641,0.8479989951445774
52,0.8474123530845212,0.8479990044491258
52,0.8618574523475465,0.8624541038462813
52,0.8831245437033552,0.8837359181030717
52,0.911249402816192,0.9118802476507183
52,0.965386364511642,0.9660546875848777
52,0.9653863666497295,0.9660546897244455
52,0.9675166780852154,0.9681864759438498
52,0.9675166789021035,0.9681864767613035
52,0.9711437823140804,0.9718160911647221
52,1.0148156142445999,1.0155181564753706
52,1.0534344493739634,1.0541637268679687
52,1.0641944039655795,1.0649311304211457
52,1.0849628078726714,1.0857139119950823
52,1.0849628116606396,1.0857139157856728
52,1.141741887819383,1.1425322992809075
52,1.164360038442038,1.1651661081234117
52,1.164360061361166,1.1651661310584063
52,1.2003806179496581,1.201211624159329
52,1.2594418231143498,1.2603137165455476
52,1.3143644958020055,1.315274411408314
52,1.3359060175735833,1.3368308460650966
53,0.48746887830926683,0.487806345991466
53,0.5131342575101051,0.5134894929646012
53,0.5131342584331396,0.5134894938882748
53,0.6178206990247342,0.6182484073946258
53,0.6178206994991092,0.6182484078693292
53,0.6938632211550083,0.6943435726675369
53,0.7779999126816307,0.7785385108136683
53,0.8025748424906801,0.8031304534926094
53,0.8474123437864143,0.8479989951445819
53,0.8474123530845282,0.8479990044491328
53,0.8618574523475514,0.8624541038462862
53,0.883124543703356,0.8837359181030725
53,0.9112494028161892,0.9118802476507155
53,0.9653863645116424,0.9660546875848782
53,0.9653863666497294,0.9660546897244454
53,0.9675166780852147,0.9681864759438491
53,0.9675166789021044,0.9681864767613043
53,0.9711437823140805,0.9718160911647221
53,1.0148156142446003,1.015518156475371
53,1.0534344493739645,1.05416372686797
53,1.064194403965583,1.0649311304211493
53,1.0849628078726707,1.0857139119950816
53,1.0849628116606402,1.0857139157856734
53,1.1417418878193784,1.1425322992809028
53,1.164360038442043,1.1651661081234168
53,1.1643600613611689,1.1651661310584092
53,1.2003806179496581,1.201211624159329
53,1.2594418231143578,1.2603137165455554
53,1.3143644958020146,1.3152744114083228
53,1.3359060175735922,1.3368308460651057
54,0.4874688783093211,0.48780634599152034
54,0.5131342575102001,0.5134894929646964
54,0.5131342584332518,0.513489493888387
54,0.6178206990247441,0.6182484073946358
54,0.6178206994991065,0.6182484078693264
54,0.6938632211550012,0.6943435726675297
54,0.7779999126816353,0.7785385108136729
54,0.8025748424906887,0.8031304534926179
54,0.8474123437863982,0.8479989951445657
54,0.8474123530845211,0.8479990044491256
54,0.8618574523475423,0.8624541038462771
54,0.8831245437033578,0.8837359181030742
54,0.9112494028161939,0.9118802476507203
54,0.9653863645116416,0.9660546875848772
54,0.9653863666497289,0.9660546897244447
54,0.967516678085213,0.9681864759438473
54,0.9675166789021032,0.9681864767613031
54,0.9711437823140804,0.9718160911647221
54,1.0148156142446005,1.015518156475371
54,1.0534344493739654,1.0541637268679707
54,1.0641944039655824,1.0649311304211486
54,1.0849628078726723,1.085713911995083
54,1.0849628116606358,1.085713915785669
54,1.1417418878193786,1.142532299280903
54,1.164360038442047,1.1651661081234206
54,1.1643600613611769,1.1651661310584174
54,1.200380617949657,1.2012116241593278
54,1.2594418231143811,1.2603137165455787
54,1.3143644958020129,1.3152744114083212
54,1.3359060175736015,1.3368308460651148
55,0.48746887830930236,0.4878063459915016
55,0.513134257510162,0.5134894929646582
55,0.51313425843324,0.5134894938883753
55,0.6178206990247576,0.6182484073946493
55,0.6178206994990996,0.6182484078693196
55,0.6938632211550203,0.6943435726675488
55,0.7779999126816335,0.7785385108136711
55,0.802574842490679,0.8031304534926083
55,0.8474123437863889,0.8479989951445565
55,0.8474123530845213,0.8479990044491259
55,0.8618574523475386,0.8624541038462735
55,0.8831245437033532,0.8837359181030697
55,0.9112494028161908,0.9118802476507172
55,0.9653863645116423,0.9660546875848781
55,0.9653863666497288,0.9660546897244446
55,0.9675166780852154,0.9681864759438498
55,0.9675166789021039,0.9681864767613036
55,0.9711437823140804,0.9718160911647221
55,1.0148156142446,1.0155181564753708
55,1.0534344493739627,1.054163726867968
55,1.0641944039655804,1.0649311304211464
55,1.0849628078726714,1.0857139119950825
55,1.084962811660641,1.085713915785674
55,1.1417418878193835,1.1425322992809082
55,1.164360038442041,1.1651661081234148
55,1.1643600613611718,1.1651661310584123
55,1.2003806179496666,1.2012116241593374
55,1.2594418231143498,1.2603137165455476
55,1.3143644958020162,1.3152744114083244
55,1.3359060175735935,1.336830846065107
56,0.48746887830917607,0.48780634599137523
56,0.5131342575101894,0.5134894929646856
56,0.5131342584332357,0.513489493888371
56,0.6178206990247346,0.6182484073946263
56,0.6178206994991075,0.6182484078693274
56,0.6938632211550196,0.6943435726675482
56,0.7779999126816283,0.7785385108136659
56,0.8025748424906785,0.8031304534926076
56,0.8474123437864236,0.8479989951445912
56,0.8474123530845242,0.8479990044491288
56,0.8618574523475456,0.8624541038462805
56,0.8831245437033586,0.8837359181030751
56,0.911249402816192,0.9118802476507183
56,0.9653863645116433,0.966054687584879
56,0.9653863666497281,0.966054689724444
56,0.9675166780852148,0.9681864759438491
56,0.9675166789021042,0.9681864767613041
56,0.9711437823140805,0.9718160911647221
56,1.0148156142446005,1.0155181564753712
56,1.0534344493739627,1.0541637268679682
56,1.064194403965582,1.0649311304211482
56,1.084962807872672,1.085713911995083
56,1.0849628116606407,1.0857139157856737
56,1.1417418878193821,1.1425322992809064
56,1.1643600384420403,1.165166108123414
56,1.16436006136117,1.1651661310584103
56,1.2003806179496557,1.2012116241593265
56,1.259441823114349,1.2603137165455465
56,1.314364495802008,1.3152744114083164
56,1.3359060175735904,1.3368308460651037
57,0.48746887830927343,0.48780634599147266
57,0.5131342575101511,0.5134894929646473
57,0.5131342584331713,0.5134894938883066
57,0.617820699024728,0.6182484073946196
57,0.6178206994991083,0.6182484078693283
57,0.6938632211550083,0.6943435726675369
57,0.7779999126816345,0.7785385108136721
57,0.8025748424906813,0.8031304534926105
57,0.8474123437864293,0.847998995144597
57,0.8474123530845228,0.8479990044491273
57,0.8618574523475484,0.8624541038462833
57,0.8831245437033576,0.883735918103074
57,0.9112494028161925,0.911880247650719
57,0.9653863645116418,0.9660546875848777
57,0.9653863666497277,0.9660546897244436
57,0.9675166780852146,0.968186475943849
57,0.9675166789021046,0.9681864767613044
57,0.9711437823140804,0.9718160911647221
57,1.0148156142446005,1.0155181564753712
57,1.0534344493739645,1.05416372686797
57,1.0641944039655833,1.0649311304211495
57,1.0849628078726725,1.0857139119950834
57,1.084962811660636,1.0857139157856692
57,1.1417418878193821,1.1425322992809064
57,1.1643600384420443,1.165166108123418
57,1.1643600613611713,1.1651661310584116
57,1.2003806179496543,1.2012116241593251
57,1.2594418231143645,1.260313716545562
57,1.314364495802009,1.3152744114083172
57,1.3359060175735884,1.3368308460651017
58,0.4874688783093166,0.4878063459915159
58,0.5131342575101752,0.5134894929646714
58,0.5131342584332086,0.5134894938883438
58,0.6178206990247285,0.6182484073946201
58,0.6178206994991079,0.618248407869328
58,0.6938632211550154,0.6943435726675439
58,0.777999912681631,0.7785385108136686
58,0.8025748424906769,0.803130453492606
58,0.8474123437863993,0.8479989951445669
58,0.847412353084522,0.8479990044491265
58,0.8618574523475463,0.8624541038462811
58,0.8831245437033581,0.8837359181030746
58,0.9112494028161948,0.9118802476507211
58,0.965386364511643,0.9660546875848787
58,0.9653863666497295,0.9660546897244455
58,0.9675166780852142,0.9681864759438485
58,0.9675166789021027,0.9681864767613025
58,0.9711437823140804,0.9718160911647221
58,1.0148156142446003,1.015518156475371
58,1.0534344493739631,1.0541637268679684
58,1.0641944039655786,1.0649311304211446
58,1.0849628078726727,1.0857139119950836
58,1.0849628116606425,1.0857139157856757
58,1.1417418878193848,1.1425322992809093
58,1.1643600384420414,1.1651661081234153
58,1.1643600613611735,1.1651661310584138
58,1.200380617949665,1.201211624159336
58,1.2594418231143536,1.2603137165455511
58,1.314364495802006,1.3152744114083144
58,1.3359060175736102,1.3368308460651235
59,0.4874688783092015,0.48780634599140055
59,0.5131342575101524,0.5134894929646487
59,0.5131342584332141,0.5134894938883494
59,0.6178206990247488,0.6182484073946404
59,0.6178206994991059,0.618248407869326
59,0.693863221155006,0.6943435726675344
59,0.7779999126816353,0.7785385108136729
59,0.8025748424906827,0.8031304534926119
59,0.8474123437863648,0.8479989951445324
59,0.8474123530845172,0.8479990044491217
59,0.8618574523475484,0.8624541038462833
59,0.8831245437033577,0.8837359181030741
59,0.9112494028161925,0.911880247650719
59,0.9653863645116422,0.9660546875848779
59,0.9653863666497292,0.9660546897244452
59,0.9675166780852154,0.9681864759438498
59,0.9675166789021044,0.9681864767613043
59,0.9711437823140804,0.9718160911647221
59,1.0148156142446,1.0155181564753708
59,1.053434449373963,1.0541637268679682
59,1.0641944039655824,1.0649311304211486
59,1.0849628078726716,1.0857139119950825
59,1.0849628116606385,1.0857139157856714
59,1.1417418878193808,1.1425322992809053
59,1.1643600384420405,1.1651661081234144
59,1.1643600613611735,1.1651661310584138
59,1.2003806179496594,1.2012116241593302
59,1.2594418231143376,1.2603137165455351
59,1.3143644958020122,1.3152744114083204
59,1.335906017573599,1.3368308460651126
60,0.487468878309258,0.4878063459914571
60,0.5131342575101774,0.5134894929646735
60,0.5131342584332325,0.5134894938883676
60,0.6178206990247315,0.6182484073946231
60,0.6178206994991132,0.6182484078693333
60,0.6938632211550189,0.6943435726675474
60,0.7779999126816309,0.7785385108136685
60,0.8025748424906773,0.8031304534926066
60,0.8474123437863902,0.8479989951445579
60,0.8474123530845226,0.8479990044491271
60,0.861857452347544,0.8624541038462787
60,0.8831245437033548,0.8837359181030713
60,0.911249402816193,0.9118802476507195
60,0.9653863645116436,0.9660546875848794
60,0.9653863666497289,0.9660546897244447
60,0.967516678085213,0.9681864759438473
60,0.9675166789021046,0.9681864767613044
60,0.9711437823140804,0.9718160911647221
60,1.014815614244601,1.0155181564753717
60,1.053434449373966,1.0541637268679716
60,1.0641944039655808,1.064931130421147
60,1.084962807872672,1.085713911995083
60,1.084962811660642,1.0857139157856752
60,1.141741887819391,1.1425322992809157
60,1.1643600384420398,1.1651661081234135
60,1.1643600613611738,1.1651661310584143
60,1.2003806179496619,1.2012116241593327
60,1.2594418231143545,1.260313716545552
60,1.314364495802014,1.3152744114083221
60,1.3359060175735913,1.3368308460651048
61,0.48746887830939206,0.48780634599159134
61,0.5131342575101601,0.5134894929646563
61,0.5131342584332302,0.5134894938883655
61,0.6178206990247509,0.6182484073946425
61,0.6178206994991081,0.6182484078693281
61,0.6938632211550053,0.6943435726675339
61,0.7779999126816322,0.7785385108136698
61,0.8025748424906824,0.8031304534926116
61,0.8474123437864142,0.8479989951445818
61,0.847412353084525,0.8479990044491296
61,0.8618574523475478,0.8624541038462827
61,0.8831245437033605,0.8837359181030768
61,0.9112494028161878,0.9118802476507142
61,0.9653863645116418,0.9660546875848777
61,0.9653863666497295,0.9660546897244455
61,0.9675166780852144,0.9681864759438488
61,0.9675166789021051,0.9681864767613051
61,0.9711437823140804,0.9718160911647221
61,1.0148156142446005,1.0155181564753712
61,1.0534344493739642,1.0541637268679696
61,1.0641944039655789,1.064931130421145
61,1.084962807872671,1.0857139119950818
61,1.0849628116606411,1.0857139157856743
61,1.141741887819383,1.1425322992809075
61,1.16436003844204,1.1651661081234137
61,1.1643600613611678,1.165166131058408
61,1.2003806179496603,1.2012116241593311
61,1.2594418231143585,1.260313716545556
61,1.314364495802008,1.3152744114083164
61,1.3359060175736055,1.3368308460651188
62,0.4874688783091886,0.4878063459913877
62,0.5131342575101768,0.513489492964673
62,0.5131342584332136,0.5134894938883487
62,0.6178206990247405,0.6182484073946322
62,0.617820699499121,0.618248407869341
62,0.6938632211550059,0.6943435726675343
62,0.7779999126816259,0.7785385108136635
62,0.8025748424906833,0.8031304534926125
62,0.847412343786369,0.8479989951445366
62,0.8474123530845273,0.8479990044491319
62,0.8618574523475456,0.8624541038462805
62,0.8831245437033567,0.8837359181030731
62,0.9112494028161929,0.9118802476507193
62,0.9653863645116422,0.9660546875848779
62,0.9653863666497288,0.9660546897244446
62,0.9675166780852137,0.9681864759438482
62,0.9675166789021039,0.9681864767613036
62,0.9711437823140805,0.9718160911647221
62,1.0148156142446003,1.015518156475371
62,1.0534344493739627,1.054163726867968
62,1.0641944039655808,1.0649311304211468
62,1.0849628078726705,1.0857139119950814
62,1.084962811660642,1.0857139157856752
62,1.1417418878193835,1.1425322992809082
62,1.164360038442047,1.1651661081234206
62,1.1643600613611753,1.1651661310584156
62,1.2003806179496666,1.2012116241593374
62,1.2594418231143654,1.260313716545563
62,1.3143644958020049,1.315274411408313
62,1.3359060175736008,1.3368308460651144
63,0.48746887830927776,0.48780634599147693
63,0.5131342575101756,0.5134894929646718
63,0.5131342584332553,0.5134894938883906
63,0.6178206990247408,0.6182484073946324
63,0.6178206994991032,0.6182484078693232
63,0.6938632211550101,0.6943435726675387
63,0.777999912681631,0.7785385108136686
63,0.8025748424906819,0.803130453492611
63,0.847412343786408,0.8479989951445756
63,0.8474123530845239,0.8479990044491285
63,0.8618574523475435,0.8624541038462784
63,0.8831245437033644,0.8837359181030808
63,0.9112494028161915,0.911880247650718
63,0.9653863645116431,0.9660546875848789
63,0.9653863666497293,0.9660546897244452
63,0.9675166780852144,0.9681864759438488
63,0.9675166789021029,0.9681864767613029
63,0.9711437823140803,0.9718160911647219
63,1.0148156142446003,1.015518156475371
63,1.053434449373963,1.0541637268679682
63,1.0641944039655848,1.064931130421151
63,1.0849628078726714,1.0857139119950823
63,1.0849628116606322,1.0857139157856657
63,1.1417418878193775,1.142532299280902
63,1.1643600384420447,1.1651661081234186
63,1.164360061361171,1.1651661310584114
63,1.2003806179496714,1.2012116241593422
63,1.2594418231143703,1.260313716545568
63,1.314364495802009,1.3152744114083172
63,1.3359060175735957,1.336830846065109
64,0.4874688783091449,0.487806345991344
64,0.5131342575101646,0.5134894929646608
64,0.5131342584331972,0.5134894938883324
64,0.6178206990247264,0.618248407394618
64,0.6178206994991098,0.6182484078693298
64,0.693863221155005,0.6943435726675334
64,0.777999912681628,0.7785385108136657
64,0.8025748424906819,0.803130453492611
64,0.8474123437863749,0.8479989951445425
64,0.8474123530845242,0.8479990044491288
64,0.8618574523475433,0.8624541038462781
64,0.8831245437033547,0.8837359181030712
64,0.9112494028161929,0.9118802476507193
64,0.965386364511643,0.9660546875848787
64,0.9653863666497289,0.9660546897244447
64,0.9675166780852132,0.9681864759438475
64,0.9675166789021027,0.9681864767613025
64,0.9711437823140804,0.9718160911647221
64,1.0148156142446003,1.015518156475371
64,1.0534344493739642,1.0541637268679698
64,1.064194403965581,1.0649311304211473
64,1.0849628078726714,1.0857139119950825
64,1.0849628116606385,1.0857139157856717
64,1.1417418878193863,1.1425322992809108
64,1.1643600384420423,1.165166108123416
64,1.1643600613611726,1.165166131058413
64,1.2003806179496663,1.2012116241593371
64,1.2594418231143734,1.2603137165455707
64,1.3143644958020189,1.315274411408327
64,1.3359060175735948,1.3368308460651084
65,0.48746887830932906,0.4878063459915282
65,0.5131342575101573,0.5134894929646535
65,0.513134258433197,0.5134894938883322
65,0.617820699024745,0.6182484073946366
65,0.6178206994991136,0.6182484078693335
65,0.6938632211550041,0.6943435726675327
65,0.7779999126816302,0.7785385108136677
65,0.802574842490681,0.8031304534926101
65,0.84741234378638,0.8479989951445476
65,0.8474123530845202,0.8479990044491248
65,0.8618574523475406,0.8624541038462754
65,0.8831245437033612,0.8837359181030776
65,0.9112494028161928,0.9118802476507192
65,0.9653863645116418,0.9660546875848777
65,0.9653863666497299,0.9660546897244457
65,0.9675166780852149,0.9681864759438493
65,0.9675166789021031,0.9681864767613031
65,0.9711437823140804,0.9718160911647221
65,1.0148156142446003,1.015518156475371
65,1.053434449373966,1.0541637268679713
65,1.0641944039655842,1.0649311304211502
65,1.084962807872671,1.0857139119950818
65,1.0849628116606413,1.0857139157856746
65,1.1417418878193786,1.142532299280903
65,1.1643600384420394,1.165166108123413
65,1.164360061361175,1.1651661310584154
65,1.2003806179496503,1.2012116241593211
65,1.2594418231143638,1.2603137165455613
65,1.3143644958019993,1.3152744114083075
65,1.335906017573599,1.3368308460651126
66,0.4874688783093228,0.48780634599152206
66,0.5131342575101685,0.5134894929646647
66,0.5131342584332411,0.5134894938883764
66,0.6178206990247314,0.618248407394623
66,0.6178206994991021,0.6182484078693222
66,0.6938632211550085,0.694343572667537
66,0.7779999126816327,0.7785385108136703
66,0.8025748424906761,0.8031304534926053
66,0.8474123437863885,0.8479989951445561
66,0.8474123530845206,0.8479990044491252
66,0.8618574523475435,0.8624541038462784
66,0.8831245437033588,0.8837359181030752
66,0.9112494028161913,0.9118802476507175
66,0.965386364511644,0.9660546875848797
66,0.96538636664973,0.9660546897244457
66,0.9675166780852142,0.9681864759438485
66,0.9675166789021021,0.9681864767613021
66,0.9711437823140804,0.9718160911647221
66,1.0148156142446003,1.015518156475371
66,1.053434449373966,1.0541637268679713
66,1.0641944039655833,1.0649311304211495
66,1.0849628078726714,1.0857139119950825
66,1.0849628116606371,1.0857139157856703
66,1.141741887819383,1.1425322992809075
66,1.1643600384420372,1.165166108123411
66,1.164360061361175,1.1651661310584154
66,1.2003806179496646,1.2012116241593354
66,1.2594418231143532,1.260313716545551
66,1.3143644958020122,1.3152744114083204
66,1.3359060175736022,1.3368308460651157
67,0.48746887830910607,0.4878063459913051
67,0.5131342575101634,0.5134894929646596
67,0.5131342584332265,0.5134894938883617
67,0.6178206990247627,0.6182484073946543
67,0.6178206994991102,0.6182484078693302
67,0.6938632211550156,0.6943435726675441
67,0.7779999126816278,0.7785385108136654
67,0.8025748424906922,0.8031304534926215
67,0.8474123437863869,0.8479989951445543
67,0.8474123530845267,0.8479990044491312
67,0.8618574523475433,0.8624541038462781
67,0.8831245437033595,0.883735918103076
67,0.9112494028161947,0.9118802476507211
67,0.9653863645116443,0.96605468758488
67,0.9653863666497295,0.9660546897244455
67,0.9675166780852146,0.968186475943849
67,0.9675166789021028,0.9681864767613027
67,0.97114378231408,0.9718160911647217
67,1.0148156142445999,1.0155181564753704
67,1.0534344493739667,1.054163726867972
67,1.0641944039655793,1.0649311304211453
67,1.08496280787267,1.085713911995081
67,1.0849628116606438,1.0857139157856772
67,1.1417418878193804,1.1425322992809048
67,1.1643600384420403,1.165166108123414
67,1.1643600613611715,1.165166131058412
67,1.2003806179496623,1.2012116241593331
67,1.2594418231143591,1.2603137165455567
67,1.3143644958020124,1.3152744114083206
67,1.3359060175736084,1.336830846065122
68,0.4874688783092372,0.48780634599143635
68,0.5131342575101688,0.513489492964665
68,0.5131342584332258,0.513489493888361
68,0.6178206990247297,0.6182484073946214
68,0.6178206994991026,0.6182484078693226
68,0.6938632211550179,0.6943435726675463
68,0.7779999126816338,0.7785385108136713
68,0.80257484249069,0.8031304534926191
68,0.8474123437863762,0.8479989951445438
68,0.8474123530845161,0.8479990044491206
68,0.8618574523475407,0.8624541038462755
68,0.8831245437033555,0.8837359181030718
68,0.911249402816193,0.9118802476507195
68,0.9653863645116424,0.9660546875848782
68,0.9653863666497292,0.9660546897244452
68,0.9675166780852154,0.9681864759438498
68,0.9675166789021029,0.9681864767613029
68,0.9711437823140803,0.9718160911647219
68,1.0148156142446,1.0155181564753708
68,1.0534344493739627,1.054163726867968
68,1.0641944039655817,1.064931130421148
68,1.0849628078726714,1.0857139119950825
68,1.08496281166064,1.0857139157856732
68,1.141741887819382,1.1425322992809064
68,1.1643600384420396,1.1651661081234133
68,1.164360061361175,1.1651661310584154
68,1.2003806179496657,1.2012116241593365
68,1.2594418231143467,1.2603137165455442
68,1.3143644958020073,1.3152744114083155
68,1.3359060175736186,1.336830846065132
69,0.48746887830925345,0.4878063459914527
69,0.5131342575101773,0.5134894929646735
69,0.5131342584332124,0.5134894938883476
69,0.6178206990247497,0.6182484073946413
69,0.6178206994991119,0.6182484078693319
69,0.6938632211550112,0.6943435726675398
69,0.777999912681636,0.7785385108136736
69,0.8025748424906843,0.8031304534926135
69,0.8474123437863857,0.8479989951445533
69,0.8474123530845225,0.847999004449127
69,0.8618574523475441,0.862454103846279
69,0.8831245437033565,0.8837359181030728
69,0.9112494028161929,0.9118802476507193
69,0.9653863645116414,0.9660546875848771
69,0.9653863666497307,0.9660546897244465
69,0.9675166780852135,0.968186475943848
69,0.9675166789021035,0.9681864767613035
69,0.9711437823140803,0.9718160911647219
69,1.0148156142446003,1.015518156475371
69,1.0534344493739642,1.0541637268679698
69,1.0641944039655782,1.0649311304211444
69,1.0849628078726725,1.0857139119950834
69,1.0849628116606482,1.0857139157856814
69,1.1417418878193806,1.142532299280905
69,1.1643600384420443,1.165166108123418
69,1.164360061361175,1.1651661310584154
69,1.2003806179496577,1.2012116241593285
69,1.25944182311436,1.2603137165455576
69,1.3143644958019995,1.3152744114083077
69,1.3359060175736084,1.336830846065122
70,0.48746887830920294,0.48780634599140205
70,0.5131342575101703,0.5134894929646665
70,0.5131342584331946,0.5134894938883298
70,0.6178206990247537,0.6182484073946453
70,0.6178206994991065,0.6182484078693264
70,0.6938632211550112,0.6943435726675398
70,0.7779999126816357,0.7785385108136733
70,0.8025748424906919,0.803130453492621
70,0.8474123437864021,0.8479989951445697
70,0.8474123530845217,0.8479990044491263
70,0.8618574523475427,0.8624541038462775
70,0.8831245437033588,0.8837359181030752
70,0.911249402816192,0.9118802476507183
70,0.9653863645116407,0.9660546875848764
70,0.9653863666497282,0.9660546897244442
70,0.9675166780852147,0.9681864759438491
70,0.9675166789021044,0.9681864767613043
70,0.9711437823140805,0.9718160911647221
70,1.0148156142446003,1.015518156475371
70,1.0534344493739645,1.05416372686797
70,1.0641944039655804,1.0649311304211464
70,1.0849628078726714,1.0857139119950823
70,1.0849628116606398,1.085713915785673
70,1.141741887819379,1.1425322992809035
70,1.1643600384420465,1.1651661081234204
70,1.164360061361175,1.1651661310584154
70,1.200380617949657,1.2012116241593278
70,1.25944182311438,1.2603137165455778
70,1.3143644958020078,1.3152744114083161
70,1.3359060175736168,1.3368308460651304
71,0.48746887830914265,0.4878063459913417
71,0.5131342575101651,0.5134894929646613
71,0.5131342584332318,0.513489493888367
71,0.6178206990247455,0.618248407394637
71,0.6178206994991051,0.6182484078693251
71,0.6938632211550112,0.6943435726675398
71,0.7779999126816299,0.7785385108136675
71,0.8025748424906821,0.8031304534926114
71,0.8474123437863994,0.847998995144567
71,0.8474123530845276,0.8479990044491321
71,0.8618574523475383,0.8624541038462732
71,0.8831245437033597,0.8837359181030762
71,0.9112494028161915,0.911880247650718
71,0.9653863645116426,0.9660546875848782
71,0.965386366649731,0.9660546897244467
71,0.9675166780852149,0.9681864759438493
71,0.9675166789021032,0.9681864767613031
71,0.97114378231408,0.9718160911647217
71,1.0148156142446005,1.015518156475371
71,1.0534344493739665,1.0541637268679718
71,1.064194403965583,1.064931130421149
71,1.084962807872672,1.085713911995083
71,1.0849628116606407,1.0857139157856737
71,1.1417418878193848,1.1425322992809093
71,1.1643600384420358,1.1651661081234095
71,1.16436006136117,1.1651661310584103
71,1.20038061794966,1.2012116241593307
71,1.259441823114349,1.2603137165455465
71,1.3143644958020053,1.3152744114083137
71,1.335906017573591,1.3368308460651044
72,0.48746887830925456,0.4878063459914537
72,0.5131342575101849,0.5134894929646812
72,0.5131342584332141,0.5134894938883493
72,0.6178206990247319,0.6182484073946236
72,0.617820699499109,0.618248407869329
72,0.6938632211550051,0.6943435726675337
72,0.7779999126816353,0.7785385108136729
72,0.8025748424906831,0.8031304534926123
72,0.8474123437863972,0.8479989951445648
72,0.8474123530845201,0.8479990044491247
72,0.8618574523475495,0.8624541038462844
72,0.883124543703358,0.8837359181030745
72,0.9112494028161936,0.91188024765072
72,0.9653863645116424,0.9660546875848782
72,0.9653863666497293,0.9660546897244452
72,0.9675166780852147,0.9681864759438491
72,0.9675166789021035,0.9681864767613035
72,0.9711437823140803,0.9718160911647219
72,1.0148156142446003,1.015518156475371
72,1.053434449373965,1.0541637268679702
72,1.064194403965586,1.0649311304211522
72,1.084962807872672,1.085713911995083
72,1.0849628116606413,1.0857139157856746
72,1.1417418878193837,1.1425322992809082
72,1.16436003844204,1.1651661081234137
72,1.1643600613611755,1.1651661310584158
72,1.200380617949665,1.201211624159336
72,1.2594418231143536,1.2603137165455511
72,1.3143644958020098,1.3152744114083181
72,1.3359060175736297,1.336830846065143
73,0.4874688783093104,0.4878063459915096
73,0.5131342575101671,0.5134894929646633
73,0.5131342584332365,0.5134894938883716
73,0.6178206990247477,0.6182484073946393
73,0.6178206994991012,0.6182484078693212
73,0.6938632211550175,0.6943435726675461
73,0.7779999126816273,0.7785385108136649
73,0.8025748424906871,0.8031304534926162
73,0.8474123437864085,0.8479989951445761
73,0.8474123530845189,0.8479990044491235
73,0.8618574523475429,0.8624541038462776
73,0.8831245437033597,0.8837359181030762
73,0.9112494028161913,0.9118802476507175
73,0.9653863645116423,0.9660546875848781
73,0.9653863666497292,0.9660546897244452
73,0.9675166780852141,0.9681864759438485
73,0.9675166789021042,0.9681864767613041
73,0.9711437823140804,0.9718160911647221
73,1.0148156142446005,1.015518156475371
73,1.0534344493739627,1.0541637268679682
73,1.0641944039655815,1.0649311304211477
73,1.0849628078726719,1.0857139119950827
73,1.0849628116606391,1.0857139157856723
73,1.1417418878193863,1.1425322992809108
73,1.1643600384420438,1.1651661081234177
73,1.1643600613611762,1.1651661310584165
73,1.2003806179496634,1.2012116241593342
73,1.2594418231143554,1.2603137165455531
73,1.3143644958020044,1.3152744114083126
73,1.3359060175735913,1.3368308460651048
74,0.4874688783091992,0.4878063459913984
74,0.5131342575101726,0.5134894929646688
74,0.5131342584332329,0.5134894938883682
74,0.6178206990247277,0.6182484073946193
74,0.6178206994991053,0.6182484078693253
74,0.6938632211550211,0.6943435726675496
74,0.777999912681632,0.7785385108136696
74,0.8025748424906813,0.8031304534926105
74,0.8474123437863738,0.8479989951445414
74,0.8474123530845273,0.8479990044491319
74,0.8618574523475451,0.8624541038462799
74,0.8831245437033556,0.883735918103072
74,0.9112494028161936,0.91188024765072
74,0.9653863645116412,0.9660546875848769
74,0.9653863666497287,0.9660546897244446
74,0.9675166780852142,0.9681864759438485
74,0.9675166789021048,0.9681864767613046
74,0.9711437823140804,0.9718160911647221
74,1.0148156142446005,1.015518156475371
74,1.0534344493739656,1.0541637268679709
74,1.0641944039655828,1.0649311304211488
74,1.084962807872672,1.085713911995083
74,1.0849628116606502,1.0857139157856834
74,1.1417418878193752,1.1425322992808997
74,1.1643600384420414,1.1651661081234153
74,1.1643600613611782,1.1651661310584185
74,1.2003806179496548,1.2012116241593256
74,1.2594418231143543,1.2603137165455518
74,1.3143644958020047,1.3152744114083128
74,1.3359060175736013,1.3368308460651146
75,0.4874688783091076,0.4878063459913066
75,0.5131342575101471,0.5134894929646432
75,0.5131342584331937,0.5134894938883289
75,0.6178206990247341,0.6182484073946257
75,0.61782069949911,0.6182484078693299
75,0.6938632211550065,0.694343572667535
75,0.7779999126816367,0.7785385108136742
75,0.8025748424906747,0.8031304534926038
75,0.8474123437863776,0.8479989951445452
75,0.8474123530845226,0.8479990044491271
75,0.8618574523475434,0.8624541038462782
75,0.8831245437033578,0.8837359181030742
75,0.9112494028161948,0.9118802476507211
75,0.9653863645116417,0.9660546875848774
75,0.9653863666497295,0.9660546897244455
75,0.9675166780852137,0.9681864759438482
75,0.9675166789021028,0.9681864767613027
75,0.9711437823140803,0.9718160911647219
75,1.0148156142446005,1.015518156475371
75,1.0534344493739647,1.0541637268679702
75,1.0641944039655844,1.0649311304211504
75,1.0849628078726707,1.0857139119950816
75,1.0849628116606396,1.0857139157856728
75,1.1417418878193843,1.1425322992809086
75,1.164360038442045,1.1651661081234186
75,1.1643600613611713,1.1651661310584116
75,1.2003806179496603,1.2012116241593311
75,1.2594418231143698,1.2603137165455673
75,1.3143644958020102,1.3152744114083184
75,1.3359060175736037,1.336830846065117
76,0.48746887830925767,0.48780634599145684
76,0.5131342575101676,0.513489492964664
76,0.5131342584332172,0.5134894938883524
76,0.6178206990247426,0.6182484073946342
76,0.6178206994991056,0.6182484078693256
76,0.6938632211550182,0.6943435726675466
76,0.7779999126816353,0.7785385108136729
76,0.8025748424906826,0.8031304534926117
76,0.8474123437864105,0.8479989951445781
76,0.8474123530845264,0.847999004449131
76,0.8618574523475425,0.8624541038462773
76,0.8831245437033566,0.883735918103073
76,0.911249402816194,0.9118802476507205
76,0.9653863645116412,0.9660546875848769
76,0.9653863666497281,0.966054689724444
76,0.9675166780852152,0.9681864759438495
76,0.9675166789021032,0.9681864767613031
76,0.9711437823140803,0.9718160911647219
76,1.0148156142446005,1.015518156475371
76,1.053434449373965,1.0541637268679702
76,1.0641944039655837,1.06493113042115
76,1.0849628078726716,1.0857139119950825
76,1.0849628116606431,1.0857139157856763
76,1.1417418878193775,1.142532299280902
76,1.1643600384420445,1.1651661081234181
76,1.1643600613611715,1.165166131058412
76,1.2003806179496568,1.2012116241593276
76,1.2594418231143538,1.2603137165455514
76,1.3143644958020106,1.315274411408319
76,1.3359060175735993,1.3368308460651126
77,0.48746887830939817,0.4878063459915975
77,0.5131342575101271,0.5134894929646232
77,0.5131342584331892,0.5134894938883244
77,0.6178206990247377,0.6182484073946293
77,0.6178206994991059,0.618248407869326
77,0.6938632211550044,0.6943435726675329
77,0.7779999126816306,0.7785385108136682
77,0.8025748424906836,0.8031304534926127
77,0.8474123437864228,0.8479989951445904
77,0.8474123530845236,0.8479990044491281
77,0.861857452347548,0.8624541038462827
77,0.8831245437033544,0.8837359181030708
77,0.9112494028161928,0.9118802476507192
77,0.9653863645116418,0.9660546875848777
77,0.9653863666497288,0.9660546897244446
77,0.9675166780852141,0.9681864759438485
77,0.9675166789021044,0.9681864767613043
77,0.9711437823140803,0.9718160911647219
77,1.0148156142446003,1.015518156475371
77,1.0534344493739645,1.05416372686797
77,1.0641944039655804,1.0649311304211464
77,1.0849628078726725,1.0857139119950834
77,1.0849628116606458,1.0857139157856792
77,1.1417418878193784,1.1425322992809028
77,1.164360038442046,1.16516610812342
77,1.1643600613611735,1.1651661310584138
77,1.200380617949662,1.201211624159333
77,1.2594418231143718,1.2603137165455693
77,1.3143644958019995,1.3152744114083077
77,1.3359060175735997,1.3368308460651133
78,0.48746887830923163,0.4878063459914308
78,0.5131342575101291,0.5134894929646252
78,0.5131342584332368,0.513489493888372
78,0.6178206990247318,0.6182484073946234
78,0.6178206994991046,0.6182484078693246
78,0.6938632211550058,0.6943435726675342
78,0.7779999126816304,0.7785385108136679
78,0.8025748424906882,0.8031304534926174
78,0.8474123437863869,0.8479989951445543
78,0.8474123530845241,0.8479990044491287
78,0.8618574523475487,0.8624541038462835
78,0.8831245437033548,0.8837359181030713
78,0.9112494028161933,0.9118802476507195
78,0.9653863645116423,0.9660546875848781
78,0.9653863666497294,0.9660546897244454
78,0.9675166780852149,0.9681864759438493
78,0.9675166789021039,0.9681864767613036
78,0.9711437823140805,0.9718160911647221
78,1.0148156142446003,1.015518156475371
78,1.0534344493739634,1.0541637268679687
78,1.0641944039655802,1.0649311304211462
78,1.0849628078726725,1.0857139119950834
78,1.084962811660643,1.085713915785676
78,1.1417418878193777,1.1425322992809022
78,1.1643600384420436,1.1651661081234175
78,1.1643600613611718,1.1651661310584123
78,1.2003806179496634,1.2012116241593342
78,1.2594418231143525,1.26031371654555
78,1.3143644958020069,1.315274411408315
78,1.3359060175736062,1.3368308460651197
79,0.48746887830924107,0.48780634599144024
79,0.5131342575101538,0.5134894929646501
79,0.5131342584332031,0.5134894938883383
79,0.6178206990247336,0.6182484073946253
79,0.617820699499104,0.618248407869324
79,0.6938632211550197,0.6943435726675483
79,0.7779999126816335,0.7785385108136711
79,0.8025748424906817,0.8031304534926108
79,0.8474123437863957,0.8479989951445633
79,0.8474123530845212,0.8479990044491258
79,0.8618574523475447,0.8624541038462796
79,0.8831245437033564,0.8837359181030727
79,0.9112494028161925,0.911880247650719
79,0.965386364511643,0.9660546875848787
79,0.9653863666497301,0.966054689724446
79,0.9675166780852142,0.9681864759438485
79,0.9675166789021028,0.9681864767613027
79,0.9711437823140805,0.9718160911647221
79,1.0148156142446003,1.015518156475371
79,1.0534344493739647,1.0541637268679702
79,1.0641944039655815,1.0649311304211477
79,1.084962807872672,1.085713911995083
79,1.0849628116606402,1.0857139157856734
79,1.1417418878193855,1.14253229928091
79,1.164360038442039,1.1651661081234128
79,1.1643600613611707,1.165166131058411
79,1.2003806179496601,1.201211624159331
79,1.2594418231143585,1.260313716545556
79,1.314364495802009,1.3152744114083172
79,1.3359060175735953,1.3368308460651086
80,0.4874688783090944,0.48780634599129347
80,0.5131342575101719,0.5134894929646682
80,0.5131342584331922,0.5134894938883274
80,0.6178206990247259,0.6182484073946175
80,0.6178206994991043,0.6182484078693243
80,0.6938632211550185,0.6943435726675471
80,0.7779999126816338,0.7785385108136713
80,0.8025748424906827,0.8031304534926119
80,0.8474123437863817,0.8479989951445494
80,0.8474123530845236,0.8479990044491281
80,0.8618574523475445,0.8624541038462793
80,0.8831245437033594,0.8837359181030757
80,0.9112494028161912,0.9118802476507175
80,0.965386364511642,0.9660546875848777
80,0.9653863666497279,0.9660546897244437
80,0.9675166780852142,0.9681864759438485
80,0.967516678902104,0.9681864767613039
80,0.9711437823140804,0.9718160911647221
80,1.0148156142446003,1.015518156475371
80,1.0534344493739642,1.0541637268679698
80,1.064194403965581,1.0649311304211473
80,1.0849628078726707,1.0857139119950816
80,1.0849628116606431,1.0857139157856763
80,1.1417418878193797,1.1425322992809042
80,1.1643600384420443,1.165166108123418
80,1.1643600613611673,1.1651661310584076
80,1.20038061794966,1.2012116241593307
80,1.259441823114367,1.2603137165455647
80,1.3143644958020093,1.3152744114083175
80,1.3359060175736084,1.336830846065122
81,0.4874688783091981,0.48780634599139727
81,0.5131342575101909,0.5134894929646872
81,0.5131342584332301,0.5134894938883654
81,0.6178206990247506,0.6182484073946423
81,0.6178206994991083,0.6182484078693283
81,0.69386322115501,0.6943435726675385
81,0.7779999126816309,0.7785385108136685
81,0.8025748424906853,0.8031304534926144
81,0.8474123437863961,0.8479989951445638
81,0.8474123530845246,0.8479990044491291
81,0.8618574523475435,0.8624541038462784
81,0.8831245437033576,0.883735918103074
81,0.9112494028161926,0.911880247650719
81,0.9653863645116411,0.9660546875848769
81,0.9653863666497299,0.9660546897244457
81,0.9675166780852144,0.9681864759438488
81,0.9675166789021027,0.9681864767613025
81,0.9711437823140805,0.9718160911647221
81,1.0148156142446005,1.0155181564753712
81,1.0534344493739636,1.0541637268679689
81,1.064194403965582,1.0649311304211482
81,1.084962807872671,1.0857139119950818
81,1.084962811660638,1.0857139157856714
81,1.141741887819377,1.1425322992809013
81,1.1643600384420403,1.165166108123414
81,1.164360061361176,1.1651661310584165
81,1.2003806179496581,1.201211624159329
81,1.2594418231143547,1.2603137165455522
81,1.3143644958019995,1.3152744114083077
81,1.3359060175735946,1.3368308460651082
82,0.48746887830914654,0.4878063459913456
82,0.513134257510154,0.5134894929646502
82,0.5131342584332038,0.5134894938883391
82,0.6178206990247118,0.6182484073946034
82,0.6178206994991041,0.6182484078693241
82,0.6938632211550081,0.6943435726675365
82,0.7779999126816339,0.7785385108136714
82,0.8025748424906843,0.8031304534926135
82,0.8474123437863701,0.8479989951445377
82,0.847412353084523,0.8479990044491276
82,0.8618574523475476,0.8624541038462824
82,0.8831245437033594,0.8837359181030757
82,0.9112494028161929,0.9118802476507193
82,0.9653863645116414,0.9660546875848771
82,0.9653863666497293,0.9660546897244452
82,0.967516678085214,0.9681864759438483
82,0.9675166789021046,0.9681864767613044
82,0.9711437823140805,0.9718160911647221
82,1.0148156142446003,1.015518156475371
82,1.0534344493739651,1.0541637268679704
82,1.0641944039655822,1.0649311304211482
82,1.0849628078726723,1.085713911995083
82,1.0849628116606451,1.0857139157856783
82,1.1417418878193766,1.142532299280901
82,1.1643600384420458,1.1651661081234197
82,1.1643600613611769,1.1651661310584174
82,1.2003806179496568,1.2012116241593276
82,1.2594418231143638,1.2603137165455613
82,1.3143644958020158,1.315274411408324
82,1.3359060175736033,1.3368308460651166
83,0.48746887830922847,0.4878063459914276
83,0.5131342575101836,0.5134894929646799
83,0.513134258433214,0.5134894938883492
83,0.6178206990247403,0.6182484073946319
83,0.6178206994991068,0.6182484078693269
83,0.6938632211550128,0.6943435726675413
83,0.7779999126816356,0.7785385108136732
83,0.8025748424906796,0.8031304534926087
83,0.8474123437863921,0.8479989951445597
83,0.8474123530845168,0.8479990044491214
83,0.8618574523475473,0.8624541038462822
83,0.883124543703362,0.8837359181030785
83,0.9112494028161906,0.911880247650717
83,0.9653863645116423,0.9660546875848781
83,0.965386366649729,0.966054689724445
83,0.9675166780852155,0.9681864759438498
83,0.9675166789021034,0.9681864767613033
83,0.9711437823140804,0.9718160911647221
83,1.0148156142446003,1.015518156475371
83,1.0534344493739634,1.0541637268679687
83,1.0641944039655773,1.0649311304211435
83,1.084962807872672,1.085713911995083
83,1.0849628116606416,1.0857139157856748
83,1.1417418878193806,1.142532299280905
83,1.1643600384420434,1.165166108123417
83,1.1643600613611742,1.1651661310584147
83,1.2003806179496666,1.2012116241593374
83,1.259441823114363,1.2603137165455607
83,1.3143644958020064,1.3152744114083146
83,1.3359060175736153,1.3368308460651286
84,0.48746887830924784,0.48780634599144695
84,0.5131342575101492,0.5134894929646453
84,0.5131342584332148,0.5134894938883501
84,0.6178206990247285,0.6182484073946201
84,0.6178206994991053,0.6182484078693253
84,0.6938632211550071,0.6943435726675355
84,0.7779999126816353,0.7785385108136729
84,0.8025748424906821,0.8031304534926114
84,0.8474123437863823,0.8479989951445499
84,0.8474123530845225,0.847999004449127
84,0.8618574523475444,0.8624541038462792
84,0.8831245437033607,0.8837359181030772
84,0.9112494028161914,0.9118802476507177
84,0.9653863645116417,0.9660546875848774
84,0.9653863666497282,0.9660546897244442
84,0.9675166780852144,0.9681864759438488
84,0.9675166789021021,0.9681864767613021
84,0.9711437823140805,0.9718160911647221
84,1.0148156142446003,1.015518156475371
84,1.0534344493739676,1.0541637268679729
84,1.06419440396558,1.0649311304211462
84,1.0849628078726725,1.0857139119950834
84,1.0849628116606453,1.0857139157856786
84,1.141741887819375,1.1425322992808995
84,1.1643600384420398,1.1651661081234135
84,1.1643600613611762,1.1651661310584165
84,1.2003806179496577,1.2012116241593285
84,1.2594418231143567,1.2603137165455542
84,1.3143644958020029,1.315274411408311
84,1.3359060175735895,1.336830846065103
85,0.4874688783092651,0.4878063459914643
85,0.5131342575101544,0.5134894929646506
85,0.513134258433167,0.5134894938883021
85,0.6178206990247476,0.6182484073946392
85,0.6178206994991107,0.6182484078693308
85,0.6938632211550151,0.6943435726675435
85,0.7779999126816378,0.7785385108136753
85,0.8025748424906849,0.8031304534926141
85,0.8474123437863857,0.8479989951445533
85,0.8474123530845282,0.8479990044491328
85,0.8618574523475475,0.8624541038462823
85,0.8831245437033572,0.8837359181030737
85,0.9112494028161926,0.911880247650719
85,0.9653863645116422,0.9660546875848779
85,0.9653863666497283,0.9660546897244442
85,0.9675166780852147,0.9681864759438491
85,0.9675166789021044,0.9681864767613043
85,0.9711437823140805,0.9718160911647221
85,1.0148156142445999,1.0155181564753706
85,1.0534344493739671,1.0541637268679722
85,1.0641944039655833,1.0649311304211495
85,1.0849628078726727,1.0857139119950836
85,1.0849628116606438,1.0857139157856772
85,1.1417418878193843,1.1425322992809086
85,1.1643600384420387,1.1651661081234126
85,1.1643600613611733,1.1651661310584136
85,1.2003806179496614,1.201211624159332
85,1.2594418231143434,1.2603137165455411
85,1.3143644958020142,1.3152744114083224
85,1.335906017573604,1.3368308460651173
86,0.4874688783091746,0.48780634599137374
86,0.5131342575101636,0.5134894929646597
86,0.5131342584332205,0.5134894938883557
86,0.617820699024749,0.6182484073946407
86,0.6178206994991102,0.6182484078693302
86,0.6938632211549947,0.6943435726675231
86,0.7779999126816334,0.778538510813671
86,0.8025748424906706,0.8031304534925997
86,0.8474123437863805,0.847998995144548
86,0.8474123530845235,0.847999004449128
86,0.8618574523475442,0.862454103846279
86,0.8831245437033531,0.8837359181030696
86,0.9112494028161917,0.9118802476507182
86,0.965386364511642,0.9660546875848777
86,0.9653863666497287,0.9660546897244446
86,0.9675166780852155,0.9681864759438498
86,0.9675166789021031,0.9681864767613031
86,0.9711437823140804,0.9718160911647221
86,1.0148156142446005,1.0155181564753712
86,1.053434449373966,1.0541637268679713
86,1.0641944039655853,1.0649311304211515
86,1.0849628078726694,1.0857139119950803
86,1.08496281166064,1.0857139157856732
86,1.141741887819374,1.1425322992808986
86,1.1643600384420463,1.1651661081234201
86,1.1643600613611784,1.1651661310584187
86,1.200380617949669,1.2012116241593398
86,1.2594418231143694,1.260313716545567
86,1.3143644958020109,1.3152744114083192
86,1.3359060175735908,1.3368308460651042
87,0.4874688783091638,0.48780634599136286
87,0.5131342575101807,0.5134894929646769
87,0.5131342584332301,0.5134894938883654
87,0.6178206990247408,0.6182484073946324
87,0.6178206994991013,0.6182484078693213
87,0.6938632211550096,0.6943435726675381
87,0.7779999126816302,0.7785385108136677
87,0.8025748424906773,0.8031304534926066
87,0.8474123437863684,0.847998995144536
87,0.8474123530845252,0.8479990044491298
87,0.8618574523475442,0.862454103846279
87,0.8831245437033648,0.8837359181030813
87,0.9112494028161898,0.9118802476507162
87,0.9653863645116424,0.9660546875848782
87,0.965386366649729,0.966054689724445
87,0.967516678085214,0.9681864759438483
87,0.9675166789021028,0.9681864767613027
87,0.9711437823140805,0.9718160911647221
87,1.0148156142446003,1.015518156475371
87,1.0534344493739654,1.0541637268679707
87,1.0641944039655824,1.0649311304211484
87,1.0849628078726712,1.085713911995082
87,1.0849628116606407,1.0857139157856737
87,1.1417418878193772,1.1425322992809017
87,1.164360038442039,1.1651661081234128
87,1.164360061361178,1.1651661310584185
87,1.2003806179496557,1.2012116241593265
87,1.2594418231143654,1.260313716545563
87,1.314364495802003,1.3152744114083115
87,1.3359060175735908,1.3368308460651042
88,0.4874688783092178,0.487806345991417
88,0.513134257510159,0.5134894929646552
88,0.5131342584332349,0.5134894938883701
88,0.6178206990247547,0.6182484073946463
88,0.6178206994991087,0.6182484078693287
88,0.6938632211549937,0.6943435726675221
88,0.7779999126816302,0.7785385108136677
88,0.8025748424906832,0.8031304534926124
88,0.8474123437863902,0.8479989951445579
88,0.847412353084522,0.8479990044491265
88,0.8618574523475456,0.8624541038462805
88,0.8831245437033558,0.8837359181030723
88,0.9112494028161922,0.9118802476507185
88,0.9653863645116412,0.9660546875848769
88,0.9653863666497295,0.9660546897244455
88,0.9675166780852137,0.9681864759438482
88,0.967516678902104,0.9681864767613039
88,0.9711437823140803,0.9718160911647219
88,1.0148156142446,1.0155181564753708
88,1.0534344493739642,1.0541637268679696
88,1.0641944039655813,1.0649311304211475
88,1.0849628078726714,1.0857139119950825
88,1.084962811660641,1.085713915785674
88,1.141741887819378,1.1425322992809024
88,1.1643600384420445,1.1651661081234181
88,1.1643600613611718,1.1651661310584123
88,1.200380617949659,1.2012116241593298
88,1.259441823114384,1.2603137165455818
88,1.3143644958020004,1.3152744114083088
88,1.3359060175735873,1.3368308460651008
89,0.4874688783092483,0.48780634599144745
89,0.5131342575101259,0.5134894929646221
89,0.5131342584331908,0.513489493888326
89,0.6178206990247228,0.6182484073946143
89,0.6178206994991017,0.6182484078693217
89,0.6938632211550119,0.6943435726675403
89,0.7779999126816369,0.7785385108136745
89,0.8025748424906701,0.8031304534925993
89,0.8474123437863906,0.8479989951445581
89,0.8474123530845301,0.8479990044491347
89,0.8618574523475414,0.8624541038462762
89,0.883124543703357,0.8837359181030735
89,0.9112494028161896,0.911880247650716
89,0.9653863645116414,0.9660546875848771
89,0.9653863666497295,0.9660546897244455
89,0.9675166780852129,0.9681864759438472
89,0.9675166789021045,0.9681864767613044
89,0.9711437823140804,0.9718160911647221
89,1.0148156142446003,1.015518156475371
89,1.0534344493739665,1.054163726867972
89,1.0641944039655844,1.0649311304211504
89,1.0849628078726725,1.0857139119950834
89,1.0849628116606438,1.0857139157856772
89,1.1417418878193812,1.1425322992809057
89,1.1643600384420436,1.1651661081234175
89,1.1643600613611702,1.1651661310584105
89,1.2003806179496652,1.201211624159336
89,1.259441823114362,1.2603137165455596
89,1.314364495802,1.3152744114083084
89,1.3359060175735982,1.3368308460651115
90,0.4874688783091947,0.4878063459913938
90,0.5131342575101633,0.5134894929646594
90,0.5131342584331843,0.5134894938883194
90,0.6178206990247359,0.6182484073946275
90,0.6178206994991069,0.618248407869327
90,0.6938632211550054,0.694343572667534
90,0.7779999126816286,0.7785385108136662
90,0.8025748424906805,0.8031304534926095
90,0.8474123437863808,0.8479989951445484
90,0.8474123530845294,0.8479990044491339
90,0.8618574523475452,0.86245410384628
90,0.8831245437033612,0.8837359181030776
90,0.9112494028161948,0.9118802476507211
90,0.9653863645116416,0.9660546875848772
90,0.9653863666497295,0.9660546897244455
90,0.9675166780852149,0.9681864759438493
90,0.9675166789021037,0.9681864767613036
90,0.9711437823140803,0.9718160911647219
90,1.0148156142446005,1.0155181564753712
90,1.053434449373964,1.0541637268679696
90,1.0641944039655773,1.0649311304211433
90,1.0849628078726705,1.0857139119950814
90,1.084962811660643,1.085713915785676
90,1.1417418878193775,1.142532299280902
90,1.164360038442041,1.1651661081234148
90,1.164360061361165,1.1651661310584052
90,1.2003806179496623,1.2012116241593331
90,1.2594418231143525,1.26031371654555
90,1.3143644958020069,1.315274411408315
90,1.3359060175736202,1.3368308460651335
91,0.48746887830929614,0.4878063459914953
91,0.5131342575101839,0.51348949296468
91,0.5131342584332028,0.5134894938883381
91,0.6178206990247473,0.6182484073946388
91,0.6178206994991068,0.6182484078693269
91,0.6938632211550102,0.6943435726675388
91,0.7779999126816286,0.7785385108136662
91,0.8025748424906812,0.8031304534926105
91,0.8474123437863881,0.8479989951445556
91,0.847412353084526,0.8479990044491306
91,0.8618574523475447,0.8624541038462796
91,0.8831245437033524,0.8837359181030688
91,0.9112494028161949,0.9118802476507213
91,0.9653863645116428,0.9660546875848784
91,0.9653863666497282,0.9660546897244442
91,0.9675166780852141,0.9681864759438485
91,0.9675166789021042,0.9681864767613041
91,0.97114378231408,0.9718160911647217
91,1.0148156142446003,1.015518156475371
91,1.0534344493739631,1.0541637268679684
91,1.064194403965579,1.0649311304211453
91,1.0849628078726714,1.0857139119950825
91,1.0849628116606425,1.0857139157856757
91,1.1417418878193808,1.1425322992809053
91,1.1643600384420445,1.1651661081234181
91,1.1643600613611762,1.1651661310584165
91,1.2003806179496694,1.2012116241593402
91,1.2594418231143698,1.2603137165455673
91,1.314364495802006,1.3152744114083144
91,1.335906017573602,1.3368308460651155
92,0.4874688783091283,0.4878063459913274
92,0.5131342575101799,0.5134894929646763
92,0.5131342584332076,0.5134894938883429
92,0.6178206990247362,0.6182484073946278
92,0.6178206994991132,0.6182484078693333
92,0.6938632211550241,0.6943435726675525
92,0.777999912681631,0.7785385108136686
92,0.8025748424906786,0.8031304534926077
92,0.8474123437864048,0.8479989951445724
92,0.8474123530845209,0.8479990044491253
92,0.8618574523475414,0.8624541038462762
92,0.8831245437033564,0.8837359181030727
92,0.9112494028161909,0.9118802476507173
92,0.9653863645116411,0.9660546875848769
92,0.965386366649729,0.966054689724445
92,0.967516678085213,0.9681864759438473
92,0.9675166789021042,0.9681864767613041
92,0.9711437823140807,0.9718160911647223
92,1.0148156142446005,1.0155181564753712
92,1.0534344493739654,1.0541637268679707
92,1.0641944039655802,1.0649311304211462
92,1.0849628078726714,1.0857139119950825
92,1.084962811660647,1.08571391578568
92,1.141741887819383,1.1425322992809075
92,1.1643600384420354,1.165166108123409
92,1.164360061361175,1.1651661310584154
92,1.2003806179496601,1.201211624159331
92,1.2594418231143467,1.2603137165455442
92,1.314364495802,1.3152744114083084
92,1.3359060175736088,1.3368308460651221
93,0.4874688783093407,0.48780634599153994
93,0.5131342575101733,0.5134894929646696
93,0.5131342584332133,0.5134894938883485
93,0.617820699024749,0.6182484073946407
93,0.6178206994991112,0.6182484078693312
93,0.693863221155012,0.6943435726675404
93,0.7779999126816339,0.7785385108136714
93,0.8025748424906843,0.8031304534926135
93,0.8474123437864163,0.8479989951445838
93,0.8474123530845233,0.8479990044491279
93,0.8618574523475407,0.8624541038462755
93,0.883124543703359,0.8837359181030755
93,0.9112494028161947,0.9118802476507211
93,0.965386364511643,0.9660546875848787
93,0.9653863666497303,0.9660546897244462
93,0.967516678085216,0.9681864759438503
93,0.9675166789021018,0.9681864767613017
93,0.9711437823140804,0.9718160911647221
93,1.0148156142446,1.0155181564753708
93,1.0534344493739656,1.0541637268679709
93,1.0641944039655786,1.0649311304211446
93,1.0849628078726723,1.085713911995083
93,1.0849628116606425,1.0857139157856757
93,1.141741887819379,1.1425322992809035
93,1.1643600384420398,1.1651661081234135
93,1.164360061361171,1.1651661310584114
93,1.2003806179496623,1.2012116241593331
93,1.2594418231143505,1.260313716545548
93,1.314364495802008,1.3152744114083164
93,1.3359060175735928,1.3368308460651062
94,0.4874688783091827,0.4878063459913818
94,0.5131342575101988,0.513489492964695
94,0.5131342584332264,0.5134894938883616
94,0.6178206990247465,0.618248407394638
94,0.6178206994991031,0.6182484078693232
94,0.6938632211550144,0.6943435726675429
94,0.7779999126816345,0.7785385108136721
94,0.8025748424906958,0.8031304534926249
94,0.8474123437863557,0.8479989951445233
94,0.8474123530845251,0.8479990044491297
94,0.8618574523475478,0.8624541038462827
94,0.8831245437033539,0.8837359181030703
94,0.9112494028161947,0.9118802476507211
94,0.9653863645116408,0.9660546875848767
94,0.9653863666497287,0.9660546897244446
94,0.967516678085213,0.9681864759438473
94,0.9675166789021045,0.9681864767613044
94,0.9711437823140803,0.9718160911647219
94,1.0148156142446003,1.015518156475371
94,1.0534344493739638,1.054163726867969
94,1.0641944039655802,1.0649311304211462
94,1.0849628078726725,1.0857139119950834
94,1.0849628116606451,1.0857139157856783
94,1.1417418878193801,1.1425322992809044
94,1.1643600384420427,1.1651661081234166
94,1.1643600613611766,1.165166131058417
94,1.2003806179496677,1.2012116241593385
94,1.2594418231143591,1.2603137165455567
94,1.3143644958020027,1.3152744114083108
94,1.3359060175736062,1.3368308460651197
95,0.48746887830926855,0.48780634599146777
95,0.5131342575101681,0.5134894929646642
95,0.5131342584332269,0.5134894938883621
95,0.6178206990247481,0.6182484073946398
95,0.6178206994991087,0.6182484078693287
95,0.6938632211550212,0.6943435726675498
95,0.7779999126816406,0.7785385108136782
95,0.8025748424906808,0.8031304534926099
95,0.8474123437864134,0.847998995144581
95,0.8474123530845212,0.8479990044491258
95,0.8618574523475463,0.8624541038462811
95,0.883124543703357,0.8837359181030735
95,0.9112494028161929,0.9118802476507193
95,0.9653863645116428,0.9660546875848784
95,0.9653863666497279,0.9660546897244437
95,0.967516678085213,0.9681864759438473
95,0.9675166789021037,0.9681864767613036
95,0.9711437823140803,0.9718160911647219
95,1.0148156142446003,1.015518156475371
95,1.053434449373963,1.0541637268679682
95,1.0641944039655769,1.064931130421143
95,1.0849628078726716,1.0857139119950825
95,1.0849628116606436,1.085713915785677
95,1.1417418878193772,1.1425322992809017
95,1.1643600384420447,1.1651661081234186
95,1.1643600613611718,1.1651661310584123
95,1.2003806179496712,1.2012116241593418
95,1.2594418231143578,1.2603137165455554
95,1.3143644958020078,1.3152744114083161
95,1.3359060175735957,1.336830846065109
96,0.4874688783090893,0.4878063459912883
96,0.5131342575101668,0.5134894929646631
96,0.5131342584332079,0.5134894938883431
96,0.6178206990247405,0.6182484073946322
96,0.617820699499113,0.618248407869333
96,0.6938632211550108,0.6943435726675392
96,0.7779999126816305,0.7785385108136681
96,0.8025748424906881,0.8031304534926172
96,0.847412343786412,0.8479989951445795
96,0.847412353084527,0.8479990044491315
96,0.8618574523475473,0.8624541038462822
96,0.8831245437033504,0.8837359181030667
96,0.9112494028161929,0.9118802476507193
96,0.9653863645116422,0.9660546875848779
96,0.9653863666497282,0.9660546897244442
96,0.9675166780852147,0.9681864759438491
96,0.9675166789021035,0.9681864767613035
96,0.9711437823140809,0.9718160911647225
96,1.0148156142446003,1.015518156475371
96,1.053434449373966,1.0541637268679716
96,1.0641944039655826,1.0649311304211486
96,1.084962807872673,1.085713911995084
96,1.0849628116606407,1.0857139157856737
96,1.1417418878193826,1.142532299280907
96,1.164360038442042,1.1651661081234157
96,1.1643600613611778,1.165166131058418
96,1.2003806179496535,1.2012116241593245
96,1.259441823114369,1.2603137165455665
96,1.3143644958020069,1.315274411408315
96,1.335906017573601,1.3368308460651146
97,0.48746887830913715,0.48780634599133627
97,0.5131342575101577,0.513489492964654
97,0.5131342584331883,0.5134894938883234
97,0.6178206990247253,0.6182484073946168
97,0.6178206994991012,0.6182484078693212
97,0.6938632211550044,0.6943435726675329
97,0.7779999126816338,0.7785385108136713
97,0.8025748424906841,0.8031304534926132
97,0.8474123437863963,0.8479989951445639
97,0.8474123530845206,0.8479990044491252
97,0.861857452347548,0.8624541038462827
97,0.8831245437033544,0.8837359181030708
97,0.9112494028161937,0.9118802476507201
97,0.9653863645116433,0.966054687584879
97,0.9653863666497289,0.9660546897244447
97,0.967516678085214,0.9681864759438483
97,0.9675166789021035,0.9681864767613035
97,0.9711437823140805,0.9718160911647221
97,1.0148156142446005,1.015518156475371
97,1.0534344493739658,1.054163726867971
97,1.0641944039655824,1.0649311304211484
97,1.0849628078726712,1.085713911995082
97,1.0849628116606405,1.0857139157856734
97,1.141741887819386,1.1425322992809104
97,1.1643600384420412,1.1651661081234148
97,1.164360061361171,1.1651661310584114
97,1.2003806179496659,1.201211624159337
97,1.259441823114347,1.2603137165455445
97,1.3143644958020138,1.315274411408322
97,1.3359060175735957,1.336830846065109
98,0.4874688783092748,0.48780634599147404
98,0.5131342575101566,0.5134894929646528
98,0.5131342584331866,0.5134894938883218
98,0.6178206990247322,0.6182484073946238
98,0.6178206994991069,0.618248407869327
98,0.6938632211549971,0.6943435726675256
98,0.7779999126816317,0.7785385108136693
98,0.8025748424906854,0.8031304534926146
98,0.8474123437863968,0.8479989951445644
98,0.8474123530845181,0.8479990044491227
98,0.8618574523475504,0.8624541038462852
98,0.8831245437033616,0.8837359181030779
98,0.9112494028161947,0.9118802476507211
98,0.9653863645116418,0.9660546875848777
98,0.9653863666497292,0.9660546897244452
98,0.967516678085214,0.9681864759438483
98,0.9675166789021025,0.9681864767613025
98,0.9711437823140803,0.9718160911647219
98,1.0148156142446,1.0155181564753708
98,1.053434449373965,1.0541637268679702
98,1.0641944039655782,1.0649311304211444
98,1.0849628078726736,1.0857139119950847
98,1.0849628116606487,1.0857139157856819
98,1.1417418878193784,1.1425322992809028
98,1.1643600384420445,1.1651661081234181
98,1.164360061361176,1.1651661310584165
98,1.2003806179496668,1.2012116241593376
98,1.2594418231143716,1.2603137165455691
98,1.3143644958020053,1.3152744114083137
98,1.3359060175735997,1.3368308460651133
99,0.48746887830925406,0.4878063459914532
99,0.5131342575101603,0.5134894929646564
99,0.5131342584332198,0.5134894938883551
99,0.6178206990247412,0.6182484073946328
99,0.6178206994991017,0.6182484078693217
99,0.6938632211550128,0.6943435726675413
99,0.7779999126816346,0.7785385108136723
99,0.8025748424906946,0.8031304534926238
99,0.8474123437863904,0.847998995144558
99,0.847412353084525,0.8479990044491296
99,0.8618574523475427,0.8624541038462775
99,0.8831245437033555,0.8837359181030718
99,0.9112494028161924,0.9118802476507187
99,0.9653863645116422,0.9660546875848779
99,0.9653863666497293,0.9660546897244452
99,0.9675166780852144,0.9681864759438488
99,0.9675166789021031,0.9681864767613031
99,0.9711437823140805,0.9718160911647221
99,1.0148156142446003,1.015518156475371
99,1.0534344493739651,1.0541637268679704
99,1.0641944039655833,1.0649311304211495
99,1.084962807872672,1.085713911995083
99,1.0849628116606373,1.0857139157856706
99,1.1417418878193826,1.142532299280907
99,1.1643600384420432,1.1651661081234168
99,1.1643600613611753,1.1651661310584156
99,1.2003806179496581,1.201211624159329
99,1.25944182311436,1.2603137165455576
99,1.3143644958020098,1.3152744114083181
99,1.3359060175735982,1.3368308460651115
100,0.48746887830913227,0.4878063459913314
100,0.5131342575101663,0.5134894929646624
100,0.5131342584332068,0.513489493888342
100,0.617820699024733,0.6182484073946246
100,0.6178206994991067,0.6182484078693267
100,0.6938632211550081,0.6943435726675365
100,0.7779999126816254,0.7785385108136629
100,0.8025748424906813,0.8031304534926105
100,0.8474123437864085,0.8479989951445761
100,0.847412353084525,0.8479990044491296
100,0.8618574523475383,0.8624541038462732
100,0.8831245437033513,0.8837359181030677
100,0.9112494028161946,0.911880247650721
100,0.9653863645116417,0.9660546875848774
100,0.9653863666497292,0.9660546897244452
100,0.9675166780852136,0.968186475943848
100,0.9675166789021039,0.9681864767613036
100,0.9711437823140803,0.9718160911647219
100,1.0148156142446008,1.0155181564753715
100,1.0534344493739651,1.0541637268679704
100,1.0641944039655846,1.0649311304211508
100,1.0849628078726705,1.0857139119950814
100,1.0849628116606411,1.0857139157856746
100,1.1417418878193837,1.1425322992809082
100,1.1643600384420414,1.1651661081234153
100,1.1643600613611649,1.1651661310584052
100,1.2003806179496581,1.201211624159329
100,1.2594418231143651,1.260313716545563
100,1.314364495802013,1.3152744114083215
100,1.335906017573597,1.3368308460651106
101,0.4874688783092106,0.4878063459914098
101,0.51313425751014,0.5134894929646362
101,0.5131342584331994,0.5134894938883345
101,0.6178206990247532,0.6182484073946449
101,0.6178206994991053,0.6182484078693253
101,0.6938632211550223,0.6943435726675509
101,0.7779999126816355,0.7785385108136731
101,0.8025748424906827,0.8031304534926119
101,0.8474123437863943,0.8479989951445619
101,0.8474123530845246,0.8479990044491291
101,0.8618574523475444,0.8624541038462792
101,0.8831245437033617,0.8837359181030782
101,0.9112494028161935,0.9118802476507197
101,0.9653863645116426,0.9660546875848782
101,0.9653863666497299,0.9660546897244457
101,0.9675166780852137,0.9681864759438482
101,0.9675166789021029,0.9681864767613029
101,0.9711437823140804,0.9718160911647221
101,1.0148156142446003,1.015518156475371
101,1.0534344493739651,1.0541637268679704
101,1.0641944039655786,1.0649311304211448
101,1.0849628078726727,1.0857139119950836
101,1.0849628116606478,1.085713915785681
101,1.1417418878193837,1.1425322992809082
101,1.164360038442041,1.1651661081234148
101,1.1643600613611758,1.1651661310584163
101,1.200380617949662,1.201211624159333
101,1.2594418231143611,1.2603137165455587
101,1.314364495802009,1.3152744114083172
101,1.3359060175735709,1.3368308460650842
102,0.4874688783091595,0.4878063459913586
102,0.5131342575101894,0.5134894929646856
102,0.5131342584332749,0.5134894938884101
102,0.6178206990247439,0.6182484073946355
102,0.6178206994991021,0.6182484078693222
102,0.6938632211550256,0.6943435726675541
102,0.7779999126816346,0.7785385108136723
102,0.8025748424906833,0.8031304534926125
102,0.8474123437863817,0.8479989951445494
102,0.8474123530845236,0.8479990044491281
102,0.8618574523475456,0.8624541038462805
102,0.883124543703362,0.8837359181030785
102,0.9112494028161929,0.9118802476507193
102,0.9653863645116423,0.9660546875848781
102,0.9653863666497295,0.9660546897244455
102,0.9675166780852131,0.9681864759438475
102,0.9675166789021035,0.9681864767613035
102,0.9711437823140807,0.9718160911647223
102,1.0148156142446005,1.0155181564753712
102,1.0534344493739676,1.0541637268679729
102,1.0641944039655804,1.0649311304211464
102,1.084962807872672,1.085713911995083
102,1.0849628116606445,1.0857139157856777
102,1.1417418878193828,1.1425322992809073
102,1.1643600384420398,1.1651661081234135
102,1.1643600613611733,1.1651661310584136
102,1.200380617949659,1.2012116241593298
102,1.25944182311436,1.2603137165455576
102,1.3143644958020053,1.3152744114083137
102,1.3359060175735977,1.336830846065111
103,0.48746887830931956,0.48780634599151873
103,0.5131342575101318,0.5134894929646279
103,0.5131342584331684,0.5134894938883036
103,0.617820699024729,0.6182484073946206
103,0.6178206994991093,0.6182484078693293
103,0.6938632211550051,0.6943435726675337
103,0.777999912681634,0.7785385108136715
103,0.8025748424906833,0.8031304534926125
103,0.8474123437863859,0.8479989951445533
103,0.847412353084526,0.8479990044491306
103,0.8618574523475491,0.8624541038462838
103,0.883124543703356,0.8837359181030725
103,0.9112494028161936,0.91188024765072
103,0.9653863645116416,0.9660546875848772
103,0.965386366649729,0.966054689724445
103,0.9675166780852132,0.9681864759438475
103,0.967516678902104,0.9681864767613039
103,0.9711437823140804,0.9718160911647221
103,1.0148156142446003,1.015518156475371
103,1.0534344493739645,1.05416372686797
103,1.0641944039655846,1.0649311304211508
103,1.0849628078726727,1.0857139119950836
103,1.084962811660643,1.085713915785676
103,1.1417418878193855,1.14253229928091
103,1.1643600384420423,1.165166108123416
103,1.1643600613611702,1.1651661310584105
103,1.2003806179496646,1.2012116241593354
103,1.2594418231143698,1.2603137165455673
103,1.3143644958020022,1.3152744114083106
103,1.3359060175736015,1.3368308460651148
104,0.48746887830935626,0.4878063459915554
104,0.5131342575101648,0.5134894929646611
104,0.5131342584332255,0.5134894938883607
104,0.6178206990247381,0.6182484073946297
104,0.617820699499111,0.6182484078693309
104,0.6938632211550111,0.6943435726675397
104,0.777999912681629,0.7785385108136667
104,0.8025748424906793,0.8031304534926085
104,0.8474123437864133,0.8479989951445809
104,0.847412353084526,0.8479990044491306
104,0.861857452347547,0.8624541038462818
104,0.88312454370336,0.8837359181030764
104,0.9112494028161935,0.9118802476507197
104,0.9653863645116423,0.9660546875848781
104,0.9653863666497292,0.9660546897244452
104,0.9675166780852136,0.968186475943848
104,0.9675166789021025,0.9681864767613025
104,0.9711437823140804,0.9718160911647221
104,1.0148156142446003,1.015518156475371
104,1.0534344493739651,1.0541637268679704
104,1.0641944039655817,1.064931130421148
104,1.0849628078726725,1.0857139119950834
104,1.0849628116606445,1.0857139157856777
104,1.14174188781938,1.1425322992809044
104,1.1643600384420438,1.1651661081234177
104,1.1643600613611698,1.16516613105841
104,1.2003806179496508,1.2012116241593216
104,1.2594418231143754,1.2603137165455731
104,1.3143644958020044,1.3152744114083126
104,1.3359060175735855,1.3368308460650988
105,0.48746887830920776,0.48780634599140693
105,0.5131342575101785,0.5134894929646746
105,0.513134258433262,0.5134894938883973
105,0.6178206990247258,0.6182484073946174
105,0.6178206994991059,0.618248407869326
105,0.6938632211550124,0.6943435726675409
105,0.7779999126816318,0.7785385108136694
105,0.8025748424906831,0.8031304534926123
105,0.8474123437863856,0.8479989951445532
105,0.8474123530845223,0.8479990044491269
105,0.8618574523475496,0.8624541038462845
105,0.8831245437033605,0.8837359181030768
105,0.9112494028161947,0.9118802476507211
105,0.965386364511643,0.9660546875848787
105,0.9653863666497301,0.966054689724446
105,0.967516678085214,0.9681864759438483
105,0.9675166789021034,0.9681864767613033
105,0.9711437823140804,0.9718160911647221
105,1.0148156142446003,1.015518156475371
105,1.053434449373964,1.0541637268679696
105,1.0641944039655808,1.064931130421147
105,1.0849628078726712,1.085713911995082
105,1.084962811660643,1.085713915785676
105,1.1417418878193837,1.1425322992809082
105,1.1643600384420374,1.165166108123411
105,1.1643600613611664,1.165166131058407
105,1.2003806179496581,1.201211624159329
105,1.25944182311436,1.2603137165455576
105,1.3143644958020049,1.315274411408313
105,1.3359060175736004,1.3368308460651137
