% Model,"2D photonic crystal band structure(sweep, simple).mph"
% Version,COMSOL 5.4.0.388
% Date,"Aug 11 2026, 10:56"
% Table,Table 7 - Global Evaluation 4 ()
% U,lambda (THz),freq*a/(c_const) (1)
0,7.990114404062978E-7i,3.997822922581483E-7i
0,4.592170002237904E-6i,2.2976745476888734E-6i
0,7.382207740417934E-6i,3.6936591682459534E-6i
0,8.877247228322765E-6i,4.441696409348679E-6i
0,9.901338563826308E-6i,4.954096558939938E-6i
0,1.1040149934698291E-5i,5.5238964357293585E-6i
0,1.4074854826499431E-5i,7.042299322869938E-6i
0,1.6072877083494885E-6,8.042002052380626E-7
0,5.235389527719863E-6,2.619506956235635E-6
0,7.29636468536371E-6,3.6507079267636423E-6
0,8.715391209506506E-6,4.360712374645448E-6
0,9.456929471091812E-6,4.731738183566219E-6
0,1.1719498847672159E-5,5.863806043949323E-6
0,0.8781189421676037,0.43936342563074265
0,0.9749377566142003,0.48780634598929784
0,1.026268514654717,0.5134894927817282
0,1.0262685160022758,0.513489493455974
0,1.2356413981644816,0.6182484074521722
0,1.2356413990277773,0.618248407884119
0,1.3877264445804631,0.6943435738035459
0,1.5559998262475032,0.7785385112560952
0,1.605149681781687,0.8031304518916651
0,1.6948246995606526,0.8479990011426434
0,1.694824685084465,0.8479989938995388
0,1.7237148960834343,0.8624540995374711
0,1.7662490841429557,0.8837359164700647
0,1.8224988059136236,0.9118802477914355
0,1.9307727290597827,0.9660546876031396
0,1.9307727335229001,0.9660546898362433
0,1.9350333562689206,0.9681864759931288
0,1.935033357146018,0.9681864764319811
0,1.942287564843802,0.9718160912726171
0,2.0296312278871924,1.0155181561741584
0,2.106868904017765,1.054163729504712
0,2.128388808722089,1.0649311308168843
0,2.1699256195828234,1.0857139139151508
0,2.169925626550144,1.085713917401223
0,2.283483754210064,1.142532288559139
0,2.3287201009144116,1.1651661201468975
0,2.3287200685885834,1.165166103972794
1,2.331283910460687E-8+1.0472552590710216E-5i,1.1664489123642431E-8+5.239901294002973E-6i
1,4.6988464714791225E-8+1.4084652920390006E-5i,2.351049707600944E-8+7.047201761354853E-6i
1,4.2577875082784157E-7-7.450903998247729E-6i,2.130367556617326E-7-3.7280310758756956E-6i
1,9.89983266523321E-7+2.3030681246345365E-6i,4.953343088387439E-7+1.152331252760136E-6i
1,2.15758273324964E-6-1.7102063388655144E-6i,1.0795381983473581E-6-8.556951450387292E-7i
1,4.821615870993726E-6-1.914243736028718E-5i,2.412476903101608E-6-9.577844696957242E-6i
1,8.5412670497291E-6-6.94302622222376E-7i,4.273590022933015E-6-3.4739163896296677E-7i
1,9.059283105693342E-6+1.3389236152876535E-6i,4.532777358441756E-6+6.69925266409297E-7i
1,1.2122482436686288E-5-9.109436537793653E-8i,6.065437328323126E-6-4.5578714347411896E-8i
1,1.4116719763489453E-5-1.212525177282408E-5i,7.063246282611345E-6-6.066822954977779E-6i
1,0.01550196857845406+1.0048865256589521E-13i,0.007756350183993318+5.0279109706236445E-14i
1,0.018019501800264952-3.2350470640151644E-14i,0.009015988220890276-1.618643320247485E-14i
1,0.8777642097749393-2.789593099929053E-15i,0.4391859366463478-1.3957621475232637E-15i
1,0.9737298281612333-1.8456181544597473E-16i,0.4872019636470808-9.234479246604732E-17i
1,1.0262936647133096,0.5135020765165361
1,1.0278222085331252,0.5142668775208774
1,1.2344639341097383+1.5697698741416125E-16i,0.6176592678540991+7.85428301606046E-17i
1,1.2358080345419644+2.562477036639942E-16i,0.6183317833208954+1.282125501289266E-16i
1,1.3884823779811233-2.6399292925888144E-16i,0.6947218021647779-1.3208784388042283E-16i
1,1.5563599934557286+7.105709630451015E-16i,0.778718719529493+3.5553144054332816E-16i
1,1.6046837149773128-1.454695637111121E-15i,0.8028973071984249-7.278513509725056E-16i
1,1.6937976147097304-5.495285122579412E-16i,0.847485103199159-2.7495447146536016E-16i
1,1.6948261325832215,0.8479997181499582
1,1.7250979349566435,0.86314609770302
1,1.7653990713035226+3.4709363024613583E-15i,0.8833106158245262+1.7366695908314138E-15i
1,1.8205729719745587,0.9109166642083565
1,1.9255159695875952-7.149907941724046E-16i,0.963424488277618-3.5774288599968945E-16i
1,1.9327486678151709-2.2830268389175416E-16i,0.9670433409378018-1.1423036727549405E-16i
1,1.9343907606300126+2.9650707936450454E-16i,0.9678649557438228+1.4835617347210142E-16i
1,1.9361637639474565-1.8808352625267476E-15i,0.9687520711148726-9.410686688422699E-16i
1,1.9477201332469205+1.0962120693015863E-15i,0.9745342559185998+5.484854805628163E-16i
1,2.030383215534478-6.002055130742748E-16i,1.015894410292909-3.0031051335234463E-16i
1,2.1062666469097358-5.735229595921868E-16i,1.0538623924837374-2.8696000063760115E-16i
1,2.1278026320687826-2.3132432012779853E-15i,1.0646378395894047-1.1574223131113518E-15i
1,2.1699438649610907-2.224574083669011E-15i,1.0857230429197908-1.1130570621304677E-15i
1,2.1711061193635595+1.849888095001933E-15i,1.0863045724270153+9.255843729407292E-16i
1,2.2825727048740516,1.1420764485379673
1,2.3287168011000454-2.773433580397475E-16i,1.1651644690975074-1.3876767942561823E-16i
1,2.329080660398094,1.1653465246938068
1,2.4013045908998434,1.2014834897380122
2,9.498736455163929E-9-1.4085141787701644E-5i,4.752656146788687E-9-7.0474463642285715E-6i
2,1.4109233542621494E-7+1.1032281988001255E-5i,7.059500580875934E-8+5.519959738947763E-6i
2,5.01058931166224E-7+9.59297172420585E-6i,2.50702903523122E-7+4.799806400169272E-6i
2,8.312383744332931E-7+7.199289075062613E-6i,4.159069143927362E-7+3.602136519589802E-6i
2,1.7705743212464315E-6-1.698278063562654E-6i,8.85900032171472E-7-8.497268785007196E-7i
2,2.75255161473708E-6+4.0929294594146595E-6i,1.3772285832839798E-6+2.0478814677592686E-6i
2,7.78192926321655E-6-7.550147091057401E-7i,3.8936582903712755E-6-3.777686974562282E-7i
2,9.565234425978274E-6-9.177834408075561E-7i,4.7859281499894875E-6-4.592094045312288E-7i
2,1.0255096758712056E-5+9.105854535923065E-7i,5.1310981072339335E-6+4.5560791939217483E-7i
2,1.136678990572977E-5+1.1965938996067396E-6i,5.687329485318358E-6+5.987111421629257E-7i
2,0.030999309672929673+2.862595257630155E-14i,0.015510385024227162+1.4322884955448854E-14i
2,0.03603164232979101+1.097571633847124E-15i,0.018028293258360258+5.491657334390601E-16i
2,0.8766863029236268-2.1373999203744638E-16i,0.4386466101109989-1.0694398057744654E-16i
2,0.9705262846830184+1.084816004851137E-16i,0.4855990830244727+5.4278350367196545E-17i
2,1.0263689242504492,0.5135397323356526
2,1.0320765042273008,0.516395497961777
2,1.2310133791083087,0.615932795968624
2,1.2363077986531918,0.6185818383662566
2,1.3906678340710437-1.5946688817262442E-16i,0.6958152866896222-7.978864240104954E-17i
2,1.5574410914636125-4.78612600289433E-16i,0.7792596427477233-2.394719684489692E-16i
2,1.603291356416538+4.817828350142738E-16i,0.8022006459631505+2.410581831653052E-16i
2,1.6912249341893362-1.0227497475263958E-15i,0.8461978724241302-5.11728891221671E-16i
2,1.6948304286292117,0.8480018676599987
2,1.7286796656169445+3.4522690590202168E-15i,0.8649382028234401+1.7273295075789814E-15i
2,1.7629782133684482-4.304857047318402E-15i,0.8820993488944515-2.1539186189192266E-15i
2,1.8151680640659573-2.783753397929438E-16i,0.9082123393841134-1.3928402751526713E-16i
2,1.9170468878286149-7.353968961557345E-16i,0.9591870158864777-3.679530004165754E-16i
2,1.9325235233010223+1.7582286499862208E-15i,0.9669306907485755+8.797229231761831E-16i
2,1.938303245810572-3.743149107756619E-16i,0.969822552612667-1.8728702179809102E-16i
2,1.9394791734702042-1.32524746767964E-15i,0.9704109234813725-6.63082458705302E-16i
2,1.956716212417069+8.445304372554384E-16i,0.979035409431682+4.22557546755615E-16i
2,2.0325787175015315-4.851911087196891E-16i,1.016992921233628-2.4276349976740696E-16i
2,2.104404151308148-1.0619536265939666E-15i,1.052930499993506-5.31344400895819E-16i
2,2.126385872013057-1.3547387544908432E-15i,1.0639289691602531-6.778383103074143E-16i
2,2.1699991549757796+5.137339017785062E-16i,1.0857507070653756+2.5704477617904557E-16i
2,2.174362008202491+2.3856496503299707E-15i,1.087933643848951+1.1936506006081568E-15i
2,2.2799643387685733-6.320784905986506E-16i,1.1407713626180882-3.1625803471612884E-16i
2,2.3287068439728826,1.165159487087338
2,2.3300554468512096-4.568834241524388E-16i,1.1658342553356742-2.2859985898266262E-16i
2,2.4029168611514273,1.202290182939539
3,1.4924618011602616E-9-1.4081029879915897E-5i,7.467475054827404E-10-7.0453889870284335E-6i
3,1.6931770311675853E-8-1.0835032286577566E-5i,8.471745966175632E-9-5.4212666116725156E-6i
3,1.2790994203132218E-7+9.651085996147353E-6i,6.39992461207891E-8+4.828883651976671E-6i
3,2.3399188543909712E-7+7.1778337988129374E-6i,1.1707693732530312E-7+3.5914014548756275E-6i
3,1.3882428293162333E-6-1.8686064249248952E-6i,6.946019449142879E-7-9.349500171172894E-7i
3,1.7494399041978754E-6+2.5368337905612254E-6i,8.753255081209592E-7+1.2692950020249802E-6i
3,7.401212086542915E-6+1.2007624780692744E-6i,3.703167919525971E-6+6.007968743176025E-7i
3,7.999949833321066E-6-9.906370927800119E-7i,4.002744041673523E-6-4.956614482843386E-7i
3,9.345158482180326E-6+3.460323378969922E-7i,4.6758140003877236E-6+1.7313594554986712E-7i
3,1.1645896671499105E-5+3.90698139822303E-8i,5.826979478999654E-6+1.9548430725814137E-8i
3,0.046487375595602225+1.0633251211945446E-13i,0.023259779068025562+5.320306229290854E-14i
3,0.05402897613444689-8.163452638762798E-15i,0.027033189808153987-4.0845520397128184E-15i
3,0.8748469168460115+2.425989933381011E-15i,0.4377262803819491+1.2138347056320931E-15i
3,0.9661778585667722,0.4834233647899702
3,1.0264937349635306,0.5136021808945226
3,1.0382182155750048,0.5194684795447746
3,1.2255078346283916+3.86638078153935E-16i,0.6131781180240989+1.9345287106285458E-16i
3,1.237140256267246-2.6706989903096956E-16i,0.6189983553224908-1.3362739383739077E-16i
3,1.3940636564559838-1.7713114402662923E-16i,0.6975143733215515-8.86268846829842E-17i
3,1.5592444536334573,0.7801619480534716
3,1.6009906725704086+4.444270417353872E-16i,0.8010495076749439+2.2236735608708364E-16i
3,1.6879701067191233,0.8445693320539387
3,1.694837577632395+2.363406659389963E-16i,0.8480054446361663+1.18252140588705E-16i
3,1.7333357337688446+1.0128472111610273E-15i,0.8672678485638444+5.067741953473495E-16i
3,1.759432745625226-4.540144754623757E-15i,0.8803253877847182-2.271643915717064E-15i
3,1.8071183317992874+4.130787464732223E-16i,0.9041846868939346+2.0668235746939085E-16i
3,1.9082837105439225+6.212296693559887E-16i,0.9548023939334337+3.108298688534663E-16i
3,1.9295905449147375-7.104712592006751E-16i,0.9654631863260904-3.554815541093474E-16i
3,1.9447763309025283+3.4068581633217476E-15i,0.9730613357704255+1.7046083410752853E-15i
3,1.9466002733264087-4.455510249824986E-16i,0.9739739383268984-2.229297367693445E-16i
3,1.966356208328838,0.9838587442027165
3,2.036059103656322+1.317535211320595E-15i,1.0187343190216223+6.592236609837904E-16i
3,2.101208746437259-4.958278807029405E-16i,1.0513316914916813-2.4808556760104047E-16i
3,2.124803737087635+5.071223948069882E-16i,1.0631373540529336+2.537367341677696E-16i
3,2.1700932651226155-8.128971970262608E-16i,1.0857977947143431-4.067299770227679E-16i
3,2.179102139385679+1.3806501662586146E-15i,1.090305350202812+6.908029852398495E-16i
3,2.2759543933852027+3.8073892259024135E-16i,1.1387650019126911+1.9050125133079963E-16i
3,2.3286900527126377,1.165151085645042
3,2.331400795010571,1.1665073950979303
3,2.4055458587704104-3.344252711440334E-16i,1.2036055917576205-1.6732839447083424E-16i
4,5.738246360134292E-10-1.4081227701515815E-5i,2.8711094327134263E-10-7.045487966302914E-6i
4,2.9264004653018202E-8+1.0797231672718109E-5i,1.464213185093779E-8+5.402353220332569E-6i
4,4.235169309360811E-8+9.255935221684458E-6i,2.1190506280318823E-8+4.631171486150824E-6i
4,2.8856284852201893E-7+7.4953259459014875E-6i,1.4438130821257296E-7+3.7502574260397943E-6i
4,7.338603448418817E-7-1.7454283253725028E-6i,3.671841928934792E-7-8.733183301291569E-7i
4,8.374270105323166E-7+2.4278328509720175E-6i,4.190033745940583E-7+1.2147568023402466E-6i
4,6.027484637666144E-6-3.628725948675016E-7i,3.015828689225803E-6-1.8156190316877564E-7i
4,7.669253067715826E-6+2.062961422572325E-7i,3.8372811905674225E-6+1.0321947905235452E-7i
4,9.441582940343727E-6+9.625921458148281E-8i,4.724059606101094E-6+4.8162926724535614E-8i
4,1.1667953229478038E-5+8.323243107359963E-9i,5.838015392707797E-6+4.1645025843311724E-9i
4,0.06196147845077386-8.595312692484179E-14i,0.031002186744858266-4.300631551820516E-14i
4,0.07200388732138219-4.965089084211046E-15i,0.03602686728765981-2.484263171929618E-15i
4,0.8721918201764387,0.43639781300457464
4,0.9614257613973082-1.340935530255371E-16i,0.48104567130103126-6.709319203030306E-17i
4,1.0266671677569117,0.5136889573237254
4,1.045559103861967,0.5231414646838616
4,1.2182386454555694+7.436018227761252E-16i,0.609541007260214+3.7205830380302224E-16i
4,1.2383046853405377,0.6195809729178733
4,1.3983782107909728-4.152273783940298E-16i,0.6996731439409524-2.077574171632579E-16i
4,1.5617708381115254+8.088801153770087E-16i,0.7814260147822958+4.0472004571426315E-16i
4,1.5978154392609945-4.492532355124143E-15i,0.7994607919360971-2.247821235278112E-15i
4,1.6846040998768435-2.4481960193150823E-15i,0.8428851635137748-1.2249454350758294E-15i
4,1.6948475627218567,0.848010440637164
4,1.737543754999599-1.3136801302383934E-15i,0.8693733157554611-6.572947860341403E-16i
4,1.7559548189475702+3.029218881669958E-15i,0.8785852205866217+1.5156579831320961E-15i
4,1.7972582194598086-2.319267323974889E-16i,0.8992512177173291-1.160436459666485E-16i
4,1.8995729940768806-3.4653395657319287E-16i,0.950444020548149-1.7338692851965918E-16i
4,1.9257983156948502+4.816526746514964E-15i,0.9635657590633167+2.4099305792984443E-15i
4,1.9517809608134378-2.463273880377069E-15i,0.9765660753280713-1.2324895846998269E-15i
4,1.956801900490582-1.203567377887195E-15i,0.979078283128748-6.022002951224319E-16i
4,1.976290973061747+8.553366528551375E-16i,0.9888295654164255+4.279643950491597E-16i
4,2.040618329054921-5.556615067121614E-16i,1.0210155098639544-2.7802309158432597E-16i
4,2.0967599407060287+9.233567195408142E-16i,1.049105748704006+4.619979730481483E-16i
4,2.1235048539571246-6.360176737168181E-16i,1.0624874628886383-3.1822898979507586E-16i
4,2.1702293014078435,1.0858658599449373
4,2.184801012252555,1.0931567592600455
4,2.2708685359048184+6.82233149068485E-16i,1.1362203127395643+3.4135272462482275E-16i
4,2.328666127281815,1.165139114648015
4,2.332872971237531-4.678471134223601E-16i,1.1672439927946072-2.340854986196951E-16i
4,2.4091095309565365+5.906338643397424E-15i,1.2053886613901423+2.9552137582781137E-15i
5,1.384807306302495E-10-1.4081728716181193E-5i,6.928829942258729E-11-7.045738647058221E-6i
5,1.7200720448103335E-8+9.02491622636251E-6i,8.606314129541912E-9+4.515582022928598E-6i
5,4.5074318474536556E-8+1.0787200023330127E-5i,2.2552761387948204E-8+5.397333923255398E-6i
5,2.921912118573766E-7+7.663778708514035E-6i,1.4619674581208606E-7+3.83454211605652E-6i
5,2.9711182137793777E-7-2.644201354611812E-6i,1.4865875380591017E-7-1.3230159485592255E-6i
5,4.7419390393152005E-7+1.4695309570517497E-6i,2.372610907700954E-7+7.35274146081962E-7i
5,5.299425200014806E-6-3.750242520374781E-7i,2.6515469578698367E-6-1.8764193796236764E-7i
5,7.945238232886502E-6+9.802891831419061E-8i,3.975369303429825E-6+4.904839116108982E-8i
5,9.428837989361198E-6+7.128958373702741E-8i,4.717682719036847E-6+3.566946824444166E-8i
5,1.1675575441718919E-5-4.2775229998473674E-9i,5.841829137202104E-6-2.140242133700058E-9i
5,0.07741686806499702-7.540926625481048E-14i,0.038735231323763164-3.7730735501763594E-14i
5,0.0899484991509111+6.22255616518675E-15i,0.04500538460055811+3.1134319755903017E-15i
5,0.8686651901050805-2.0905448046124103E-15i,0.43463327725129786-1.0459960293326041E-15i
5,0.9567668973768972,0.4787146266586018
5,1.026887929262722,0.5137994144916357
5,1.0536563384573534-9.178181129336437E-16i,0.5271928847809875-4.592267525957793E-16i
5,1.2095084517390822+1.4747895645371056E-16i,0.605172888508297+7.379052700537444E-17i
5,1.2398000786125076,0.6203291871734682
5,1.403311338630801-9.092611515724531E-16i,0.7021414154275359-4.549453099846426E-16i
5,1.5650184311819033,0.7830509354484343
5,1.5938174238189184-5.314874306794138E-15i,0.7974604003308107-2.659276858856538E-15i
5,1.6814039812572832-1.8393685005847065E-15i,0.8412839965059844-9.203209344502787E-16i
5,1.6948603597501404,0.848016843580905
5,1.7381405157078822,0.8696719026740237
5,1.7556672640419002+6.08394455957645E-15i,0.8784413435987273+3.044078193376257E-15i
5,1.7862130557875675+9.233223087123163E-16i,0.8937248126773594+4.619807557228389E-16i
5,1.890998195799304-2.5379042447454264E-15i,0.9461536533046991-1.2698305996470864E-15i
5,1.9213539772405375+5.55778040043641E-15i,0.9613420514604161+2.780813985872391E-15i
5,1.9602048820545497-4.794748792260836E-15i,0.9807809518282892-2.3990340638893772E-15i
5,1.9682776597514993-8.352928990280905E-16i,0.9848201350106175-4.1793558013461956E-16i
5,1.9864326129090693-8.299596838870912E-16i,0.993903895795672-4.1526712651011285E-16i
5,2.0460498658471193-3.010859181828025E-15i,1.023733158347392-1.5064717781332702E-15i
5,2.0913046192825475-6.744398954565545E-16i,1.046376199672048-3.3745340024025274E-16i
5,2.122598690410437-3.178082640607903E-16i,1.0620340674533095-1.5901413907189934E-16i
5,2.17041196806956+6.277959381807577E-16i,1.085957256504545+3.1411527613250915E-16i
5,2.1911067794275314-1.1749655538692693E-15i,1.096311825543422-5.878894827980975E-16i
5,2.26497998333186+8.73268481208782E-16i,1.1332739981730258+4.369365161992077E-16i
5,2.328634635381779,1.1651233577973024
5,2.3343021648849835+1.5527563562144556E-15i,1.1679590843234204+7.769156535357815E-16i
5,2.4135043193175103-1.9499188926759922E-15i,1.2075875767949658-9.756343967178748E-16i
6,1.5613782768644535E-10-1.4081189797266158E-5i,7.812295982765117E-11-7.045469001057804E-6i
6,2.810710203982262E-9+9.132858172180755E-6i,1.4063280090833349E-9+4.569590359164783E-6i
6,1.9535120541333672E-8+1.0798483519223508E-5i,9.7743222119352E-9+5.402979576902919E-6i
6,1.2596314769579355E-7-2.8062401709443377E-6i,6.302517508418785E-8-1.4040914452946332E-6i
6,1.4877951907658347E-7+7.455261496247022E-6i,7.444125849719514E-8+3.7302113331918883E-6i
6,4.07214373640739E-7+9.509497717719362E-7i,2.0374814114273298E-7+4.7580405029999264E-7i
6,5.151078270855459E-6-1.778089277498588E-7i,2.5773221440691443E-6-8.896601115455285E-8i
6,7.915853673755446E-6+6.481025071019987E-8i,3.9606668526108044E-6+3.242755895656982E-8i
6,9.486012947390266E-6+3.501011642274703E-8i,4.746289988751284E-6+1.7517176711003364E-8i
6,1.1668605726439266E-5-4.4832898031199893E-10i,5.838341867045535E-6-2.2431967600332304E-10i
6,0.0928487080752945+1.0062852134099553E-13i,0.04645649294917944+5.034909250835566E-14i
6,0.1078545771705363+6.742320040808291E-15i,0.05396462167030381+3.3734938259228777E-15i
6,0.8642273035631147+1.6329848554659905E-15i,0.4324127978378536+8.170576736786973E-16i
6,0.9525045214276847+2.356751033852779E-16i,0.4765819632932617+1.1791912893216175E-16i
6,1.0271543692315046,0.513932726702303
6,1.0622441608556419+1.3200578016477338E-15i,0.5314897685929987+6.60485829323832E-16i
6,1.1995922076100909+2.8632932913509964E-16i,0.6002113340073205+1.4326377540246507E-16i
6,1.241625147144377,0.6212423531737298
6,1.408595732885759-7.715453443283666E-16i,0.704785441710024-3.860397370278574E-16i
6,1.5689804639911176+6.045679795236822E-16i,0.7850333232821608+3.024932566133879E-16i
6,1.5890654275872194+1.2044221531671422E-15i,0.7950827573456931+6.026279786367118E-16i
6,1.678476482134944+1.7742806266252229E-15i,0.8398192336120798+8.87754467771779E-16i
6,1.6948759367496953,0.8480246374725486
6,1.7336579471332039-3.521476356687762E-15i,0.8674290667778592-1.7619571120203573E-15i
6,1.7601273294720483+1.9101442940565503E-15i,0.8806729201333252+9.55733329717329E-16i
6,1.774400434483303+4.67168052089227E-16i,0.8878144131714463+2.337457329009393E-16i
6,1.8825912166681837-3.5442848409124722E-16i,0.9419472537238665-1.7733692491252425E-16i
6,1.9164387442669555+5.012821706545869E-15i,0.9588827336011345+2.508146005400444E-15i
6,1.9697836260262531+4.18147907147002E-15i,0.9855736394273732+2.092186924597359E-15i
6,1.9806026518695483,0.9909868972768896
6,1.996741619343297,0.9990619674011098
6,2.0521732716873955+9.939517733496442E-16i,1.026796980840356+4.973199359219592E-16i
6,2.0851270816535283+5.26942566282052E-16i,1.0432852925473837+2.636536805148974E-16i
6,2.1220240061794886+8.220367672334464E-16i,1.0617465264150283+4.113029257227577E-16i
6,2.170647985153745+1.480445211228846E-15i,1.0860753467422508+7.407350510609806E-16i
6,2.1978040958711498-2.725777278805696E-16i,1.0996628019930788-1.3638321475747546E-16i
6,2.258493218311272-3.008785554767284E-16i,1.1300283703157428-1.5054342468318284E-16i
6,2.3285949994452073,1.1651035261093228
6,2.335597760608838+8.478906362749123E-16i,1.1686073306464755+4.2423880937403984E-16i
6,2.4186161909344044+2.00835113734E-15i,1.2101452820409533+1.004870744950495E-15i
7,1.0543070561346039E-10-1.4080735067760957E-5i,5.275184688608496E-11-7.045241478903859E-6i
7,3.3150031642259816E-9+1.080683039589656E-5i,1.658649046581076E-9+5.407155904450685E-6i
7,1.3803558859478477E-8-9.22540501801165E-6i,6.90655743221456E-9-4.615895816504321E-6i
7,4.618888711022216E-8+3.000935353615299E-6i,2.311043150569626E-8+1.5015064289652503E-6i
7,5.213500556424533E-8+7.332250790826831E-6i,2.608554893878217E-8+3.66866340121213E-6i
7,6.141515106516979E-7+7.05461170057524E-8i,3.0728833944766777E-7+3.529747753315014E-8i
7,4.9424273159301485E-6+3.8471133246118076E-8i,2.4729244435813068E-6+1.9248883128733382E-8i
7,7.837854735455593E-6+3.36502484673046E-8i,3.9216403846901944E-6+1.683677202478419E-8i
7,9.516619758769229E-6+1.267518943057751E-8i,4.76160398876807E-6+6.341982140813651E-9i
7,1.1668189075294086E-5+8.295584838840094E-11i,5.838133397252151E-6+4.150663876360805E-11i
7,0.10825204905032204-9.669367078736683E-14i,0.054163495192224964-4.8380305211364E-14i
7,0.12571342337444028-1.7108990203376163E-15i,0.06290022648323608-8.560417255414825E-16i
7,0.8588702061417725-7.375028584263624E-15i,0.42973239480649594-3.690067105155606E-15i
7,0.9488053667828542-9.345639018053388E-16i,0.47473110553511033-4.676054434658287E-16i
7,1.0274644900675984+2.1566719774273023E-16i,0.5140878944664438+1.0790825051846211E-16i
7,1.0711611063036868-1.7096798383973143E-15i,0.5359513278534612-8.554317125602844E-16i
7,1.188721833085251+7.196694221600193E-16i,0.5947723840430557+3.600838194668756E-16i
7,1.2437783247804208-3.398468776670352E-16i,0.6223196872986816-1.7004107438238248E-16i
7,1.4140146578574142-1.187015363956747E-15i,0.7074967799176993-5.939185587968061E-16i
7,1.5736428525895867-5.309061594721124E-16i,0.7873661314336267-2.6563684907916147E-16i
7,1.583640630458597+3.3106024678877164E-16i,0.7923684810269295+1.656447175142603E-16i
7,1.6758333934208804,0.838496774368927
7,1.694894253213114+2.078669002217019E-16i,0.84803380204437+1.040054017411448E-16i
7,1.7267992137377768-6.124547731072547E-16i,0.8639973259789828-3.064393833619664E-16i
7,1.7620904334956868-2.1287624617539213E-16i,0.8816551516594624-1.0651180866701061E-16i
7,1.7667636520146912-1.67730085800979E-15i,0.8839933785198948-8.392310146156795E-16i
7,1.8743687583051771-2.5079485308717934E-16i,0.9378331783976251-1.2548423737556764E-16i
7,1.9111997962531702-2.1582226697106858E-15i,0.9562614461701219-1.0798583880872776E-15i
7,1.9802925454611258+7.999095432027021E-16i,0.9908317367315785+4.002316545281646E-16i
7,1.993496664678962-7.004048878853963E-16i,0.9974383668512578-3.50444884049783E-16i
7,2.007187392201387,1.0042884695591912
7,2.0588422851222115-1.812199082546826E-15i,1.0301337959887293-9.067268209329799E-16i
7,2.078459289578573-8.173424655890264E-16i,1.0399490885017058-4.0895415000184545E-16i
7,2.121693681450017-1.079610557690232E-15i,1.0615812497107664-5.401789782634718E-16i
7,2.1709467288379334-6.266804484911121E-16i,1.0862248219923196-3.1355714516896487E-16i
7,2.204762178855553+1.795944930175151E-15i,1.1031442519755883+8.985941184893737E-16i
7,2.2515555738074324+9.59735136174301E-16i,1.1265571466481483+4.80199773491784E-16i
7,2.328546478761462+2.8336743052741803E-16i,1.165079248972365+1.4178180085875512E-16i
7,2.3367259524816313,1.169171817098363
7,2.424331471715339-2.9872869101256405E-15i,1.213004900734697-1.494677482910014E-15i
8,7.751700435644255E-11-1.4080958223477715E-5i,3.878533413094195E-11-7.0453531340059825E-6i
8,8.638317991952846E-9+1.0798595581269341E-5i,4.322149087529503E-9+5.403035646715306E-6i
8,1.9791757951719455E-8-9.189718273727134E-6i,9.902729750319194E-9-4.5980400916525725E-6i
8,3.324990308327855E-8+2.899313904175359E-6i,1.663646075610008E-8+1.450660528712513E-6i
8,6.939273706545453E-8+7.39564196972947E-6i,3.472038832884241E-8+3.7003809330634342E-6i
8,1.4469244749314705E-7+4.3889835447309776E-7i,7.239630799508657E-8+2.1960109874066498E-7i
8,5.0920116767146986E-6-5.979168306558262E-8i,2.547768401522645E-6-2.99165379932186E-8i
8,7.887608926993578E-6+7.222962971188669E-8i,3.9465347025142194E-6+3.613981662201457E-8i
8,9.519709749188905E-6+2.0172711330567838E-8i,4.763150053555836E-6+1.0093338304011556E-8i
8,1.16653280672242E-5-2.525524316921322E-10i,5.836701902899872E-6-1.2636363505121877E-10i
8,0.12362179760249271+2.6179769763645483E-14i,0.06185368959606685+1.3098946820559516E-14i
8,0.14351575852922813+3.313753855693635E-15i,0.07180755621071766+1.6580239598757526E-15i
8,0.8526250064756259-2.6328590712180877E-15i,0.4266076332425409-1.3173408808126627E-15i
8,0.9457372037084801,0.47319596197537434
8,1.0278159585306832,0.514263750356263
8,1.0803051744562522-2.1700462562365E-16i,0.5405265270830723-1.0857742739994978E-16i
8,1.1770857029382433+5.725397848830605E-16i,0.5889502912069139+2.86468072964194E-16i
8,1.2462577734641744,0.6235602698838614
8,1.4194043473645086-1.1218988978347154E-15i,0.7101934902734487-5.613377861400614E-16i
8,1.577629764405112-5.304631679530489E-15i,0.7893609673821974-2.6541519998130616E-15i
8,1.5789823221999453+1.941149126914216E-15i,0.7900377144577526+9.712464782457349E-16i
8,1.6734281894482148-3.3797005402880553E-15i,0.8372933398385634-1.6910201291428362E-15i
8,1.6949152591829288+1.8843507985897157E-16i,0.8480443123003425+9.428276537512406E-17i
8,1.7190639109263826-3.707087437888333E-15i,0.860126997053933-1.854826900559486E-15i
8,1.7494589019502282+2.9536417226660605E-16i,0.8753350135730708+1.4778432431409231E-16i
8,1.7742193919972344-9.984957933574832E-16i,0.8877238292618593-4.995935188056748E-16i
8,1.86634204706,0.9338170443867536
8,1.905752374991531+5.220094586355274E-16i,0.9535358499536691+2.611854191319553E-16i
8,1.9915485526454413+1.792887181379038E-15i,0.9964636365095488+8.97064185673596E-16i
8,2.006769885763045-2.9387413829081977E-16i,1.0040795718231736-1.4703879156167085E-16i
8,2.0177297148893287+2.290072789067284E-16i,1.0095632800522263+1.1458290867347058E-16i
8,2.065942711717259+5.595452282837887E-16i,1.0336864670477761+2.7996629669238813E-16i
8,2.0714756997568484-3.833669814118942E-16i,1.0364548762715278-1.9181619042525785E-16i
8,2.1215437338061043+1.0587557694907966E-15i,1.0615062239855133+5.297443654290312E-16i
8,2.171321203531672+4.85850463046321E-16i,1.0864121889609069+2.430934051614739E-16i
8,2.211899783972755+3.324538333519337E-16i,1.10671552516479+1.6634199317579248E-16i
8,2.2442730393818273,1.1229133586385087
8,2.328488145754233,1.1650500622772002
8,2.3376859101605834+4.3638202472266267E-16i,1.1696521282202752+2.183420628560289E-16i
8,2.4305449276600473,1.2161137794500723
9,5.4110894385964736E-11-1.4080907697814318E-5i,2.7074177289325633E-11-7.04532785368519E-6i
9,4.855053862758842E-9+1.0801952743211007E-5i,2.429207473304169E-9+5.4047153897435636E-6i
9,1.7380651392550133E-8-9.219850452230922E-6i,8.69634188356573E-9-4.613116610941021E-6i
9,3.1117352015894996E-8+7.36916056094179E-6i,1.556944705521661E-8+3.687131062320682E-6i
9,6.050731839360594E-8+2.947410175975772E-6i,3.0274603369244506E-8+1.4747253127907766E-6i
9,2.3778330857091591E-7+5.535166614778878E-8i,1.1897396126502083E-7+2.7694992654446016E-8i
9,5.037597222783111E-6+1.762457994782939E-8i,2.5205423393855578E-6+8.818390595317807E-9i
9,7.880480177488275E-6+4.3576284838837146E-8i,3.942967860196273E-6+2.1803226036545497E-8i
9,9.526420567298135E-6+1.6738579726358145E-8i,4.7665077855118025E-6+8.375083801987178E-9i
9,1.1666563010171456E-5-1.307631096564586E-10i,5.837319801840106E-6-6.542681753678002E-11i
9,0.1389526801953389+4.381385860903125E-14i,0.06952443756707459+2.192209515609191E-14i
9,0.16125158935513992-3.7540102662899205E-15i,0.08068161075376681-1.8783045567593564E-15i
9,0.8455579291454108-3.402757782620556E-15i,0.4230716483595182-1.7025567314074438E-15i
9,0.9432975980170029-3.353891739595762E-16i,0.4719753146776976-1.6781067952662248E-16i
9,1.0282061196256511,0.5144589659551998
9,1.0896090484190963+8.484655365040015E-16i,0.545181684533453+4.245264584861578E-16i
9,1.1648346575621125+6.421408225110799E-16i,0.582820527907733+3.2129268367605824E-16i
9,1.2490613893255318,0.6249630482659766
9,1.4246489911409073-5.140221331001488E-16i,0.7128176275573151-2.5718899160906284E-16i
9,1.5711183722134474+5.918661243205314E-16i,0.786103017414858+2.961379323561225E-16i
9,1.5849654175358434-3.8018258162028823E-16i,0.7930313331310573-1.9022288827240355E-16i
9,1.671169512532053+1.0220657754237741E-15i,0.8361632195557365+5.113866684183434E-16i
9,1.6949388941361558,0.8480561379580248
9,1.7110151412231058+1.1728444066217944E-15i,0.8560998261786354+5.868281749545186E-16i
9,1.736623044777289+6.192944869719062E-16i,0.8689126419470944+3.0986160781198145E-16i
9,1.782083342829157-7.533023354698998E-16i,0.8916585267277589-3.7691191791250784E-16i
9,1.8585202637605742-7.772739260993953E-16i,0.9299034452830901-3.8890601082069013E-16i
9,1.9001855357782202+1.3595546120858949E-15i,0.9507505034257167+6.802479060793592E-16i
9,2.0034050010335,1.0023959647277882
9,2.020285798298218,1.0108422065265321
9,2.028281903511497+3.194795984762415E-16i,1.014843026927397+1.5985038479999463E-16i
9,2.0643425568803915+8.816360671889012E-16i,1.0328858357472712+4.411232055688845E-16i
9,2.073386652870912+1.3488522766418181E-15i,1.037411014291216+6.748930338209933E-16i
9,2.121537837561357,1.0615032738221974
9,2.1717895251299875+1.6820487581160633E-15i,1.0866465118662125+8.416066081202399E-16i
9,2.219164850539643-4.276432542172814E-16i,1.1103505731986976-2.1396965274087115E-16i
9,2.2367230335601804,1.1191357423475514
9,2.328418855069528+8.34692692303625E-16i,1.1650153929503764+4.1763526901515225E-16i
9,2.338492687039427+9.446819005257017E-16i,1.1700557959197027+4.726679450983895E-16i
9,2.4371641750868873-1.0485479765921499E-15i,1.2194256943683122-5.246369356257204E-16i
10,2.8215570255012544E-11-1.4081092957216951E-5i,1.4117551743919724E-11-7.045420547512715E-6i
10,2.2208210492279714E-9+1.0804212933705546E-5i,1.1111792458241084E-9+5.4058462673394936E-6i
10,1.1584766956352532E-8-9.236474643245603E-6i,5.796393461815773E-9-4.6214344607923404E-6i
10,2.0478978973642748E-8+7.350369858702454E-6i,1.0246578137887685E-8+3.677729206934779E-6i
10,7.450967328300999E-8+2.9835951360631516E-6i,3.7280627628235726E-8+1.4928303179977687E-6i
10,4.3584012055033385E-7-5.273120311812878E-10i,2.1807092319363843E-7-2.63838540852129E-10i
10,4.9862604310653276E-6+4.327455643783176E-8i,2.4948561736659803E-6+2.165225739493007E-8i
10,7.884324974427598E-6+2.4808940599806855E-8i,3.944891589514703E-6+1.2413057735998909E-8i
10,9.525681386775668E-6+1.3748715156801429E-8i,4.766137939388556E-6+6.879116597123381E-9i
10,1.1666989873981697E-5+9.616805783786117E-11i,5.83753338150106E-6+4.811731679947457E-11i
10,0.15423920000724062-1.0133576284479182E-13i,0.07717298879175304-5.070295806680624E-14i
10,0.1789100566723687-8.36852568677184E-15i,0.08951695676365315-4.187159548275813E-15i
10,0.8377580824113827+6.959744889939071E-15i,0.4191690251317376+3.4822815105337326E-15i
10,0.9414398350225451-1.0693353529170047E-15i,0.4710457901291892-5.3503781918873585E-16i
10,1.028632012701551,0.5146720599129703
10,1.0990264416116853-1.0797114278650932E-15i,0.5498936408925696-5.40229448266387E-16i
10,1.152089621800808+7.766281173390287E-16i,0.5764435984247516+3.8858288289845603E-16i
10,1.2521868094364326-2.1197696325334543E-16i,0.6265268401630867-1.0606185592568113E-16i
10,1.4296729998285884-6.924875535687018E-16i,0.7153313709255762-3.4648347636318875E-16i
10,1.5641857795025886+6.370312680783166E-15i,0.7826343213923956+3.1873613782421268E-15i
10,1.5915486182084395-2.9168482583233997E-16i,0.7963252121948509-1.4594337751769257E-16i
10,1.6689153984697218+1.3729848430485577E-15i,0.8350353822792242+6.869676703384033E-16i
10,1.6949650856487832,0.8480692427803419
10,1.7029886300735795,0.852083792284851
10,1.7236633387105422+6.405919880620443E-16i,0.8624283030048118+3.205177303336518E-16i
10,1.7901985539206908+1.985444213412243E-15i,0.8957189412953931+9.93409353919892E-16i
10,1.850912045680611-2.337772425054478E-16i,0.9260967027132204-1.16969541561373E-16i
10,1.894568189896668+1.4955011907382881E-15i,0.9479398860811241+7.482682523345641E-16i
10,2.0157444689559325-1.205663098240798E-15i,1.0085699699069477-6.032488807177387E-16i
10,2.033936927991127-6.310892405727234E-16i,1.0176724966132036-3.1576306728139404E-16i
10,2.0384940193663854+2.5880952902755597E-16i,1.0199526197051887+1.2949434956810486E-16i
10,2.0574489663002535+1.46589642068761E-15i,1.0294366542904758+7.334556198313085E-16i
10,2.0811064392609397,1.041273579634685
10,2.121663117016816,1.0615659569145077
10,2.1723772120730613-2.044050047328393E-15i,1.0869405587613523-1.0227325568652528E-15i
10,2.2265229750180198-9.132347549065797E-16i,1.114032182399675-4.569334870858792E-16i
10,2.228963485419187-9.804256497794712E-16i,1.1152532823653556-4.905521921666244E-16i
10,2.328337203661879+1.4215473154651811E-15i,1.164974538983505+7.112657160967577E-16i
10,2.3391670209835245-6.683240852242266E-16i,1.170393196307589-3.3439337818042766E-16i
10,2.444110954787604+2.2459600201357207E-15i,1.2229014887964278+1.1237574329516925E-15i
11,3.23701818398561E-11-1.4080970854661723E-5i,1.6196295625216876E-11-7.04535945397018E-6i
11,1.2765671025587513E-9+1.080525534022613E-5i,6.387254257871046E-10+5.406367831421294E-6i
11,1.0432328039560519E-8-9.23864257559013E-6i,5.219775094989473E-9-4.62251917737877E-6i
11,2.2879301599642257E-8+7.338066164642624E-6i,1.1447570305275453E-8+3.6715731010697856E-6i
11,7.158447654522185E-8+3.0023026493207098E-6i,3.581701672356039E-8+1.502190550097516E-6i
11,4.669637044952121E-7-2.1700520141520888E-8i,2.33643488370484E-7-1.0857771549503532E-8i
11,4.948723933303574E-6+4.4536655895330226E-8i,2.47607493179677E-6+2.2283743990315906E-8i
11,7.885143204757797E-6+1.5433659123753626E-8i,3.945300987904337E-6+7.722171811817373E-9i
11,9.530253722487676E-6+1.2919357876886257E-8i,4.768425689925634E-6+6.464150881117024E-9i
11,1.1667274444866505E-5+3.0010718105823316E-10i,5.837675765445626E-6+1.501574704682363E-10i
11,0.16947558474673996+1.5248287436188114E-13i,0.08479645512633607+7.629421802960158E-14i
11,0.19647925988770204+3.2882058273971154E-15i,0.09830763982446586+1.6452411024615145E-15i
11,0.829323153396514+8.155878808495594E-15i,0.41494864093437966+4.080762502952422E-15i
11,0.9400950258838439-2.1383124651235752E-15i,0.47037292006384146-1.069896394019813E-15i
11,1.0290903897759016,0.5149014071140683
11,1.108524344673335+7.751627865915725E-16i,0.5546458800541281+3.8784971031104414E-16i
11,1.1389486623073666+5.817022333742975E-16i,0.5698685700295535+2.910524687253627E-16i
11,1.2556314191121567+1.7748225677535167E-16i,0.6282503373277772+8.88025625924944E-17i
11,1.4344327526725351-1.1727919790289102E-15i,0.7177128949017131-5.868019430106427E-16i
11,1.5569022859672677-1.9588162461329904E-14i,0.7789900534959092-9.800861532011874E-15i
11,1.5986795172049562+9.317445165743802E-16i,0.7998931300024347+4.661947749404591E-16i
11,1.6664461003856168-1.4665185739538157E-15i,0.8337998785074257-7.33766911818283E-16i
11,1.6949937478283343,0.8480835837913245
11,1.6953034628410932-1.5334340501867411E-15i,0.8482385485033248-7.67247812244867E-16i
11,1.7106368121046591+3.746963805959787E-16i,0.8559105306635127+1.8747788875128008E-16i
11,1.7984882334026135+2.591883475348765E-15i,0.8998666504491984+1.2968388994706288E-15i
11,1.8435263018787513+4.3964011866566856E-16i,0.9224012742902714+2.199722375932829E-16i
11,1.8889542053054031-4.559271653964217E-15i,0.9451309505451617-2.281213986025734E-15i
11,2.028471673395964-2.457417533440279E-15i,1.0149379775571092-1.2295593840991216E-15i
11,2.0446547685746905-1.3155823773417702E-15i,1.0230351268083053-6.582465680349621E-16i
11,2.0476279143013114,1.0245227288045942
11,2.0545122292619613+2.3790169846382378E-15i,1.0279672692409567+1.1903319719128347E-15i
11,2.0890495015068447+6.210803730076043E-16i,1.0452478601914217+3.107551690014185E-16i
11,2.1219287965268636-9.012849691124875E-16i,1.0616988886325804-4.50954457856552E-16i
11,2.1731207762437226-9.76326015979596E-16i,1.0873125982260647-4.885009562079757E-16i
11,2.2210391633589186,1.1112883783882175
11,2.233950789751149-1.1907220289618764E-15i,1.1177486608508087-5.957731743347642E-16i
11,2.328241479448334-1.5427058169237769E-15i,1.1649266437424857-7.718869049686584E-16i
11,2.339730027600014+1.6566872581975587E-15i,1.1706748944965188+8.28917079460464E-16i
11,2.4513203877623555+1.0662996043544521E-15i,1.2265087007771+5.335188941049604E-16i
12,1.4473410769636325E-11-1.4080785593547131E-5i,7.241715251707395E-12-7.045266759286085E-6i
12,4.1203024043938966E-10+1.0806067301850278E-5i,2.0615774151966306E-10+5.406774093288036E-6i
12,1.352897647846325E-8-9.223148626982549E-6i,6.769171196993513E-9-4.614766839956269E-6i
12,2.569356340931857E-8+3.034365900474889E-6i,1.2855675346568543E-8+1.5182332741380485E-6i
12,3.0185378140810377E-8+7.292122340256468E-6i,1.5103137521630236E-8+3.6485852857528196E-6i
12,6.921409244932597E-7+3.4696765779705214E-8i,3.4631004184230997E-7+1.7360392925414362E-8i
12,4.849087083786884E-6+2.6075788867861934E-8i,2.4262220184606265E-6+1.3046920380429615E-8i
12,7.882333904800412E-6+2.02004635717819E-8i,3.943895365506699E-6+1.010722403085699E-8i
12,9.529979160232573E-6+5.6914273505661464E-9i,4.768288313760334E-6+2.8476837218664188E-9i
12,1.1668112886686546E-5+8.147862798315767E-10i,5.838095276576244E-6+4.0767517231783227E-10i
12,0.1846557226807756+3.7645093254577426E-14i,0.0923917785887607+1.8835577205169762E-14i
12,0.21394605228441127+4.7654742911765E-15i,0.10704708202719926+2.3843866801895162E-15i
12,0.8203480570737772+1.0408156319656678E-15i,0.41045798610806467+5.207680868170812E-16i
12,0.9391881032578916+1.6380869218162925E-16i,0.4699191448261308+8.196104728973663E-17i
12,1.0295777360931804,0.5151452489641253
12,1.1180784414264622,0.5594262355124668
12,1.1254928188242694+2.8523729091584253E-16i,0.5631359906447027+1.4271737829167264E-16i
12,1.2593923596104215,0.6301321093993739
12,1.4389087722216964-5.456251988011597E-16i,0.719952454018221-2.7300146363313103E-16i
12,1.5493282540748239+1.1093512273382886E-15i,0.7752004158531018+5.550596076060835E-16i
12,1.606298771057186+1.9214525209219205E-15i,0.8037053942783907+9.613913574112932E-16i
12,1.6634246934234491-3.7617797346186885E-16i,0.8322881291880844-1.8821919802692408E-16i
12,1.6883559532650696-6.48359569987706E-16i,0.8447623888849146-3.2440420998901816E-16i
12,1.6950247795075128,0.848099110372306
12,1.6975851661287247+7.489030733985027E-16i,0.8493801899422989+3.7471076410393018E-16i
12,1.8069077547542847-2.0469697759023435E-15i,0.9040793254817061-1.024193431795244E-15i
12,1.8363727767660423+9.186421777872492E-16i,0.9188220355927242+4.596390702666955E-16i
12,1.8833863411802976-4.924871670314963E-16i,0.9423450912065461-2.464140544013433E-16i
12,2.0395796841976024+1.3324546469688222E-15i,1.020495827915859+6.666885430630924E-16i
12,2.0415071985977753+2.663487217693366E-15i,1.0214602523111715+1.3326655557625964E-15i
12,2.06126161810598-5.74900984169482E-16i,1.0313442999153002-2.8764948991953056E-16i
12,2.062687604687264-1.156747458526935E-15i,1.0320577868009262-5.787741290644484E-16i
12,2.0971744017605616+4.847323962246667E-16i,1.0493131226939811+2.4253398473986956E-16i
12,2.122371720653836-7.001218473543827E-16i,1.0619205040110629-3.5030326581183505E-16i
12,2.1740734208977304+6.994696875686434E-16i,1.0877892503041537+3.499769601785529E-16i
12,2.212986286737407-3.7582781626234975E-16i,1.1072591526322222-1.8804399822277205E-16i
12,2.241432051851393-1.4832147794123466E-15i,1.121491881485921-7.421207938188091E-16i
12,2.3281295952752115+3.9270826714846286E-16i,1.1648706629280237+1.964900667123168E-16i
12,2.3402008354385537,1.170910461382531
12,2.458739241052199,1.2302206954046517
13,3.047767982281717E-11-1.4081021379984883E-5i,1.5249389540755475E-11-7.045384734120738E-6i
13,4.2146947817590245E-10+1.0806401972158067E-5i,2.108806277120733E-10+5.406941544285646E-6i
13,9.398080997559793E-9-9.22820101696895E-6i,4.7022935768249674E-9-4.617294783797871E-6i
13,2.6669957223172012E-8+7.30700444567293E-6i,1.3344210225181187E-8+3.656031489794648E-6i
13,3.639180144555755E-8+3.0146971592170256E-6i,1.8208497482727306E-8+1.5083920953159997E-6i
13,6.478531760483636E-7+1.776984449521634E-8i,3.241508377347323E-7+8.891073151288052E-9i
13,4.887977053035917E-6+3.817293152856877E-8i,2.4456804645678827E-6+1.909967904958208E-8i
13,7.896085015554201E-6+1.639981827949548E-8i,3.950775680731535E-6+8.205585818721037E-9i
13,9.53519765219785E-6+6.314066381006236E-9i,4.770899366086379E-6+3.159218759102123E-9i
13,1.1668021436207526E-5+9.508050686746944E-10i,5.838049519681809E-6+4.757316486634369E-10i
13,0.19977308325840604-4.1607069483416206E-14i,0.09995569164305296-2.0817936729123554E-14i
13,0.23129580045844794+4.24591092872783E-15i,0.11572796160458176+2.124425155849566E-15i
13,0.8109183375100417+7.115338282051843E-16i,0.4057398622966901+3.560132064122095E-16i
13,0.9386473228291219+4.0531272153942377E-16i,0.4696485674244957+2.0279665684889767E-16i
13,1.0300902929150064,0.5154017047928903
13,1.1117906994880957+5.967444317338779E-16i,0.5562801880867008+2.985787746537696E-16i
13,1.1276702818215063-4.227676338628297E-16i,0.5642254758564538-2.115301549027776E-16i
13,1.2634665360492132,0.6321706078655986
13,1.4430987608621362-6.905483066620389E-16i,0.7220488986728292-3.4551318165350855E-16i
13,1.54151446019678-8.820658884151948E-16i,0.77129081422561-4.413382649615529E-16i
13,1.6143423780559303+4.321510842057111E-16i,0.8077299820143893+2.1622512808796767E-16i
13,1.6594263547354564,0.8302875758479503
13,1.6826109813039725+7.176876141745589E-16i,0.8418879143237014+3.5909222948558575E-16i
13,1.6845398390513826+2.15468601763822E-16i,0.8428530108576225+1.0780888378644034E-16i
13,1.695058062200389-2.419564277907042E-16i,0.8481157632393086-1.210619653700749E-16i
13,1.8154280612982712-6.837818957752983E-16i,0.9083424279964396-3.421276340657467E-16i
13,1.8294625496782866,0.9153645301235128
13,1.8778991593558068+6.100340412492547E-16i,0.9395996009458352+3.0522817951406963E-16i
13,2.0321237062218027+1.0684438384195653E-15i,1.0167652580948865+5.345917533486942E-16i
13,2.0547818915999594+2.899955524166619E-15i,1.0281021937516315+1.4509815608002813E-15i
13,2.073039819927679+1.1373930439085815E-15i,1.0372374777658744+5.690902223640571E-16i
13,2.074724896941258-7.5297902897290935E-16i,1.038080599549935-3.767501527537974E-16i
13,2.1054478823762834+1.3091288426764597E-15i,1.0534527268075653+6.550175668577657E-16i
13,2.123074321787674-5.099493124162253E-16i,1.0622720477783036-2.551511714895569E-16i
13,2.1753141086537466+1.4758125750559529E-15i,1.0884100236372922+7.384171294208906E-16i
13,2.204836340465996-1.042247746665285E-15i,1.103181358451317-5.214846398830778E-16i
13,2.2489552583720234+7.976856591112561E-16i,1.1252560888499852+3.9911894270098155E-16i
13,2.3279990038359,1.164805322005082
13,2.3405957999053135-2.9037657359331267E-16i,1.1711080803300162-1.4528879855608942E-16i
13,2.4663238950530726-5.724710604436322E-16i,1.2340156477784403-2.8643368695601023E-16i
14,1.150542970791785E-11-1.0806319669018259E-5i,5.756697375581334E-12-5.406900364227104E-6i
14,1.9531229316332285E-11-1.4080794014564516E-5i,9.772375252515E-12-7.04527097270965E-6i
14,9.182572138535793E-9-9.228001636113219E-6i,4.594464550473677E-9-4.617195024355758E-6i
14,2.5678591902603748E-8+7.300255247013132E-6i,1.284818441093192E-8+3.652654554278246E-6i
14,3.620871829445218E-8+3.0088484585295075E-6i,1.8116892534260573E-8+1.5054657204866244E-6i
14,6.577999552993778E-7+4.740041585263505E-9i,3.291276703662327E-7+2.3716615238850525E-9i
14,4.8787937526939995E-6+4.473443575586958E-8i,2.4410856356636557E-6+2.2382702380659747E-8i
14,7.899447538649284E-6+1.6137708388281165E-8i,3.952458106192226E-6+8.074440145662952E-9i
14,9.533281367805147E-6+4.492387692193209E-9i,4.7699405605819875E-6+2.2477488537386135E-9i
14,1.1668305976727852E-5+9.291649508139857E-10i,5.838191888433624E-6+4.6490409916215386E-10i
14,0.21482061750931813-1.595453717723921E-14i,0.107484667364106-7.982791136746613E-15i
14,0.24851209988899922-2.2836105586256772E-15i,0.1243420706179002-1.1425957346593808E-15i
14,0.8011076862898039+4.784987696002231E-15i,0.4008311408003152+2.394150137026912E-15i
14,0.9384086568840982-5.615499359163958E-16i,0.469529151839486-2.809693444237992E-16i
14,1.0306240825243524,0.5156687843649919
14,1.0979020510691282+4.627344255536737E-16i,0.5493310564216035+2.315273849652717E-16i
14,1.1372854645631854+2.2788163832894976E-15i,0.5690363954535433+1.1401969875220297E-15i
14,1.2678506253231732,0.6343641700235032
14,1.447011723396979,0.724006734384048
14,1.5335031144797826-9.856165386403013E-15i,0.7672823682974953-4.931494333858298E-15i
14,1.6227438191454129+5.792934238877412E-16i,0.8119336106574498+2.8984723019003094E-16i
14,1.6541903587726408-1.9640254998551258E-16i,0.8276677654642536-9.826925832079099E-17i
14,1.671525238551017+7.618932478692041E-16i,0.8363412056972178+3.8121034779460866E-16i
14,1.6783592307898931+6.822267616839466E-16i,0.8397605673538456+3.413495287216064E-16i
14,1.695093457835171,0.8481334733086436
14,1.8228085785860142,0.9120352413532101
14,1.8240287446177885+1.0833869174878709E-15i,0.9126457467207806+5.420684653220349E-16i
14,1.872521139236718+8.558023490487158E-16i,0.9369087293233631+4.2819740434333193E-16i
14,2.0242839043693475+7.530436596507236E-16i,1.012842643477716+3.7678249046414813E-16i
14,2.068231171374659+5.800846817172184E-16i,1.0348314890103032+2.9024313299296794E-16i
14,2.0833973848395466+3.5092821923084596E-16i,1.0424198454182991+1.755855808908538E-16i
14,2.0878711167992465+7.17573528008372E-16i,1.044658259948244+3.590351469123876E-16i
14,2.1138427040696217+1.218122375936813E-15i,1.0576530434612976+6.094828322549794E-16i
14,2.1242088013052354+1.2729418830504243E-15i,1.0628396802289979+6.3691156118932E-16i
14,2.1769617000990578+6.460575566512095E-16i,1.0892343896618593+3.2325240649543434E-16i
14,2.196620128194444-2.006004386144528E-15i,1.0990704083328426-1.0036965570417359E-15i
14,2.256512144330437-4.0594644706815616E-16i,1.129037147590836-2.0311373897279104E-16i
14,2.3278465876876346-6.707073916408832E-16i,1.1647290611731973-3.355858563531057E-16i
14,2.3409284782119197+7.26856601296836E-16i,1.171274534637519+3.6367989682557455E-16i
14,2.4740383842783253+3.409278056990161E-15i,1.2378755627059461+1.7058191255382553E-15i
15,2.22298451078781E-11-1.4080604540596569E-5i,1.1122617254706635E-11-7.045176170140629E-6i
15,1.5888375528593377E-10+1.0805990484205321E-5i,7.949687411045565E-11+5.4067356578756825E-6i
15,1.2909851325764003E-8-9.232335335485189E-6i,6.4593943149316995E-9-4.619363374120566E-6i
15,2.4503659392048352E-8+7.297213225033755E-6i,1.2260311461228463E-8+3.6511324903145605E-6i
15,4.649510358573334E-8+3.031916023545555E-6i,2.3263645738079243E-8+1.517007487666128E-6i
15,6.499709985474925E-7+9.998318149686308E-9i,3.252104820533006E-7+5.002619920655061E-9i
15,4.867539915676986E-6+4.197348198114796E-8i,2.4354548217205245E-6+2.1001269809036333E-8i
15,7.901236615643163E-6+2.0661850419214034E-8i,3.953353263965281E-6+1.0338077160307031E-8i
15,9.5348375279028E-6+7.043072168801913E-9i,4.770719179284424E-6+3.5239739931025448E-9i
15,1.1667955369911336E-5+8.067477317750958E-10i,5.838016463665341E-6+4.036531158040819E-10i
15,0.22979063170318992-6.071902372443551E-16i,0.1149748562236295-3.0380529314934687E-16i
15,0.26557643702631734+4.363872301095536E-16i,0.1328801458839488+2.183446673512815E-16i
15,0.7909781016689738+9.27775116666167E-17i,0.3957628422071447+4.642087010071649E-17i
15,0.9384169710565371+3.0427232764169543E-16i,0.4695333118035963+1.5224148549545668E-16i
15,1.03117493540662,0.5159444014798831
15,1.0838805513585845+5.455527714351899E-16i,0.5423154531252007+2.7296522487993497E-16i
15,1.1469124196761886-1.4216785352039927E-15i,0.5738532053112166-7.113313713869309E-16i
15,1.2725410837416384,0.6367110228011331
15,1.4506632652887035-6.626362794597654E-16i,0.7258337692848348-3.315475065051997E-16i
15,1.5253291316582875-2.4168855514899722E-15i,0.7631925475214694-1.2092793632703589E-15i
15,1.6314356753884995+2.250625685505836E-15i,0.8162825474024263+1.1260918806232123E-15i
15,1.6478889876912184-2.203736520081646E-16i,0.82451489874933-1.1026310675642378E-16i
15,1.6585608550251814,0.829854526406322
15,1.6754528509903779,0.8383063714316545
15,1.6951308062946697,0.848152160466293
15,1.8164263792646398+3.998397329774339E-16i,0.9088419325401973+2.0005826813233267E-16i
15,1.8326947059545642+1.1648804248408085E-15i,0.9169817270492662+5.828434273890947E-16i
15,1.8672762041345008+2.728998246308154E-15i,0.9342844462757467+1.3654437462406846E-15i
15,2.016277525674392-7.189381612533674E-16i,1.0088366827799211-3.5971793589285396E-16i
15,2.0817874639441576-8.938511314939102E-16i,1.0416143277080827-4.472349658779159E-16i
15,2.0931774155633187,1.047313246067377
15,2.1004974950551376-3.298228602154923E-16i,1.0509758196060777-1.650255959151709E-16i
15,2.122336064312331+2.0818891606729206E-15i,1.0619026634981243+1.0416652112740542E-15i
15,2.126134951208428+1.1942527926572057E-15i,1.0638034219035095+5.975397783308507E-16i
15,2.1791953479906967-1.2029089813136185E-15i,1.090351986768808-6.01870868936412E-16i
15,2.1883739124460564,1.0949444460904634
15,2.264096705123526-1.97201931525693E-15i,1.1328320533284695-9.866922579104359E-16i
15,2.3276685165053075,1.1646399639439766
15,2.3412099211938333,1.1714153535479368
15,2.474853469488473+9.75935206961039E-16i,1.2382833874468948+4.883054164229703E-16i
16,1.7781741819764563E-11-1.4080764541000684E-5i,8.897025931735361E-12-7.0452562257256735E-6i
16,3.5955403183474856E-10+1.0806133137505999E-5i,1.7990147295570819E-10+5.406807033904434E-6i
16,1.0306643381815567E-8-9.228670968796745E-6i,5.156889261277997E-9-4.617529922382209E-6i
16,2.580322098110351E-8+7.30610876560178E-6i,1.2910542089639647E-8+3.655583339725868E-6i
16,3.611946671743271E-8+3.0365424038792E-6i,1.8072235851960313E-8+1.5193222792211802E-6i
16,6.555157949549008E-7+2.4080675468996146E-8i,3.279847995483433E-7+1.2048673086864052E-8i
16,4.851174970046009E-6+4.292432600554476E-8i,2.427266684296979E-6+2.147702094904507E-8i
16,7.890447265964683E-6+2.089149257781493E-8i,3.9479548544703625E-6+1.0452977728586618E-8i
16,9.532412981155761E-6+8.013468788116787E-9i,4.76950606667151E-6+4.0095081985602115E-9i
16,1.1667980772831432E-5+7.611269359474208E-10i,5.838029173918427E-6+3.808269265803648E-10i
16,0.24467462538598003-3.363335661502618E-14i,0.12242200505223184-1.6828320251651982E-14i
16,0.28246778642961196-6.480093672774999E-16i,0.14133166740452752-3.2422898741376935E-16i
16,0.7805813770339538-4.702793309066469E-15i,0.3905608811382876-2.3530244925640205E-15i
16,0.9386255361366749,0.4696376665369655
16,1.031738519546438,0.5162263886303827
16,1.0697760427954552+4.515371150121574E-16i,0.5352583166695883+2.259248538261213E-16i
16,1.1565415570121111-1.7604011455462203E-15i,0.5786711070357101-8.80809922949873E-16i
16,1.2775341540304035,0.6392092862608323
16,1.4540720384820185-6.518501898679541E-16i,0.7275393358037805-3.2615072818207157E-16i
16,1.517021410942103+2.4239153353846476E-15i,0.7590358115056898+1.2127966885267578E-15i
16,1.6403504500187238+2.861009479353199E-16i,0.8207430205025658+1.431495057500679E-16i
16,1.6409482461251426+8.314599590911635E-16i,0.8210421254785915+4.160177834216047E-16i
16,1.6456626764101725,0.8234009724871927
16,1.6734871427134055-3.97036069391002E-16i,0.8373228368774067-1.9865546587116046E-16i
16,1.6951699228181245,0.8481717322679233
16,1.810334948183179-1.159573253188865E-15i,0.9057941084944733-5.801880045238821E-16i
16,1.841414353383895-1.1744955309629139E-15i,0.9213445690070836-5.876543086498763E-16i
16,1.8621848225839865,0.9317369931554381
16,2.0081614348130756-8.713464883848174E-16i,1.0047758280228696-4.3597485450325303E-16i
16,2.095365812591673,1.0484082020794232
16,2.1016229581208807,1.051538940709883
16,2.1123204851735333,1.0568914071081466
16,2.12954373437506+1.1201527618256113E-15i,1.0655089934125659+5.604641137231065E-16i
16,2.1309084307393795+3.550872030765667E-15i,1.0661918139745428+1.7766651241601615E-15i
16,2.180152564204786-6.391781437055313E-16i,1.0908309262093507-3.1981031876335493E-16i
16,2.1822775057056085-3.3894851511178626E-16i,1.091894132492957-1.695915821430302E-16i
16,2.271704536908679,1.1366386026172208
16,2.327460061010772-7.80117941798139E-16i,1.1645356640413407-3.903290031056113E-16i
16,2.3414490599235576-4.835311126682435E-16i,1.1715350056889478-2.4193292714600753E-16i
16,2.4691339122757077+2.7329176951517227E-15i,1.2354216290569795+1.3674048273514551E-15i
17,1.936875635222433E-11-1.4080819277567919E-5i,9.69108253161475E-12-7.04528361295596E-6i
17,3.8891499529468896E-10+1.0806341621385682E-5i,1.9459211777169972E-10+5.40691134800947E-6i
17,1.1204443559972917E-8-9.222348392086941E-6i,5.606100117421691E-9-4.6143664455129195E-6i
17,2.5724188558911318E-8+7.2967218058717665E-6i,1.2870998522039863E-8+3.6508866106323626E-6i
17,3.200669248722829E-8+3.021993693924502E-6i,1.601442512968169E-8+1.5120428883126714E-6i
17,6.804665642124126E-7+1.5443814618126118E-8i,3.404688207061629E-7+7.727253074254847E-9i
17,4.874636461807882E-6+3.758891137330579E-8i,2.439005551204301E-6+1.8807466817580408E-8i
17,7.913740939740088E-6+2.2778115416932785E-8i,3.9596097542954635E-6+1.1396942189052393E-8i
17,9.53585160266383E-6+7.814573223526587E-9i,4.771226567679613E-6+3.909991569998028E-9i
17,1.166789946839404E-5+6.786284941465245E-10i,5.8379884935567864E-6+3.3954914943850475E-10i
17,0.2594630815308838-4.782194082852504E-14i,0.12982135204226042-2.392752363462978E-14i
17,0.2991621294423916-3.436831057272094E-15i,0.1496846175375057-1.7196051629518112E-15i
17,0.7699610735022163+6.937155644303262E-15i,0.3852470532308469+3.4709790686111564E-15i
17,0.9389948686039642+2.8375353955723636E-16i,0.46982246061238353+1.419749890225239E-16i
17,1.0323103717506614,0.516512512675016
17,1.0556363840133278+4.56320354287521E-16i,0.528183592937482+2.283181291476256E-16i
17,1.166164640784399+2.8672753696338754E-15i,0.5834859798829891+1.4346301715338059E-15i
17,1.2828258712200062,0.6418569765454237
17,1.4572572134918482-7.351199218742496E-16i,0.7291330258340829-3.678144174031804E-16i
17,1.508604011272752-2.3321584904242536E-15i,0.7548241980487473-1.1668865050755815E-15i
17,1.6328441574230634-2.721493000315353E-16i,0.8169872759556196-1.3616885253574419E-16i
17,1.6337390148707387+1.51534628904901E-15i,0.8174350144279173+7.581976707277656E-16i
17,1.6494204057489206,0.8252811378675112
17,1.672110708979826,0.8366341435679941
17,1.6952105953466086,0.8481920826106683
17,1.8045580844056486+2.0091277087071895E-15i,0.9029036769859211+1.0052592994386752E-15i
17,1.8501785386215233-2.7109512660252354E-15i,0.9257296952854913-1.3564140092669886E-15i
17,1.8572648052143546-3.1163805082745067E-15i,0.9292752814420473-1.5592689668036145E-15i
17,1.9999586266758043+4.77250407181247E-15i,1.00067158461128+2.387904003815434E-15i
17,2.1078335520250704+8.122118115418344E-16i,1.0546463874143241+4.063870470393059E-16i
17,2.1088251501916826-2.5261886084933143E-15i,1.0551425297321935-1.2639687262379266E-15i
17,2.122969232388697+9.359554819282383E-16i,1.0622194667028766+4.683017152127147E-16i
17,2.1353003004592535+1.601015495806513E-15i,1.0683892690485497+8.010619278853804E-16i
17,2.139542666835487-9.648883682827687E-15i,1.0705119207012306-4.827781733001946E-15i
17,2.1720671761082824+1.852348412887974E-15i,1.0867854334622464+9.26815383505065E-16i
17,2.1865592538197025+2.2991881037406866E-15i,1.094036488646273+1.1503898992719255E-15i
17,2.279332371013918-4.939801363006944E-16i,1.1404551599896742-2.471610558165014E-16i
17,2.3272153494254395-7.483289032930245E-16i,1.164413223543522-3.744234803063447E-16i
17,2.341653086009739-4.4066314351418386E-16i,1.1716370893541983-2.2048410413022323E-16i
17,2.4631829094893822-1.661718818529869E-14i,1.232444067767066-8.31434601264987E-15i
18,1.54446550663589E-11-1.4081004538204718E-5i,7.727673589286342E-12-7.045376307400995E-6i
18,2.430283947646785E-10+1.0806593985730667E-5i,1.2159831991070894E-10+5.407037617536062E-6i
18,1.1383404070810687E-8-9.221930739575406E-6i,5.695642318732391E-9-4.6141574746897435E-6i
18,2.579134958941923E-8+7.294471018412015E-6i,1.2904602284600783E-8+3.6497604378086193E-6i
18,3.410399889211807E-8+3.0202897187845256E-6i,1.7063804299632214E-8+1.511190310923962E-6i
18,6.928274613781127E-7+4.511831206380384E-9i,3.466535479245342E-7+2.2574773410645894E-9i
18,4.874954644465484E-6+3.937911657872156E-8i,2.439164752669737E-6+1.9703189086925706E-8i
18,7.917738187760893E-6+2.1963916082458443E-8i,3.961609761924478E-6+1.0989560692580086E-8i
18,9.537536118467097E-6+7.536833754264257E-9i,4.772069408664257E-6+3.771025697850073E-9i
18,1.1667762275082592E-5+6.892395828159488E-10i,5.837919849412585E-6+3.448583667251306E-10i
18,0.2741451916904962-1.611573038428327E-14i,0.13716748922874647-8.063443536136223E-15i
18,0.31563187879753735-5.185832941465104E-16i,0.15792519310019-2.594711509452868E-16i
18,0.7591545410574333-6.031820524128481E-16i,0.3798400464050867-3.01799813329284E-16i
18,0.9394914355251417,0.4700709159560353
18,1.0328859308751335,0.5168004914628973
18,1.0415090571411867+5.590715739226146E-16i,0.5211150394289705+2.797293055597556E-16i
18,1.1757743016065623,0.588294136608948
18,1.2884120667623082,0.6446520079379257
18,1.4602368019193113+1.183285659830079E-15i,0.7306238514108873+5.920524157232528E-16i
18,1.5000971871839375-4.303448898517734E-16i,0.7505678414284546-2.1532140570983278E-16i
18,1.6201168987913934+1.0530133779865955E-15i,0.8106192411908808+5.268711819894726E-16i
18,1.62650051524146+2.197529884512444E-16i,0.8138132590587684+1.0995256013974394E-16i
18,1.6585762329480747-7.142333125038163E-16i,0.8298622206907259-3.573638829685717E-16i
18,1.6711027102342133+3.934896484066934E-16i,0.8361297952836825+1.9688102781092646E-16i
18,1.695252581927957,0.8482130904346952
18,1.7991263520938379-4.739691246997752E-16i,0.9001859306749993-2.371486233485109E-16i
18,1.85253188348755+6.678450332880537E-16i,0.9269071823118796+3.341536863919641E-16i
18,1.8589798851422765+4.4252832170385813E-16i,0.9301334150685721+2.214173388430563E-16i
18,1.991680928319538+8.620342577681419E-16i,0.9965298701674834+4.313155158333612E-16i
18,2.1116492171761756-7.562155985436359E-16i,1.0565555407548857-3.783695578544053E-16i
18,2.1218229213934623,1.0616459144179649
18,2.1320461184488027-3.0041153606621213E-16i,1.0667610516316604-1.503097533225196E-16i
18,2.1435371858427525+2.6460785330202045E-16i,1.0725105628788463+1.3239551875352067E-16i
18,2.1482233607719685,1.0748552724291525
18,2.164429385311441,1.0829638942975548
18,2.1924187516848663-4.561888444929516E-16i,1.0969682658018365-2.2825232872917283E-16i
18,2.286977723519378+1.8424698275325474E-15i,1.1442804826261062+9.21872671426184E-16i
18,2.3269270476091153,1.1642689728417626
18,2.341827786049221,1.1717244998451
18,2.4570325278674376+1.168107205117496E-15i,1.229366748045795+5.844579344541895E-16i
19,1.8197651138655608E-11-1.4080907697722104E-5i,9.105124555195919E-12-7.045327853639052E-6i
19,2.8654851541187428E-11-1.0806637872627485E-5i,1.4337344441060334E-11-5.4070595761756045E-6i
19,9.679438876118576E-9-9.224320050029254E-6i,4.843069906107466E-9-4.6153529569592715E-6i
19,2.749827931219535E-8+7.293241739971201E-6i,1.3758657987417757E-8+3.6491453730823347E-6i
19,2.9526218654772895E-8+3.0026805117031193E-6i,1.4773329615303177E-8+1.5023796120830625E-6i
19,7.073890081742165E-7+3.8551297239448625E-9i,3.53939361697126E-7+1.928899287358754E-9i
19,4.857373846955967E-6+4.757156720312565E-8i,2.430368268448551E-6+2.3802250156903034E-8i
19,7.912187231512185E-6+1.887624491858626E-8i,3.9588323623766E-6+9.444656335510411E-9i
19,9.538399021667239E-6+5.9695277972512895E-9i,4.772501158952056E-6+2.9868302076755158E-9i
19,1.1667889311065442E-5+7.617358076579396E-10i,5.837983411376601E-6+3.811315731921813E-10i
19,0.28870849198226345-2.4382959288893475E-15i,0.14445418035612995-1.2199919630179692E-15i
19,0.3318451917005972+8.838693791388962E-15i,0.16603746167320052+4.4224063458872735E-15i
19,0.7481948196205239+5.541088106624945E-15i,0.3743563920579969+2.772462061049387E-15i
19,0.9400864686492064-9.670318192424022E-16i,0.47036863848449767-4.838506407201222E-16i
19,1.0274426378433112+5.745702259944047E-16i,0.51407696079031+2.87483996342432E-16i
19,1.0334605727959654,0.5170880113314752
19,1.1853636254076954+9.060075789320653E-16i,0.5930921177848786+4.533173974637141E-16i
19,1.2942883699358638-3.1585659909921624E-16i,0.6475921935647212-1.5803763103634327E-16i
19,1.4630266386178317+5.2397357908150016E-15i,0.7320197354420261+2.6216815922108692E-15i
19,1.49151829399195+6.685233956725295E-15i,0.746275425310374+3.3449310239445525E-15i
19,1.6074911345281584-8.033237322590779E-16i,0.8043019887419041-4.019399308533028E-16i
19,1.619378488779046+2.8277583622258116E-16i,0.8102497805893999+1.4148579893022915E-16i
19,1.6677442649941703,0.8344494101620313
19,1.670335078390044+4.2155308123559674E-16i,0.835745713651364+2.1092245818051735E-16i
19,1.6952956083362742,0.848234618532135
19,1.7940800695867711-2.9144824745262085E-15i,0.8976610426871233-1.458250064379309E-15i
19,1.848000131337506-9.063200619048836E-16i,0.924639737603492-4.534737471138534E-16i
19,1.867812339720142,0.9345526996480388
19,1.983335408576359+2.606003375831926E-15i,0.9923542215543456+1.303903737214059E-15i
19,2.113832864355558-1.7805623035071694E-15i,1.0576481201983194-8.908974805699595E-16i
19,2.1330365591714324,1.0672566148268974
19,2.1392895559051204+1.9896560796136625E-15i,1.0703852776235219+9.955167449277506E-16i
19,2.1534651965275082+5.316988113349348E-15i,1.0774780047306132+2.660334493813057E-15i
19,2.156936292655919+1.9352657923405802E-15i,1.079214754289742+9.683027744850305E-16i
19,2.1585288350043244+1.7396038107085113E-15i,1.080011576711008+8.704040566833628E-16i
19,2.200097528117199-1.8027034497839606E-15i,1.1008103119711563-9.019757177066611E-16i
19,2.2946386050784158-3.4825226284371403E-15i,1.1481135751645972-1.7424667643425875E-15i
19,2.326585938157564-3.400462435864259E-16i,1.1640983000434075-1.7014082635115486E-16i
19,2.34197781999491,1.171799568751114
19,2.4507164922256925+1.80679855003618E-15i,1.226206543974678+9.04024685322227E-16i
20,2.0628298900698894E-11-1.408086559295863E-5i,1.032128978743299E-11-7.045306786683053E-6i
20,1.4212959976013606E-10+1.0806462314088436E-5i,7.111399701729791E-11+5.4069717361377555E-6i
20,7.3664835363625155E-9-9.222955229593257E-6i,3.685791623398268E-9-4.6146700743185095E-6i
20,2.7532620189397706E-8+7.2968746573034955E-6i,1.3775840312866226E-8+3.6509630892566494E-6i
20,3.4038555716645796E-8+3.005175588510816E-6i,1.703106005921226E-8+1.5036280141397766E-6i
20,6.984775511310167E-7+7.4457027787861745E-9i,3.494805485388578E-7+3.725428665780265E-9i
20,4.8613151758076095E-6+4.636236365671013E-8i,2.432340297136966E-6+2.3197229826597304E-8i
20,7.910156173744056E-6+1.881238604325128E-8i,3.957816130456518E-6+9.412704793553186E-9i
20,9.5377474558362E-6+7.522729300440343E-9i,4.7721751505017185E-6+3.7639685887830146E-9i
20,1.1668036663495217E-5+7.248663824447008E-10i,5.83805713859647E-6+3.626840984995864E-10i
20,0.3031383753825127+3.235446414699839E-15i,0.1516741168564584+1.618843133822185E-15i
20,0.3477651529258168-8.73171035879758E-15i,0.17400295286572057-4.3688775980469695E-15i
20,0.737112401617081-9.881403577461762E-15i,0.3688113469571077-4.944122165405724E-15i
20,0.9407549742652125+1.532615375823026E-16i,0.4707031226909046+7.668381916847751E-17i
20,1.0134882115498163+3.157601772403497E-16i,0.5070949174194117+1.5798938673117803E-16i
20,1.0340296469255805,0.5173727453771938
20,1.1949257724729245-3.2506080928463657E-15i,0.5978765011858259-1.626429221001133E-15i
20,1.3004502051513198-5.464788813407933E-16i,0.6506752440473268-2.7342860039901E-16i
20,1.4656398470334413-4.797695249762544E-16i,0.7333272441931017-2.400508312535272E-16i
20,1.4828825935893357-4.139011758832548E-15i,0.7419545859235736-2.0709385685242356E-15i
20,1.5949760908103983+2.2155803383789732E-15i,0.7980401348907841+1.1085570763652967E-15i
20,1.6124654367816114-8.90434299338773E-16i,0.8067908616875268-4.455253670885075E-16i
20,1.669732481600301,0.8354442066719542
20,1.6768417401950906+1.359278069261564E-15i,0.8390012967880051+6.80109538943887E-16i
20,1.695339366102994,0.8482565125619308
20,1.7894739362889296+3.4983806338522385E-16i,0.8953563816583385+1.7504012561844894E-16i
20,1.8436822727353381-1.947280987713043E-15i,0.9224793137067533-9.743145311445976E-16i
20,1.8766708596310058-3.2732799355280156E-15i,0.9389850259163318-1.637772990037002E-15i
20,1.9749267771396137-3.0730712572962536E-15i,0.9881469952487666-1.5375993501292086E-15i
20,2.1151359895031634-3.4811665243800066E-15i,1.058300133839506-1.741788242908369E-15i
20,2.1371226949347157+1.3376027183317219E-15i,1.069301097095002+6.69264360712364E-16i
20,2.144734223233727-2.9466590002003437E-15i,1.0731094959202043-1.4743494648889782E-15i
20,2.1596728290167264-2.1826083477420435E-15i,1.0805839697024966-1.0920596680297624E-15i
20,2.1643048263349898-6.7097928089221715E-15i,1.0829015716941368-3.357218950912786E-15i
20,2.165667992249422-2.0520870431397787E-15i,1.0835836265014156-1.0267538367191571E-15i
20,2.2095393175434093+2.671545056945416E-16i,1.1055344748916642+1.3366972645516397E-16i
20,2.302313246901685-2.4869194894992996E-15i,1.1519535525982203-1.244320574018226E-15i
20,2.3261803668304775-3.9221563013936203E-16i,1.1638953739942703-1.9624357768501402E-16i
20,2.3421069459108854-4.243322316069406E-16i,1.1718641764051074-2.1231299534907277E-16i
20,2.444270466393085-1.3621847354916356E-15i,1.2229812998129617-6.815638781805022E-16i
21,3.219373261530159E-11-1.408081085659523E-5i,1.610800993631147E-11-7.045279399554756E-6i
21,1.0745970643318808E-10+1.0806440368558062E-5i,5.3767049619968135E-11+5.406960755776282E-6i
21,8.129324043252841E-9-9.221554410680442E-6i,4.067475928590325E-9-4.613969179978725E-6i
21,2.482732820899397E-8+2.984019911731309E-6i,1.2422257905330946E-8+1.4930428528648854E-6i
21,2.854431244156363E-8+7.2914327528165165E-6i,1.4282036628935288E-8+3.6482402533371186E-6i
21,7.132325312140203E-7+4.010291389500837E-9i,3.568631459104386E-7+2.0065338282296796E-9i
21,4.867896391787449E-6+5.458304088627585E-8i,2.435633183167394E-6+2.731041396959151E-8i
21,7.927117431313623E-6+2.0068964546346916E-8i,3.966302630258442E-6+1.0041429000699002E-8i
21,9.541941635245188E-6+6.515364308483891E-9i,4.774273691991204E-6+3.259937400668644E-9i
21,1.1667965524725274E-5+6.883291973359028E-10i,5.838021544587327E-6+3.4440285886173097E-10i
21,0.3174174304238039-6.1686608083816E-15i,0.1588185869691578-3.086465641698164E-15i
21,0.36334881031923516-4.3390202432908206E-13i,0.18180017573319096-2.171012042249652E-13i
21,0.7259369174623448+2.0776509022274167E-14i,0.36321973656639395+1.0395446150086688E-14i
21,0.9414749494776248+5.632311485165015E-16i,0.4710633595113447+2.818105326634842E-16i
21,0.9997008005687064+6.915426236359385E-16i,0.5001964395158532+3.46010684316117E-16i
21,1.0345885140307427,0.517652372377598
21,1.204453584024973+2.5782429957737823E-15i,0.6026437049451924+1.290013938129382E-15i
21,1.3068927830318038-2.5447434333652358E-14i,0.6538987630394976-1.2732525612928707E-14i
21,1.4680866411879832-7.117032026785764E-15i,0.7345514882105455-3.560979522766595E-15i
21,1.4742040048621499-8.548595176271046E-15i,0.7376122875290027-4.277256622782207E-15i
21,1.582580259178614-2.905413037804335E-14i,0.7918379283470569-1.453712206698176E-14i
21,1.6058244178028391-2.1497322677837342E-15i,0.8034680534572548-1.075610248232329E-15i
21,1.6692486156136435+2.809460094583739E-16i,0.8352021061918993+1.4057025216677094E-16i
21,1.685769294441748+1.743866795431053E-13i,0.8434681641199332+8.7253702464609E-14i
21,1.6953835111984765,0.8482786003901788
21,1.785384209903848-9.123786884131082E-14i,0.8933101028364668-4.565051575178927E-14i
21,1.8395899055792693-1.999837761326572E-15i,0.9204317135853042-1.000611110099994E-15i
21,1.885551186353878+1.4304053753891241E-15i,0.9434282631389004+7.156978122123693E-16i
21,1.966458492819807+9.088843325909035E-14i,0.9839099218532411+4.547567700606915E-14i
21,2.1159751472981805-1.587319232797782E-13i,1.0587200032054411-7.942090555182255E-14i
21,2.132324631116639+7.124489759941993E-16i,1.0669004043707324+3.564710970785325E-16i
21,2.148681598912262-9.322111362575889E-14i,1.075084550115131-4.664282462991058E-14i
21,2.1695775824546475+6.797724706991224E-16i,1.0855397748805178+3.401215336940476E-16i
21,2.174405350174367-6.261644133534389E-15i,1.0879553298374005-3.1329894897828228E-15i
21,2.1756079698624027-2.109779617458823E-13i,1.0885570559595612-1.0556200937477336E-13i
21,2.2204184851367437-1.712101616358577E-15i,1.1109778244338337-8.566434398219136E-16i
21,2.309999800236877+2.654496776834066E-13i,1.1557994899108888+1.3281672233565992E-13i
21,2.325695517779561+3.0291268196774064E-16i,1.1636527816418054+1.5156119202692248E-16i
21,2.3422181982010004+5.134963198635614E-16i,1.1719198410593439+2.5692590298430455E-16i
21,2.437732664484304+1.038878135594036E-15i,1.2197101358455307+5.197986679808516E-16i
22,2.6921453406700206E-11-1.4080874013932697E-5i,1.3470045370537743E-11-7.045311000084947E-6i
22,9.720513475456525E-11-1.0806330642142454E-5i,4.863621423453149E-11-5.406905854587469E-6i
22,7.211441117702679E-9-9.224632721616449E-6i,3.608216747251867E-9-4.615509400981886E-6i
22,3.1270794837684784E-8+7.2894596849270514E-6i,1.5646221579239055E-8+3.6472530364291477E-6i
22,3.2779007541395115E-8+2.994509059570776E-6i,1.6400849988058296E-8+1.4982910575275924E-6i
22,7.156461116975032E-7+5.1123222983162175E-9i,3.5807077159567996E-7+2.5579307426987794E-9i
22,4.8616764856774626E-6+4.715741099849996E-8i,2.4325210771367015E-6+2.3595028697403035E-8i
22,7.918378477994231E-6+1.7496966425067835E-8i,3.961930128672998E-6+8.754539661435295E-9i
22,9.543333148856714E-6+6.2597047621426405E-9i,4.7749699304593815E-6+3.13201913278751E-9i
22,1.1667990936805699E-5+7.852073441395317E-10i,5.8380342594237466E-6+3.928754659362703E-10i
22,0.33152453335865406-1.7147834759378712E-14i,0.16587702150865352-8.579852979179371E-15i
22,0.378546049618257-7.481004820149228E-15i,0.18940405579762298-3.743091906009137E-15i
22,0.7146988523651981-7.423377493787956E-15i,0.3575968140425324-3.714258295544557E-15i
22,0.9422267842875933-1.2601547934579139E-15i,0.4714395371585332-6.305135902341047E-16i
22,0.986140849375192-1.8063038076549933E-16i,0.49341177023965954-9.03777142880122E-17i
22,1.0351325850648723,0.5179245962209325
22,1.2139391293705442-1.3064152111507535E-15i,0.607389760971177-6.536598117909057E-16i
22,1.3136110818992937,0.6572602379640052
22,1.4654958537674867+8.456310118032588E-15i,0.7332551977178925+4.2310821498547775E-15i
22,1.4703743521226718-3.969794643751117E-16i,0.7356961355525521-1.9862714376979674E-16i
22,1.5703116144258331-9.385727921629437E-16i,0.7856993592676536-4.696112762931533E-16i
22,1.5995016650267666+1.7349838256321588E-15i,0.8003044884938866+8.680924649706291E-16i
22,1.6688536012790247+1.9957420042816667E-16i,0.8350044622932231+9.98561813860741E-17i
22,1.6943996321677115-9.477844184540125E-16i,0.8477863203121564-4.74220277976779E-16i
22,1.695427663640392-4.265324790095022E-16i,0.8483006918941863-2.1341388065014407E-16i
22,1.7819195592745205-5.2553617753813645E-15i,0.8915765782579428-2.629499993316058E-15i
22,1.8357336635035189-1.7186860501960943E-15i,0.9185022577370101-8.599379358950188E-16i
22,1.8944496764828938-2.4021075632986246E-15i,0.9478805883516724-1.201885253880515E-15i
22,1.9579333795812137-1.6423498339887775E-15i,0.9796444143274013-8.217434045599527E-16i
22,2.1165547210671662-7.678905150563737E-16i,1.0590099907052195-3.842110572990334E-16i
22,2.124807367745929+4.131283713290464E-15i,1.0631391706388067+2.067071870745893E-15i
22,2.1515185346312764-1.8962448795598844E-15i,1.0765039999595036-9.487788112867824E-16i
22,2.1820317050485243-1.5552624897566337E-15i,1.091771147082288-7.781695877869451E-16i
22,2.1831352520907905-1.5059335286326443E-15i,1.0923233025882813-7.5348803236036255E-16i
22,2.1871335699650962+1.3348266034581584E-15i,1.0943238455143671+6.678753423434146E-16i
22,2.2323201899174623-3.560396136960541E-16i,1.1169327965135778-1.781430473958358E-16i
22,2.317695959518765-1.9406127292558278E-15i,1.1596502335219345-9.709780937463547E-16i
22,2.325112475005178-9.45724234259722E-16i,1.1633610584385572-4.731894727617141E-16i
22,2.342314027308735-7.292870174546885E-16i,1.1719677887837665-3.648959461755481E-16i
22,2.43114482513164-6.157925410578385E-15i,1.2164139358360577-3.081094226815932E-15i
23,2.5798700945182757E-11-1.4080789804069597E-5i,1.2908280507101396E-11-7.04526886600476E-6i
23,1.7401666281303415E-10-1.0806292238631689E-5i,8.706856602094746E-11-5.406886639538988E-6i
23,7.833413466010873E-9-9.222248482365512E-6i,3.919418212654405E-9-4.614316456069173E-6i
23,3.242970875062706E-8+7.290619582664084E-6i,1.622607968541376E-8+3.6478333867879107E-6i
23,3.9276938992815346E-8+2.9972390135060736E-6i,1.96520649259372E-8+1.4996569794491328E-6i
23,7.12486712182996E-7+4.463664458959228E-9i,3.564899782350408E-7+2.2333772947813253E-9i
23,4.856106610675597E-6+5.365070873069276E-8i,2.4297342116636553E-6+2.684392517173969E-8i
23,7.918296239798842E-6+1.755231243808963E-8i,3.961888981109145E-6+8.782231825569956E-9i
23,9.54178576629041E-6+5.6790468539689945E-9i,4.7741957035609E-6+2.8414891881481194E-9i
23,1.1667660655609472E-5+7.946467541073095E-10i,5.837869004501176E-6+3.9759843830392967E-10i
23,0.34543358610745134+3.378291341563395E-14i,0.17283636240147743+1.6903150419965177E-14i
23,0.3932983065358614-5.789303686658445E-15i,0.19678529064390005-2.896655769101325E-15i
23,0.7034314421608735-7.970041369405994E-15i,0.3519592088074845-3.987779457116626E-15i
23,0.9429928194355097-1.9903081642563378E-15i,0.4718228198900402-9.958430129634904E-16i
23,0.9728757950791613+8.153811189657559E-16i,0.48677465148864485+4.0797279778420365E-16i
23,1.0356573606819013,0.5181871656767468
23,1.2233731321541546+6.91991109058386E-15i,0.6121100278750947+3.462350822673394E-15i
23,1.3205998141289568+2.1606269016513182E-16i,0.6607570231781598+1.0810613362651628E-16i
23,1.4567716941286344-5.823015523384555E-15i,0.7288900980934455-2.9135233565738444E-15i
23,1.472507598372784-9.606973840153017E-16i,0.7367634970854323-4.806812304874436E-16i
23,1.5581778009854916+6.296612556022215E-16i,0.7796282525153575+3.15048580509431E-16i
23,1.59353325559935+3.984593424107045E-16i,0.7973182178582441+1.9936759503671592E-16i
23,1.6685272803605977,0.8348411888803742
23,1.6954714083314186-3.110046165940499E-16i,0.8483225793816094-1.5560996030496363E-16i
23,1.7025619444410305+1.623646287692685E-15i,0.8518703017744181+8.123851573140733E-16i
23,1.7792360706730732+3.265865422699714E-15i,0.8902339050869684+1.6340631671426405E-15i
23,1.8321233310678908+5.591103309630653E-15i,0.9166958418286281+2.797486974954513E-15i
23,1.9033631713354582,0.952340421119996
23,1.9493540403475569-6.928059290249497E-15i,0.9753517750340921-3.4664277429468375E-15i
23,2.116580399817709-1.8444405668998365E-15i,1.0590228389690053-9.228587232670659E-16i
23,2.1169778837044553-1.2261995771352112E-15i,1.059221718498563-6.135242287191951E-16i
23,2.1535777793530837-4.3679644996260535E-16i,1.0775343351131352-2.18549418926312E-16i
23,2.1918442081582574+2.282586950490427E-14i,1.0966807951644286+1.1420835762771724E-14i
23,2.1949716247662283+8.160498545092798E-15i,1.0982455860011469+4.083073970339573E-15i
23,2.198734950098168-4.429819094497063E-16i,1.100128551315074-2.216442897221115E-16i
23,2.244878233007408+6.609862327759371E-16i,1.1232161649347137+3.3072191201151083E-16i
23,2.3244070330617035,1.1630080932831723
23,2.3253984424186434+1.4584498867137917E-15i,1.1635041411308502+7.297297752802999E-16i
23,2.3423964082897633-1.2735230275836136E-15i,1.172009007789864-6.372023346149089E-16i
23,2.4245535741634416+2.73419507048909E-14i,1.213116028837911+1.3680439571744113E-14i
24,2.5753798580447095E-11-1.408089506631707E-5i,1.2885813782103431E-11-7.045321533564264E-6i
24,9.937390660460393E-11-1.080625931945769E-5i,4.972135086430556E-11-5.406870168557254E-6i
24,8.06361966459196E-9-9.223174369847752E-6i,4.034600996162464E-9-4.6147797202995765E-6i
24,3.259550095836628E-8+7.289888406259601E-6i,1.630903317706192E-8+3.647467545494223E-6i
24,4.1368484802801217E-8+2.9890866687674083E-6i,2.0698561804447335E-8+1.4955779852043884E-6i
24,7.21572544289417E-7+2.5203293154383347E-9i,3.610360392835918E-7+1.2610370515583488E-9i
24,4.859111759348789E-6+5.2784232179142677E-8i,2.431237826210819E-6+2.641038697134736E-8i
24,7.923788956619562E-6+1.70439434688309E-8i,3.96463724078387E-6+8.527871372683547E-9i
24,9.543991321377283E-6+5.7480818395754076E-9i,4.775299244541343E-6+2.87603057691435E-9i
24,1.1667782605756286E-5+7.774577097250109E-10i,5.837930021786748E-6+3.8899796624887613E-10i
24,0.35911173980244004+2.206200661940007E-15i,0.17968017384335266+1.1038639914383739E-15i
24,0.4075371361978897+3.3841252948529785E-15i,0.2039096341432427+1.6932340380222198E-15i
24,0.6921729448992072-4.7847881167979266E-15i,0.3463260631289166-2.394050278341855E-15i
24,0.9437570300897891-2.0568378534931651E-16i,0.4722051897431935-1.0291308863546353E-16i
24,0.9599817213520321+5.140689775352142E-16i,0.48032315143433263+2.572124300414593E-16i
24,1.0361584710549188,0.5184378943190019
24,1.2327441848261478-8.562092837706627E-16i,0.6167987979334761-4.284010125618283E-16i
24,1.3278533679025977+4.0968456869513E-16i,0.6643863108303734+2.0498409371015427E-16i
24,1.4480462989164977-3.97535706775245E-15i,0.7245243802546716-1.989054575091637E-15i
24,1.4744885459822499-1.041385346610502E-15i,0.737754656580912-5.21053141342119E-16i
24,1.546186309850055+9.432044326032004E-16i,0.7736283561793547+4.719286997222594E-16i
24,1.5879487306629978+2.1310704109213857E-16i,0.7945240223469854+1.0662728601338191E-16i
24,1.668255526001157,0.8347052176348396
24,1.6955142974360982,0.8483440387797038
24,1.7100256252626385+1.3121390956253027E-15i,0.8556047256845792+6.565237353095634E-16i
24,1.7775528777061045-2.3281226114172328E-15i,0.8893917259783621-1.1648671685816222E-15i
24,1.8287679235124588,0.9150169766007548
24,1.9122888927190096-1.0811012084068107E-15i,0.9568063713859386-5.4092481959977E-16i
24,1.9407231988563622+6.2448159254040935E-15i,0.9710333667848786+3.1245695607546404E-15i
24,2.108081036141449+3.7129204312317264E-16i,1.054770215137358+1.8577454162798148E-16i
24,2.1173000989614574-1.6039864692308532E-15i,1.0593829376595543-8.025484429786022E-16i
24,2.155099842967472-1.5144881713112245E-15i,1.0782958937716867-7.577683148275987E-16i
24,2.2005179495468554+1.9883367330369252E-15i,1.1010206682118344+9.948566149570674E-16i
24,2.207896125822126,1.104712310252044
24,2.210304265365436,1.1059172135838566
24,2.2578110087310654+4.296235294775748E-16i,1.1296870293837071+2.1496047582903578E-16i
24,2.323548249539477,1.1625784042603284
24,2.3331022299602555-7.79869123835901E-16i,1.167358701512225-3.9020450799794684E-16i
24,2.342466924644374,1.1720442903758974
24,2.4180121764626117+2.9987027675447303E-15i,1.2098430657297983+1.5003893631363785E-15i
25,2.1058718914334626E-11-1.4080983485989107E-5i,1.053664878103836E-11-7.045365774006116E-6i
25,1.0643669064607562E-10-1.0806396478154232E-5i,5.325518761686574E-11-5.4069387953820196E-6i
25,6.623169507501436E-9-9.226219627192019E-6i,3.31387731617056E-9-4.616303403065605E-6i
25,3.4570173294779725E-8+7.2970183540239245E-6i,1.7297052863874777E-8+3.6510349873564487E-6i
25,4.823028224294397E-8+3.0034162182660146E-6i,2.4131835686278655E-8+1.5027477200240379E-6i
25,7.118069759904759E-7+6.133922004966825E-10i,3.561498748529937E-7+3.069084215404191E-10i
25,4.8418796923684684E-6+5.624761995547075E-8i,2.4226158279647924E-6+2.814327968624418E-8i
25,7.911281375445761E-6+1.9236446028564384E-8i,3.958379120787835E-6+9.624881571519246E-9i
25,9.535794718035563E-6+6.584409713061601E-9i,4.771198105675275E-6+3.2944840025269747E-9i
25,1.1667853741209715E-5+7.434085161523741E-10i,5.837965614136488E-6+3.7196158357945115E-10i
25,0.37251686481913937+6.415320856573288E-15i,0.18638737643917283+3.2098810453930533E-15i
25,0.42118269956360377+6.807851618290213E-16i,0.21073713913957287+3.4062822979473745E-16i
25,0.6809695577712549+4.6462887422593906E-14i,0.3407204915931815+2.32475265051167E-14i
25,0.944504809093925-3.7944030831284046E-16i,0.4725793380835776-1.898514946861207E-16i
25,0.9475450497244085+4.784942766764741E-16i,0.4741005107562154+2.3941276568562344E-16i
25,1.0366317155819527,0.5186746803927033
25,1.2420376056403188-4.551229952376518E-15i,0.6214487251912382-2.2771903516548028E-15i
25,1.3353657074683274-3.8166814495696575E-16i,0.6681450809554692-1.9096618415779112E-16i
25,1.4393369750541958-6.2654197515538856E-15i,0.7201667036537969-3.1348786056955533E-15i
25,1.4763172229216912-1.6164393642913404E-15i,0.7386696280339836-8.087792009887755E-16i
25,1.5343446716782463+2.875323516855498E-16i,0.7677034381956899+1.438657030952809E-16i
25,1.5827731206468778-5.4376428450300564E-15i,0.791934425838797-2.720703623419734E-15i
25,1.6680281234933223+5.104316232311568E-16i,0.8345914376671821+2.5539249384543727E-16i
25,1.6955558545865406,0.8483648317396333
25,1.7164992981997045+1.2956796331293198E-15i,0.8588438029683712+6.482883067371827E-16i
25,1.7771523983436914-3.454480181600251E-15i,0.8891913476741089-1.7284358342331535E-15i
25,1.8256757392798617-2.718736400621841E-15i,0.9134698141471567-1.3603092713335575E-15i
25,1.9212243554561355-2.6632896641953177E-15i,0.9612771957005679-1.332566710631852E-15i
25,1.932044048666701-6.77167647171388E-16i,0.9666907874647238-3.3881822028927823E-16i
25,2.0994449390703376+1.4264494697162128E-15i,1.050449177279005+7.137184900676585E-16i
25,2.1175530993118974+5.278494373411677E-16i,1.0595095254090234+2.6410742995134033E-16i
25,2.1562467896017155+8.89435206438336E-16i,1.0788697640961245+4.450254748094777E-16i
25,2.2091409594734794-3.6118577333326935E-15i,1.105335157967923-1.8071790852053524E-15i
25,2.22059324002771-4.379120379422315E-15i,1.1110652623694641-2.191075990688689E-15i
25,2.2217459512099342,1.1116420169632488
25,2.270904692716675,1.1362384036609126
25,2.322496812295067+5.705701534652317E-16i,1.1620523216906944+2.854825754815511E-16i
25,2.340799420962473-3.257629133327621E-15i,1.1712099613405582-1.629942171524352E-15i
25,2.342526832950424+4.93277841051437E-16i,1.1720742652657512+2.4680966509743065E-16i
25,2.41158260730298-1.2007737744874161E-14i,1.2066260556009283-6.008025264368472E-15i
26,2.1182097472120802E-11-1.4080810856574358E-5i,1.0598380766530558E-11-7.045279399544312E-6i
26,1.1713328170218991E-10-1.08060892405175E-5i,5.860718569287184E-11-5.406785070215559E-6i
26,7.907342194168892E-9-9.227711338706788E-6i,3.956408166630175E-9-4.617049775168187E-6i
26,3.289342922570199E-8+7.293784317302301E-6i,1.64581004364536E-8+3.6494168495571196E-6i
26,4.6943193601733626E-8+3.0044024002157687E-6i,2.3487845849210932E-8+1.5032411523586935E-6i
26,7.139689997906056E-7+3.330273042255216E-11i,3.5723163512202444E-7+1.666289271153987E-11i
26,4.84416039948508E-6+5.656819089686372E-8i,2.4237569709734386E-6+2.830367612026303E-8i
26,7.914104038376207E-6+1.8362651696828017E-8i,3.9597914292975E-6+9.187681948036873E-9i
26,9.543084048944326E-6+5.266748812205171E-9i,4.774845294279047E-6+2.6351974532687396E-9i
26,1.1667808006463111E-5+6.873771156760236E-10i,5.837942730932432E-6+3.439264884755825E-10i
26,0.38559391215194133-1.4103428432474482E-14i,0.19293042663131704-7.056596016405363E-15i
26,0.4341422919674291+1.2441684067690738E-16i,0.21722142121105112+6.225148633170786E-17i
26,0.6698793588076885+3.0711162213252867E-15i,0.33517155331890724+1.5366211554221054E-15i
26,0.9356641532478671-5.373164973674076E-16i,0.46815595003120475-2.688442369190993E-16i
26,0.9452228278496643+1.5908927158980945E-16i,0.4729385959984679+7.95997034003818E-17i
26,1.03707310202514,0.518895526397035
26,1.2512336914765523+4.2551407379391835E-15i,0.6260499512682297+2.1290432552872213E-15i
26,1.3431302002656593+3.5642260436972425E-16i,0.6720300149773911+1.7833467530213395E-16i
26,1.4306654542070156-2.1848046738039716E-15i,0.7158279416457245-1.0931585913031732E-15i
26,1.4779918661176752-1.1690025999188199E-15i,0.7395075292976558-5.849059417893127E-16i
26,1.5226607039299929,0.761857410000284
26,1.5780281050342921-1.1447581247204396E-15i,0.7895602755795271-5.7277531213966E-16i
26,1.6678374997456948+1.9028409170975034E-16i,0.8344960598103311+9.520791132264757E-17i
26,1.695595581150234,0.8483847087725438
26,1.7216815055686134+2.636427444576555E-15i,0.86143670043658+1.319126302658632E-15i
26,1.7783287915357742-7.742622421225973E-16i,0.8897799514701804-3.8739912635957505E-16i
26,1.8228543914360955-3.469549816223487E-16i,0.9120581636360388-1.735975867790253E-16i
26,1.9233206833226677-1.0198246709024764E-15i,0.9623260852626258-5.102653404155066E-16i
26,1.930167288286126+2.3916333612945594E-15i,0.9657517576473483+1.1966445273089022E-15i
26,2.0907274973271255-1.7443434791754154E-15i,1.0460874389277293-8.72775531518916E-16i
26,2.117756034513471+2.5617075602411627E-15i,1.0596110632543687+1.2817404967411634E-15i
26,2.1571258089772614+1.244571822862257E-15i,1.0793095780501227+6.227167110032453E-16i
26,2.2176958967336335+1.791475097390228E-15i,1.1096155878279135+8.963576548964889E-16i
26,2.2329158609817137,1.1172308382329519
26,2.2329622901780453+2.942516585573232E-16i,1.1172540689022497+1.472276823708436E-16i
26,2.283985421868987-6.143753821652822E-16i,1.1427832960372473-3.0740035269597184E-16i
26,2.3212034696966564,1.1614052027102644
26,2.3425771136149827-8.343407912529798E-16i,1.1720994230023205-4.174591966818157E-16i
26,2.3484774782550586-2.6645885897035433E-15i,1.1750516476910795-1.3332166229996734E-15i
26,2.4053377137111056-4.0963808744618873E-16i,1.2035014471800547-2.0496083699653413E-16i
27,1.8829351898870477E-11-1.4080962433731587E-5i,9.421193593971505E-12-7.045355240590268E-6i
27,7.288724482848198E-11-1.0806231887311817E-5i,3.646885180904817E-11-5.406856442988876E-6i
27,6.9823480506181E-9-9.226772507335057E-6i,3.4935909147945103E-9-4.616580034512604E-6i
27,3.312036860166661E-8+7.292557843479799E-6i,1.6571648677866308E-8+3.648803188110789E-6i
27,4.812033421192167E-8+2.9790353747742897E-6i,2.4076823613048497E-8+1.4905488590248105E-6i
27,7.205009617616953E-7+1.5873418627550773E-9i,3.6049987709915734E-7+7.942203783300698E-10i
27,4.868164429389119E-6+5.672256119980715E-8i,2.4357672947475144E-6+2.8380914705903216E-8i
27,7.932751555479342E-6+1.881672578998143E-8i,3.969121642552799E-6+9.414876169090334E-9i
27,9.539709854506831E-6+4.962816871469776E-9i,4.773157029107198E-6+2.4831262790489097E-9i
27,1.1667670809506697E-5+6.534839575414557E-10i,5.837874084964488E-6+3.2696817753573493E-10i
27,0.3982696493863272-1.846448611707599E-14i,0.1992726828636532-9.238634407411938E-15i
27,0.446309138946738-5.746414744334426E-16i,0.22330905616715246-2.8751964522408496E-16i
27,0.6589778089565469+2.092052609490736E-15i,0.32971700490037686+1.0467504536875654E-15i
27,0.9244506749406175+6.311984159796664E-16i,0.46254532941283205+3.158176927751463E-16i
27,0.9458989569071562+5.432542486435491E-16i,0.473276894564417+2.7181516786700603E-16i
27,1.0374788846003495,0.5190985581433554
27,1.2603049306952803-6.059244360525365E-16i,0.6305887108217113-3.031719544054723E-16i
27,1.3511393082316125+1.1786756658253093E-15i,0.6760373412554023+5.897458230046481E-16i
27,1.422060799752627+1.370146691262904E-15i,0.7115226359793682+6.855476120397785E-16i
27,1.479509287659235-8.589980278634323E-16i,0.7402667653129728-4.297963499118941E-16i
27,1.5111428791490482-3.5000849971332323E-16i,0.756094510797724-1.7512540277780598E-16i
27,1.5737326834071264-6.978645888767796E-16i,0.787411077936687-3.4917385523927005E-16i
27,1.6676779308266143-3.091224903224793E-16i,0.8344162201171589-1.54668245684726E-16i
27,1.695632964694613,0.848403413484778
27,1.7253886192165424,0.8632915404512322
27,1.781258990179085+1.6588923401589937E-15i,0.8912460650589906+8.300203837144197E-16i
27,1.820310822698618+1.1888359740982455E-15i,0.9107854988293024+5.948294940586425E-16i
27,1.9145587125655972-2.1877586721305154E-15i,0.9579420669910232-1.094636612971689E-15i
27,1.9391155533801978+3.24828935817275E-15i,0.9702289875718944+1.6252690510510188E-15i
27,2.081956016080248+1.6742023362447945E-15i,1.041698662119236+8.376806812021908E-16i
27,2.117920975145017+3.025519211951645E-16i,1.059693590663153+1.5138068676589145E-16i
27,2.157808168938545+1.5333701914460543E-15i,1.0796509942247505+7.672158607702804E-16i
27,2.226162851161268+5.628109878212976E-15i,1.11385199581702+2.8160030688028395E-15i
27,2.2438437345564606+9.97428944699532E-16i,1.1226985576250523+4.990597251947205E-16i
27,2.2447261812894186-2.0628108429394546E-15i,1.1231400864441117-1.0321194485850547E-15i
27,2.2968943025300663+4.529769470193003E-16i,1.149242204683848+2.2664526821717126E-16i
27,2.3196080952695066-1.4691178406008226E-15i,1.1606069632693228-7.350674448592146E-16i
27,2.342618514052146,1.1721201375513652
27,2.356116525783643-7.128171844466484E-16i,1.1788738156566516-3.566553287574608E-16i
27,2.3993629374128593+1.8677868743797176E-15i,1.2005119909051511+9.345399581631824E-16i
28,2.1005197332927647E-11-1.408101716953054E-5i,1.050986946422497E-11-7.0453826274361475E-6i
28,1.2176361000990973E-10-1.0806352587744098E-5i,6.092395260152428E-11-5.406916834984603E-6i
28,5.999571782689488E-9-9.225242404144418E-6i,3.0018625999037743E-9-4.615814453283086E-6i
28,3.3778898071599306E-8+7.289771800656292E-6i,1.690114135806544E-8+3.6474092023303794E-6i
28,4.542773984060518E-8+2.9806047055607548E-6i,2.2729594405242765E-8+1.4913340676305913E-6i
28,7.186951189549499E-7+3.492354425528496E-9i,3.5959633061630413E-7+1.7473860660940122E-9i
28,4.868504871554064E-6+5.5619794333545254E-8i,2.4359376336715903E-6+2.782914955796449E-8i
28,7.936677042979326E-6+1.670721825229504E-8i,3.971085745082015E-6+8.359392209407269E-9i
28,9.541084294738037E-6+6.714047408575432E-9i,4.773844724975388E-6+3.3593477234384423E-9i
28,1.1667589507252402E-5+6.40007390052075E-10i,5.83783340569515E-6+3.202252289742767E-10i
28,0.4104450587340674-2.1680443358911487E-14i,0.20536460196777231-1.084772620876514E-14i
28,0.45756182359060127-3.5385201595509264E-16i,0.22893929352482303-1.770484913041538E-16i
28,0.6483655415244637-7.840798208610285E-15i,0.3244071978244014-3.923113140129571E-15i
28,0.9140301925171299+6.174010076100839E-16i,0.4573314812261537+3.0891421271682755E-16i
28,0.9465222316139955+2.382046385962022E-16i,0.4735887476598871+1.1918477211801748E-16i
28,1.0378456005138883-1.3864011458461319E-16i,0.519282043036197-6.936804656937693E-17i
28,1.2692113785832677,0.6350450176684904
28,1.3593840105342618,0.6801625462510443
28,1.4135641307597333-2.645465978700167E-15i,0.7072713604221491-1.3236486983439224E-15i
28,1.4808652512508271-4.4173183331687937E-16i,0.7409452164657994-2.2101881895084865E-16i
28,1.4998009503558618-6.103934770778993E-16i,0.7504196204741724-3.0540802184451514E-16i
28,1.5699035606174057+7.721973799143735E-16i,0.7854951911185533+3.8636598051828244E-16i
28,1.6675450300809551+4.160273523592075E-16i,0.8343497237416935+2.0815768105107276E-16i
28,1.695667489639211,0.8484206879076378
28,1.727683475618486+7.43004211640008E-16i,0.8644397630002183+3.7175929137617325E-16i
28,1.7858726263198772-1.9965452931197967E-15i,0.893554480106306-9.989637363324512E-16i
28,1.8180513078225908+9.227148494151944E-16i,0.9096549592764892+4.616768158066176E-16i
28,1.9057662579610015+2.124439480326893E-15i,0.9535427962438942+1.0629550995877085E-15i
28,1.9480670490456027+9.63082680810748E-16i,0.9747078339003458+4.818747045384717E-16i
28,2.073146016817219+9.04400236598695E-16i,1.0372906129699329+4.525131699270575E-16i
28,2.118055797452041+7.200010238639438E-16i,1.0597610484844358+3.6024973510037923E-16i
28,2.1583419549489267+4.904113631142065E-16i,1.0799180719961239+2.4537543391812405E-16i
28,2.2345183329030984-5.040126348811968E-15i,1.1180326288777576-2.5218077778387446E-15i
28,2.2542608513746183+7.025407261162324E-16i,1.1279107218440854+3.515135424702207E-16i
28,2.2558759537109285-1.2806317880593031E-15i,1.1287188320682813-6.407591754989896E-16i
28,2.309466096434368+7.8574196964492105E-16i,1.1555324532719071+3.931429637457329E-16i
28,2.31764044465772-6.872758679618989E-16i,1.1596224568753426-3.438758295723531E-16i
28,2.342651593730525,1.172136688840847
28,2.3636851732956585+2.6320920147159634E-16i,1.1826607592454803+1.316957087050517E-16i
28,2.3937566266874004-1.1059930444671294E-14i,1.197706894958345-5.533793537596913E-15i
29,1.8298577519168615E-11-1.408086980343776E-5i,9.155622680392088E-12-7.045308893380046E-6i
29,1.238345972795849E-10-1.0806401964648559E-5i,6.196016309368842E-11-5.406941540528294E-6i
29,6.002309389321588E-9-9.226161368636411E-6i,3.003232350822642E-9-4.616274253622022E-6i
29,3.394793079279572E-8+7.290829790727866E-6i,1.6985716228122582E-8+3.647938563581809E-6i
29,4.857413551958733E-8+2.9863177840765576E-6i,2.430388134693535E-8+1.494192584429471E-6i
29,7.185323540424987E-7+3.926234222939072E-9i,3.5951489182017647E-7+1.9644761491660363E-9i
29,4.856357845574635E-6+5.318312033956748E-8i,2.429859916076325E-6+2.6609969123823394E-8i
29,7.928952760600918E-6+1.8290676788087876E-8i,3.9672209301881025E-6+9.151669580070561E-9i
29,9.54369948720351E-6+5.966656353698161E-9i,4.775153226438159E-6+2.985393491969448E-9i
29,1.1667716538782354E-5+6.058002523290876E-10i,5.837896965431175E-6+3.0310981955844647E-10i
29,0.42198454028525123+1.3037070904789586E-14i,0.21113833705178695+6.523048140585437E-15i
29,0.46776487768307656-5.432295794992638E-16i,0.23404435228474454-2.7180282475581677E-16i
29,0.6381793067989256+2.6170014855657473E-14i,0.31931055456985125+1.3094065989974374E-14i
29,0.9045417014836028+2.082025680386671E-16i,0.4525839513365623+1.0417335183862451E-16i
29,0.9470828507417608-1.8539586015287545E-16i,0.47386925127804286-9.276210351806554E-17i
29,1.0381701044330596,0.5194444073204768
29,1.277892694694829+7.041991148502189E-16i,0.6393886806993135+3.523433108765292E-16i
29,1.3678526528441788,0.6843997987655407
29,1.4052366663686437+1.1470325099609161E-14i,0.7031047457347861+5.739132920219674E-15i
29,1.482054851646917,0.741540428435453
29,1.4886471407830104+2.0633528689831276E-16i,0.7448388548769014+1.0323906492253022E-16i
29,1.5665553602522786+1.4626775389538373E-15i,0.7838199319805496+7.318450647716947E-16i
29,1.6674354074404365-2.7066709789015606E-16i,0.8342948744763468-1.354272384114593E-16i
29,1.6956986499021547,0.8484362788250103
29,1.7288578618135735+3.411804015584604E-16i,0.8650273626030845+1.7070829791778503E-16i
29,1.7918673136022611-5.41010084191611E-16i,0.8965538987653224-2.7069230883967613E-16i
29,1.8160814464720065+3.856936655767382E-16i,0.9086693467478789+1.92980337872645E-16i
29,1.8969557448067038,0.9491344899710771
29,1.957019564201381+2.601007440732004E-15i,0.9791871903268732+1.301404040357148E-15i
29,2.0643074953005347-1.0279172434280539E-15i,1.0328682928210295-5.14314427863986E-16i
29,2.118165779294719+6.416436097433947E-16i,1.059816077475197+3.210439051855975E-16i
29,2.1587601548984545,1.0801273167277883
29,2.2427338122591647-1.4336037776854042E-15i,1.1221432122847954-7.172981204644268E-16i
29,2.264056696545885+3.2004063149517684E-16i,1.1328120351909678+1.6013109550700078E-16i
29,2.2661974018901376+3.36065603283936E-16i,1.13388312885283+1.6814912832994083E-16i
29,2.3152241750904703+4.3363945917885425E-16i,1.1584134857174109+2.1696983076481574E-16i
29,2.3215091898525997+9.492166565079446E-16i,1.1615581686110659+4.749368927626314E-16i
29,2.3426767870140788-2.93547703076723E-16i,1.1721492942030975-1.4687546096142436E-16i
29,2.371134049174884-1.1766942698632624E-15i,1.186387775559826-5.887544391776838E-16i
29,2.3886275411114646-2.3219529874791994E-15i,1.1951405767743486-1.1617802210417177E-15i
30,1.224478776256239E-11-1.4080895066298842E-5i,6.126632326368791E-12-7.045321533555145E-6i
30,4.0114619359159324E-10-1.0805979517444527E-5i,2.007119506613438E-10-5.40673017069922E-6i
30,6.831107405256474E-9-9.230845304709475E-6i,3.417918241253658E-9-4.61861784296929E-6i
30,3.2399755324121674E-8+7.294180391502731E-6i,1.6211092603998232E-8+3.6496150237555662E-6i
30,5.178639906480594E-8+2.9796540259623747E-6i,2.591112502143363E-8+1.4908583987605056E-6i
30,7.236365123281339E-7+4.985490702725031E-9i,3.620687377306206E-7+2.494471043059911E-9i
30,4.868357555253847E-6+5.443787615988386E-8i,2.435863924529005E-6+2.7237781358671064E-8i
30,7.936409136350416E-6+1.7184521086900046E-8i,3.97095169903361E-6+8.598208841648068E-9i
30,9.544407275026548E-6+5.332793316189249E-9i,4.775507365345336E-6+2.668242566090129E-9i
30,1.1667777520415336E-5+7.138982952965194E-10i,5.837927477356019E-6+3.5719625840112993E-10i
30,0.43270127911451384-1.625908329801344E-14i,0.21650041598837377-8.135169613579858E-15i
30,0.47677122446188724+1.4029350789290116E-16i,0.23855064315621669+7.019531553370558E-17i
30,0.6286067215091614+8.564425990754713E-15i,0.3145209484435202+4.285177509746449E-15i
30,0.8961352320995407-4.220689708492457E-16i,0.4483778068057039-2.111805815588158E-16i
30,0.9475721979863452,0.4741140942843591
30,1.038449600379529,0.5195842520392201
30,1.286253981007389+3.675216833994186E-16i,0.643572218054626+1.8388805668324314E-16i
30,1.3765284483444011,0.6887406995797745
30,1.3971739539138261-8.218436824416664E-15i,0.6990705986575351-4.1120631649195774E-15i
30,1.4776986744755718,0.739360831990429
30,1.483072889534505-1.845799681442796E-16i,0.742049799765729-9.235387509862551E-17i
30,1.563700733586217-1.4115753262219282E-15i,0.7823916305390596-7.062762697428806E-16i
30,1.667346437079203,0.8342503584992803
30,1.6957259631352075,0.8484499448958155
30,1.7292827630983474+4.2690937556529036E-16i,0.8652399603219908+2.1360245938806623E-16i
30,1.7988543642445298-1.434424477238194E-15i,0.9000498426037105-7.177087543200606E-16i
30,1.8144061493091257+4.49537679100486E-15i,0.9078311182743926+2.2492444377994625E-15i
30,1.8881475099470555-4.0902210610477973E-16i,0.9447273236341999-2.0465263310832508E-16i
30,1.9659705071044797-2.669576357589971E-15i,0.9836657600828368-1.3357122334228156E-15i
30,2.0554478409055776-9.354367433081261E-16i,1.0284353989179962-4.680421663450216E-16i
30,2.1182545249909652,1.0598604810420038
30,2.159085723342325-5.410615605103403E-16i,1.0802902136428953-2.7071806481719775E-16i
30,2.2507734017721615-3.039685539413407E-15i,1.1261657898872965-1.5208949349620097E-15i
30,2.273039766938166+5.171372068461124E-16i,1.1373066798122216+2.587476067423846E-16i
30,2.2754993692401624+1.4939173819011661E-15i,1.1385373323368406+7.474757996919819E-16i
30,2.3122858224282954-9.73252908701065E-16i,1.1569432922967138-4.869633388347607E-16i
30,2.3327847397745076-3.256495376068722E-16i,1.1671998465224103-1.6293749004529935E-16i
30,2.3426945095993075+4.3718074885704285E-16i,1.1721581616302572+2.1874170139582503E-16i
30,2.3783856533589773-1.1701395571487928E-15i,1.1900160877424295-5.85474813953855E-16i
30,2.384088256251144-2.3035559202092436E-15i,1.1928693631034293-1.1525753193944141E-15i
31,1.5338120747347902E-11-1.4080629803930945E-5i,7.67436955369366E-12-7.045188810552538E-6i
31,2.3835188945111593E-10-1.0806166052767114E-5i,1.1925844851529717E-10-5.406823502928372E-6i
31,6.587069121565503E-9-9.231583711977733E-6i,3.2958146273140248E-9-4.6189873021977755E-6i
31,3.211844845830388E-8+7.292553361917468E-6i,1.6070341798743924E-8+3.6488009457783623E-6i
31,5.124480761425547E-8+2.9750647355922054E-6i,2.5640141828178747E-8+1.4885621650256152E-6i
31,7.260016558199307E-7+3.846711954223421E-9i,3.6325212815390304E-7+1.924687488747676E-9i
31,4.872605438952373E-6+5.217580243730915E-8i,2.437989336752614E-6+2.610596149685784E-8i
31,7.939446076579446E-6+1.5796005571254335E-8i,3.972471220363112E-6+7.903470459180633E-9i
31,9.54427702393625E-6+5.672832411232765E-9i,4.775442194714709E-6+2.8383798156954128E-9i
31,1.1667691135737105E-5+6.700938338173721E-10i,5.837884255115469E-6+3.3527886506272884E-10i
31,0.4423395729636847-2.2987948541458596E-15i,0.22132289913895264-1.1501931383539972E-15i
31,0.4844272116288047-1.8139430396297925E-16i,0.2423812868044889-9.07599403132646E-17i
31,0.6199040326460349-2.7016829035188975E-15i,0.3101665916388905-1.351776619836896E-15i
31,0.8889668641065857-3.5424228183491945E-16i,0.4447911415302777-1.772437593317905E-16i
31,0.9479828777859677-1.634522626865334E-16i,0.47431957633802496-8.178270916668626E-17i
31,1.0386816705498367,0.5197003674537919
31,1.2941401096949208-5.962914091009584E-16i,0.6475180121250352-2.9835210652678844E-16i
31,1.3853833872399137,0.6931712341008494
31,1.389531593975043+1.6167753950297827E-15i,0.6952467733402967+8.089473326726163E-16i
31,1.4669838922694192,0.7339997320426682
31,1.4839142329318284-2.401952383664268E-16i,0.7424707626893478-1.201807610349024E-16i
31,1.56135040530933,0.7812156528514118
31,1.6672760960691266-1.9396147592003551E-16i,0.8342151636462082-9.704787632784719E-17i
31,1.6957489859225212,0.8484614642586444
31,1.7292814967928722,0.8652393267309307
31,1.8064769668808842+2.554823229877859E-15i,0.9038637824308863+1.2782959485981425E-15i
31,1.8130296197900513-3.649720338488679E-16i,0.907142377039077-1.8261234936514042E-16i
31,1.879378083707187-1.2640253589994855E-15i,0.9403395750405369-6.324502127732741E-16i
31,1.9749162804105471-2.7474663423755326E-16i,0.988141743250866-1.374684186872806E-16i
31,2.046573732776867-7.290160187101823E-16i,1.0239952731450304-3.6476035299903156E-16i
31,2.1183245222940874+6.362537134730034E-16i,1.0598955039226274+3.1834709137662994E-16i
31,2.159334768159302+6.872352844419274E-16i,1.0804148222564534+3.4385552376467424E-16i
31,2.2585895626848957+1.4267245136104612E-15i,1.130076575851466+7.138561072192454E-16i
31,2.280979346650273,1.1412792178966054
31,2.283568567013133,1.1425747243180144
31,2.308769769531175-1.0014356109391312E-15i,1.1551840487917686-5.010644451931799E-16i
31,2.34270534100195,1.1721635810807902
31,2.3429851480309374,1.172303581448472
31,2.3802445483725636-7.585508993704265E-16i,1.190946178692342-3.795380166153612E-16i
31,2.3853176872926682+6.094211608475458E-16i,1.1934845041828912+3.049215271690786E-16i
32,2.513471004704463E-11-1.4080962433741429E-5i,1.2576055222365515E-11-7.045355240595192E-6i
32,1.3482199153410116E-10-1.08063086971489E-5i,6.745766342832804E-11-5.406894874494591E-6i
32,5.322312664060554E-9-9.232064550008214E-6i,2.662998612223537E-9-4.6192278876516375E-6i
32,3.409236172584748E-8+7.295699759712191E-6i,1.7057981688375633E-8+3.6503752337786584E-6i
32,5.23055748496068E-8+2.9910821600364022E-6i,2.617089262279246E-8+1.4965764215638149E-6i
32,7.207645161395573E-7+5.162171173002264E-9i,3.606317455155379E-7+2.5828724348707253E-9i
32,4.846477878811054E-6+5.265868930914834E-8i,2.4249165128152028E-6+2.6347572080589998E-8i
32,7.922300451653365E-6+1.3463365324774182E-8i,3.963892473065498E-6+6.736342909320711E-9i
32,9.53575040963365E-6+5.324114296004943E-9i,4.771175936137285E-6+2.6639000518176524E-9i
32,1.1668006173314954E-5+6.724709634850306E-10i,5.838041882952383E-6+3.3646825272287063E-10i
32,0.45055945584829593+4.359154656013532E-15i,0.22543568583451284+2.181086217992948E-15i
32,0.49058077296281927-1.8659716647292547E-16i,0.24546019748242928-9.336317250162049E-17i
32,0.6124115649723817-5.322378871746087E-16i,0.3064177643383452-2.6630317389836174E-16i
32,0.8831906028081619,0.44190101146982247
32,0.948308758169118-2.475247440530237E-16i,0.47448262933074753-1.2384805093380154E-16i
32,1.0388643005964724,0.519791745693185
32,1.3012900665437102-1.6432667700388854E-16i,0.6510954654554936-8.222021899758158E-17i
32,1.3825709381350024-1.7398980648208754E-15i,0.6917640360393934-8.705512855934864E-16i
32,1.3943608180198046,0.6976630569637969
32,1.4565596908365521-3.9961783744662534E-16i,0.7287840230639919-1.9994724355938868E-16i
32,1.4845741543870163+1.7873000422091776E-16i,0.7428009518440002+8.942686821406849E-17i
32,1.559513182421072,0.7802964054658132
32,1.667222851185972,0.8341885227742979
32,1.6957673291215314,0.8484706422075158
32,1.7290887361392693+3.995648433186454E-16i,0.8651428796814173+1.9992072815186298E-16i
32,1.8119553339824765+3.0911757938729146E-16i,0.9066048622789952+1.546657885172472E-16i
32,1.814428342043039-1.2821772449561557E-15i,0.9078422223232042-6.415324388961891E-16i
32,1.8707226356394826+1.932290724781477E-15i,0.9360088549856793+9.66814210907272E-16i
32,1.983850476228394+3.1616021793100594E-16i,0.9926119336673208+1.5818954554770982E-16i
32,2.037693604006649+1.228463247120215E-15i,1.0195521349673091+6.146568472647575E-16i
32,2.118377487950615+3.4234305204030565E-16i,1.0599220050845717+1.7129002560179764E-16i
32,2.159518575148776+3.157083007033357E-16i,1.080506789374656+1.579634305059814E-16i
32,2.2661129764085763,1.133840886888777
32,2.287607554887798,1.1445956163219078
32,2.2901777128141103+3.2048556929963737E-16i,1.1458815849267179+1.6035371842124727E-16i
32,2.3046602434430055-5.366928994030002E-16i,1.1531278632648283-2.685322220829519E-16i
32,2.34271029266841,1.1721660586280038
32,2.351717508241503-7.234977592420147E-16i,1.1766727841973443-3.6199931315917966E-16i
32,2.3771835784632143+1.9808377569654068E-15i,1.189414634204981+9.911045312047541E-16i
32,2.391732363693506-1.1657525087826261E-15i,1.196694062777343-5.832797712255787E-16i
33,2.0134729741237945E-11-1.4080772962027725E-5i,1.0074334362293035E-11-7.0452604391540705E-6i
33,1.3299363520753376E-10-1.080633612886603E-5i,6.654285239267114E-11-5.406908599848447E-6i
33,5.890630266914548E-9-9.233715171690323E-6i,2.9473541326953E-9-4.620053769843497E-6i
33,3.380176943168249E-8+7.297055378311583E-6i,1.6912584954863587E-8+3.6510535123159687E-6i
33,4.998198717402959E-8+2.995954153092857E-6i,2.500829449186623E-8+1.4990141044973471E-6i
33,7.238718475453176E-7+3.1275137826431282E-9i,3.621864867988028E-7+1.5648394576906575E-9i
33,4.852750677042543E-6+5.048147240699784E-8i,2.428055083214873E-6+2.525821000156607E-8i
33,7.92549483994987E-6+1.7103840669436165E-8i,3.965490772928253E-6+8.557840705970744E-9i
33,9.543394916717839E-6+5.690814920296929E-9i,4.775000835770444E-6+2.8473772947434832E-9i
33,1.1667762275121078E-5+6.898907621235902E-10i,5.837919849431841E-6+3.451841817799783E-10i
33,0.45693894144716485+6.636334536334018E-16i,0.22862763684693738+3.320464387566757E-16i
33,0.49509265360036553+1.7193567534169138E-16i,0.24771769955618705+8.602735196645176E-17i
33,0.6065515318393268+4.943137645947479E-16i,0.30348571936355717+2.473279854465591E-16i
33,0.8789471829010711,0.4397778326870407
33,0.9485450144598213+3.942347263287608E-16i,0.47460083925451246+1.9725382467531627E-16i
33,1.038995900945894,0.5198575914204089
33,1.3072659305846708+1.4984685954865453E-15i,0.6540854659782689+7.497529818544727E-16i
33,1.3767301405055772-7.377395651541346E-16i,0.6888416154746514-3.6912514581377553E-16i
33,1.4033125542969356+3.148462671798699E-16i,0.7021420236813973+1.575321153575534E-16i
33,1.446574431668974,0.7237879371546634
33,1.4850486317641614,0.7430383547694992
33,1.5581959437088977+4.271468021564769E-16i,0.7796373301570336+2.137212548671639E-16i
33,1.6671855795605748-3.27980137326584E-16i,0.8341698740602946-1.6410359662546144E-16i
33,1.6957806723829498,0.8484773184568989
33,1.7288592657835,0.865028065074022
33,1.811186020560808-2.294873141940806E-16i,0.9062199392758612-1.148230924779038E-16i
33,1.8223667105714423-8.95665942739103E-16i,0.9118141543964935-4.481429996843531E-16i
33,1.862370919339969,0.9318301059494809
33,1.992756818406244+7.719810664757408E-16i,0.9970681876224405+3.862577489236274E-16i
33,2.028825060856437-5.59837627534579E-16i,1.0151147936098697-2.801125975296778E-16i
33,2.1184145860782295+5.45937656261102E-16i,1.0599405669896285+2.7315780051800136E-16i
33,2.159644902582553-4.042746542406299E-16i,1.0805699968188758-2.0227726387998217E-16i
33,2.273218911242481+1.3475473661268376E-15i,1.1373963139738896+6.742401268781272E-16i
33,2.2926351843013384+3.7039857049735834E-16i,1.1471111713063866+1.853274960459604E-16i
33,2.2951025856810374+2.7071224918479854E-16i,1.1483457260694518+1.35449829687576E-16i
33,2.30002289719759+9.62424622783845E-16i,1.1508075849581194+4.81545447742974E-16i
33,2.342711064818018,1.1721664449700822
33,2.358508296418326,1.1800705288681708
33,2.374965987963852+2.1756127520223015E-15i,1.188305071352321+1.0885594486948207E-15i
33,2.397289757728979-1.7327526878092405E-15i,1.1994746834469958-8.66976123766883E-16i
34,2.5254511915295378E-11-1.4080932960532655E-5i,1.2635997625044678E-11-7.0453404937888676E-6i
34,1.4451025191484405E-10-1.0806352588024342E-5i,7.230514714024796E-11-5.406916835124822E-6i
34,5.7392085219324594E-9-9.233792124840738E-6i,2.8715908466578866E-9-4.6200922730554835E-6i
34,3.46041053599837E-8+7.293637790460997E-6i,1.7314030641816728E-8+3.649343535417257E-6i
34,4.77551853338802E-8+2.989737179972213E-6i,2.3894122780373715E-8+1.4959034659765586E-6i
34,7.268903857911488E-7+1.3063336601592252E-9i,3.6369680076699034E-7+6.536190080668533E-10i
34,4.864286537275088E-6+4.5995341464816935E-8i,2.4338270063860753E-6+2.3013591688562555E-8i
34,7.931015425371476E-6+1.4255273705635508E-8i,3.968252976549935E-6+7.132571213133473E-9i
34,9.544456896486494E-6+5.201929955537748E-9i,4.775532193251419E-6+2.6027655883546684E-9i
34,1.166771146204059E-5+6.881437521044804E-10i,5.837894425303016E-6+3.443100720554887E-10i
34,0.46102178539733923-3.782782874733463E-15i,0.2306704720690501-1.8927008204122978E-15i
34,0.4978496017722983-2.1285592659210446E-15i,0.24909712793990552-1.065016418418894E-15i
34,0.6027803127293506+1.5728355314417494E-15i,0.3015988044282374+7.869621914113075E-16i
34,0.8763508983605611-1.0518495827130583E-16i,0.4384787917315924-5.262888815133526E-17i
34,0.9486881687248611-1.5736172428611376E-16i,0.4746724659388501-7.87353317704779E-17i
34,1.0390753237858878-1.331477324725971E-16i,0.5198973303320498-6.661995436486118E-17i
34,1.3113944031604918-1.605922767207437E-16i,0.6561511313072251-8.035172622024918E-17i
34,1.3726826512471906+2.6969824579624337E-15i,0.6868164698362045+1.349424770033291E-15i
34,1.4116757345602082+2.947451095071367E-16i,0.7063265086676437+1.4747457865024242E-16i
34,1.437591093171861-9.1161696522872E-16i,0.7192931583881912-4.561240322607047E-16i
34,1.4853345997769178,0.7431814377616454
34,1.5574036215430913-3.9740821545050925E-16i,0.7792408948175197-1.9884166771659205E-16i
34,1.6671635140922192,0.834158833688314
34,1.6957887768318884-1.9769683776534955E-16i,0.8484813734866647-9.8916850219102E-17i
34,1.7286879108818685+1.0593773218229997E-15i,0.8649423283099411+5.300553567409955E-16i
34,1.8107236429302287+6.511702195201367E-16i,0.9059885904118853+3.2581050764132465E-16i
34,1.8295522166579108+2.8095706498191397E-15i,0.9154093946509042+1.405757837553308E-15i
34,1.8549701452410607+2.7162331388168922E-15i,0.9281271571753786+1.3590567739450398E-15i
34,2.0015617049714054,1.001473678653086
34,2.0200425450673096-1.3018540570756823E-15i,1.010720495710724-6.5137765594274E-16i
34,2.11843656626489-5.186636304122312E-16i,1.059951564691242-2.595113468859669E-16i
34,2.159718803727634-9.03351070491839E-16i,1.0806069729717653-4.519882237123385E-16i
34,2.279549310874995-1.588883174379973E-15i,1.1405637050123831-7.94991567656435E-16i
34,2.2951827487340424-2.1905516086818574E-15i,1.1483858353438174-1.0960340480022301E-15i
34,2.295788379412646,1.1486888603178165
34,2.2981481438963094,1.1498695593751276
34,2.3427099912791434,1.1721659078290472
34,2.3628573463033558+7.056265134735284E-16i,1.1822465592029783+3.5305750427193623E-16i
34,2.373625906305758-1.572738627210926E-15i,1.1876345666636607-7.869137057531944E-16i
34,2.401362713238841+6.943855404239622E-16i,1.2015125710261403+3.474331267652982E-16i
35,9.28900425245835E-12-1.4085792076525291E-5i,4.647717448144584E-12-7.047771733733186E-6i
35,2.2561292913856755E-10-1.096604121053903E-5i,1.1288455885966662E-10-5.486816421448649E-6i
35,2.5289378759313486E-9-9.340428197079472E-6i,1.265344311596065E-9-4.67344722048318E-6i
35,3.8104955219180586E-8+7.433501204017481E-6i,1.9065667365378107E-8+3.7193236549086967E-6i
35,5.070738152143644E-8+3.268868434218211E-6i,2.5371242755598156E-8+1.6355657123726962E-6i
35,6.363091596367325E-7+2.0113261452847603E-8i,3.1837483365078475E-7+1.006359278700447E-8i
35,4.664034688433314E-6+1.5732813860848818E-8i,2.3336317662300802E-6+7.871852730622471E-9i
35,7.869780601664745E-6+2.3565583216287693E-8i,3.937614368703405E-6+1.1790948665036644E-8i
35,9.431744825975283E-6+5.359887248779405E-9i,4.719137143524446E-6+2.681798910754822E-9i
35,1.1745006009987792E-5+1.4810157926102075E-9i,5.876568454227653E-6+7.410205392542967E-10i
35,0.46243234741796024-3.304013869272043E-14i,0.23137624133524412-1.6531505952388117E-14i
35,0.49877724106891874+1.1718202183487221E-14i,0.24956126868387665+5.863157263025887E-15i
35,0.6014736184049035-6.133926581082457E-14i,0.3009450049631853-3.0690865050459957E-14i
35,0.8754767450945987+2.684536854338146E-16i,0.4380414125167545+1.3431976602650954E-16i
35,0.9487361209110334+1.2210620956032772E-15i,0.4746964586302401+6.109537096509998E-16i
35,1.0391018754226222-4.470911856047345E-16i,0.5199106153410749-2.237003501959685E-16i
35,1.312897832708271+1.0626523917195799E-15i,0.6569033664824238+5.316940253311408E-16i
35,1.3712062070022903-2.2507582418699916E-14i,0.6860777366532134-1.1261582046887207E-14i
35,1.4162940839927296-1.6370043665282575E-16i,0.7086372819922956-8.190688205346334E-17i
35,1.432766017071367-2.47680035303691E-15i,0.7168789501726058-1.2392575031208306E-15i
35,1.4854301400747107-4.041396404305942E-15i,0.7432292409811276-2.022097102409065E-15i
35,1.557139183877039+2.7338498370566843E-15i,0.7791085844513002+1.3678712209581424E-15i
35,1.6671562078710778-4.281250305795127E-16i,0.8341551780487475-2.1421070768540448E-16i
35,1.695791494945602,0.848482733484377
35,1.7286254730509045+5.074726016171559E-15i,0.8649110877820538+2.5391195879441825E-15i
35,1.810569385147986-2.2911885078240135E-15i,0.9059114081255436-1.1463873323110818E-15i
35,1.8332009151822592-6.058327939602736E-15i,0.9172350068837918-3.031261016380907E-15i
35,1.8512548505421567-1.5501831305738356E-14i,0.9262682238034271-7.756281500119503E-15i
35,2.0084782298795214-2.2356881858028325E-16i,1.0049343352124227-1.1186179602637798E-16i
35,2.0131334274632784+4.865837123587152E-16i,1.0072635453674146+2.434602836266391E-16i
35,2.118443847989489+6.8622138859405344E-15i,1.059955208074058+3.433482248879924E-15i
35,2.159743130156496+1.937861329047601E-15i,1.0806191446066142+9.69601441264877E-16i
35,2.2830335091693805-2.213473485632018E-15i,1.1423070101897195-1.1075029207199157E-15i
35,2.292196449028139-5.707076312722165E-15i,1.146891651804732-2.855513619719962E-15i
35,2.296864612510478+3.849760987931524E-15i,1.1492273493970675+1.9262130610027842E-15i
35,2.299179484511469,1.1503855866738324
35,2.342709314486156-1.1787421920719945E-15i,1.1721655691982862-5.897791091555718E-16i
35,2.364359968508122,1.1829983904272146
35,2.3731779931703096-1.343757922560814E-14i,1.1874104550540308-6.723440934065195E-15i
35,2.4029382693663375+2.6508664057793333E-15i,1.2023008944572935+1.326350781202441E-15i
36,2.8708124216904835E-11-1.4078848627169817E-5i,1.4363999218872026E-11-7.044297605630467E-6i
36,5.949328721087699E-10-1.0763132627220228E-5i,2.9767236778289956E-10-5.385291894444637E-6i
36,7.0842036367069705E-9-9.191925185819668E-6i,3.5445539644164277E-9-4.599144311605565E-6i
36,3.332403747629459E-8+7.240873154559224E-6i,1.6673553613694274E-8+3.6229429533677046E-6i
36,4.2842091408866655E-8+2.9360757498324883E-6i,2.1435875185792694E-8+1.4690541763891645E-6i
36,7.46447408945979E-7-1.485549827704273E-9i,3.734820818671057E-7-7.432891262249197E-10i
36,4.890891219759216E-6+5.063317168641929E-8i,2.4471385566473533E-6+2.5334112150889704E-8i
36,7.94263805432493E-6+1.3960346166391988E-8i,3.974068314115959E-6+6.9850053564683E-9i
36,9.551970150604639E-6+5.313812009913197E-9i,4.7792914209692885E-6+2.658745342709654E-9i
36,1.16683720147803E-5+7.097503056166471E-10i,5.838224930318444E-6+3.551208277644431E-10i
36,0.46260894722709617-7.808669354269326E-16i,0.231464602368564-3.9070375917875787E-16i
36,0.49913358214686987-1.1902540844898624E-15i,0.24973956256774968-5.955390401231486E-16i
36,0.6016583960718705-1.2293273053414346E-14i,0.30103745775612734-6.15089175462897E-15i
36,0.8756578726497538+1.5969163871525542E-16i,0.4381320389903306+7.990109546814655E-17i
36,0.9477145346601182,0.4741853118900601
36,1.0401138702904316,0.5204169630697137
36,1.3129113459839352,0.6569101277977789
36,1.3712089665753566-1.5436951373408577E-15i,0.6860791173949529-7.723819076233353E-16i
36,1.4152630944144775,0.708121430333553
36,1.4304322206474998-4.019827806953238E-16i,0.7157112441338499-2.011305337918093E-16i
36,1.4877177819852112,0.7443738537871478
36,1.5562902629680968+5.258336372910854E-16i,0.7786838301489709+2.630988321716312E-16i
36,1.664515476277754,0.8328338981818652
36,1.6984225564533333,0.8497991749612326
36,1.7296563831274077+5.30842215454793E-16i,0.8654268996624029+2.656048549367408E-16i
36,1.8115026944103303-3.1803684884799715E-16i,0.9063783858149944-1.5912851058848043E-16i
36,1.833215121433234-1.0167570991611682E-15i,0.9172421149266706-5.087304927269893E-16i
36,1.8513320141233156-1.7307881052620535E-15i,0.9263068323036242-8.659931524671911E-16i
36,2.0084791419232086+1.3128624797169263E-15i,1.0049347915499638+6.568856777495681E-16i
36,2.0131381350168835,1.0072659007737028
36,2.1170845208090636+3.79635949386109E-16i,1.059275073962533+1.8994938294250334E-16i
36,2.161086130071941-1.4950033361351139E-15i,1.081291109434084-7.480191527041919E-16i
36,2.281498810700927+4.0978843912380567E-16i,1.1415391297306718+2.0503606487849288E-16i
36,2.2913343833829165+6.417758197753543E-16i,1.1464603205843074+3.211100559651275E-16i
36,2.2962524157704887-7.613879536257003E-16i,1.1489210391195808-3.809575257688939E-16i
36,2.300824032079986,1.1512084297063867
36,2.342270630736554+3.6700517342131485E-16i,1.1719460754762654+1.8362962290798265E-16i
36,2.3647753491594377,1.1832062245338928
36,2.374284543803534+3.029383673426074E-15i,1.1879641133951746+1.5157404360516338E-15i
36,2.4033029754850332+1.0255014125844587E-15i,1.2024833737570373+5.131056762197427E-16i
37,1.5781167375196815E-10+1.407935816023248E-5i,7.896046225017182E-11+7.044552548532999E-6i
37,3.1849218986143157E-9+1.0796291925461389E-5i,1.5935633870820973E-9+5.4018830214174645E-6i
37,6.822834455854906E-9-9.216993918900477E-6i,3.4137789029310266E-9-4.61168735550736E-6i
37,3.1758279295246104E-8+7.2689533399665845E-6i,1.5890132547253456E-8+3.6369927658253087E-6i
37,4.414292505967823E-8+2.96784774375792E-6i,2.20867422853971E-8+1.4849511709987311E-6i
37,7.306314807872012E-7-8.797480081392172E-11i,3.6556864321810316E-7-4.4017852250600164E-11i
37,4.867663456843631E-6+4.620010977641672E-8i,2.4355166350667323E-6+2.3116046723438613E-8i
37,7.933375557463587E-6+1.3256407474591831E-8i,3.969433859538714E-6+6.632792347260366E-9i
37,9.550306664569227E-6+5.461605235335742E-9i,4.7784591021478735E-6+2.732693112981386E-9i
37,1.1668016342861576E-5+7.874050046990089E-10i,5.838046971245808E-6+3.939750569203823E-10i
37,0.46313818334460755+2.2981934776502166E-15i,0.23172940361858982+1.1498922419440333E-15i
37,0.5002005173844146+1.0462506808085285E-15i,0.2502733994984697+5.234874925415211E-16i
37,0.6022115858068751-1.510726171777388E-14i,0.3013142441062719-7.558860128716388E-15i
37,0.8762009767454456,0.4384037790297475
37,0.9447770022549932-2.556960908089105E-16i,0.47271552888181384-1.2793655276456811E-16i
37,1.0430225963106463,0.5218723329143822
37,1.3129519671831353,0.6569304524581144
37,1.3712172127647952-2.88353628668717E-15i,0.6860832433440313-1.4427662586597674E-15i
37,1.4122125953789721+4.0078103571580335E-16i,0.7065951249075313+2.0052924532668028E-16i
37,1.4243458411484362+4.509382616129114E-16i,0.7126659476278934+2.256252198377076E-16i
37,1.4936657113180587,0.7473498772864687
37,1.5537827992804907-3.2847609102188073E-16i,0.7774292303646732-1.6435174514390921E-16i
37,1.658331760673734,0.8297398999312388
37,1.7045772109269128,0.8528786325873378
37,1.7327034874336726,0.8669515065487434
37,1.8142635697518015-5.8162603672358E-16i,0.9077597791428437-2.9101434402508213E-16i
37,1.8332577122765787-1.3680233610890145E-15i,0.9172634250908567-6.844852119773878E-16i
37,1.8515667409701404+2.770248370521934E-16i,0.926424276976044+1.386083086780956E-16i
37,2.008481881170085,1.0049361621215727
37,2.0131523651871053-3.6941892692999287E-16i,1.0072730207844849-1.8483733516571295E-16i
37,2.1134308259479493+5.44886546568327E-16i,1.0574469618318163+2.726318818375646E-16i
37,2.1646904126307747-2.050141359612551E-15i,1.0830944983099482-1.0257803214712045E-15i
37,2.2779899865827473+3.0654763667919896E-16i,1.1397835031173869+1.5337992759604325E-16i
37,2.2888380125714485-4.661116662452601E-16i,1.1452112710777977-2.332171743186048E-16i
37,2.29448498236746,1.1480367106337244
37,2.3046620195553404-3.667131270170951E-16i,1.1531287519357842-1.834834986161135E-16i
37,2.3410906755045997,1.1713556894272834
37,2.365932997593914+5.305419673034879E-16i,1.1837854494627984+2.6545462693235325E-16i
37,2.3773826597499497,1.1895142437589021
37,2.40441660561827-1.349578942674027E-15i,1.2030405742987054-6.752566183673107E-16i
38,6.660751072441096E-11-1.4077901101022623E-5i,3.332681107228402E-11-7.0438235145775195E-6i
38,2.1658036635595404E-9-1.0772135237671267E-5i,1.0836515091181214E-9-5.38979631585892E-6i
38,7.056615961156697E-9-9.201536980083909E-6i,3.5307505773661073E-9-4.603953535791037E-6i
38,3.229662830676417E-8+7.253532238249037E-6i,1.615949339864522E-8+3.62927687706325E-6i
38,4.182055880263735E-8+2.944650582962578E-6i,2.092475528652426E-8+1.4733445610709349E-6i
38,7.403849740945243E-7+2.0886396230739724E-10i,3.704487659732208E-7+1.0450427790985183E-10i
38,4.881890756356013E-6+4.8469309741069494E-8i,2.4426352095001732E-6+2.4251432172988237E-8i
38,7.940786619583839E-6+1.3937018370738933E-8i,3.973141955884613E-6+6.973333383893333E-9i
38,9.551504767642862E-6+5.558020660750246E-9i,4.779058568399441E-6+2.780934199193686E-9i
38,1.1667162674257398E-5+7.903097025967883E-10i,5.837619841452481E-6+3.9542841130952746E-10i
38,0.4640183702838798+4.731549138370475E-15i,0.23216980175859514+2.3674123608392146E-15i
38,0.5019718173103662+4.900343650332451E-16i,0.25115966258415656+2.45186804382473E-16i
38,0.6031297628547901+3.5099454083194906E-15i,0.3017736504506011+1.7561876464814988E-15i
38,0.8771052233019999+2.60125693194488E-16i,0.438856215306457+1.301528872323172E-16i
38,0.9402373434414106,0.47044412810482245
38,1.0475141345010226-2.1069701859292423E-16i,0.5241196567231634-1.054214405518455E-16i
38,1.3130199441969526,0.6569644644947769
38,1.371230847649801+2.169319189131819E-15i,0.6860900655061514+1.0854104887781163E-15i
38,1.4072621581715705,0.704118192745648
38,1.4160476041926229-5.457690797604171E-16i,0.7085139567750347-2.7307345391611743E-16i
38,1.5017332397879952-4.159752714585854E-16i,0.7513864340383082-2.0813162257333305E-16i
38,1.5497270970059132,0.7753999753752542
38,1.6506637573100096+1.9194830733380833E-16i,0.825903244025243+9.604059519092788E-17i
38,1.7121966082069613,0.8566909686268499
38,1.737637196543488,0.869420068871523
38,1.8187424399373826,0.9100007645642886
38,1.8333286055400342+3.0222544146168413E-16i,0.9172988962617769+1.512173338905431E-16i
38,1.8519692932972451-1.0942066198030655E-15i,0.926625692480185-5.474820616416568E-16i
38,2.0084864571370384,1.0049384516889872
38,2.0131764493762723+3.722492944418538E-16i,1.0072850712156367+1.8625349863297118E-16i
38,2.1082801934858297+4.383782578340309E-16i,1.0548698627464284+2.1934087039342606E-16i
38,2.169757186679491-1.0915276264040204E-15i,1.0856296391616485-5.461416376278653E-16i
38,2.2737577480991282,1.1376659189167102
38,2.284937479133661-2.395848805726434E-15i,1.143259654217349-1.1987537086705666E-15i
38,2.291739968700486-5.969468653604099E-16i,1.1466632536335282-2.9868006153797727E-16i
38,2.3094415583829155-4.445279598653926E-16i,1.155520175752511-2.224178500841702E-16i
38,2.339424298618696-4.561424022933636E-16i,1.1705219241799754-2.2822909155374594E-16i
38,2.367605248446031+1.134025584836699E-15i,1.1846221537264445+5.67405327206413E-16i
38,2.3820002141993504+8.929448238904774E-16i,1.191824619316816+4.467814983643504E-16i
38,2.406329752026458+5.036136948854894E-16i,1.2039978097246484+2.519811696958147E-16i
39,6.621625445524111E-11+1.4079004436622771E-5i,3.3131047507159655E-11+7.044375564289265E-6i
39,2.5163735903335727E-9+1.0775371038627795E-5i,1.2590578197602152E-9+5.391415336386379E-6i
39,6.778147809036592E-9-9.213732090035444E-6i,3.3914201115609404E-9-4.610055312016276E-6i
39,3.2799820363284786E-8+7.2652948978423016E-6i,1.6411263603211517E-8+3.635162278419777E-6i
39,4.3735167689124524E-8+2.9543668975888515E-6i,2.1882722457843412E-8+1.478206081616395E-6i
39,7.350826008348359E-7+1.5748443157334367E-9i,3.6779574396506457E-7+7.879672788833649E-10i
39,4.868941393961851E-6+4.738641103508101E-8i,2.4361560459745705E-6+2.3709607982406784E-8i
39,7.937851661299754E-6+1.3815715728744829E-8i,3.9716734608279005E-6+6.91264007486047E-9i
39,9.550244679367137E-6+5.623388161501853E-9i,4.778428088091096E-6+2.8136405760590476E-9i
39,1.1666664721680981E-5+1.3360831424855856E-9i,5.8373706928015754E-6+6.68504046799062E-10i
39,0.4652467134825611,0.23278439854008653
39,0.5044372122788491-5.905202053786728E-16i,0.25239321344710863-2.9546450700504584E-16i
39,0.6044072358927148+1.0790597147305938E-14i,0.30241282915765416+5.399033661133298E-15i
39,0.8783692275869394+3.6846231636879176E-16i,0.43948865497490563+1.8435869876125689E-16i
39,0.934462395067917-2.2406645623188194E-16i,0.4675546549612917-1.1211078710586605E-16i
39,1.0532214740701349,0.5269753020622028
39,1.3131157029130052,0.6570123769989928
39,1.3712497068612985+8.062630778048529E-16i,0.6860995016398804+4.0341062105947956E-16i
39,1.4005881245109024+3.950303433339723E-16i,0.7007788657466337+1.9765190857501773E-16i
39,1.4065558706508672,0.7037648045089582
39,1.51090205934386-9.808139018049776E-16i,0.7559740175370889-4.907464525700197E-16i
39,1.544284928173208-3.633992330050136E-16i,0.7726770071913589-1.8182540452952967E-16i
39,1.6423712296487547,0.8217541097958947
39,1.7204207239670841,0.8608058732253452
39,1.7442624905259667+2.82903337569207E-16i,0.872735009160554+1.4154959373721486E-16i
39,1.8247787304614738-9.334965490761756E-16i,0.9130209992448212-4.670713976447877E-16i
39,1.833427669515582-1.6870163693420575E-15i,0.9173484625398325-8.4409213323608235E-16i
39,1.8525587710043947+1.8853490724024845E-15i,0.9269206353772222+9.433271362029149E-16i
39,2.008492886258287,1.0049416684750057
39,2.0132109707883257-1.2969230536536547E-15i,1.0073023438710016-6.489104474004085E-16i
39,2.102246748013607+5.313468216864075E-16i,1.0518510515766244+2.6585733271836053E-16i
39,2.1756698045403335-1.5310903733102908E-15i,1.0885879947021548-7.660751625597719E-16i
39,2.2693025929588493,1.135436799226708
39,2.2799187354061132+9.466156479366838E-16i,1.1407485451515826+4.736354881566185E-16i
39,2.2882402320767774-3.57135331259929E-16i,1.1449121739130494-1.7869128545251578E-16i
39,2.3146601009565453+3.054068045600777E-16i,1.15813125340025+1.5280911664566176E-16i
39,2.3374520735850943-1.433068516161835E-15i,1.1695351289916844-7.170303044257212E-16i
39,2.3695118414644134+1.6948907132019404E-15i,1.1855761101890763+8.480320308134337E-16i
39,2.387691193186497-7.592140388835745E-16i,1.1946720787017748-3.7986981591290123E-16i
39,2.409101004795314+3.584606098614362E-16i,1.2053843953582617+1.793543834889116E-16i
40,2.4740059732419017E-10-1.4078044288877517E-5i,1.2378593459688879E-10-7.04389515806841E-6i
40,4.789046770424981E-9-1.0767935897248011E-5i,2.3961810792576614E-9-5.387695192075851E-6i
40,6.741233053959483E-9-9.20893055454923E-6i,3.3729499562458047E-9-4.607652882256245E-6i
40,3.1639572822601976E-8+7.263045311870024E-6i,1.5830738221540902E-8+3.6340367067556565E-6i
40,4.431683345918032E-8+2.9416251895652803E-6i,2.217375668228801E-8+1.4718308171541527E-6i
40,7.387168441080283E-7+4.772191682557596E-9i,3.6961412356879317E-7+2.387747701056707E-9i
40,4.8817262198359924E-6+4.9018825807917096E-8i,2.4425528842870323E-6+2.4526380417440537E-8i
40,7.943607674734398E-6+1.355860179780697E-8i,3.974553459947814E-6+6.783994111256279E-9i
40,9.551014566113398E-6+5.847400454748319E-9i,4.77881329795498E-6+2.9257242629240786E-9i
40,1.1666725693579047E-5+1.2539309315872354E-9i,5.837401199855591E-6+6.273995049538081E-10i
40,0.46681933039305173+3.0586742152678057E-14i,0.23357125134534823+1.530395845682585E-14i
40,0.5075825539955402-6.211174477395307E-16i,0.2539669730428343-3.1077371920053305E-16i
40,0.6060360712308321-1.58172979067071E-14i,0.30322781063633303-7.914123997095566E-15i
40,0.8799910622214216+3.343150651372819E-16i,0.44030013367852383+1.6727325332044306E-16i
40,0.9277770388388477-6.408726424288367E-16i,0.4642096627588514-3.206581546635356E-16i
40,1.0598194714337779+2.356981748461397E-16i,0.5302765845932877+1.1793067264861262E-16i
40,1.3132398668709762-2.0917520250875215E-15i,0.6570745019564381-1.046600057440832E-15i
40,1.3712735576005597+2.287580275830156E-15i,0.6861114352652726+1.1445819673506375E-15i
40,1.39239819908037,0.6966810681476701
40,1.396396335134978+1.0805623738345557E-15i,0.6986815201009716+5.406552157999363E-16i
40,1.520646529212158-4.229082613696962E-16i,0.7608496254492956-2.1160051733340945E-16i
40,1.5376455019951143+9.770216172199314E-15i,0.7693549959127628+4.888489976055025E-15i
40,1.6337764048681034,0.817453722368878
40,1.7289269564769534,0.8650619338513945
40,1.7523407776630544,0.8767769489700042
40,1.8321848531643752+5.572956680561899E-15i,0.9167266241723009+2.78840737909519E-15i
40,1.8335547310370568-5.750617947573515E-16i,0.9174120372820004-2.87729950876892E-16i
40,1.8533666831893925+5.242974323476561E-16i,0.9273248711227048+2.6233019795364036E-16i
40,2.0085011927733603-6.6719310363298185E-15i,1.0049458246077825-3.3382749590367365E-15i
40,2.0132568155348705+1.3459177355290694E-14i,1.0073252821131031+6.734247474943497E-15i
40,2.0956897058472963+1.3675632864971995E-15i,1.0485702608205523+6.842550154299743E-16i
40,2.182064890948942-1.3447102208606126E-15i,1.0917877515195573-6.728205721876161E-16i
40,2.2648088783816154,1.1331883864711576
40,2.2740519565401507-1.914599564038123E-15i,1.137813124975354-9.579625068677292E-16i
40,2.284201032843731-7.086810519999754E-16i,1.1428911761568055-3.5458583084166954E-16i
40,2.3201302248573183+1.0309674323555262E-15i,1.1608682087946245+5.158405781286497E-16i
40,2.3352567675519786+1.276438964826822E-14i,1.1684367160857554+6.386613125671871E-15i
40,2.3714051122549686+1.979523785317203E-15i,1.1865234009264012+9.904470905588307E-16i
40,2.3941295648658274,1.1978934931374228
40,2.4127649682509804,1.2072176453406545
41,1.2348049220858121E-10-1.4078073766501782E-5i,6.178298798726678E-11-7.0439099070840105E-6i
41,2.7295038509408746E-9-1.0796621282402806E-5i,1.3656967235684466E-9-5.402047813892706E-6i
41,5.5703563479424055E-9-9.211112001012235E-6i,2.7871063126990368E-9-4.608744360579729E-6i
41,3.148565079465067E-8+7.267165720090073E-6i,1.5753723928563942E-8+3.6360983371153083E-6i
41,4.4210218611055187E-8+2.9524468484778833E-6i,2.2120412354263683E-8+1.4772453924497408E-6i
41,7.366391582751462E-7+6.354862945632329E-9i,3.6857456147636614E-7+3.1796311628521662E-9i
41,4.8808510009405245E-6+5.014370334604042E-8i,2.4421149718885813E-6+2.5089208554759783E-8i
41,7.936842151684109E-6+1.3144355116635129E-8i,3.971168356585596E-6+6.576727382165396E-9i
41,9.549692131919125E-6+5.579493022337266E-9i,4.778151623106772E-6+2.7916778124904994E-9i
41,1.166975403220479E-5+1.3926154924694415E-9i,5.838916417406065E-6+6.967897900567472E-10i
41,0.4687312784578936-9.471197471078932E-15i,0.23452788718482048-4.738877122325204E-15i
41,0.5113900269308878+5.505735162143336E-16i,0.2558720274398403+2.754773351641489E-16i
41,0.6080061253406331-3.69575841748427E-15i,0.30421351961127374-1.8491584688986422E-15i
41,0.8819682682019935+4.344267092272939E-16i,0.44128942106441854+2.1736372828996947E-16i
41,0.9204326435210989,0.46053492289043785
41,1.06705638864757+1.4510750966164112E-16i,0.5338975482069515+7.260398275011363E-17i
41,1.3133932859171127-8.556751479880887E-16i,0.6571512645844042-4.2813375978328747E-16i
41,1.3713020953600445-3.955165254371235E-15i,0.6861257140231549-1.9789516791502647E-15i
41,1.3829082557218826+4.76378295902873E-16i,0.6919328115928866+2.38354042867319E-16i
41,1.385836926512475,0.6933981607264825
41,1.5300040396693244-1.5276003830715147E-15i,0.7655316197127235-7.643289594054004E-16i
41,1.5306987543775112,0.7658792175373094
41,1.625015890658075,0.8130704328749698
41,1.7375781999533981-2.4730031324100046E-16i,0.8693905501552335-1.2373575784268085E-16i
41,1.7616067648297096,0.8814131499080489
41,1.8337095872173645,0.9174895189745055
41,1.8407675629361273+5.745570525417871E-16i,0.921020949901345+2.8747740505622745E-16i
41,1.854443304276752+4.064010699194065E-16i,0.9278635543310193+2.0334120776284162E-16i
41,2.0085114100301356+1.8901066181747014E-15i,1.0049509367728+9.457075558792247E-16i
41,2.013315254988053+2.322148688830705E-16i,1.00735452206809+1.1618781394580839E-16i
41,2.0888071178955037,1.0451265844864102
41,2.188737699404644-2.2684614624810515E-15i,1.0951264654919923-1.135015942836553E-15i
41,2.260355327744349-1.1929312257380309E-15i,1.1309600695880493-5.968785374203931E-16i
41,2.2675579720305197+5.261233236343696E-16i,1.1345638848745752+2.632437756161145E-16i
41,2.279805582053707,1.1406919293081617
41,2.3257689021515566-3.8322673200788797E-16i,1.163689499229275-1.9174601717693376E-16i
41,2.3328701546556974-4.113907076869742E-15i,1.167242583528751-2.058377537737995E-15i
41,2.373120463270355+1.0590523553644901E-15i,1.187381670190493+5.298927610269419E-16i
41,2.401094544483035,1.2013783938235538
41,2.4173070413453175+5.715387915778351E-16i,1.2094902540937091+2.859672298249587E-16i
42,9.593454565054897E-11-1.4079366581539931E-5i,4.800047987725677E-11-7.044556762101698E-6i
42,9.560919859488149E-11+1.076978465847761E-5i,4.783769373288311E-11+5.388620212626034E-6i
42,6.152842606652546E-9-9.188795767982598E-6i,3.0785510654770437E-9-4.597578519461586E-6i
42,3.27686652776029E-8+7.2387414629219E-6i,1.639567527626207E-8+3.6218763696793367E-6i
42,4.236067391256622E-8+2.929438061814155E-6i,2.119499979844367E-8+1.4657330347921E-6i
42,7.472615168526719E-7+5.701070715875508E-9i,3.7388941761804026E-7+2.8525087425025418E-9i
42,4.89745813654884E-6+5.190563395356521E-8i,2.4504242881331124E-6+2.5970783738111186E-8i
42,7.94587610015112E-6+1.3464755621329666E-8i,3.975688457855294E-6+6.7370385388395916E-9i
42,9.550387443496819E-6+5.594135406238648E-9i,4.778499519572713E-6+2.7990040727969116E-9i
42,1.1669230705962815E-5+1.0993864136459026E-9i,5.838654573139469E-6+5.500737515114052E-10i
42,0.4709765884536842+1.4267815848897123E-15i,0.23565131938059836+7.138846626136835E-16i
42,0.5158383963002765-1.3440095482734286E-15i,0.25809775189555123-6.724699933612548E-16i
42,0.6103050844817309+1.6158593345793E-14i,0.30536379494997046+8.084889853596483E-15i
42,0.8842978687550612+5.157495183446612E-16i,0.4424550277154043+2.5805328215327943E-16i
42,0.9126120909706175-3.495094950915474E-16i,0.4566219395872614-1.7487572774006243E-16i
42,1.0747488409995558+5.705119334611151E-16i,0.5377464370699191+2.854534453270578E-16i
42,1.313577075074203+1.002689715980938E-15i,0.6572432227802424+5.016919318135105E-16i
42,1.3713349387202403-5.04203122023924E-16i,0.6861421470717453-2.522760872909905E-16i
42,1.3723255062110875,0.6866377736949711
42,1.3750224560950774+2.9851555141443863E-16i,0.6879871821667428+1.4936110471520198E-16i
42,1.5215467289925806+1.0916339239694373E-15i,0.761300036937177+5.461948232047105E-16i
42,1.5409139090536983-2.815908122588504E-16i,0.7709903307776166-1.408928767608542E-16i
42,1.616155885251-1.1875615044137324E-15i,0.8086373633443774-5.941918180678844E-16i
42,1.746307621094345+2.7724811296779483E-16i,0.8737582823519587+1.3872002392124628E-16i
42,1.7717743473479974+4.517295642832777E-16i,0.8865004606026466+2.2602114507661044E-16i
42,1.833892021299127-1.4305249485352775E-15i,0.9175807991636302-7.157576401748293E-16i
42,1.8503428929155104,0.9258119293225401
42,1.8558686588851245-1.979916015955272E-15i,0.9285767250114366-9.906433416456753E-16i
42,2.0085235822662373+8.102225296384438E-16i,1.0049570271041826+4.053917175120081E-16i
42,2.013388073404813-3.984100017283499E-15i,1.0073909564820402-1.9934290761661686E-15i
42,2.0817105472682655+4.432320931935628E-16i,1.0415758427459831+2.2176946819334067E-16i
42,2.195565696516644,1.0985428275100122
42,2.2559812131028054-1.2897913256149162E-15i,1.1287714981990002-6.453421147847469E-16i
42,2.2606039963734283-1.9653174053389217E-15i,1.1310844899774437-9.833389831335856E-16i
42,2.2752025479839966,1.138388818966218
42,2.3303085184152925-3.56585773995685E-15i,1.1659608787166147-1.7841631659510507E-15i
42,2.33153098105205+7.422016647277414E-16i,1.1665725331816303+3.713577401242069E-16i
42,2.3745836488527567+1.583577892027214E-15i,1.1881137694528443+7.923370900947817E-16i
42,2.408437808176174-1.1388254374999734E-15i,1.205052567487959-5.698069149724774E-16i
42,2.4226602106723756-1.0139480033217525E-15i,1.212168691718243-5.073249724589898E-16i
43,1.9766131823826037E-10-1.4077955849951174E-5i,9.889907816072896E-11-7.0438509079927424E-6i
43,5.130307079243126E-9-1.077518489286197E-5i,2.566929358464611E-9-5.39132219907045E-6i
43,5.884203814386753E-9-9.201104451806983E-6i,2.944138681961148E-9-4.603737121936027E-6i
43,3.157197495586126E-8+7.254043964684573E-6i,1.579691588965587E-8+3.629532917411438E-6i
43,4.4050374307336655E-8+2.933669521377869E-6i,2.204043487345001E-8+1.4678502292632067E-6i
43,7.47103129191071E-7+5.74127729657943E-9i,3.738101689624915E-7+2.872625950072815E-9i
43,4.888810789694828E-6+5.11130534747932E-8i,2.4460976214892775E-6+2.557421915270123E-8i
43,7.944949785250223E-6+1.2830727615264591E-8i,3.975224979767614E-6+6.419805071579515E-9i
43,9.549791549112728E-6+5.72328338940625E-9i,4.778201366116118E-6+2.863622768024863E-9i
43,1.1667553985943398E-5+1.239433440326678E-9i,5.837815632745203E-6+6.201457411213516E-10i
43,0.4735483012875926+1.5565519636021945E-15i,0.23693806597742662+7.788147710518093E-16i
43,0.5209032772606552-8.904178904635204E-16i,0.26063194554780383-4.455171569710672E-16i
43,0.6129185100081903-2.804731871758795E-16i,0.30667141233162226-1.4033367736149627E-16i
43,0.8869763857948741+5.680311735233253E-16i,0.4437952133846913+2.8421220666097877E-16i
43,0.9044457310705025-5.045447281852138E-16i,0.45253593291054495-2.524470086161476E-16i
43,1.0827658074490616,0.5417576953098641
43,1.3137926653094254+7.412355445944839E-16i,0.6573510925228606+3.708743456420527E-16i
43,1.3608387601829481+2.7984021899222303E-16i,0.6808904246265002+1.400169741722904E-16i
43,1.3640371166521195+7.4794940704745265E-16i,0.6824907099491405+3.742336008236668E-16i
43,1.3713716212040958-1.1758093516396545E-15i,0.6861605010110507-5.883116737578108E-16i
43,1.512442443022187+1.3707086771548372E-15i,0.7567447425689676+6.858287995131136E-16i
43,1.5512077008940062-3.4123062914652134E-16i,0.7761407898196722-1.707334290977333E-16i
43,1.607232243645741,0.804172453687481
43,1.755078575190353,0.8781467954025478
43,1.782527863515185+1.1127648754470367E-15i,0.8918809409384066+5.567676132701626E-16i
43,1.8341018232403674+1.5384320015052968E-15i,0.9176857727556811+7.697485179089945E-16i
43,1.857771062782292,0.9295285854634269
43,1.8607442597709216,0.9310162131084639
43,2.008537766957614+1.3441040591520401E-15i,1.0049641243597998+6.725172815148204E-16i
43,2.013477764807942-9.477873761942932E-16i,1.007435833229638-4.742217578707199E-16i
43,2.0744657780825015+1.7661095230872532E-15i,1.0379509504284299+8.836660876341591E-16i
43,2.20246431782102-1.5499828622150888E-15i,1.1019945260702755-7.755279465111269E-16i
43,2.2517089359881113,1.126633880823702
43,2.2533122913473287,1.1274361134932196
43,2.2705148820344596-1.435438597630339E-15i,1.136043363389645-7.182161655466024E-16i
43,2.327587841403423-1.8888820421793072E-15i,1.1645995984679287-9.450948440033674E-16i
43,2.337386107731935-4.613025126023905E-16i,1.1695021232314997-2.3081093284327576E-16i
43,2.3757875268402024+1.866383974009555E-15i,1.1887161251602612+9.338380223742427E-16i
43,2.416058177645358+3.0937010712456095E-16i,1.2088653899585549+1.547921397965393E-16i
43,2.425295240970956,1.2134871189642915
44,1.1849919000099635E-10+1.4077943214996902E-5i,5.929061264159438E-11+7.0438445861421075E-6i
44,4.3634521753480864E-9-9.187510681597708E-6i,2.183236465215589E-9-4.5969355314457445E-6i
44,4.866112905493781E-9+1.0759282676270197E-5i,2.4347408226796257E-9+5.38336558633683E-6i
44,3.32386454694182E-8+7.229687695741032E-6i,1.6630828052427958E-8+3.6173463521926048E-6i
44,3.75887546630418E-8+2.9136252404386233E-6i,1.8807388408204284E-8+1.4578211506101114E-6i
44,7.5458256440072E-7-3.828663240869556E-10i,3.7755247551994114E-7-1.915656884638617E-10i
44,4.902896670256832E-6+4.6485873599250796E-8i,2.453145437496379E-6+2.325902754994463E-8i
44,7.95219008815635E-6+1.135367877957393E-8i,3.978847637399379E-6+5.680769383918556E-9i
44,9.551262855607637E-6+5.840145612680719E-9i,4.7789375286457185E-6+2.9220943306789518E-9i
44,1.1668290809044765E-5+1.6200964100747212E-9i,5.838184299341896E-6+8.10608989740523E-10i
44,0.4764385059501718-1.6280940073044808E-14i,0.23838416873224264-8.146105566660789E-15i
44,0.5265574089195574-6.556367315819694E-16i,0.26346096851420325-3.280453097232199E-16i
44,0.6158298878723003-2.344836357022501E-14i,0.3081281090161549-1.1732298267269123E-14i
44,0.8899998587129543+5.226633305973836E-16i,0.4453079963971046+2.6151258144595336E-16i
44,0.8960266788511543-8.003646548271566E-16i,0.44832349260658566-4.004593678740026E-16i
44,1.0910132890284123+2.1597051328297346E-16i,0.5458842909058834+1.0806001327907327E-16i
44,1.3140418684450657+1.6626186113058307E-16i,0.6574757803505512+8.318848091097562E-17i
44,1.3486144420265689+4.743544448028043E-16i,0.6747740341886296+2.373414167758037E-16i
44,1.3529334773297201-7.908724338864452E-16i,0.6769350468431664-3.957099717397386E-16i
44,1.3714115785238512+4.287350180485573E-16i,0.6861804935018668+2.1451591256269559E-16i
44,1.5028397217682203+4.2912784636538476E-15i,0.7519400580291884+2.1471246269580175E-15i
44,1.5615273293969458-4.993890841580288E-16i,0.7813041761362184-2.4986740201351E-16i
44,1.5982662539648969-5.94381703943732E-16i,0.7996863553343111-2.9739659291749027E-16i
44,1.7638688069992958-2.6917218443884586E-16i,0.8825449539824459-1.3467926423228058E-16i
44,1.7934968811436303,0.897369246599074
44,1.8343388158556775+2.2066118176376613E-16i,0.9178043510966231+1.1040697116057842E-16i
44,1.8603563881646938-6.251958357869729E-16i,0.9308221430463872-3.1281432492890106E-16i
44,1.8718251984736702,0.9365605180469567
44,2.0085540378514204+2.8417283379108333E-15i,1.0049722654387558+1.4218478127512633E-15i
44,2.0135878406829333+3.4206587598586824E-15i,1.0074909092691051+1.7115134163208411E-15i
44,2.067113605903247+1.783372652234717E-15i,1.0342723194373589+8.92303627715703E-16i
44,2.2093584020906434,1.1054439545427006
44,2.245771380617311+2.4851461483754136E-15i,1.123663047896277+1.243433289627026E-15i
44,2.2475528403179332-5.235972681644979E-16i,1.1245543943860319-2.619798735052724E-16i
44,2.265855127726825,1.1337118732954372
44,2.324727891230612+4.43774348068308E-15i,1.1631686334303708+2.2204078332833244E-15i
44,2.343309172591273+9.782935559365717E-16i,1.1724657058874073+4.894854072362478E-16i
44,2.3767606863271764+1.3006047039800853E-15i,1.189203041755895+6.507525469403662E-16i
44,2.4235499243590115+8.778612499251245E-16i,1.2126138565295452+4.392344903111895E-16i
44,2.4238850524964386,1.2127815366004497
45,7.932682699716266E-11+1.4080410853662526E-5i,3.969087190837336E-11+7.0450792596302695E-6i
45,1.340389834396529E-9+1.0829233884596022E-5i,6.706588834849186E-10+5.4183654036066616E-6i
45,3.777302342895784E-9-9.242519117663031E-6i,1.889958657446838E-9-4.624458790252337E-6i
45,3.4858366842132264E-8+7.305172527432586E-6i,1.744124939367167E-8+3.655114896569172E-6i
45,4.135123420478105E-8+2.978515747461621E-6i,2.0689930534266997E-8+1.4902888655032247E-6i
45,7.32253726029819E-7-1.2948016346782049E-9i,3.6638032736791813E-7-6.478490035987854E-10i
45,4.862126246316194E-6+4.9468151345357854E-8i,2.4327461131374733E-6+2.4751198716959307E-8i
45,7.938927986067839E-6+9.281387571417656E-9i,3.972211995774009E-6+4.643906471164955E-9i
45,9.549692420871824E-6+6.053888094744934E-9i,4.77815176768314E-6+3.0290395571316878E-9i
45,1.1668494052239673E-5+1.6394619000531216E-9i,5.838285991290517E-6+8.20298437954594E-10i
45,0.4796383759398856,0.23998521133904854
45,0.532770916584569-6.711048159467081E-16i,0.26656987310763286-3.357847060715791E-16i
45,0.61902068089742+9.47068601786523E-15i,0.30972460999873785+4.738621218682507E-15i
45,0.8874224530308034-5.931864002606778E-16i,0.4440184014056167-2.967985273302028E-16i
45,0.8933638651875287+7.659615779613907E-16i,0.44699116406100287+3.832459210638601E-16i
45,1.099422613891239,0.5500918641645276
45,1.3143269591455358-9.492548078596317E-16i,0.6576184243828788-4.749559816442905E-16i
45,1.335796423288709-2.923941918544961E-16i,0.6683605879548389-1.462983060707098E-16i
45,1.3417466152465494-2.2716257761220083E-16i,0.6713377435498473-1.1365991949614063E-16i
45,1.3714541284463142-6.684036592079172E-16i,0.6862017831914474-3.3443319271623433E-16i
45,1.4928670849975783-1.0419724944309153E-15i,0.74695028768748-5.213469184893146E-16i
45,1.5718372958278033-8.308980802667104E-16i,0.7864627280722668-4.157366495190701E-16i
45,1.5892715947515024,0.7951859122911136
45,1.7726634644103396,0.8869453268952847
45,1.8042193715808632-3.406117194709061E-16i,0.9027342033305236-1.704237600287994E-16i
45,1.8346028875732365+1.0693669109920042E-15i,0.9179364783619254+5.35053609149836E-16i
45,1.8639451409285146-7.297016451900508E-16i,0.9326177616492178-3.6510340356363337E-16i
45,1.88345858478282,0.9423812380144099
45,2.008572488838223-3.748078178270401E-16i,1.0049814973188331-1.8753364594000562E-16i
45,2.0137233225795623,1.0075586971135022
45,2.0596806275047976+1.5126103793197338E-15i,1.0305532573662+7.568287688476808E-16i
45,2.216152492512027-2.31787171294953E-15i,1.1088433514788554-1.1597381710731012E-15i
45,2.2380457148868373,1.1197975408474938
45,2.2435230907232295,1.1225381247198833
45,2.261351114981861-1.3406444567007626E-15i,1.131458307891385-6.707862827727121E-16i
45,2.321752030677194+8.430799551760236E-16i,1.1616796730809658+4.2183180364198336E-16i
45,2.3492753109599547,1.1754508402075716
45,2.3775436094350804+1.0370809795164063E-15i,1.1895947743130417+5.188994678694049E-16i
45,2.4207348054173816+6.299176357589535E-16i,1.2112053226255852+3.151768593319416E-16i
45,2.4318679203810007+5.297072334295323E-16i,1.2167757337549503+2.650369710582574E-16i
46,2.1543734379257622E-10+1.4079412903029047E-5i,1.0779324398109586E-10+7.044579938880106E-6i
46,4.625820691005721E-9-9.205677476164738E-6i,2.314511540016321E-9-4.606025217034348E-6i
46,6.807265820297949E-9+1.0787767513567799E-5i,3.4059891961814873E-9+5.397617864806892E-6i
46,3.4984484195571695E-8+7.255105685019346E-6i,1.7504351725004886E-8+3.6300641450856706E-6i
46,3.933001715505629E-8+2.9259126728798407E-6i,1.967862237968122E-8+1.463969120036956E-6i
46,7.452568879631156E-7-2.217868177622428E-9i,3.728864092854108E-7-1.1097017879060993E-9i
46,4.900219423977982E-6+4.976209471054163E-8i,2.4518058876474375E-6+2.489827214592985E-8i
46,7.953693411968218E-6+9.410233861792962E-9i,3.979599819670022E-6+4.708374215567972E-9i
46,9.552256046277423E-6+5.968724303937316E-9i,4.779434467766407E-6+2.986428182895106E-9i
46,1.166809764874993E-5+8.897465774814837E-10i,5.838087652333433E-6+4.451812681098954E-10i
46,0.48313820106396305+1.2180346773900148E-14i,0.24173633534034555+6.0943895262535995E-15i
46,0.5395115462121216-8.968326075024083E-16i,0.2699425211418035-4.487267358986103E-16i
46,0.6224703825962448+1.0597657736771223E-14i,0.31145065493754587+5.302497171278684E-15i
46,0.8786831243616522,0.4396457120153697
46,0.8970635436649508+6.4143910111219E-16i,0.4488422839167709+3.2094158008080544E-16i
46,1.1079422179954896+4.682458330006589E-16i,0.5543546152162488+2.3428499642275464E-16i
46,1.3146507777593246-1.1012915791842544E-15i,0.6577804457772539-5.510269937399097E-16i
46,1.3225079706380518,0.6617117619273389
46,1.3305014148362801-2.639466549585762E-16i,0.6657112508995874-1.3206469071275445E-16i
46,1.3714984385111775+1.3875296043573555E-14i,0.6862239535614888+6.9424508555716675E-15i
46,1.4826350836672322+3.353049780057493E-15i,0.741830745288745+1.6776855240588604E-15i
46,1.580257707445074-2.3327755615518926E-15i,0.7906758485457334-1.167195254234127E-15i
46,1.5821120311227688-8.46550831702248E-16i,0.7916036522453653-4.2356844332400513E-16i
46,1.7814516891099468+4.2852664329970217E-16i,0.8913424812257685+2.144116530608496E-16i
46,1.814125756455614+2.4212988865146844E-16i,0.90769082479167+1.2114875584268455E-16i
46,1.8348940331612478+3.8007123058064556E-16i,0.9180821519338793+1.9016717420922187E-16i
46,1.8689865665820047+1.647183667959001E-15i,0.9351402195291407+8.241619947418761E-16i
46,1.8955338021510575+2.4706462690088494E-15i,0.9484230264480455+1.2361783309149404E-15i
46,2.0085932388637557-1.6290626577719616E-15i,1.0049918795140715-8.150952171912016E-16i
46,2.0138915568537823-1.2771502297427408E-15i,1.0076428724836943-6.390171912243739E-16i
46,2.05218507204246+1.7148870724974745E-15i,1.0268028851024964+8.580371320569417E-16i
46,2.2226732642037796-1.2482796047007605E-15i,1.1121059944428855-6.24571885344474E-16i
46,2.2301829359587213-1.7536224760128136E-15i,1.1158634297391434-8.774182417955358E-16i
46,2.239627563097249+8.735808699264272E-16i,1.120589012498064+4.3709281868913485E-16i
46,2.2572029860477-3.7187724146524996E-16i,1.129382807579352-1.860673433612112E-16i
46,2.318685872140378+5.688078875296139E-15i,1.1601455324838648+2.846008325180818E-15i
46,2.3552562778729915-7.898134937283615E-16i,1.1784433939327077-3.951801351161884E-16i
46,2.378175833589455+1.0983471711056823E-15i,1.1899111052300664+5.495537705149751E-16i
46,2.416640864826866+8.308673580401449E-16i,1.2091569352422797+4.1572127777150994E-16i
46,2.4366685779882777+3.7327641428437386E-16i,1.2191777242716415+1.8676741408436658E-16i
47,1.2731064902731953E-10-1.4077913735543872E-5i,6.369939217783099E-11-7.043829836211492E-6i
47,1.1561871742136586E-9-1.0788523819516687E-5i,5.784937929694308E-10-5.397996279571192E-6i
47,5.109169186325479E-9-9.210332885225624E-6i,2.5563530952764057E-9-4.608354533001105E-6i
47,3.726551115291615E-8+7.26046758795818E-6i,1.864565476472868E-8+3.6327469525391695E-6i
47,4.5240898973474295E-8+2.9360915395144404E-6i,2.2636109298056935E-8+1.4690620766956255E-6i
47,7.435043768318026E-7-2.11826011971098E-9i,3.7200954710064917E-7-1.0598632803385835E-9i
47,4.891390362887254E-6+5.422772438512058E-8i,2.447388300986171E-6+2.7132632728766267E-8i
47,7.950220124508287E-6+1.0266512918003163E-8i,3.97786197368662E-6+5.136810138500797E-9i
47,9.548965933463522E-6+5.9101654084141865E-9i,4.777788272510606E-6+2.9571284653936422E-9i
47,1.1667614984880073E-5+1.4362493588098938E-9i,5.837846153327883E-6+7.186218267755224E-10i
47,0.48692741104291476+1.161992542150315E-14i,0.2436322519375628+5.8139848642405555E-15i
47,0.5467448560023502-2.2702992701270216E-16i,0.27356167979500184-1.1359354828034174E-16i
47,0.6261565716561229+2.604653667108271E-14i,0.31329502541527726+1.3032284156602786E-14i
47,0.8698468594398227+4.453719349072704E-15i,0.4352245209449978+2.2284012974099088E-15i
47,0.9010936171300582+7.40258355340067E-16i,0.4508587156302269+3.7038541276782235E-16i
47,1.1165320125021116-5.734041917500044E-16i,0.5586524857650579-2.8690057560587686E-16i
47,1.3088546246409558+1.6590331135648184E-16i,0.6548803629214159+8.300908191450324E-17i
47,1.3150168588277924,0.6579636130278129
47,1.3192165524803412-5.065995168678362E-16i,0.6600649135477957-2.534751142077611E-16i
47,1.3715434731060012+4.643773146220646E-16i,0.6862464864473014+2.3234939817368483E-16i
47,1.4722390366777627+1.722316039245891E-16i,0.7366291232772253+8.617541869144807E-17i
47,1.5712315659707328-3.063198516710066E-16i,0.7861596534747045-1.5326595624580717E-16i
47,1.5923318210737205-4.561038941135002E-16i,0.7967170847275219-2.282098241344852E-16i
47,1.7902248002709116,0.8957320735554886
47,1.822630505817063,0.9119461433301284
47,1.8352124041349949,0.9182414476225723
47,1.8759642930674485-1.9997480538288265E-15i,0.9386314980616264-1.0005662252995168E-15i
47,1.9079526440671841-6.78887914884699E-16i,0.954636746098788-3.39678949604212E-16i
47,2.0086164381387155+2.549495101188122E-15i,1.0050034871818132+1.2756300399599055E-15i
47,2.014103617776525+8.870675287661201E-16i,1.0077489763484266+4.4384081641879733E-16i
47,2.04464010563724+8.065291287493803E-16i,1.0230277902641098+4.0354373862336136E-16i
47,2.222219043547916-1.0988330088659586E-15i,1.1118787268897452-5.497968575643546E-16i
47,2.228510580916189-2.632447774534574E-15i,1.1150266733442251-1.317135090103521E-15i
47,2.235872855408454+6.603233292046402E-16i,1.1187103589886445+3.303902307665659E-16i
47,2.253842712021609-1.1940584532520174E-15i,1.1277015074316556-5.974425413590711E-16i
47,2.3155559163813058+1.4817743556910069E-15i,1.158579471192687+7.414000833658431E-16i
47,2.3612166796961462+2.745582893573221E-16i,1.1814256579944447+1.3737418105294135E-16i
47,2.378691019883811,1.1901688767052692
47,2.4115280062802857+1.7368651825262727E-15i,1.2065987361898305+8.69033794635824E-16i
47,2.434672308230268+6.273445724589944E-16i,1.2181788983982385+3.13889437034634E-16i
48,7.540910197945762E-11-1.4080621383015034E-5i,3.773065330722443E-11-7.045184597179744E-6i
48,2.845726115123175E-9+1.0806610816301006E-5i,1.4238480851592212E-9+5.4070460386470125E-6i
48,4.320710125213293E-9-9.217294723482258E-6i,2.161850645295399E-9-4.611837861919591E-6i
48,3.775415601514835E-8+7.268247914217293E-6i,1.889014633674424E-8+3.6366398087726203E-6i
48,4.543719069759404E-8+2.945811302822965E-6i,2.2734323105083272E-8+1.4739253227759475E-6i
48,7.373529675529212E-7-5.036182070226454E-9i,3.6893171319519374E-7-2.519834273262365E-9i
48,4.889973127975257E-6+5.094750337776391E-8i,2.4466791929645157E-6+2.549138680021292E-8i
48,7.948332475452325E-6+9.688105835881157E-9i,3.976917495762514E-6+4.847406385994452E-9i
48,9.5490342895054E-6+6.006194352027448E-9i,4.777822474192495E-6+3.00517617692743E-9i
48,1.1668346654293245E-5+1.2432387503357976E-9i,5.838212241296566E-6+6.220497133065624E-10i
48,0.49099458675358615+5.1785232053072635E-15i,0.2456672476164758+2.591054111161427E-15i
48,0.5544343512694327-9.493931288098085E-16i,0.27740908909194406-4.750251899981795E-16i
48,0.63005496671695+2.7361566906477626E-14i,0.31524557234706185+1.3690254462544365E-14i
48,0.8609436820927603-1.8085725607883037E-16i,0.4307698505007555-9.04912304759333E-17i
48,0.9054484177462129+1.0751097432290133E-15i,0.45303762332117087+5.37927013108355E-16i
48,1.1251595118160254+1.3543071194694108E-15i,0.5629692217687604+6.776223433893445E-16i
48,1.294927303623834+2.9523839791108413E-16i,0.6479118815710003+1.4772139360044416E-16i
48,1.30790678242535-1.022196303172122E-15i,0.6544061137248572-5.114519774737572E-16i
48,1.315429591314427,0.6581701221355076
48,1.371587904046736+2.844229757562395E-16i,0.6862687172971189+1.423099388425439E-16i
48,1.4617618646665713-1.5228144477225676E-15i,0.7313869106740026-7.619343351138777E-16i
48,1.5621986714986447,0.7816400795673007
48,1.6024804087662008+3.6879918957001075E-16i,0.8017948914342939+1.8452725196809857E-16i
48,1.7989752404993298-4.0767847246111885E-16i,0.9001103225715553-2.0398035119738677E-16i
48,1.829382488466271-3.7694364058565206E-16i,0.9153244718048932-1.886022966189757E-16i
48,1.835558370992244+6.875965067484594E-16i,0.9184145508051327+3.440362599524398E-16i
48,1.885143017759949+6.49333983273733E-16i,0.9432240375573169+3.248917539181721E-16i
48,1.9206240046334728-6.141443639289632E-16i,0.9609768124821236-3.072847636125138E-16i
48,2.008642275978268-1.9666847376109215E-15i,1.0050164150451715-9.84023122561803E-16i
48,2.014376844030718-3.130872554615758E-15i,1.0078856840508232-1.566520006291698E-15i
48,2.037055799735964+1.862336683629247E-15i,1.0192330120606123+9.318129762436752E-16i
48,2.214182004673058,1.1078574254891984
48,2.2322648816704773,1.116905123245534
48,2.2326256509278086-2.8959187244147454E-15i,1.1170856327518794-1.4489617636151867E-15i
48,2.2523267480022593-3.0544082122185807E-16i,1.1269430006819545-1.528261367511744E-16i
48,2.3123884959844334-1.113538959541027E-15i,1.1569946646144948-5.571549232607915E-16i
48,2.3671088653841865+4.659303145490772E-16i,1.1843737903761007+2.3312643569692997E-16i
48,2.379116114876693+7.788782431194381E-16i,1.19038157134528+3.8970872465349246E-16i
48,2.4058596779874297+6.732904475330419E-16i,1.2037626099923915+3.368782784053769E-16i
48,2.4334376354690157+6.307389185942951E-16i,1.217561134644529+3.1558778503075036E-16i
49,2.6612792424362904E-11+1.4079665554183538E-5i,1.3315608038593268E-11+7.04470635191073E-6i
49,1.4796045151924583E-9+1.0787754475708592E-5i,7.403144120419091E-10+5.397611341364328E-6i
49,4.437876124328319E-9-9.204460088083729E-6i,2.220474201019586E-9-4.605416101603728E-6i
49,3.7999189620303356E-8+7.25372333959088E-6i,1.9012747955939247E-8+3.629372493882524E-6i
49,4.484914993362555E-8+2.9227280189003306E-6i,2.24400991770241E-8+1.4623756907021641E-6i
49,7.548228030781269E-7-2.6534254170758966E-9i,3.776726780155324E-7-1.327631172634051E-9i
49,4.910602390733298E-6+5.330984491651744E-8i,2.457000965014252E-6+2.6673375277097915E-8i
49,7.96127211981418E-6+1.0638164393166206E-8i,3.983391796908136E-6+5.322764520563525E-9i
49,9.550369181178788E-6+6.180107455073287E-9i,4.7784903820923276E-6+3.0921929272183127E-9i
49,1.1669621896882025E-5+9.592395691341192E-10i,5.838850304006993E-6+4.799518184347315E-10i
49,0.4953274541612516-8.352302334699753E-16i,0.24783518111115302-4.179042256643303E-16i
49,0.5625415498519997-8.028049815213281E-16i,0.28146549463162257-4.0168037592259643E-16i
49,0.6341394817136405-2.371712978606095E-15i,0.31728924367085337-1.1866774406676842E-15i
49,0.8519980562213644-5.085143982345029E-16i,0.42629394110109553-2.544332177134871E-16i
49,0.9101219119047158+8.977764047535064E-16i,0.4553759880967631+4.491989612127799E-16i
49,1.1337971137308023+4.218439425732547E-16i,0.5672910125698369+2.1106798952890337E-16i
49,1.2808052709857654-3.0514356983315554E-16i,0.6408459770120861-1.5267740816539599E-16i
49,1.2965843070907572-2.1617546218383118E-16i,0.648740956864277-1.0816255867108796E-16i
49,1.3158944180548047,0.6584026964021246
49,1.371629953459743-1.067868211673367E-15i,0.6862897565587238-5.34303740726543E-16i
49,1.4512767581181707-3.7723721007188475E-16i,0.7261407280556924-1.8874918297905515E-16i
49,1.5531636484208298-1.2877662139412103E-15i,0.7771194406202322-6.443288579700745E-16i
49,1.6125434860321572-1.6011118559323844E-15i,0.8068299133289857-8.011101413026797E-16i
49,1.8076959044005794+3.5252891437556485E-16i,0.9044736731171765+1.7638648253230815E-16i
49,1.8344549454290477+3.476122592493564E-16i,0.9178624560807236+1.739264531044455E-16i
49,1.8359325999480043-5.353419186190939E-16i,0.9186017948196703-2.6785626405873123E-16i
49,1.89637573165628-1.1313061276836377E-15i,0.948844282628491-5.660446573093765E-16i
49,1.933456456118664,0.9673974800853715
49,2.0086709906946116-7.260402224218048E-16i,1.0050307823427356-3.6327142480439156E-16i
49,2.0147396950185756+1.0147910315895156E-15i,1.008067235143008+5.077467784010341E-16i
49,2.0294403670958747+4.802132830443875E-16i,1.0154226597134115+2.402728638912528E-16i
49,2.206094281936986,1.1038107646141913
49,2.228809261941261,1.1151761172430465
49,2.2335348207161703-2.855192170400462E-16i,1.117540532348634-1.4285843894047173E-16i
49,2.2541529839827406,1.127856750810626
49,2.3092090512207353+1.6766320137819518E-15i,1.1554038416907415+8.388963609861486E-16i
49,2.372864923900517,1.1872538120524616
49,2.379472141418004+1.4161729404807985E-15i,1.1905597078519585+7.085766683033759E-16i
49,2.3999805729333614+1.0216462486150541E-15i,1.2008210224554887+5.111767597978002E-16i
49,2.4326264780940665+6.26602306063685E-16i,1.2171552751807717+3.135180469068129E-16i
50,1.1528012145819629E-10+1.4077913735440216E-5i,5.7679964112804475E-11+7.043829836159627E-6i
50,2.874270257398765E-9+1.0745911089924043E-5i,1.4381300366462678E-9+5.376675164685451E-6i
50,4.976789677629859E-9-9.17853690477965E-6i,2.4901175187151596E-9-4.592445536828507E-6i
50,3.8340547154117966E-8+7.217738509212391E-6i,1.918354488129816E-8+3.611367622803435E-6i
50,4.374417621225971E-8+2.8891292060055416E-6i,2.18872298376464E-8+1.4455646542676909E-6i
50,7.604687457159501E-7-4.9926512539032975E-9i,3.804976036368217E-7-2.498053797222259E-9i
50,4.929357703847079E-6+5.6984994004845E-8i,2.4663851135876866E-6+2.851222194764736E-8i
50,7.970241740687877E-6+1.1425831816814105E-8i,3.987879712114645E-6+5.7168708777927816E-9i
50,9.549835273612584E-6+6.152737164279643E-9i,4.7782232435009675E-6+3.0784983077924743E-9i
50,1.1667274489193867E-5+1.060388288492571E-9i,5.83767578762465E-6+5.305611900146123E-10i
50,0.49991285491379367-5.840068171296676E-15i,0.250129468690867-2.922055583181153E-15i
50,0.5710259662199686-3.503862530551382E-16i,0.28571063963522153-1.7531441020531185E-16i
50,0.6383822828606284+7.568551288990682E-16i,0.3194121128594044+3.7868954440094764E-16i
50,0.8430307004131965+4.903160596035475E-16i,0.4218071592113884+2.453277491741707E-16i
50,0.9151077251708164+8.200791623399268E-16i,0.45787062053316385+4.103234456651642E-16i
50,1.1424201161433685+1.3117086045539183E-15i,0.5716054985662956+6.563083407624876E-16i
50,1.266558817938724+2.380463629836144E-16i,0.6337178191814571+1.1910557952576033E-16i
50,1.2852596312301412,0.6430746989789888
50,1.3164180835162096,0.6586647103958547
50,1.3716671034562036,0.6863083444161578
50,1.4408496337474794-3.7221646715834805E-16i,0.7209235565963501-1.8623707362829055E-16i
50,1.5441306249341664+9.722861223160356E-16i,0.7725998021608834+4.864796109961023E-16i
50,1.622507667946981-6.612279724795239E-16i,0.8118154533161975-3.308428655397614E-16i
50,1.8163796615923955+3.7252035529176644E-16i,0.9088185575330894+1.863891228836883E-16i
50,1.836336147450178-7.096196318311477E-16i,0.9188037082558183-3.5505544563990383E-16i
50,1.8382149706679507+6.056666641185175E-16i,0.9197437702058289+3.0304297921256446E-16i
50,1.9092317466721487+4.53957066197819E-16i,0.9552767401534241+2.271356670676247E-16i
50,1.9463460492758085,0.9738467383037743
50,2.0087028820790427-7.513695618031762E-16i,1.0050467390739242-3.759448620634627E-16i
50,2.0152416905048525-6.828704734246166E-16i,1.0083184066482682-3.4167160740812393E-16i
50,2.021800985195941+1.4325861013512102E-15i,1.0116003244464247+7.167889300359968E-16i
50,2.197974635407902-3.919475284507395E-15i,1.0997481307924875-1.961094340392343E-15i
50,2.225511616707712-4.0806846162811254E-16i,1.1135261531701266-2.041754807728248E-16i
50,2.2316503837501203-5.623732342876763E-16i,1.1165976615813265-2.813812785882407E-16i
50,2.2589205282700298-1.4643724805232095E-15i,1.1302421732053862-7.326931222481969E-16i
50,2.306041679681778-9.736965575731068E-16i,1.1538190595584183-4.871853168366431E-16i
50,2.3783832379809637,1.190014879217357
50,2.3797754152672943+7.694486194445232E-16i,1.1907114497526623+3.849906488197194E-16i
50,2.3940871067209915+3.403463548589916E-16i,1.1978722493684237+1.7029098586879307E-16i
50,2.4320477906233546-4.4235848379413714E-16i,1.2168657311369158-2.2133236110002663E-16i
51,2.1978526944407172E-11-1.4078385400057238E-5i,1.0996871180999074E-11-7.04406583173145E-6i
51,7.165197414426913E-10+1.0767775183642642E-5i,3.585078888689177E-10+5.38761477964331E-6i
51,4.416830967932017E-9-9.21114355805871E-6i,2.209944338192132E-9-4.608760150026211E-6i
51,3.794582334265766E-8+7.259050130819985E-6i,1.8986046344763777E-8+3.632037733327493E-6i
51,4.6867122050662024E-8+2.9234695586728452E-6i,2.3449783742055653E-8+1.4627467172670726E-6i
51,7.563245639969111E-7-4.848445015775702E-9i,3.7842407829864973E-7-2.4259007622078176E-9i
51,4.9004906432730055E-6+5.6896536878058786E-8i,2.451941591175555E-6+2.8467962765456953E-8i
51,7.966185237208794E-6+1.0367018925059811E-8i,3.985850056245642E-6+5.187097931459542E-9i
51,9.54830837908039E-6+6.806580747338424E-9i,4.7774592677113266E-6+3.4056464225686538E-9i
51,1.1669332425502283E-5+1.92529178766301E-9i,5.838705468118689E-6+9.633123197163669E-10i
51,0.5047366860593816+2.2625629393325224E-15i,0.252543053998067+1.1320646395309863E-15i
51,0.5798450029615845-6.930213336702585E-16i,0.2901232106520761-3.467505511781046E-16i
51,0.6427538492915222-3.840574357041604E-15i,0.321599409261084-1.9216165656717108E-15i
51,0.8340599066817663-3.8238155823562146E-15i,0.41731865717003774-1.913231377399868E-15i
51,0.9203991665402476+9.561549527812808E-16i,0.4605181728121963+4.784084425405796E-16i
51,1.151005192657465-2.3882723148146485E-15i,0.5759010084857429-1.1949628406669165E-15i
51,1.252251632553695-3.7634121091250726E-16i,0.6265592741597731-1.8830087325571109E-16i
51,1.2739421135519+2.967439698733526E-16i,0.6374120226626415+1.4847470072446882E-16i
51,1.3170089405044636+2.9888868729527006E-15i,0.6589603434108724+1.4954780181391522E-15i
51,1.371695523869779-5.705616570400311E-15i,0.686322564460467-2.8547832432797445E-15i
51,1.4305415115153315-4.2465548343808623E-16i,0.7157659273980125-2.1247473315593862E-16i
51,1.53510349346993-6.372755959966902E-16i,0.7680831117522292-3.1885838635574854E-16i
51,1.6323597285625873-1.0240646025430044E-15i,0.8167448938438208-5.123867738575687E-16i
51,1.825018972534421-3.012293742556938E-16i,0.9131412034393578-1.50718955506059E-16i
51,1.8367705764330384+7.223771797646235E-16i,0.9190210731217119+3.614386355399692E-16i
51,1.8410624282597003-7.73782484015449E-16i,0.9211684846286394-3.8715908124118767E-16i
51,1.923255627033727-3.7711403673314885E-16i,0.9622935345993895-1.8868755367412318E-16i
51,1.9591524485534408+1.7441373987782935E-15i,0.9802543707854589+8.7267241998711E-16i
51,2.0087383271459074,1.0050644738764112
51,2.0141443846906992+6.472893966560805E-16i,1.0077693739166877+3.238687528904148E-16i
51,2.0159753205969344+3.1305813933344664E-15i,1.0086854756350814+1.566374324867672E-15i
51,2.189839446840458-2.391781897387733E-15i,1.0956777205718387-1.1967188467701878E-15i
51,2.222377828691939-1.5152322682033328E-15i,1.1119581744240905-7.581406208374326E-16i
51,2.2285511682103674,1.1150469810403136
51,2.265059549866116-1.3868163511935195E-15i,1.1333138089815369-6.938882120878035E-16i
51,2.3029088880371926-1.2041960759789823E-14i,1.152251579342863-6.025148617876415E-15i
51,2.3800387129586,1.1908431897369145
51,2.383505325750231-5.023875354038267E-16i,1.1925776960757788-2.5136766552871056E-16i
51,2.388287365788987+1.3364519948812243E-15i,1.1949703713638722+6.686886006724813E-16i
51,2.4315973180807036+3.2956591442083296E-16i,1.2166403389377645+1.6489703407790512E-16i
52,2.966015501037605E-11+1.407812009041284E-5i,1.4840344154209532E-11+7.043933085074228E-6i
52,1.4414982948738154E-9+1.0760521426350602E-5i,7.212481116888948E-10+5.383985390161451E-6i
52,4.597542046835703E-9-9.197281934036962E-6i,2.300362429482317E-9-4.601824539914023E-6i
52,3.9972664742760176E-8+7.243444584912648E-6i,2.0000168621366804E-8+3.6242295586265124E-6i
52,5.031324998351536E-8+2.9006023996735692E-6i,2.5174040560844606E-8+1.4513052224650542E-6i
52,7.65913394673832E-7-5.9436699209870784E-9i,3.832218127417828E-7-2.97389231902579E-9i
52,4.918028632225924E-6+6.016529571954175E-8i,2.4607166563005682E-6+3.0103473643527296E-8i
52,7.97498507899697E-6+1.0659754955707632E-8i,3.990253023141581E-6+5.33356727525195E-9i
52,9.548469750515896E-6+6.713218866136918E-9i,4.7775400092866395E-6+3.358933165425188E-9i
52,1.1667909708801209E-5+1.509882333916972E-9i,5.837993617305014E-6+7.554638018530332E-10i
52,0.5097837992029955+3.644141929490503E-16i,0.2550683575917354+1.8233323582262214E-16i
52,0.588953738476441+6.805043551924034E-16i,0.2946807313326946+3.404877292772339E-16i
52,0.6472230404332394-1.4222673683639728E-14i,0.3238355518102657-7.116259917872782E-15i
52,0.8251025451477358+3.440213070228308E-15i,0.4128368758768453+1.7212973400893431E-15i
52,0.9259892513103991+8.27528894144533E-16i,0.4633151501648513+4.1405089023847273E-16i
52,1.1595291408593076+1.7362711159012658E-16i,0.5801659330899382+8.687365556914372E-17i
52,1.2379428853412735+3.6541527497232813E-16i,0.6193999476837773+1.8283412335159283E-16i
52,1.262640335052824-3.389126271642884E-16i,0.6317572213838801-1.6957362574692676E-16i
52,1.3176773275548361+5.643635408525231E-15i,0.6592947682934219+2.8237712080094577E-15i
52,1.371708845909753+4.981159595818665E-15i,0.6863292300917823+2.492303990425268E-15i
52,1.4204112110840197,0.7106972706518286
52,1.5260861034357704+5.151760123381105E-15i,0.7635712954305394+2.5776633063503074E-15i
52,1.6420859683752103,0.8216113804179873
52,1.8336055361407282-5.556648061907688E-15i,0.9174374574196567-2.7802474246572043E-15i
52,1.8372380989338-5.140879480311959E-16i,0.919254996201639-2.572219218559507E-16i
52,1.8433011027219688+1.0282859851160347E-15i,0.922288596760814+5.144989263452558E-16i
52,1.9380941970468384-1.89275158840685E-15i,0.9697179558700764-9.47030956532694E-16i
52,1.9716454525507703+9.821040921307245E-16i,0.986505197147473+4.913919943229815E-16i
52,2.006477307161316+2.511298373551568E-15i,1.0039331812483334+1.2565184546194794E-15i
52,2.00877779996389+1.8935010267951787E-15i,1.0050842239486342+9.474059351395585E-16i
52,2.0171278245009154+2.0562869667461956E-15i,1.0092621265179968+1.028855252295671E-15i
52,2.1817037383397593-2.2862654391472674E-15i,1.0916070502045914-1.143924093887946E-15i
52,2.219414316723625+7.127594297058822E-16i,1.110475392641611+3.5662643139569018E-16i
52,2.2250605215897035-1.0213702171776312E-15i,1.1133004494677965-5.110386485327949E-16i
52,2.271753572828717-1.6630458907119503E-15i,1.13666313755067-8.320985967125047E-16i
52,2.2998314839406913+3.1072194537967557E-15i,1.15071181207335+1.5546852685317166E-15i
52,2.380272255407616-1.656743040394544E-15i,1.1909600418004591-8.289449898675623E-16i
52,2.3826440104091575+1.1781135769693953E-15i,1.1921467402671406+5.894645840136822E-16i
52,2.387977196593682+1.6904373340511747E-15i,1.1948151794033868+8.458037997329346E-16i
52,2.4312140997087783,1.2164485971035226
53,4.576243164403998E-11-1.4079476065074593E-5i,2.2897056158117215E-11-7.044611541765967E-6i
53,3.561176181632463E-10+1.0763413539532238E-5i,1.7818207663011634E-10+5.385432447836415E-6i
53,3.84863607320469E-9-9.18666506620307E-6i,1.925650214258237E-9-4.596512431044748E-6i
53,3.943320890335795E-8+7.228693695069591E-6i,1.9730253972912462E-8+3.6168490077907114E-6i
53,5.126465661564279E-8+2.882843533778603E-6i,2.565007319946127E-8+1.442419642414054E-6i
53,7.663009252854941E-7-6.019527876336301E-9i,3.8341571218854375E-7-3.0118475543852576E-9i
53,4.932623679968605E-6+5.866151218919305E-8i,2.4680192321425597E-6+2.9351061354515322E-8i
53,7.976219594909205E-6+1.1058076772879358E-8i,3.990870708416489E-6+5.5328660600658055E-9i
53,9.54714075793793E-6+6.487178312061156E-9i,4.776875052976447E-6+3.245834646077632E-9i
53,1.1668361851073391E-5+6.81910434116894E-10i,5.8382198449468954E-6+3.411912554435712E-10i
53,0.5150378463604565-1.2938720291644747E-15i,0.2576971998210457-6.473838790656675E-16i
53,0.5983045995684777+4.4404298615060483E-16i,0.29935939861192784+2.221751953566181E-16i
53,0.65175717435499-2.2915597202600738E-15i,0.32610418822893966-1.1465730670216228E-15i
53,0.8161748796672871+5.418488437896913E-15i,0.4083699528895189+2.711119789693098E-15i
53,0.9318707216989741+1.268691018010299E-15i,0.46625792118775083+6.347846572629418E-16i
53,1.167967776895182-8.789151616551569E-16i,0.5843881720809576-4.3976181098015986E-16i
53,1.2236890868643404,0.6122681145956348
53,1.2513623533905176+1.6253139654595968E-16i,0.6261143267606072+8.132195734521764E-17i
53,1.3184360285701264-2.5631920936675044E-15i,0.6596743814199587-1.2824832773148872E-15i
53,1.3716952274206013,0.6863224161332644
53,1.4105194633455198+7.422808345401371E-16i,0.705747972825347+3.713973524344651E-16i
53,1.5170824169833628+2.2977754141372403E-15i,0.7590663356431214+1.1496830654778714E-15i
53,1.6516716315820397-6.518853497216232E-16i,0.8264075300296778-3.2616832027923624E-16i
53,1.837741750192948-6.335703993817028E-16i,0.9195069961664685-3.1700450552113424E-16i
53,1.8421299269471427-3.556391347753609E-16i,0.9217026034793424-1.7794266931259536E-16i
53,1.8451316166792986-1.0977632437507925E-15i,0.9232044873587005-5.492616047152823E-16i
53,1.9535020311600433-6.347300859854106E-16i,0.977427206237478-3.1758475024015303E-16i
53,1.983379453556098+2.080336229333076E-15i,0.9923762592900677+1.0408882080681342E-15i
53,1.9988068979087201+1.0724530579777933E-15i,1.000095321565121+5.365977508902808E-16i
53,2.008821896554793+8.136755821950729E-16i,1.0051062875078027+4.0711943903959355E-16i
53,2.019105207452696+1.6645739192705193E-15i,1.0102515024507532+8.328631399078688E-16i
53,2.1735820066728304+7.314318067310007E-16i,1.0875433730922095+3.659690832170638E-16i
53,2.2166283624393888+4.497620771660831E-15i,1.1090814511614842+2.2503672048651896E-15i
53,2.221492067115281-1.3323711606710033E-15i,1.1115149870357717-6.666467710160022E-16i
53,2.278693857877616-1.9407221675605704E-15i,1.1401356824048003-9.710328507800071E-16i
53,2.2968285604086196-3.1056040251390114E-15i,1.1492093108669628-1.55387699503385E-15i
53,2.3771962831093076+1.4500832995598143E-15i,1.1894209909256492+7.255435856694303E-16i
53,2.3804845075355465+1.73381719550704E-15i,1.1910662413339697+8.675087460874548E-16i
53,2.3913949565807675+3.858433191283404E-16i,1.1965252424299315+1.9305521644994503E-16i
53,2.430857395658112+6.129114352313202E-16i,1.2162701216076517+3.0666787249430413E-16i
54,2.077437462558139E-11-1.4078183259816732E-5i,1.0394378212934258E-11-7.043964691641808E-6i
54,7.629109539632616E-10+1.077032966242722E-5i,3.817195531132715E-10+5.388892903250031E-6i
54,2.4074229543017996E-9-9.219705775150836E-6i,1.2045447892664127E-9-4.613044222322048E-6i
54,4.115840399191804E-8+7.273126341289148E-6i,2.0593448681046225E-8+3.6390807109409407E-6i
54,5.3252295278422334E-8+2.9220169925236658E-6i,2.6644580537657657E-8+1.462019931397173E-6i
54,7.519131072154499E-7-3.1864625964723797E-9i,3.7621682291392894E-7-1.5943342693125951E-9i
54,4.903797506537189E-6+6.133611067456191E-8i,2.453596167454547E-6+3.068928639020094E-8i
54,7.974853314982807E-6+1.2097787387229116E-8i,3.990187095525335E-6+6.053081255581044E-9i
54,9.546892474703444E-6+6.658433989428888E-9i,4.776750825417751E-6+3.3315217636807036E-9i
54,1.1667350835913107E-5+2.007277998068403E-9i,5.837713987411137E-6+1.0043338038552673E-9i
54,0.5204810554052722-1.1125367446928613E-15i,0.26042068847105826-5.566534689272576E-16i
54,0.6078469075281674+5.476509320417213E-16i,0.30413385559294187+2.740150314463821E-16i
54,0.6563221225470005-2.4170625266982596E-15i,0.3283882424488813-1.2093679121331962E-15i
54,0.8072932854069521+1.2950884669158353E-15i,0.40392608145947023+6.479925190025136E-16i
54,0.9380360640687755+7.707620198939527E-16i,0.46934272646150527+3.856478036685396E-16i
54,1.1762948910358608-1.5229344951669276E-15i,0.5885546115218786-7.619944003896159E-16i
54,1.209545779957866+5.808502622684041E-16i,0.605191565538583+2.9062618826875427E-16i
54,1.2401158852777374-1.8476172584247202E-16i,0.6204871998202857-9.244481686183979E-17i
54,1.3193008232889238-1.0517291735239351E-15i,0.6601070781218203-5.262286352400175E-16i
54,1.3716291905382474-2.65468300418347E-16i,0.6862893748338962-1.328260401492557E-16i
54,1.40093799816005-3.2805424136566205E-16i,0.7009539236774511-1.6414067429557984E-16i
54,1.5080966470847348+3.02106873738875E-15i,0.7545703403342795+1.511580089877753E-15i
54,1.6611003159645426-8.908896575135598E-16i,0.8311251358921157-4.457532037948532E-16i
54,1.8382855993301568-8.749888561551134E-16i,0.9197791089845345-4.377972991677696E-16i
54,1.8466804330546491-1.4133609629569871E-15i,0.9239794316580084-7.071697061957044E-16i
54,1.8505811870606381-3.1417817975854987E-15i,0.9259311588789058-1.5719784039324456E-15i
54,1.969311035696654,0.9853371806788351
54,1.9911410796543667+5.11706448134147E-16i,0.9962597589701706+2.5603034756839027E-16i
54,1.9934670790093454+2.5006905827689626E-16i,0.997423563775583+1.2512108874178027E-16i
54,2.0088713659497768-3.592150867708867E-16i,1.0051310393287696-1.7973188310038475E-16i
54,2.0227571590886617+1.8991852548377945E-15i,1.0120787423654907+9.50250016715461E-16i
54,2.16548896276126-1.6061360983046506E-15i,1.0834940497875665-8.036240015941213E-16i
54,2.2140285370700643-4.0741615767992648E-16i,1.1077806385659963-2.0384910300841848E-16i
54,2.217977282181811+7.57040119291593E-16i,1.1097563779515482+3.7878210363030197E-16i
54,2.2857518213767234-2.2302502555333546E-15i,1.1436671072175821-1.1158971128286461E-15i
54,2.2939175380693433-1.3101962835223055E-15i,1.1477527920679094-6.555516567676489E-16i
54,2.371970759188909+1.4687443170313469E-15i,1.1868064201879833+7.348805537819834E-16i
54,2.3806828411143295,1.191165476775101
54,2.3931720325182435,1.1974143955207055
54,2.4304940299045015,1.216088312954408
55,9.11109190813023E-11-1.4077054590417462E-5i,4.5586996929039975E-11-7.043399966261389E-6i
55,1.0138631173489306E-10-1.0763446583385081E-5i,5.0728250008991085E-11-5.385448981200729E-6i
55,3.0152873724274723E-9-9.19365781751055E-6i,1.5086874062192746E-9-4.600011227188985E-6i
55,4.210195269372683E-8+7.236348634364404E-6i,2.1065549634537587E-8+3.6206791271402184E-6i
55,5.327108117291599E-8+2.88399022289752E-6i,2.6653979987506547E-8+1.4429933838916921E-6i
55,7.679022646794633E-7-1.7176836069473995E-9i,3.8421693617762555E-7-8.594363672821612E-10i
55,4.93111865119531E-6+6.045591115252143E-8i,2.467266196801043E-6+3.024888195445602E-8i
55,7.983309504974455E-6+1.2403379226987539E-8i,3.994418117570416E-6+6.205982953874479E-9i
55,9.54709722340777E-6+6.391105662713387E-9i,4.776853270642203E-6+3.197765066548165E-9i
55,1.1668646423796375E-5+1.1702843185385131E-9i,5.838362229811186E-6+5.855472447568277E-10i
55,0.5260939117808189-6.736177244108362E-15i,0.2632290595086379-3.370420301288081E-15i
55,0.6175262867922487+3.3602910650225195E-16i,0.3089768956723965+1.6813086730600069E-16i
55,0.6608824277825645-2.309465291049986E-14i,0.3306699735834737-1.155532050300938E-14i
55,0.7984749409376315+3.188263785833174E-15i,0.3995138568183884+1.595235487461716E-15i
55,0.9444775211686305+9.065819377225015E-16i,0.4725656846754115+4.536047756690904E-16i
55,1.1844812116013006+1.4662683290476847E-15i,0.592650605440498+7.336417027447458E-16i
55,1.1955691268401345+3.7163137087951896E-16i,0.5981984010619112+1.859443229620134E-16i
55,1.2289084435703066-3.708276442895629E-16i,0.6148795995913479-1.8554218146286532E-16i
55,1.3202911287059524-3.5888327182564706E-15i,0.6606025736174219-1.795658607724116E-15i
55,1.3714435313960192+1.2175651213970684E-15i,0.6861964809982074+6.09204012095462E-16i
55,1.3917783450748944-5.111840992756765E-16i,0.6963709265869329-2.5576899233186E-16i
55,1.4991333911250144-3.0265996366054637E-15i,0.7500856097879292-1.5143474539670359E-15i
55,1.670353331179028-1.3257726599296557E-15i,0.8357548463639275-6.633452366218244E-16i
55,1.8388750004385077,0.9200740135556584
55,1.8480266866226323-5.358998518016961E-16i,0.9246530244379758-2.6813542377458474E-16i
55,1.8589463388805767,0.9301166303259254
55,1.9834889439186254+3.6368181062361155E-16i,0.9924310423706315+1.8196679115103598E-16i
55,1.9854022949711954-1.1102091378169398E-15i,0.9933883801896018-5.554888598049419E-16i
55,2.0007003136241055-2.481271568140467E-15i,1.0010426848150256-1.2414946583515122E-15i
55,2.0089271484598803-3.0027431796418486E-15i,1.0051589498925353-1.502410967744483E-15i
55,2.029254460542014-1.5918532525961712E-15i,1.0153296420862665-7.964776348357158E-16i
55,2.1574402480634354-2.8086663581898378E-15i,1.079466906434035-1.4053053787246227E-15i
55,2.2116252926947824-4.38895400050081E-16i,1.1065781845126248-2.1959962050650434E-16i
55,2.21458044289351+5.972398795099873E-16i,1.1080567825159446+2.988266700375033E-16i
55,2.291114241080058-1.1365522157633291E-15i,1.1463501732322054-5.686695172448246E-16i
55,2.292863932160701-5.095490110944083E-15i,1.147225624415492-2.5495088226722917E-15i
55,2.366986704262786+3.829475288556313E-16i,1.184312667530208+1.916063189566453E-16i
55,2.3808741226275045+3.0107963638357867E-16i,1.1912611837424063+1.5064403473931557E-16i
55,2.3926596169591394+1.48460085021577E-15i,1.1971580103721986+7.428143089989458E-16i
55,2.430089494274197+2.2341424662227723E-15i,1.2158859051121609+1.1178445654340506E-15i
56,1.277886847033948E-10-1.4078014807965338E-5i,6.393857548447473E-11-7.043880407407716E-6i
56,1.41912860048842E-9+1.0764801609017978E-5i,7.100555213876094E-10+5.38612696304954E-6i
56,3.951041772846942E-9-9.187149118418653E-6i,1.9768885110746896E-9-4.596754624703726E-6i
56,4.4471511260160455E-8+7.2267624820130494E-6i,2.2251149123384778E-8+3.6158827327869512E-6i
56,5.5136705077794736E-8+2.8787166646899155E-6i,2.7587437712222933E-8+1.4403547793837006E-6i
56,7.662781755116179E-7+1.1699948135549559E-9i,3.8340432942693535E-7+5.854023920549842E-10i
56,4.940281306527629E-6+5.7228432478106344E-8i,2.4718506960543497E-6+2.8634025448752124E-8i
56,7.982895625759018E-6+1.3635790799937922E-8i,3.994211034701388E-6+6.822615330738867E-9i
56,9.545562985820261E-6+6.005686313114681E-9i,4.776085620783159E-6+3.004921981617036E-9i
56,1.1667777521232301E-5+7.271279915344506E-10i,5.8379274777647844E-6+3.6381568588415785E-10i
56,0.5318547142976909-5.939613276268301E-15i,0.26611145482737136-2.9718625924880508E-15i
56,0.6272839273692921-5.006312282343401E-16i,0.31385909349792185-2.5048890401089075E-16i
56,0.6654014528028782+3.848263164524036E-15i,0.33293105032159187+1.925463630838256E-15i
56,0.789738560314987+9.89438086270827E-16i,0.3951426424718398+4.950615300022793E-16i
56,0.9511870970513222+1.0989424952271724E-15i,0.47592279508812174+5.49851638642877E-16i
56,1.1818174438551472+1.0409427482482383E-15i,0.5913177995234026+5.20831688958752E-16i
56,1.1924933582710655-5.124351725209089E-16i,0.5966594521222405-2.5639496200446884E-16i
56,1.2177474471930396,0.6092952381042085
56,1.3214307132946057-4.256319834471094E-15i,0.6611727603707457-2.1296332116889477E-15i
56,1.3708984360143806-1.0491589635573218E-15i,0.6859237446265478-5.249426405970434E-16i
56,1.3833232418571497-8.218780820327217E-16i,0.6921404483049819-4.112235281946561E-16i
56,1.490197770080883-5.644825653163319E-15i,0.7456147062650003-2.8243667423231098E-15i
56,1.6794089684208882-8.94228182272192E-16i,0.8402857995284632-4.474236217804679E-16i
56,1.8395168841467746-1.3968426216839356E-15i,0.9203951775932141-6.989048178543249E-16i
56,1.8492201879444348,0.925250188220763
56,1.8672097807464907+3.136769949202045E-16i,0.9342512115897645+1.5694707449255001E-16i
56,1.9758611948880358+4.63776906470337E-16i,0.9886145275649508+2.320489862708639E-16i
56,2.0016867444726287+4.364454157724609E-16i,1.0015362416852203+2.1837378032328326E-16i
56,2.0048888922712376-3.36807970221573E-16i,1.003138423984921-1.6852056876372768E-16i
56,2.008990421826467-1.1308074439556434E-15i,1.0051906084774487-5.657951428295988E-16i
56,2.03874894331262+4.852214051035972E-16i,1.020080169918394+2.4277865844623606E-16i
56,2.1494531919574515-2.3766310353530306E-15i,1.0754706137191006-1.1891381713910714E-15i
56,2.209431813672628,1.1054806857445831
56,2.211337529755127+2.334759616492524E-15i,1.1064342034357286+1.1681879684707696E-15i
56,2.2884329902723266-4.4035288135692834E-15i,1.1450086197326852-2.203288656565845E-15i
56,2.299992452795151-5.977211240106046E-16i,1.1507923522187895-2.990674588671296E-16i
56,2.362258820779061+8.186586734751039E-16i,1.1819470892655317+4.0961270954076366E-16i
56,2.3810652961832672+4.29190402845707E-15i,1.1913568366936371+2.1474376258943794E-15i
56,2.3895223230532805-4.947880540962531E-16i,1.1955882774675808-2.4756529436920646E-16i
56,2.4295982511256202,1.215640113497595
57,1.5869124873223167E-10-1.4079387636747976E-5i,7.940055419884763E-11-7.04456729699383E-6i
57,8.395452988162341E-10-1.0769173622767422E-5i,4.2006325196624905E-10-5.38831448326533E-6i
57,3.530250875904698E-9-9.200503983170145E-6i,1.7663474088654513E-9-4.603436679769715E-6i
57,4.4521238400648565E-8+7.247693303263293E-6i,2.227602990632034E-8+3.626355388465089E-6i
57,5.797622279523658E-8+2.8934601400256106E-6i,2.9008179449549345E-8+1.4477316203993416E-6i
57,7.690582778241351E-7-1.0390766519653152E-9i,3.84795342895585E-7-5.198979948815033E-10i
57,4.925140026560748E-6+6.521073627911989E-8i,2.4642748150259074E-6+3.2627940366224906E-8i
57,7.98822570115985E-6+1.3294060286258245E-8i,3.996877917369013E-6+6.651631786343126E-9i
57,9.544923340207941E-6+6.172106583308237E-9i,4.7757655765682775E-6+3.0881897218916544E-9i
57,1.1668168804991997E-5+1.1268614948563126E-9i,5.8381232550846874E-6+5.638208024180744E-10i
57,0.5377389603269184-1.6941427662394922E-15i,0.2690556146313652-8.476577984357558E-16i
57,0.637055697548663-1.3883984437939798E-16i,0.31874836101547105-6.946798060179917E-17i
57,0.6698415683943081+3.2067180745421938E-15i,0.3351526450313377+1.6044690196353408E-15i
57,0.781105232682916+1.5193450339949202E-15i,0.3908229902916283+7.601984273374816E-16i
57,0.9581565510488399+8.517066780524054E-16i,0.47940993451318237+4.2614815115816157E-16i
57,1.1683527247683025-2.9075020343562256E-16i,0.5845807792644515-1.454757428065231E-16i
57,1.2002928098657994-7.39061327525319E-16i,0.6005618776435995-3.697864845178922E-16i
57,1.2066403177155935+4.0952600640768023E-16i,0.6037378287126189+2.0490475768123568E-16i
57,1.3227484315039566+1.8329686303165546E-16i,0.6618320755940881+9.171187840472065E-17i
57,1.368847302094862-3.692138407707647E-15i,0.6848974676815561-1.8473472109700205E-15i
57,1.3767611727479108+6.644616229959163E-16i,0.6888571423374054+3.3246081010279265E-16i
57,1.481295581930285-2.2070860950573907E-16i,0.7411605307613934-1.1043070144833616E-16i
57,1.6882416501229607-1.626975142011544E-15i,0.8447051977486508-8.140507367324482E-16i
57,1.8402200809208296-1.1024619822597311E-15i,0.9207470193867399-5.516126004042425E-16i
57,1.8502924905641451-4.0907191814198216E-16i,0.9257867107004466-2.046775563690042E-16i
57,1.8753525202400636+2.9978892912298673E-16i,0.9383253998871764+1.49998234339998E-16i
57,1.968270684480464+1.478690358907289E-15i,0.9848166449606601+7.398570174707109E-16i
57,2.0071395492399438+3.569077262833189E-16i,1.004264531517973+1.7857740418038746E-16i
57,2.0090626547381647+3.9143874202067572E-16i,1.0052267499361998+1.9585486471144432E-16i
57,2.018092664851387+2.0076969637293782E-15i,1.0097448806657705+1.0045434317077006E-15i
57,2.050092210370079+5.690644842541416E-16i,1.0257557298373123+2.8472921969945365E-16i
57,2.1415476747341127+4.1160702956941456E-16i,1.071515118669586+2.0594598959328115E-16i
57,2.207465276851676-4.225825719445337E-16i,1.104496736631551-2.1143755988577956E-16i
57,2.2082710150898652,1.1048998846511335
57,2.285886702677289-3.5380445168127193E-15i,1.1437345945560555-1.7702469270321265E-15i
57,2.307110031269133+7.207299838299132E-16i,1.1543536051543029+3.606144674076056E-16i
57,2.3577986563509454+2.9369640923988538E-15i,1.1797154631976825+1.4694986551657282E-15i
57,2.381264046698236+9.245545631200719E-16i,1.191456280747181+4.625973094627042E-16i
57,2.3840123963590267-1.0572919499511128E-15i,1.1928314068990156-5.290119489685992E-16i
57,2.4289476617775527-8.657783106143202E-16i,1.2153145936267444-4.331888382333755E-16i
58,4.011774541668363E-10+1.4078810733029716E-5i,2.007275917695883E-10+7.044278645443633E-6i
58,5.103004994564082E-9-9.18363197526234E-6i,2.5532688657051285E-9-4.5949948356918E-6i
58,9.475767630716744E-9+1.0758156071028201E-5i,4.741163784071951E-9+5.382801893749542E-6i
58,4.393517329370827E-8+7.223468708672397E-6i,2.198279449063472E-8+3.6142347060007072E-6i
58,5.642774665681102E-8+2.871276668071183E-6i,2.823340538647457E-8+1.4366322057730933E-6i
58,7.790256639041832E-7-4.092229314113528E-9i,3.8978248607450783E-7-2.04753115275845E-9i
58,4.945128368032564E-6+6.228210623284883E-8i,2.474275904582245E-6+3.1162611618893104E-8i
58,7.994066080320335E-6+1.4186347009990413E-8i,3.999800128554436E-6+7.0980840068316925E-9i
58,9.545699630100159E-6+6.011765586792388E-9i,4.776153990221541E-6+3.007963722752686E-9i
58,1.1669586297077912E-5+2.651964557742144E-10i,5.83883249178232E-6+1.3269002373012382E-10i
58,0.5437184982585401-9.707207355976054E-15i,0.27204745337116193-4.856963757895497E-15i
58,0.6467711145101412,0.3236094324178135
58,0.6741643898249308-2.9279415188225515E-15i,0.3373155520601509-1.4649842452787211E-15i
58,0.7725994474633333-9.911149462687705E-15i,0.3865671534655485-4.959005404342612E-15i
58,0.965377374932916+1.4212221051888421E-15i,0.48302284589139793+7.111029983893934E-16i
58,1.1552421761321658+5.64068939441875E-16i,0.5780209668244051+2.8222971812146537E-16i
58,1.1955945751604824-1.2606628543208404E-15i,0.5982111340308379-6.307677965271763E-16i
58,1.2078349757031919-3.226480901105125E-15i,0.6043355712286756-1.6143572736768737E-15i
58,1.3242788679392337-9.290879307407243E-15i,0.6625978235612753-4.648655624655796E-15i
58,1.3633001820131092-1.0697915912270584E-15i,0.6821219875450181-5.352660962673676E-16i
58,1.3741231365348092-1.2403282933581039E-15i,0.6875372110936206-6.205934773839959E-16i
58,1.4724334775816286-1.35807462761297E-14i,0.7367264110334767-6.795074015569314E-15i
58,1.6968209367789784-6.479098658033069E-16i,0.848997810734941-3.2417920223495424E-16i
58,1.8409956492403523+2.4744069035398777E-15i,0.9211350720038889+1.2380599498970105E-15i
58,1.8512635827545953-2.0052482306886625E-15i,0.9262725929322387-1.0033182175760383E-15i
58,1.8833511896882382+1.958241152509779E-15i,0.9423275032930807+9.797984073250663E-16i
58,1.9607330874895113-1.053240302742038E-15i,0.9810452373802768-5.269847229155635E-16i
58,2.008422530911969,1.0049064664488503
58,2.009145664385305+1.182323462363982E-15i,1.0052682834929616+5.915709839324821E-16i
58,2.034557282037721-8.8541796531589725E-16i,1.0179828883675859-4.4301546370917904E-16i
58,2.0622664114564153-2.6930911637353486E-15i,1.0318470443924987-1.3474777759762796E-15i
58,2.133747168245996-6.508035195878989E-16i,1.0676121653363921-3.2562703074466544E-16i
58,2.205396198287436,1.1034614811527892
58,2.2057487556102067-1.0677017068606656E-15i,1.1036378818493526-5.342204306857506E-16i
58,2.283486990507588-3.045646998199492E-15i,1.142533907828122-1.5238777278710717E-15i
58,2.3141923467914607-4.7173850545147236E-15i,1.1578972144079727-2.360325416115733E-15i
58,2.3536152542394557+5.611739988294059E-16i,1.177622314087429+2.807812457523894E-16i
58,2.376729716636416-1.5451435095717578E-15i,1.1891875461905794-7.731065950824008E-16i
58,2.3814796610948448+3.667380011520295E-15i,1.1915641625788553+1.8349594429358333E-15i
58,2.4280038290482024-6.154154255987661E-16i,1.2148423505611685-3.0792073441625713E-16i
59,1.5522465810717386E-10+1.407798111751603E-5i,7.766605895094292E-11+7.043863550521357E-6i
59,3.786394827950768E-9+1.0771860493910532E-5i,1.8945080472725404E-9+5.3896588488779785E-6i
59,4.3295328195694246E-9-9.19352936736343E-6i,2.166265046385569E-9-4.5999469576533315E-6i
59,4.282503964949325E-8+7.227015056287867E-6i,2.1427343403762303E-8+3.616009107351126E-6i
59,5.3932421681164846E-8+2.8826042805911977E-6i,2.6984879159884425E-8+1.4422999330045842E-6i
59,7.747450409056176E-7-2.4106336896634674E-9i,3.876406928684064E-7-1.206151268320166E-9i
59,4.932730643942832E-6+5.956353414415908E-8i,2.468072751154483E-6+2.980238456040099E-8i
59,7.987452502527275E-6+1.2494256047880418E-8i,3.996491050415588E-6+6.251452820677906E-9i
59,9.544190030639726E-6+5.626296278836517E-9i,4.775398667954345E-6+2.815095641350249E-9i
59,1.166823483072908E-5+7.77625011935583E-10i,5.838156290807562E-6+3.890816752646174E-10i
59,0.5497603614315992+4.545678888816416E-16i,0.2750704763051106+2.2744128984140836E-16i
59,0.6563522010949834+2.0183866304212078E-16i,0.3284032921343455+1.0098919652047456E-16i
59,0.6783310703508286+1.3836057403379724E-14i,0.3394003345895522+6.922817953302075E-15i
59,0.7642504022214458-1.9503290571021065E-15i,0.3823897408827305-9.758396209063938E-16i
59,0.9728407432917787+1.1034294607526648E-15i,0.4867571134620297+5.520966745364211E-16i
59,1.1425597619786554+1.0904702275809601E-15i,0.5716753698213393+5.456125722053489E-16i
59,1.1846179475142478-1.249155766941007E-15i,0.592719020727123-6.250102697418461E-16i
59,1.2150685502402319-9.824951692209288E-16i,0.6079548623469199-4.915876682366015E-16i
59,1.3260626935080073-1.4720863307839087E-15i,0.6634903538040342-7.36552717472253E-16i
59,1.3562647587368897+1.7784044341105575E-16i,0.6786018406458159+8.898177989407044E-17i
59,1.3734417434456938+1.5507058933873499E-15i,0.687196278689753+7.7588971236929E-16i
59,1.4636191679577442+4.061528456935495E-15i,0.7323162052117456+2.0321700972888523E-15i
59,1.7051103846672397-1.2247253512665897E-15i,0.8531454040117511-6.127866054922183E-16i
59,1.841857146740758+1.406608211493614E-15i,0.9215661189552464+7.0379099304773725E-16i
59,1.852145979453463-8.91032083305313E-16i,0.9267140967169342-4.458244659903917E-16i
59,1.891176777136281+8.725243515609313E-16i,0.9462430057878312+4.365641938001646E-16i
59,1.9532677843233592+1.0803855503286387E-15i,0.9773100017362808+5.405667428407948E-16i
59,2.00922090663077-1.18679338369508E-15i,1.0053059306602552-5.938074918291039E-16i
59,2.009241668664172+8.521337144524907E-16i,1.0053163188635845+4.2636181717377827E-16i
59,2.051020477939093+1.287195181601746E-15i,1.0262201849349524+6.440431441416111E-16i
59,2.074731078220052+1.944971662790763E-15i,1.0380836923289372+9.73159069327269E-16i
59,2.1260800397633948+1.18979757584933E-15i,1.063775947173792+5.953106277857046E-16i
59,2.202724210374475+1.1499856431924193E-15i,1.1021245623069384+5.753908808435164E-16i
59,2.2043141389680714+9.39372658504574E-16i,1.1029200769460674+4.700114863319412E-16i
59,2.281244255375502+5.6690007588728766E-15i,1.141411763955467+2.8364626632166023E-15i
59,2.321213462223581-2.134880383569706E-15i,1.1614102024325679-1.0681791652525689E-15i
59,2.3497152894027784-2.1666002716225434E-15i,1.1756709817243525-1.0840500888897662E-15i
59,2.3682426331784043+2.3610643013869486E-15i,1.1849410667187652+1.1813494160951916E-15i
59,2.381724268602708+9.637389259961512E-16i,1.1916865510019141+4.822030542857175E-16i
59,2.426489430783119,1.214084627230575
60,1.3020948766302538E-10+1.407694508810461E-5i,6.5149814907798E-11+7.043345177201527E-6i
60,4.228006467292165E-9-9.189897927725497E-6i,2.1154667276313688E-9-4.598129980837692E-6i
60,1.1698790970982629E-8+1.0762263103781803E-5i,5.853444937722196E-9+5.3848568317461485E-6i
60,4.3953365863362615E-8+7.2189860861944605E-6i,2.199189707268884E-8+3.611991843134255E-6i
60,5.174184601308926E-8+2.87405718222952E-6i,2.5888833073857343E-8+1.4380234253072104E-6i
60,7.771144619147994E-7+2.6477312869791427E-9i,3.8882622353101325E-7+1.3247821366035545E-9i
60,4.932958641852753E-6+5.540720054249287E-8i,2.468186829029278E-6+2.772277907462879E-8i
60,7.989270180835794E-6+1.6262631746065528E-8i,3.997400518746103E-6+8.136945065875636E-9i
60,9.543729869209453E-6+4.758458917723099E-9i,4.775168427957643E-6+2.3808765651418247E-9i
60,1.1669408524818169E-5+1.073136395729444E-9i,5.838743544117862E-6+5.36939656298547E-10i
60,0.5558251673406794+4.351157406448847E-14i,0.2781049785485327+2.1770848250202714E-14i
60,0.6657122923808334+1.4434948361075911E-15i,0.33308657770545047+7.222470733941502E-16i
60,0.6823026593442107-6.228513688533411E-16i,0.3413875038231669-3.1164127994174276E-16i
60,0.7560937175408893+1.3157818363023501E-14i,0.37830857516480076+6.583463665565346E-15i
60,0.9805374193929134+1.259941923653799E-15i,0.4906081156615921+6.3040708164869785E-16i
60,1.1303877149250694-1.128575110806362E-15i,0.5655851330281311-5.646782035489175E-16i
60,1.1737185147450464-3.1143328369842054E-15i,0.5872655315823754-1.5582444223717956E-15i
60,1.2219354428428413+1.3834743836934607E-15i,0.6113906855736383+6.922160715397953E-16i
60,1.3281464255207074+8.823532131035346E-15i,0.6645329410792119+4.4148202676109404E-15i
60,1.3492879501417927-8.079971278045061E-16i,0.6751110213762246-4.0427824628822347E-16i
60,1.3732095532676254-1.9616999050071718E-16i,0.6870801032297611-9.815289807960269E-17i
60,1.4548616716756955-7.95153187068475E-15i,0.7279344257264614-3.978518300826342E-15i
60,1.7130662810307418-1.1408449751354513E-15i,0.8571261060697238-5.708173828386226E-16i
60,1.8428207179220712-2.4520901783428856E-15i,0.9220482380791271-1.2268938625248298E-15i
60,1.8529472823779645-3.4322045213380935E-15i,0.9271150255444206-1.7172902935427216E-15i
60,1.898792997788386,0.9500537524138045
60,1.945899050714316+3.1474927309339877E-15i,0.9736230842976955+1.5748358474051343E-15i
60,2.009353311430413+5.686890162782309E-16i,1.0053721788910444+2.845413557459629E-16i
60,2.009755635096104+3.0294518781428993E-16i,1.0055734799853289+1.5157745620186176E-16i
60,2.0674192093498256+1.4898041127268548E-15i,1.03442522694308+7.454177413263286E-16i
60,2.087192361523197-2.3411038991183594E-15i,1.0443186473639692-1.1713623058114219E-15i
60,2.118581222408623+4.918527892095597E-15i,1.0600239428347906+2.4609664590506123E-15i
60,2.2002635628208878-3.255519762939551E-15i,1.1008933867947177-1.6288867561869504E-15i
60,2.203206633899345-2.3380786479383595E-15i,1.1023659410568016-1.1698486330525163E-15i
60,2.2791677753504525-9.10355352893629E-16i,1.140372805184338-4.554927893951367E-16i
60,2.3281416187180146+2.6798648976535092E-15i,1.1648766788112535+1.3408600647586216E-15i
60,2.3461027331009903-1.135013474903265E-14i,1.1738634531131151-5.67899614190727E-15i
60,2.3589529375198834+1.584899223210437E-15i,1.180293003328264+7.92998213055665E-16i
60,2.382014755866294-4.894621381089589E-15i,1.191831895183781-2.4490049284810176E-15i
60,2.4237884157131173+1.8560626440851907E-15i,1.2127331847586624+9.286737847580493E-16i
61,1.754425382582536E-10-1.4077597880080735E-5i,8.778199730007229E-11-7.0436717991488295E-6i
61,1.2520512290021875E-9+1.0769382861181841E-5i,6.264590030157734E-10+5.38841917489891E-6i
61,4.7505707232282626E-9-9.200904046230834E-6i,2.376929737452699E-9-4.6036368497790065E-6i
61,4.5713097239714455E-8+7.2354774584349664E-6i,2.287237187920574E-8+3.6202432376242266E-6i
61,5.7984063289956784E-8+2.8772275968680185E-6i,2.901210241084023E-8+1.439609730042651E-6i
61,7.837296558499275E-7+4.039357851670027E-9i,3.9213611030031017E-7+2.0210771204607956E-9i
61,4.92913372408551E-6+6.691671828335436E-8i,2.4662730461779217E-6+3.3481521881725105E-8i
61,7.995806701248655E-6+1.6944882363375648E-8i,4.000671041521993E-6+8.478306530667782E-9i
61,9.545189468115775E-6+4.450125973327626E-9i,4.775898732640453E-6+2.226603365716238E-9i
61,1.1668143457214052E-5+1.6182102382726893E-9i,5.838110572421764E-6+8.096652509547235E-10i
61,0.5618649313152856-1.6537362014413873E-15i,0.2811269511566326-8.274405295953378E-16i
61,0.6747549121394614-2.4767196950937516E-15i,0.337611017622462-1.2392171462300854E-15i
61,0.6860405302957615+1.016392037422962E-15i,0.3432577331360491+5.085478354943949E-16i
61,0.7481737156724221-1.4217536498086569E-15i,0.3743458327789664-7.113689546896424E-16i
61,0.9884575833745267+1.2109502185357533E-15i,0.4945709391601139+6.058942709638245E-16i
61,1.1188179103643165,0.5597962259432406
61,1.1629049226154258-3.830137112756675E-15i,0.5818549924705372-1.916394330752314E-15i
61,1.228371674903299+5.309545990292683E-16i,0.6146110294592362+2.656610856247433E-16i
61,1.3305811841518385-2.213308778079828E-15i,0.6657511631689405-1.107420509931488E-15i
61,1.3427203784885398+3.382648654695582E-16i,0.671824962231975+1.692495206815167E-16i
61,1.3731144248991274+1.8815345921360783E-15i,0.6870325061175124+9.414185757148424E-16i
61,1.4461716138103524-4.123712098823334E-15i,0.7235863887928524-2.063283442652517E-15i
61,1.7206363425449775,0.8609137571491096
61,1.843904758509905-1.4396627043355509E-15i,0.9225906336058852-7.20329681043319E-16i
61,1.8536718267810324,0.9274775485417811
61,1.9061542352104943+8.282722706482699E-16i,0.953736919164171+4.1442283580476357E-16i
61,1.9386577081029601-4.4494604136448934E-15i,0.9699999064534306-2.226270355496181E-15i
61,2.0094836159765257+2.2946986377188077E-16i,1.0054373762680808+1.1481436122646593E-16i
61,2.010133842174486-5.794883880321299E-16i,1.005762714438176-2.899447797476596E-16i
61,2.083681486524594-2.2114615658928414E-15i,1.0425619946005749-1.1064962644388012E-15i
61,2.09944621135496-1.1239105330000858E-15i,1.0504498138617084-5.623443000357696E-16i
61,2.11129437261003-8.265951406582237E-16i,1.056377995644922-4.1358369028327436E-16i
61,2.198021001978714+1.6983262766710366E-15i,1.099771330127348+8.49751001743531E-16i
61,2.2024916375505454-2.541612226827064E-16i,1.1020081953915657-1.271685874179195E-16i
61,2.277265783664182+1.229193601983107E-15i,1.1394211509804804+6.150222775032788E-16i
61,2.33493404987592-7.99604726370807E-15i,1.168275245541327-4.000791406020663E-15i
61,2.3427779057383487+4.740864471442343E-15i,1.1721998885667506+2.3720732518105956E-15i
61,2.3491220472439016+3.6695504196036373E-16i,1.1753741552984138+1.8360453982486296E-16i
61,2.3823758426215838+5.63218922947738E-15i,1.1920125635490055+2.818044156473099E-15i
61,2.418682187095345+4.440627044453814E-15i,1.2101783029655193+2.221850613293521E-15i
62,2.2824152513405613E-11-1.4077391515937721E-5i,1.1419976672698156E-11-7.0435685456458604E-6i
62,4.040723090960102E-9-9.187213689997116E-6i,2.0217602126735794E-9-4.596786932843946E-6i
62,5.110064327477166E-9+1.07436441158753E-5i,2.5568009756989114E-9+5.375540892964342E-6i
62,4.2116029221831924E-8+7.216716288557222E-6i,2.1072592771078942E-8+3.610856158641533E-6i
62,5.198052473576674E-8+2.688280633534797E-6i,2.6008255052116788E-8+1.3450708457456241E-6i
62,8.42683231899934E-7+9.5385815721853E-9i,4.21633304681034E-7+4.772592497399634E-9i
62,4.804005015139566E-6+7.747783957578396E-8i,2.4036653793036205E-6+3.8765738184005924E-8i
62,7.992181281986542E-6+1.3722989937828556E-8i,3.998857076978171E-6+6.86624508303769E-9i
62,9.542139195083881E-6+4.27951278299893E-9i,4.774372540294465E-6+2.1412377140249453E-9i
62,1.1667574470602993E-5+2.291374942616725E-9i,5.837825882165617E-6+1.146480614240498E-9i
62,0.5678201163420072-8.51858715620556E-14i,0.28410660501439655-4.26224222568946E-14i
62,0.6833729226122031+2.254489963016125E-15i,0.34192300592108443+1.1280253569701834E-15i
62,0.6895068803132312-3.046182474484017E-14i,0.3449921079968752-1.5241456513645936E-14i
62,0.7405464457234994-5.516534620037716E-15i,0.3705295576799497-2.760176818743243E-15i
62,0.9965905171314426+1.170028662136584E-15i,0.49864022119501217+5.85419328062241E-16i
62,1.107952913789514-1.2531366507135488E-14i,0.5543599668155331-6.270020895823613E-15i
62,1.1521867334252112-1.857884586497741E-15i,0.5764921878514424-9.295853866165677E-16i
62,1.2343096450857547-8.60173194477332E-15i,0.6175820699360729-4.3038433999430296E-15i
62,1.333420029381868-3.475825309511495E-15i,0.6671715684297842-1.7391157866510578E-15i
62,1.3366808587712136-4.976180658335642E-16i,0.6688031118370631-2.489812798260409E-16i
62,1.3730747316911631-4.0699097309197416E-15i,0.6870126457740122-2.036363635398597E-15i
62,1.4375615872561975-3.131789067599477E-14i,0.7192783952170991-1.5669785800279255E-14i
62,1.7277585594224312+8.734201555894563E-15i,0.8644773308919087+4.3701240589053925E-15i
62,1.8451287258708726+6.613493742036976E-15i,0.923203040953855+3.3090360842418074E-15i
62,1.8543217722904075+2.8601105716836373E-14i,0.9278027462704252+1.431045292515483E-14i
62,1.9132030187571942+8.066192928945E-15i,0.9572637508231749+4.035888519055906E-15i
62,1.9315834826094982+2.6465215827698506E-14i,0.9664603450144991+1.3241768657685098E-14i
62,2.009635780653588-1.4293138251740044E-15i,1.0055135112773188-7.151516592725646E-16i
62,2.0104118141534375-9.963079840701345E-16i,1.00590179664565-4.98498856867574E-16i
62,2.0997186907969856-8.587883741903643E-15i,1.050586147899517-4.2969145050525135E-15i
62,2.1042746377683326-1.2841393029193083E-14i,1.0528656983934193-6.425141470299971E-15i
62,2.111302838746412-6.720749924453918E-15i,1.0563822316436051-3.3627013014052797E-15i
62,2.196002007087864-8.122607675006763E-15i,1.0987611338213839-4.0641154196447936E-15i
62,2.202264751383071-1.283060040247132E-15i,1.1018946737728157-6.419741421149086E-16i
62,2.2755455386467007+3.3026646455583003E-16i,1.1385604330213173+1.6524755163578697E-16i
62,2.3389251344481807-1.0466464691617895E-14i,1.1702721693126352-5.236855237174392E-15i
62,2.3397355021758646-1.2672660519208525E-14i,1.1706776336794291-6.340716809764703E-15i
62,2.3415294179058144-1.1533611669873827E-14i,1.1715752124954129-5.770798111542466E-15i
62,2.382845055730427+6.425202250660928E-16i,1.192247332518165+3.214825162810264E-16i
62,2.410012363724683+1.7148884434338983E-14i,1.2058403902832753+8.580378179996934E-15i
63,3.4577474295915965E-10+1.4077138826574381E-5i,1.730070589163185E-10+7.043442113497588E-6i
63,4.971464576011794E-9-9.186446179530137E-6i,2.4874531246605576E-9-4.596402911942237E-6i
63,9.312458638909626E-9+1.073894979068763E-5i,4.659452759937155E-9+5.373192105463655E-6i
63,4.508466448920159E-8+7.2125267914799325E-6i,2.2557937976479175E-8+3.6087599599386516E-6i
63,5.938773329853218E-8+2.8533992024839996E-6i,2.9714423285391082E-8+1.4276872848235557E-6i
63,7.938061798817417E-7+4.8386507917717274E-9i,3.9717786023243207E-7+2.421000260005737E-9i
63,4.932736647654988E-6+6.836822678446861E-8i,2.468075755088703E-6+3.4207778561495004E-8i
63,8.009118177209454E-6+1.6060625217042942E-8i,4.0073313871739155E-6+8.035871878259328E-9i
63,9.54197143590652E-6+4.276769051715569E-9i,4.774288602637155E-6+2.139864898660444E-9i
63,1.1668717548563708E-5+1.0914628241909435E-9i,5.838397816814177E-6+5.461092140905077E-10i
63,0.5736157533849969-5.651431763403364E-15i,0.2870064296539092-2.82767208410061E-15i
63,0.6914482625804572-2.8865152098351745E-15i,0.3459634711259767-1.4442567513665608E-15i
63,0.6926652977026025+1.9836337855992495E-15i,0.34657240995499083+9.925035133468481E-16i
63,0.7332836243793333+1.294089252817229E-15i,0.3668956330345708+6.474925660824474E-16i
63,1.0049240070052703+1.3114580069170525E-15i,0.5028098507094215+6.561829552014876E-16i
63,1.0979063971021727+2.1828492295791563E-16i,0.5493332309424739+1.0921801923278318E-16i
63,1.1415750536463338-1.821986725774936E-15i,0.5711826748054818-9.1162403046924E-16i
63,1.239681957668454-3.5381519235866623E-16i,0.6202700858147273-1.7703006675971792E-16i
63,1.331234327873311-4.081007771844272E-16i,0.6660779611106715-2.0419164973677915E-16i
63,1.336713668550189-6.996039077678932E-15i,0.6688195280834194-3.5004411673753307E-15i
63,1.3730610317355654-1.306138695665301E-15i,0.6870057910540724-6.535214583343359E-16i
63,1.4290465889328383-7.167451807353487E-15i,0.7150179486500816-3.586206865494338E-15i
63,1.7343605046290602+5.862853906907415E-15i,0.8677805887110043+2.9334563381047838E-15i
63,1.846510361845004-2.990542317561857E-15i,0.9238943371842617-1.496306313463958E-15i
63,1.8548978469373048+5.941185242839849E-15i,0.9280909829979633+2.972649119898731E-15i
63,1.9198671126450122-3.3783294884124008E-15i,0.9605981044951832-1.6903341286252776E-15i
63,1.924728486439489-6.866999829746021E-15i,0.9630304741219451-3.435876877402643E-15i
63,2.00981266492538-5.765301919584319E-16i,1.0056020146404316-2.8846465775254687E-16i
63,2.010621334524891-3.117692148085762E-16i,1.0060066293553442-1.5599252407239154E-16i
63,2.0975921130741253-1.3967445998380899E-15i,1.0495221229385256-6.98855773001846E-16i
63,2.1154146008775396+5.365129704213987E-15i,1.0584395359660146+2.684421953110301E-15i
63,2.1225435592046527-2.2334995222364102E-15i,1.0620064827671476-1.1175228708904395E-15i
63,2.194211093600698-4.704067494044741E-16i,1.0978650571659967-2.353662026103108E-16i
63,2.202664478896425-8.018113920695485E-16i,1.1020946758922927-4.011832372728745E-16i
63,2.2740133849549515-7.400620032055891E-16i,1.1377938258314781-3.702871687347063E-16i
63,2.3284929612295775+1.7294684685513048E-15i,1.1650524716817146+8.653328773290745E-16i
63,2.3369606243708447+4.9730237401374565E-15i,1.1692892342729537+2.4882332464168206E-15i
63,2.3478363262502535+2.2644342862560086E-14i,1.1747308497585285+1.1330009607459881E-14i
63,2.383480389147774-3.0114333113909236E-14i,1.1925652191429246-1.5067590416455324E-14i
63,2.398468393781489+5.624224278194368E-16i,1.200064409449631+2.814058923821076E-16i
64,1.4438823537360057E-10-1.4078494892197956E-5i,7.224409663447932E-11-7.044120615701724E-6i
64,4.77490832189014E-9-9.220516903629959E-6i,2.389106961068116E-9-4.61345006732789E-6i
64,5.552021262957384E-9-1.077495950925893E-5i,2.7779324236489217E-9-5.391209429254019E-6i
64,4.4380828769699174E-8+7.251969401039602E-6i,2.220577648906323E-8+3.6284949174936895E-6i
64,7.070362672675276E-8+2.902417083398825E-6i,3.537628691450574E-8+1.4522131924673827E-6i
64,7.775653533149932E-7+1.0729855116613723E-8i,3.8905182530392067E-7+5.368641620370778E-9i
64,4.914337438872677E-6+7.177716043194744E-8i,2.4588697819439524E-6+3.591342536306272E-8i
64,8.000282164204538E-6+1.6063634991748434E-8i,4.0029103221492E-6+8.03737780742391E-9i
64,9.541493144674357E-6+4.590498686707007E-9i,4.774049291464009E-6+2.2968383114095917E-9i
64,1.1670033435319666E-5+1.2456962303457517E-9i,5.839056215676879E-6+6.232793039505441E-10i
64,0.5791566013123505+5.812110352194599E-14i,0.28977877154218656+2.908066996232406E-14i
64,0.6954813879049305+1.2209080494736145E-14i,0.34798142982549474+6.1087663326421026E-15i
64,0.6988527168658459+9.188257493617906E-16i,0.34966826126718936+4.597309195959446E-16i
64,0.7264775256073559+1.383808747268326E-14i,0.363490227766515+6.9238336906477105E-15i
64,1.0134431456444448+1.0697139030150702E-15i,0.5070723688674874+5.352272252701585E-16i
64,1.0888024894385555-5.936897471063499E-16i,0.5447781258586009-2.9705037498292397E-16i
64,1.131083757858597-1.0837155193400333E-15i,0.565933395425143-5.422328799912804E-16i
64,1.244426495913423-2.833363930716027E-15i,0.6226439972249517-1.4176627138745566E-15i
64,1.3264272144917708-7.576592615516612E-16i,0.6636727404722289-3.7909188907196985E-16i
64,1.3405048378577402-1.4019345238919639E-15i,0.6707164250231439-7.014525314836125E-16i
64,1.3730602089683535+1.7261134096138798E-16i,0.6870053793856716+8.636541865308765E-17i
64,1.4206445435774973-5.249548806062677E-15i,0.7108140176649294-2.626591496539254E-15i
64,1.740359584698153+1.0747415075058247E-15i,0.8707822052839066+5.377427677846174E-16i
64,1.8480601467954492,0.924669766106382
64,1.8553998688263937,0.928342167713769
64,1.9181625261322075+1.8548745449079045E-15i,0.9597452212084371+9.280793239174338E-16i
64,1.9260565375708432+3.3463535671483493E-15i,0.9636949593829557+1.6743350997584214E-15i
64,2.0100157303687873+7.695454583865969E-16i,1.0057036176517757+3.8503910181085856E-16i
64,2.010781429186066-3.818532736650273E-15i,1.0060867321015456-1.9105881259279076E-15i
64,2.0913359040132353-1.0689440927036042E-14i,1.0463918528663763-5.34842053650131E-15i
64,2.1306086936935884-1.4538272706986037E-15i,1.0660418416998276-7.274168671874679E-16i
64,2.1328922310615503-3.1688339583960008E-15i,1.0671844008138207-1.5855138482483108E-15i
64,2.19265200441651,1.0970849729064114
64,2.203881840129059-5.80739127389206E-15i,1.1027037778894317-2.905705823606173E-15i
64,2.2726748064345674+5.304401349416606E-15i,1.1371240732319727+2.65403675502901E-15i
64,2.317941779645465+2.900960501292237E-15i,1.1597732286741507+1.4514843972286838E-15i
64,2.334420660742582+4.391460108984525E-15i,1.1680183732687073+2.197250126778302E-15i
64,2.3537174192249477-5.721920082180336E-15i,1.1776734319438489-2.8629406425129292E-15i
64,2.3843699303096786+9.691803834515611E-15i,1.193010297632143+4.849256665347271E-15i
64,2.385728022338919-8.168367827220144E-16i,1.1936898137405372-4.087011335298574E-16i
65,3.4304244563189854E-10+1.4077644209154425E-5i,1.7163996448764825E-10+7.0436949797221495E-6i
65,4.038348140221483E-9-9.215557744760417E-6i,2.0205719152321786E-9-4.6109687713159965E-6i
65,8.867763986681426E-9+1.073999830890675E-5i,4.436951505972221E-9+5.3737167275102434E-6i
65,4.288474494882219E-8+7.2478470367857326E-6i,2.145721671998609E-8+3.6264323084400603E-6i
65,7.093202740371824E-8+2.918332392343401E-6i,3.5490566312237696E-8+1.4601763559092275E-6i
65,7.798070703749985E-7+7.00595664201071E-9i,3.9017345978813706E-7+3.5054033824346792E-9i
65,4.909892505666317E-6+7.399358458457355E-8i,2.456645776759159E-6+3.702240463863181E-8i
65,8.001375077095468E-6+1.7776609550614726E-8i,4.003457156898591E-6+8.894458020662443E-9i
65,9.539355352056177E-6+4.449729956251781E-9i,4.772979655173402E-6+2.226405220099857E-9i
65,1.1668651521552817E-5+1.3277562016677938E-9i,5.8383647804539584E-6+6.64337694079579E-10i
65,0.5843217469199776-2.4995846857256125E-14i,0.2923631322239489-1.2506575560978318E-14i
65,0.6979234408545587+5.941814747155469E-15i,0.34920330159934776+2.972964089954926E-15i
65,0.705450268073636-6.705310382582415E-16i,0.35296932056591424-3.354976186183317E-16i
65,0.7202464208307914-8.243451254227237E-15i,0.3603725185261955-4.1245790383895695E-15i
65,1.0221277246702738+9.53922796284403E-16i,0.5114176644848786+4.77291591647247E-16i
65,1.0807735186177776+9.760835264554626E-16i,0.5407608612777932+4.883796275099068E-16i
65,1.1207321179173504-4.669430227276649E-16i,0.5607539923089144-2.336331403278655E-16i
65,1.2484916931870476-1.3550762481782315E-15i,0.6246780030005195-6.780071739721174E-16i
65,1.322296824098286-1.8544732603965574E-15i,0.6616061155706021-9.278785427600171E-16i
65,1.3448223882902026+4.992856662528692E-15i,0.672876694728359+2.4981565726356724E-15i
65,1.3730655325968093+1.7291994599924422E-15i,0.6870080430426352+8.651982799342681E-16i
65,1.412376930436825-9.436891102236447E-16i,0.7066773493198542-4.721712063001488E-16i
65,1.7456648171488536-1.9437460653742317E-15i,0.8734366578772572-9.725458463872854E-16i
65,1.8497712194980303-1.2915889793506118E-15i,0.925525894733164-6.462415638974872E-16i
65,1.8558271208529826-2.178641581420004E-15i,0.9285559416172751-1.090074911801152E-15i
65,1.9119814177209815+7.035674794388316E-16i,0.9566525274566687+3.5202727453478745E-16i
65,1.931661310039596+1.723693054449512E-15i,0.9664992856689524+8.624431711601856E-16i
65,2.010243153205239-2.6794837534096257E-15i,1.0058174077907784-1.3406693607063451E-15i
65,2.01090400899432-5.278767665742131E-16i,1.0061480644357903-2.641211040276802E-16i
65,2.085618294269386-2.858048661837439E-15i,1.0435310688850212-1.430013623877142E-15i
65,2.142009962631076-1.816626766993651E-15i,1.0717464226356936-9.08942195767472E-16i
65,2.14507012704926-1.928656363812148E-15i,1.0732775640986574-9.649957724147358E-16i
65,2.191327833619679-6.298559353905939E-16i,1.0964224291558122-3.1514598779062374E-16i
65,2.20614647584843-2.4336637803090582E-15i,1.10383687963646-1.2176742853429578E-15i
65,2.2715344710987573+3.059312431766745E-15i,1.1365535108452047+1.5307151748460986E-15i
65,2.307399923633762-4.044043849777784E-15i,1.1544986516807716-2.0234217415391668E-15i
65,2.3320484563867234-2.4840003621782793E-15i,1.1668314499693269-1.2428599999228195E-15i
65,2.358975345771775+1.1789261921623414E-15i,1.1803042152106649+5.898711728910511E-16i
65,2.3730097263164898,1.1873262633827613
65,2.3856349766428973+3.380897707917883E-16i,1.1936432586854289+1.6916191273487022E-16i
66,1.406241620172745E-10+1.407945922209835E-5i,7.036075704943576E-11+7.04460311444777E-6i
66,3.030211558916612E-9+1.0738648054795263E-5i,1.5161546653635022E-9+5.373041133073766E-6i
66,4.6400664253427636E-9-9.219500850436966E-6i,2.321639338243174E-9-4.6129416890319E-6i
66,4.42988031000425E-8+7.25616980281981E-6i,2.216473526164015E-8+3.6305965723226144E-6i
66,7.824271501414039E-8+2.9162431618928616E-6i,3.91484406593079E-8+1.4591310175118856E-6i
66,7.850833511798677E-7+1.1146520838571627E-8i,3.928134265371684E-7+5.577118707188237E-9i
66,4.898556252097747E-6+7.960452981437006E-8i,2.4509737260123537E-6+3.9829819441807004E-8i
66,8.008565773118161E-6+2.0527317366566287E-8i,4.007054993917572E-6+1.0270764066335995E-8i
66,9.540380683046831E-6+4.248992079338661E-9i,4.773492675579665E-6+2.1259667976730723E-9i
66,1.1668768356907612E-5+1.0887621974092645E-9i,5.838423238573072E-6+5.447579658971596E-10i
66,0.5889600747149636-9.504449330527419E-15i,0.29468390164519925-4.755514561941091E-15i
66,0.6999631154143804-1.9900275385553387E-15i,0.3502238448979162-9.957026029764258E-16i
66,0.7111015934484954-7.611208417653434E-16i,0.3557969394189173-3.8082387737986894E-16i
66,0.7147391414414181+4.3919153303973253E-16i,0.357616972526416+2.1974778950563152E-16i
66,1.0309458840861845+9.262880293461316E-16i,0.5158297965352006+4.634646426025825E-16i
66,1.0739555858344203-5.507153108497858E-16i,0.5373495349077896-2.7554828156306677E-16i
66,1.110551171833946+2.9745486824508374E-15i,0.5556599952060565+1.4883039598268533E-15i
66,1.2518403992297606+2.2038878013947996E-15i,0.6263535151523528+1.1027067605857514E-15i
66,1.3188742045962087-4.193940719860407E-16i,0.6598936211044751-2.098422062302385E-16i
66,1.3496766438462748-1.9040724115591238E-15i,0.6753055027719918-9.526952867302236E-16i
66,1.373073197375541+1.7974497221065376E-15i,0.6870118780851089+8.993470353279556E-16i
66,1.4042695464429775-3.884606380710836E-15i,0.7026208510103567-1.9436478188741672E-15i
66,1.7501806535778193,0.8756961392159935
66,1.8516024750389617-6.240936545038802E-16i,0.9264421563795452-3.122628527752424E-16i
66,1.8561786249007861-6.940109780550544E-16i,0.9287318153117712-3.4724571592877816E-16i
66,1.9063200772756144-1.033353542405455E-15i,0.9538198976017674-5.170344590884213E-16i
66,1.9365514048522503+1.772013800712085E-15i,0.9689460257463766+8.866202701697477E-16i
66,2.010486983033207+4.487644497333408E-16i,1.0059394071047014+2.245375614485976E-16i
66,2.010996769261536-8.501823741795147E-16i,1.0061944766776967-4.2538547159490983E-16i
66,2.0805776399881166,1.041008996958214
66,2.1495450719421108,1.075516585515025
66,2.1584580600837326-4.467713383990876E-15i,1.0799761647524833-2.2354031588033858E-15i
66,2.1902411079952953+3.4346295675023788E-16i,1.095878690181373+1.7185036560371267E-16i
66,2.209646166761433-9.793614180498064E-16i,1.1055879364857635-4.900197079256441E-16i
66,2.270596268761642+8.433542911297795E-16i,1.1360840849246658+4.2196906657827564E-16i
66,2.2970429447879805+1.2714128635709627E-15i,1.1493165772642522+6.361465221905095E-16i
66,2.3297102911824332-8.489606632079884E-16i,1.1656615580281373-4.2477419322269365E-16i
66,2.361204132432931+3.041339540334557E-16i,1.1814193800196922+1.5217225079430903E-16i
66,2.3633670016067665-1.7048660104664473E-15i,1.1825015632681959-8.530231323229856E-16i
66,2.3873961685593326,1.1945244642675428
67,1.8804862192539982E-11+1.4077934791794186E-5i,9.408940263870805E-12+7.043840371625118E-6i
67,4.0097481982622656E-9+1.0744565174714977E-5i,2.0062620445886596E-9+5.376001741202063E-6i
67,4.715431963392248E-9-9.188956219602193E-6i,2.3593481945060707E-9-4.597658800810556E-6i
67,4.3536240641133866E-8+7.212887171385176E-6i,2.178319007668325E-8+3.6089402746341813E-6i
67,6.999049354052498E-8+2.8809127940762777E-6i,3.5019473475475975E-8+1.4414536042512506E-6i
67,7.913528630456939E-7+1.288595460523993E-8i,3.95950352616456E-7+6.447437682991977E-9i
67,4.932316980443611E-6+7.264402575950344E-8i,2.4678657762182313E-6+3.6347158086030025E-8i
67,8.007711615933968E-6+1.941696904249142E-8i,4.006627619665119E-6+9.715205565223768E-9i
67,9.541157309713303E-6+3.933694699906679E-9i,4.773881257736628E-6+1.9682089700402067E-9i
67,1.1668717558256036E-5+1.1905818715641639E-9i,5.838397821663696E-6+5.957030471214342E-10i
67,0.5928899697945049-4.372332204206778E-15i,0.29665020948984555-2.187679553402963E-15i
67,0.7015761098991387+1.7569060610647942E-16i,0.3510309004667182+8.790611709108409E-17i
67,0.7101354015146759-5.798614543638302E-16i,0.3553135090116289-2.901314420477333E-16i
67,0.7156710752841046-3.497077005509085E-16i,0.35808326202994634-1.7497489907713514E-16i
67,1.0398360063040206+1.2323475784047446E-15i,0.5202779348958909+6.166003574403185E-16i
67,1.068481609479374-9.248231445816278E-16i,0.534610651952779-4.627316931610206E-16i
67,1.1006018448056658+7.631229144603555E-16i,0.5506818878040283+3.8182560673041786E-16i
67,1.2544508776055479+1.0976309460286773E-15i,0.6276596579385334+5.491954100603211E-16i
67,1.3161849582591396-3.2070941622297224E-16i,0.6585480670726911-1.6046571936591491E-16i
67,1.3550573521662883-4.984802732135523E-16i,0.6779977194254274-2.494126819629093E-16i
67,1.3730809131623347+1.5466716445328508E-16i,0.6870157386492698+7.738711915158572E-17i
67,1.3963535488927106+8.793783726805995E-16i,0.6986601121696884+4.399935768300413E-16i
67,1.7538129932324529-2.507209728140099E-16i,0.8775135663515188-1.2544727166585855E-16i
67,1.8534531322310699+4.503927835464515E-16i,0.9273681255672565+2.2535229199117385E-16i
67,1.8564533444808156,0.9288692701939897
67,1.9013719502278645,0.951344121319355
67,1.9405812390154025-8.125655695430203E-16i,0.9709623377260224-4.0656404849068294E-16i
67,2.010729922344894-6.15296009044187E-16i,1.0060609608522375-3.078609848037873E-16i
67,2.011064765349596,1.0062284982580827
67,2.0763771183673456+5.116944917598166E-16i,1.0389072821675247+2.560243652426122E-16i
67,2.1552552719015607-5.976329924145719E-16i,1.078373662039337-2.990233625629961E-16i
67,2.1702672837770938-3.158664222079351E-16i,1.085884864276886-1.5804254599090101E-16i
67,2.189393841254981-3.9710736478558957E-16i,1.0954547635359364-1.9869113824684154E-16i
67,2.214341799798405-2.830298914807549E-15i,1.1079373783638036-1.4161291449871378E-15i
67,2.269863341858808+2.4715534197975537E-15i,1.1357173677758803+1.2366322203130044E-15i
67,2.2871592905579217+1.711180925655789E-15i,1.1443713289935007+8.561827757800641E-16i
67,2.3271761285069252-6.65004953013764E-16i,1.1643935995082264-3.327326631814887E-16i
67,2.351235422113201+1.4969580524153354E-15i,1.1764315742625522+7.489971874552638E-16i
67,2.3666885119865113,1.1841634681749622
67,2.3896535693246936-5.127000805908746E-16i,1.195653946033239-2.565275077354721E-16i
68,1.3808784014652207E-10-1.40796402897618E-5i,6.909171818451252E-11-7.044693710954762E-6i
68,5.074312078117922E-10-1.076887080770412E-5i,2.538912475635689E-10-5.388162970916427E-6i
68,4.0523001934373775E-9-9.230027943423774E-6i,2.027552771242853E-9-4.6182088794027165E-6i
68,4.123749328020359E-8+7.260480895493908E-6i,2.0633020701376477E-8+3.632753610913341E-6i
68,8.083421676720893E-8+2.9435099017491427E-6i,4.0445088565508005E-8+1.4727738256256314E-6i
68,7.738633030944331E-7+1.73316900517061E-8i,3.871995187556218E-7+8.671844265528237E-9i
68,4.8886365957204845E-6+7.827291592058039E-8i,2.4460104642061164E-6+3.916355156635413E-8i
68,7.99865534974999E-6+2.0873423410072774E-8i,4.00209635181182E-6+1.0443936890203274E-8i
68,9.537558667815756E-6+3.554837124324761E-9i,4.772080691143882E-6+1.7786490434282845E-9i
68,1.1669601636521054E-5+1.535254415146496E-9i,5.8388401668135295E-6+7.681586248309635E-10i
68,0.5959091096966828-1.4798574946013338E-15i,0.29816082449446546-7.40440989313347E-16i
68,0.7027427829518146+4.062478085284267E-15i,0.35161464082853006+2.0326452401702512E-15i
68,0.7066360257709402-2.7019911631977E-16i,0.35356260985605253-1.3519308563781647E-16i
68,0.7190361884718739-2.119850312377105E-15i,0.35976698343352276-1.0606589271053833E-15i
68,1.0486418241891402+1.022803206204268E-15i,0.5246838919088853+5.117556390649433E-16i
68,1.0644719778666274-4.741942341704191E-16i,0.5326044482413034-2.372612560038547E-16i
68,1.0910398532235717-4.482997976640394E-16i,0.545897582198468-2.243050745779799E-16i
68,1.256314469197552+2.8496290613332803E-16i,0.628592098803342+1.4258009092409925E-16i
68,1.314249320044941-1.6332890537245812E-16i,0.6575795779583659-8.172098781040287E-17i
68,1.3609338319611821-1.6947880937159234E-15i,0.6809379934240284-8.479806855494293E-16i
68,1.3730872617550434+1.7742925378008355E-15i,0.6870189151431437+8.87760427482553E-16i
68,1.3886676377182139-2.750203178380629E-15i,0.6948144961596467-1.3760535522114245E-15i
68,1.7564768490088352-6.929474704830575E-16i,0.8788464163141998-3.4671359401729384E-16i
68,1.85513292723385-1.3225773272948068E-15i,0.9282086045175875-6.617464642630236E-16i
68,1.85665033401795,0.9289678331490664
68,1.8974111605922153-1.5993388419931082E-15i,0.9493623555027267-8.00223020617037E-16i
68,1.9436011662372612-1.3048566304652695E-15i,0.9724733466630076-6.528799819566854E-16i
68,2.0109438038475864-6.481345190070462E-16i,1.0061679756371253-3.2429160659891224E-16i
68,2.0111113055999765+1.0858244536012222E-15i,1.0062517844928456+5.432880771142792E-16i
68,2.0731947649880644-2.136878941474465E-15i,1.0373150039291839-1.069179135991372E-15i
68,2.159119904711535,1.0803073161591352
68,2.179777231374955+8.792562878591423E-16i,1.0906431298756796+4.399324921605311E-16i
68,2.1887875700991097-3.7246309535459596E-16i,1.095151418101607-1.8636047309498825E-16i
68,2.21970987608674-1.2921101340647306E-15i,1.1106232746289135-6.465023216484972E-16i
68,2.269338109944532-5.412385971120112E-15i,1.1354545700134984-2.7080664439797773E-15i
68,2.2782972987512338-8.146938514229898E-16i,1.1399372655755238-4.076289261201109E-16i
68,2.3242787314048705-9.861895699195871E-16i,1.1629438980440614-4.934361473761226E-16i
68,2.344083397843112+4.43121970082625E-15i,1.1728530865058213+2.217143685195501E-15i
68,2.3688976925760117-3.7283990932505113E-16i,1.185268823161661-1.865490105116576E-16i
68,2.392109107848763-4.000723679682489E-16i,1.1968825652622468-2.001746661526666E-16i
69,3.034865046566867E-11-1.407792636909276E-5i,1.5184830199598616E-11-7.043836157358947E-6i
69,3.3793346746007406E-9+1.0744929132006665E-5i,1.6908370696574063E-9+5.376183845829102E-6i
69,4.317068753595533E-9-9.199428122386104E-6i,2.1600286990519617E-9-4.602898376976233E-6i
69,4.447978807699771E-8+7.225433387716001E-6i,2.2255290396763933E-8+3.6152177255820094E-6i
69,7.537923091747254E-8+2.9007571375446287E-6i,3.771570743657894E-8+1.451382644961983E-6i
69,7.882199490922382E-7+1.77787846285605E-8i,3.9438281120412885E-7+8.895546312522896E-9i
69,4.919697937356434E-6+7.624363233008266E-8i,2.4615518866837703E-6+3.814820734920689E-8i
69,8.011579518647963E-6+2.1028425492656E-8i,4.008562909868781E-6+1.0521491584349329E-8i
69,9.540162812866118E-6+3.3286057676596357E-9i,4.773383665075115E-6+1.6654550567411047E-9i
69,1.166908846333264E-5+1.261135061870641E-9i,5.838583402588119E-6+6.310040637533188E-10i
69,0.5978207717083299+8.859017203807865E-15i,0.29911731720832513+4.4325750868995495E-15i
69,0.7034486873044926-1.932378791248446E-15i,0.3519678373485763-9.668582746243299E-16i
69,0.7044366570027211+1.851951874563544E-15i,0.35246216417628545+9.26616977083965E-16i
69,0.7210983160675231-1.9971342527260345E-15i,0.36079876102196157-9.992584199996956E-16i
69,1.0567856706358423+9.49188555749852E-16i,0.5287586340660255+4.7492283265671E-16i
69,1.062023762546585+1.258895064274328E-16i,0.531379493149183+6.298832895961285E-17i
69,1.0824424643156785-1.348798687929474E-15i,0.5415959118202758-6.748662209154744E-16i
69,1.2574308181854186+2.0203585652983135E-16i,0.6291506597134368+1.0108786152143528E-16i
69,1.3130819818407786-1.0973740244445565E-15i,0.6569955047905733-5.490668603367049E-16i
69,1.3672480533374956+5.614042941972644E-15i,0.6840972897344346+2.8089647315140147E-15i
69,1.3730913807268295-7.021151795687322E-16i,0.6870209760547893-3.513006218965983E-16i
69,1.3812697443389705+1.980688876463231E-15i,0.6911129887425171+9.91030039419753E-16i
69,1.758104412030191-1.2809231564016961E-15i,0.8796607611940945-6.409049605252391E-16i
69,1.8563540445635471+6.158118904203308E-16i,0.9288195858634044+3.0811910406048183E-16i
69,1.8567688462379508+5.231623026187505E-16i,0.9290271302812181+2.617622401722079E-16i
69,1.8947925225108733-5.589056078806211E-16i,0.9480521300393453-2.796462650908088E-16i
69,1.9454768830885454-3.7625106467070275E-15i,0.9734118543545275-1.8825576893133652E-15i
69,2.011093350274933+2.5324203383362215E-15i,1.0062428006152173+1.2670867482277796E-15i
69,2.0111384689715988+1.6966136279199593E-15i,1.006265375581062+8.488940845469631E-16i
69,2.0712003145588582+5.313813347196269E-15i,1.0363170883499302+2.6587460118140807E-15i
69,2.161305987497104+1.9153813883956444E-15i,1.08140111424873+9.583536896693598E-16i
69,2.1860771760675437,1.0937952829024522
69,2.188423377823269+5.802742660234292E-16i,1.0949691959011534+2.9033799076931537E-16i
69,2.224464998717211+2.3824720056563018E-15i,1.1130024818955973+1.1920606783525062E-15i
69,2.269022288287777+6.23535056652292E-16i,1.135296549865729+3.119833604948254E-16i
69,2.2715777269999027+4.951637589604864E-15i,1.136575153768496+2.4775327684885572E-15i
69,2.321570169020241+8.819395124434995E-16i,1.1615886793023862+4.412750332315729E-16i
69,2.3401534754129703+1.0612037199961596E-14i,1.1708867649764074+5.309691880221481E-15i
69,2.370118485609756,1.185879642247249
69,2.394114290168053-2.314897433221092E-15i,1.197885850501309-1.1582500016833771E-15i
70,4.104600589429394E-12-1.4085525415369978E-5i,2.053721072644226E-12-7.047638310852692E-6i
70,1.1640185559348052E-9-1.0975911062894874E-5i,5.824121946063793E-10-5.491754764004874E-6i
70,1.5310024631712047E-9+1.0110494153597298E-5i,7.660311770607674E-10+5.058746751526333E-6i
70,1.6321695077090402E-8-8.933175260381168E-6i,8.166497175734686E-9-4.469679784463341E-6i
70,2.4576795733738687E-8-1.0010362870945006E-6i,1.2296904947691522E-8-5.008646450477919E-7i
70,3.569734446422977E-8+7.338231002752038E-6i,1.7861028610781346E-8+3.6716555771820173E-6i
70,4.693768308709616E-8+4.995076871375092E-6i,2.348508868446725E-8+2.499267445568173E-6i
70,1.4880318452208626E-6+2.8993929682064114E-8i,7.445309941157005E-7+1.4507000880954839E-8i
70,5.501911557695509E-6-7.079418199204605E-9i,2.7528602259044363E-6-3.5421595892205226E-9i
70,7.56554991613419E-6+5.6396945212182036E-8i,3.785393718677634E-6+2.8217994002461878E-8i
70,8.87297538513984E-6-2.467870792648776E-10i,4.4395590090894675E-6-1.234789632023753E-10i
70,9.538047188833281E-6+2.7071864104354154E-9i,4.772325120750677E-6+1.3545302782944335E-9i
70,1.1747514112720934E-5+2.448764243632998E-10i,5.877823373755921E-6+1.225229743921542E-10i
70,0.5984766179003207-1.3984174831301073E-14i,0.2994454673207559-6.996927937043569E-15i
70,0.7036849810540703-1.555658578269007E-15i,0.35208606601474457-7.783677691463173E-16i
70,0.7036849812131085+3.2367589271442308E-15i,0.35208606609431875+1.61949984436111E-15i
70,0.7217931498038243-7.649358338897382E-16i,0.3611464184018052-3.8273269397411165E-16i
70,1.0612003362165225-1.096338773243895E-15i,0.5309674949610586-5.485488763916277E-16i
70,1.0612003372408203,0.5309674954735619
70,1.077876644914554-2.865849865677402E-16i,0.5393114216942145-1.4339169261276423E-16i
70,1.2578024814453455+3.4691561889563193E-16i,0.6293366199919606+1.735778917905426E-16i
70,1.3126918705170463+8.923033006547774E-16i,0.6568003140944825+4.464605146878531E-16i
70,1.3730928089035677+3.5546067346305124E-16i,0.6870216906375114+1.7785337688334268E-16i
70,1.3730928022765745+1.2384797273734436E-15i,0.687021687321721+6.196685545238651E-16i
70,1.3750642487273068-5.6712471156726535E-15i,0.6880080929490762-2.837586619176717E-15i
70,1.7586519638989793+7.785668242042929E-15i,0.8799347266596241+3.895529074005055E-15i
70,1.8568084076196258+5.947690049619247E-15i,0.929046924665943+2.975903774880444E-15i
70,1.856808404322673+7.085144903208441E-15i,0.9290469230163252+3.5450249234797835E-15i
70,1.8938673431647044+8.441365642662123E-15i,0.947589220122094+4.223604739247038E-15i
70,1.9461135860149237-1.5995241225937885E-15i,0.9737304262078486-8.003157250509226E-16i
70,2.011147418386471+4.878327749343575E-16i,1.0062698533862737+2.4408524726847406E-16i
70,2.0111474010278303+1.4645433786098862E-15i,1.0062698447009448+7.327786304466769E-16i
70,2.070519804846895-4.73741778620396E-16i,1.0359765979404132-2.3703487161461347E-16i
70,2.1620077530933637+1.5584435249977402E-15i,1.0817522399579662+7.797612064999348E-16i
70,2.188301910913571-7.435527973530861E-15i,1.0949084204014086-3.720337741217056E-15i
70,2.188301905144902+2.745551588975383E-15i,1.0949084175150774+1.3737261473946333E-15i
70,2.226497812784872+6.98005792992206E-15i,1.1140195925733756+3.492445061737707E-15i
70,2.2689169028950666,1.1352438206909796
70,2.2689169008939616+3.595168750241043E-16i,1.135243819689734+1.7988288168882367E-16i
70,2.320418607262802+3.107069241156991E-14i,1.161012499818859+1.5546101102168107E-14i
71,3.4706750351855937E-11-1.4077778970659345E-5i,1.7365388667577455E-11-7.043762407121334E-6i
71,3.3301111927170103E-9+1.0744581496211348E-5i,1.6662082903618326E-9+5.376009907599817E-6i
71,3.5112489954395506E-9-9.197990506600604E-6i,1.7568398912688209E-9-4.602179071463134E-6i
71,4.689151064226967E-8+7.22297019976071E-6i,2.3461986479794796E-8+3.613985278989595E-6i
71,7.40866671399953E-8+2.895568684280588E-6i,3.7068978136198794E-8+1.4487866223842368E-6i
71,7.931869047701151E-7+1.0382563740834776E-8i,3.968680083189993E-7+5.1948757200730385E-9i
71,4.937148879569702E-6+7.752367374344122E-8i,2.4702833983083564E-6+3.878867113300156E-8i
71,8.013296941770087E-6+2.131681056446522E-8i,4.009422215903487E-6+1.0665783942669374E-8i
71,9.535469577940147E-6+2.897451764567094E-9i,4.7710354230826645E-6+1.4497288143421676E-9i
71,1.1669118961187158E-5+1.3815852211749242E-9i,5.838598662071991E-6+6.912708363605285E-10i
71,0.5971641895107713-2.4265958434592935E-15i,0.29878879883834736-1.2141378704026437E-15i
71,0.7039313220045464+4.103617036110731E-15i,0.35220932175912834+2.0532289555349974E-15i
71,0.7044702770249669+2.4768742378170053E-15i,0.3524789858247369+1.2392944710855626E-15i
71,0.7204025771067474+3.491576141200221E-16i,0.3604506507165437+1.74699665453236E-16i
71,1.0546597273548266+1.6880886527051885E-16i,0.5276949265455637+8.446286460808107E-17i
71,1.0614524172121695-1.9068502585367621E-16i,0.531093622714903-9.54085171750766E-17i
71,1.086114997391649-3.300575979697961E-16i,0.5434334495791331-1.6514304604510568E-16i
71,1.2570640987305017-5.134879393105566E-16i,0.6289671730486803-2.569217098069341E-16i
71,1.3134716969241875-8.172516889923974E-16i,0.6571904972293469-4.089087302818659E-16i
71,1.3641547464481316,0.6825495655638533
71,1.3738244681885925-1.445994579161339E-15i,0.6873877735386154-7.23497810189077E-16i
71,1.3839843364950093+9.010158145055274E-16i,0.6924712244570588+4.508197873871433E-16i
71,1.7575649345073818,0.8793908356964312
71,1.854893391652881+3.412573814173814E-16i,0.9280887538135868+1.7074681449326923E-16i
71,1.8577893204488705+3.8867446977995094E-16i,0.9295377206164758+1.944717717581562E-16i
71,1.8956557044577549+3.9633694402026853E-16i,0.9484840197969997+1.9830566118858225E-16i
71,1.9448583704670592-1.1683844160335433E-15i,0.9731023839500955-5.845966358667751E-16i
71,2.0097867649614547+4.1150742211933505E-16i,1.0055890556933829+2.0589615138984002E-16i
71,2.012386357847566,1.0068897519667919
71,2.0718580538391604+3.373997182464948E-16i,1.0366461856617954+1.688166476055052E-16i
71,2.1606379394333657,1.0810668589768353
71,2.1861715612628236-1.559333047817164E-15i,1.0938425081708476-7.802062758115636E-16i
71,2.186229209900915-8.409182101458755E-16i,1.093871352444554-4.207501828544376E-16i
71,2.222501462636823-8.143949578974026E-16i,1.1120200341915318-4.0747937589747633E-16i
71,2.27031967996686+4.911747031828011E-16i,1.1359456947880555+2.457573681770879E-16i
71,2.2729434775303887+8.862528510570695E-16i,1.1372585017784478+4.4343319556945103E-16i
71,2.3228253425446503-2.552070570047256E-15i,1.1622167005338657-1.2769186658694676E-15i
71,2.3412333060820476-3.461947692287322E-15i,1.1714270540865546-1.7321721744017264E-15i
71,2.3697545108893183-6.561914820303784E-16i,1.1856975288998022-3.2832287697029647E-16i
71,2.39331743050093+9.354582534019902E-16i,1.1974871448405133+4.680529288375178E-16i
72,1.386456126403283E-10-1.4079585548618644E-5i,6.937079750034686E-11-7.0446663214349326E-6i
72,6.287294660057682E-10-1.0768832276036606E-5i,3.1458236317894705E-10-5.38814369174521E-6i
72,4.339161545876128E-9-9.228389986811162E-6i,2.171082742453178E-9-4.617389334129527E-6i
72,4.3544713542496943E-8+7.25820760159971E-6i,2.1787429460198565E-8+3.6316161770819346E-6i
72,7.920236462166888E-8+2.9368111624736803E-6i,3.962859763887166E-8+1.4694221372675493E-6i
72,7.747920650491298E-7+8.869994928597135E-9i,3.8766422121723105E-7+4.438067749154551E-9i
72,4.899061228526407E-6+8.160908007314491E-8i,2.451226389020637E-6+4.083278843182818E-8i
72,7.999730038309065E-6+2.354262128801087E-8i,4.002634068087061E-6+1.1779459752792146E-8i
72,9.532422774702236E-6+3.7120152913929578E-9i,4.769510966834713E-6+1.8572925330527948E-9i
72,1.1669652450800047E-5+1.606075034836063E-9i,5.838865591542022E-6+8.035934487231477E-10i
72,0.5933281910375784+7.330098542203233E-15i,0.29686947179850914+3.667586531914972E-15i
72,0.7046693554614764-4.079064478712639E-15i,0.35257859395255847-2.0409441781450547E-15i
72,0.7067338437265076,0.353611552692817
72,0.7162652524979322+1.581454694474304E-16i,0.3583805563070229+7.912747563887867E-17i
72,1.0451065553143344+7.802850038279666E-16i,0.5229150337636251+3.904125919478434E-16i
72,1.0622078436316427-1.4797310866861874E-16i,0.5314715974100536-7.403777416005846E-17i
72,1.1007257288106338-4.1128744822802863E-16i,0.5507438726880682-2.0578608830180875E-16i
72,1.2549024304426486-8.522018325561942E-16i,0.627885590658846-4.26395899804221E-16i
72,1.3158003610253792+8.410550825835068E-16i,0.6583556353302485+4.2081866645066176E-16i
72,1.3542855853509366-3.708656910634111E-15i,0.6776115688762273-1.8556121801940616E-15i
72,1.3759659101085762+4.787315019434755E-16i,0.6884592357433035+2.3953146043294166E-16i
72,1.3938002290587495-4.99434052501683E-16i,0.6973825684394382-2.4988990175080536E-16i
72,1.7544215614612866+2.6026707559178385E-16i,0.8778180611174448+1.3022362736946365E-16i
72,1.849947454566131-5.14239192180808E-16i,0.925614073269714-2.572975962828298E-16i
72,1.8606138878339695,0.9309509820126809
72,1.9002206399759891-1.1934321123227062E-15i,0.9507680676756665-5.971291540910143E-16i
72,1.9413445182828397,0.9713442415633617
72,2.0060191806950876+6.415945680149277E-16i,1.0037039594380428+3.2101936734592285E-16i
72,2.0158493194445373,1.0086224314444914
72,2.07555626995147,1.0384965738288203
72,2.156738204927445+8.835703584478481E-16i,1.0791156418588648+4.4209102073934496E-16i
72,2.1802098192023074-1.083179040747721E-15i,1.0908595735265165-5.419644549969237E-16i
72,2.180365681677491-4.072004989485112E-16i,1.0909375587147814-2.0374119899399425E-16i
72,2.2132339166875163+1.6122477774271715E-15i,1.1073830533226003+8.06681956669089E-16i
72,2.2743201121596237+1.859340763433029E-15i,1.1379472956052266+9.303139791293695E-16i
72,2.2822976243401776+2.6762758753529353E-15i,1.1419388130538848+1.3390643112941162E-15i
72,2.3295974095683047-1.29643539023497E-15i,1.1656050781479155-6.486664468898864E-16i
72,2.347665603686274-1.615837187234263E-15i,1.174645429382153-8.084779040209859E-16i
72,2.367627101607783+5.439466198682754E-16i,1.1846330878716347+2.721615931386817E-16i
72,2.3891602213691208-1.7095070078332657E-15i,1.195407101286611-8.553452374542053E-16i
73,1.50208111613582E-11+1.4077745279335087E-5i,7.515604926271127E-12+7.043745549797196E-6i
73,3.743984832979361E-9+1.0744636811051683E-5i,1.8732883698725474E-9+5.376037584166819E-6i
73,4.325075768013562E-9-9.185587460423193E-6i,2.164034977831344E-9-4.59597325514933E-6i
73,4.5826738047774445E-8+7.210763944649809E-6i,2.2929231619182915E-8+3.607877926326857E-6i
73,6.517744008672729E-8+2.868941899892818E-6i,3.261128074479142E-8+1.4354640135207225E-6i
73,7.858910265636468E-7+9.4214050281522E-9i,3.932175438000745E-7+4.713963665566363E-9i
73,4.934768562826565E-6+7.505767863634279E-8i,2.4690924160072923E-6+3.755481999300802E-8i
73,8.001797488415305E-6+1.7809637132921878E-8i,4.0036685087731446E-6+8.910983244075744E-9i
73,9.52767619395402E-6+3.9769251864902215E-9i,4.767136033465868E-6+1.989839177253529E-9i
73,1.1668829333678387E-5+1.1588229164042634E-9i,5.83845374806513E-6+5.798125764079078E-10i
73,0.5872257408418075-1.2589270780181673E-14i,0.29381613438144305-6.29899307549375E-15i
73,0.705896121449981-2.294956096198034E-15i,0.3531924015830217-1.1482724306216707E-15i
73,0.7094821445046321+1.5872332651513197E-16i,0.35498665438639826+7.941660419379128E-17i
73,0.7102448824824382-1.1531381401329737E-15i,0.3553682873915585-5.769682205279029E-16i
73,1.0367413949664217+2.0646726245496901E-16i,0.5187295580496666+1.033050983832467E-16i
73,1.0634641666206899,0.5321001937717308
73,1.1174034550010978,0.5590885086580952
73,1.2514601480846526-1.2393763513697901E-14i,0.6261632579586037-6.201171768819765E-15i
73,1.3196442755640998-1.1314481934280984E-15i,0.6602789231429397-5.66115739356641E-16i
73,1.3443828402933005+1.40359847663971E-14i,0.6726567685835347+7.0228508382274406E-15i
73,1.3793742864032832-2.944721699780812E-16i,0.6901646036755616-1.4733801440966263E-16i
73,1.4036180517506767-4.110376232367079E-15i,0.7022948781540111-2.056610893310271E-15i
73,1.7495153135724129-6.198264059318583E-16i,0.8753632389106397-3.101277514118742E-16i
73,1.8432431255451223-2.1926735679238088E-15i,0.9222595881040088-1.0970957621241135E-15i
73,1.8649873090861795,0.9331392064670516
73,1.9062864906188774+3.906633432275265E-15i,0.9538030926476196+1.954668969161625E-15i
73,1.9361270031289244+1.802195676940233E-15i,0.9687336779811139+9.017216555228849E-16i
73,2.0005068347129495-2.9786397832738394E-16i,1.0009458783881162-1.4903509263434368E-16i
73,2.0209744286972766+6.1009094105200375E-16i,1.011186760090514+3.052566491109011E-16i
73,2.0809449291340005-3.92917679267644E-16i,1.0411927686656484-1.9659484525840406E-16i
73,2.1508145081447356+1.0011163255171723E-15i,1.0761517430225358+5.009046919638513E-16i
73,2.171389151932689+2.1374995378948026E-15i,1.0864461866812651+1.0694896490165218E-15i
73,2.1715455716728687+1.514650879116567E-15i,1.0865244506949212+7.578497250504048E-16i
73,2.201881459580089+1.0851277276462515E-14i,1.1017028951976282+5.4293947297012296E-15i
73,2.2804182628400658+2.828700805346182E-16i,1.1409984817763823+1.4153295370823747E-16i
73,2.2937802775678895-5.392507377459718E-15i,1.1476841143054486-2.698120266317566E-15i
73,2.339651261030667-2.757713029600547E-15i,1.1706354839473647-1.3798110773022918E-15i
73,2.357336534994979+4.1592180976890826E-15i,1.1794842425597205+2.0810487322311566E-15i
73,2.3644848153112292+5.100648567721608E-16i,1.1830608570435897+2.552089836623712E-16i
73,2.3835383542288575-1.1861849989034535E-15i,1.192594221747662-5.935030888452771E-16i
74,1.3934420473559143E-10+1.4079560283408232E-5i,6.97203353606004E-11+7.044653680084355E-6i
74,2.74403507267461E-9+1.0738659019695336E-5i,1.3729673643130526E-9+5.373046619319223E-6i
74,4.021623864653493E-9-9.216130291060704E-6i,2.012203988460657E-9-4.611255242648918E-6i
74,4.537060173236879E-8+7.252637696784939E-6i,2.2701005573179957E-8+3.628829296692116E-6i
74,6.845153218233334E-8+2.900748894809532E-6i,3.42494600959908E-8+1.4513785207412716E-6i
74,7.725016456494558E-7+9.58957618341208E-9i,3.865182187052163E-7+4.798107454430398E-9i
74,4.9300155387912224E-6+8.008148396683048E-8i,2.466714258764586E-6+4.006846161228169E-8i
74,8.017536612037401E-6+2.1832822735095353E-8i,4.011543518568469E-6+1.0923968641880587E-8i
74,9.53417075771108E-6+4.735922433597946E-9i,4.770385563390864E-6+2.3696005222375935E-9i
74,1.1668808999479787E-5+1.0433872870485244E-9i,5.838443573927294E-6+5.220548045183934E-10i
74,0.579172903625701+1.4712709183614932E-14i,0.28978692834179015+7.361447290119086E-15i
74,0.7002136575132502+3.7990351421376603E-16i,0.35034920267069397+1.9008325797196974E-16i
74,0.7076067108201385,0.3540482883762899
74,0.7147293486717422-3.3506618811341504E-15i,0.3576120727518813-1.6764907480431765E-15i
74,1.0300811163391048+6.060010626915677E-16i,0.5153971133285338+3.0321029424874705E-16i
74,1.0652172994700093-4.3229187397764714E-16i,0.5329773670306989-2.1629557170730113E-16i
74,1.1354644468836015-3.4109601482311366E-16i,0.568125256281598-1.7066607534025103E-16i
74,1.2469279941755076-1.5157013533390253E-15i,0.6238956122315996-7.583753257757197E-16i
74,1.3249243208520496+2.0233187043906015E-15i,0.66292077343656+1.0123597093913224E-15i
74,1.3344878485466884-2.5141321011293208E-15i,0.667705847630107-1.257936299282746E-15i
74,1.383858571860052-1.1157719162815148E-15i,0.6924082986070577-5.582721745529276E-16i
74,1.4134275587395997+6.268391872011966E-15i,0.7072030271386611+3.1363656947026828E-15i
74,1.7431951211524042-2.5971341551302185E-16i,0.8722009550115521-1.2994660568463425E-16i
74,1.8355565210266087+9.344265255509185E-16i,0.9184136251819627+4.675367077868175E-16i
74,1.8705585729892609+4.777792156193773E-16i,0.9359267668714638+2.390549876438406E-16i
74,1.9130719545881043+2.9717296521520953E-15i,0.9571981733717118+1.4868934688904491E-15i
74,1.929747439506637+2.5970174837200355E-15i,0.965541687929973+1.2994076807562827E-15i
74,1.9938525808077308+2.3260386228869545E-15i,0.9976164481134464+1.1638244529588639E-15i
74,2.027206249771098-1.740076731836263E-15i,1.014304827727403-8.706406809454806E-16i
74,2.0874054890781557-6.656193763853278E-15i,1.0444252849140165-3.3304008754549508E-15i
74,2.1434406602296048-3.1480038595316543E-16i,1.0724622666606265-1.57509158862745E-16i
74,2.1606727865986874-1.9863916030727493E-15i,1.0810842946215915-9.938833766822527E-16i
74,2.1607022091578303-1.0357461529179178E-15i,1.0810990160855698-5.182315925295481E-16i
74,2.189776814728812-8.25844779201801E-15i,1.0956463828363614-4.1320824982284955E-15i
74,2.2880527239887036-8.598160814073198E-16i,1.1448183549644384-4.302056598471799E-16i
74,2.3060356250311367+1.4082106030534997E-14i,1.1538160301373241+7.04592743483977E-15i
74,2.3510030143625142-7.970888213280033E-16i,1.1763152899409401-3.988203172182553E-16i
74,2.361607381710592-1.7788155118537805E-15i,1.1816211442403557-8.90023480103916E-16i
74,2.3685039274909414+1.0449211011380303E-15i,1.185071804320178+5.228222424818457E-16i
74,2.3779707707639224-1.2911007509270294E-15i,1.18980850283628-6.459972806889438E-16i
75,3.4323426720499177E-10+1.4077488384777628E-5i,1.7173594167185075E-10+7.043617013596265E-6i
75,2.958554688915498E-9-9.211014243937581E-6i,1.4803014268535223E-9-4.608695448204495E-6i
75,8.381484224453156E-9+1.0739749505240774E-5i,4.193643302620953E-9+5.3735922395556595E-6i
75,4.3976822565599766E-8+7.244081631817107E-6i,2.2003633543175943E-8+3.6245483025879386E-6i
75,6.502896599853526E-8+2.8973366499365834E-6i,3.253699230745921E-8+1.4496712171808118E-6i
75,7.78662495051137E-7+6.62683691927671E-9i,3.896007759397021E-7+3.315712291506368E-9i
75,4.9307438051328584E-6+7.74953925193325E-8i,2.4670786440195526E-6+3.8774520731605174E-8i
75,8.009410915514948E-6+2.1008334868494703E-8i,4.007477857655919E-6+1.0511439318043837E-8i
75,9.533150957316936E-6+4.8767903836535675E-9i,4.76987531019723E-6+2.4400832576916766E-9i
75,1.1668656596810047E-5+1.2772190213602396E-9i,5.838367319839336E-6+6.390516108448463E-10i
75,0.5694678853759657-1.0704312803983532E-14i,0.2849310598947584-5.355861622768141E-15i
75,0.6886670164121459-6.707222406520554E-16i,0.34457188533349253-3.3559328599857006E-16i
75,0.7097943005512268+1.429253941266098E-15i,0.35514284046026273+7.151216965902281E-16i
75,0.7199442464233305+1.1075728126273204E-15i,0.3602213267269705+5.541697846651569E-16i
75,1.0251986761912948+7.766665535627623E-16i,0.5129542032331388+3.8860211431474484E-16i
75,1.0674615096829592-6.670402570823787E-16i,0.5341002489543745-3.3375101972163955E-16i
75,1.1546193671428007-8.89793550915828E-16i,0.5777093467488769-4.452047710865835E-16i
75,1.2415038330483947+9.459557395560656E-16i,0.6211816541337382+4.733053055437767E-16i
75,1.3243363086368694-2.6716819708210635E-15i,0.6626265637927768-1.3367657688812156E-15i
75,1.3318416455193545-2.8644271829908344E-16i,0.6663818301523221-1.4332050923329937E-16i
75,1.3892205274933467-2.162946572283989E-16i,0.6950911324260265-1.0822219745187798E-16i
75,1.423228340273967,0.7121068103757802
75,1.735775471625253-2.326007030787354E-15i,0.8684885619897347-1.1638086459736858E-15i
75,1.8272590313200059,0.9142620082123641
75,1.8770105710287177+3.7874932084272927E-16i,0.9391549992038414+1.8950576177072937E-16i
75,1.9201984048020195+3.547918296678441E-15i,0.9607638652480807+1.7751872347027693E-15i
75,1.922601584465847-7.969786599255361E-16i,0.9619662869233256-3.9876519838544573E-16i
75,1.986467498959041-5.318928898235132E-16i,0.9939213508962128-2.661305558044658E-16i
75,2.034123308278368+2.40340801869845E-16i,1.017765751271018+1.2025359317236977E-16i
75,2.094494280901511+5.772228047515107E-16i,1.047972134559925+2.8881120389201585E-16i
75,2.1351180539927634+7.258601683194738E-16i,1.068298082732003+3.6318133542879543E-16i
75,2.1484863264302296-2.915820677761962E-15i,1.0749868462819516-1.458919629206597E-15i
75,2.1489125543543395-8.534572765264837E-16i,1.0752001077797322-4.2702405635225333E-16i
75,2.177455402557014-3.7252833758897815E-16i,1.0894814117823874-1.8639311679530884E-16i
75,2.2967458821529014+6.392425441501023E-16i,1.149167943120621+3.198425412773904E-16i
75,2.3184929611175584-7.041245987981285E-16i,1.1600490101976941-3.5230602705728926E-16i
75,2.3531074568972756-1.6631644289051695E-15i,1.1773682396459466-8.321579068402562E-16i
75,2.3683755015244334-1.9802750745814564E-15i,1.1850075468832009-9.908229952443249E-16i
75,2.3690258997540967-3.59783704912574E-15i,1.185332971128695-1.800163889943025E-15i
75,2.384836280500511+1.8782017413369766E-15i,1.1932436341513188+9.397509966729933E-16i
76,1.600041381662905E-10-1.407841909070693E-5i,8.00574533630982E-11-7.044082688718071E-6i
76,3.2794122484571905E-9-9.210299866733685E-6i,1.6408412691575403E-9-4.608338012326022E-6i
76,5.828087089506389E-9-1.07747835794579E-5i,2.916060895120845E-9-5.39112140345667E-6i
76,4.578719186253239E-8+7.243765472104586E-6i,2.2909444837934708E-8+3.6243901132952706E-6i
76,6.639910088105772E-8+2.891222473333988E-6i,3.322253401104125E-8+1.4466120125013224E-6i
76,7.699615915632167E-7+9.326204237251623E-9i,3.8524731244067024E-7+4.666330317048013E-9i
76,4.921796636652366E-6+7.71624421127448E-8i,2.4626019627813816E-6+3.860793027992625E-8i
76,8.000890210702559E-6+1.9569453849653012E-8i,4.003214555869126E-6+9.79150075032225E-9i
76,9.534401325673507E-6+5.636900846930531E-9i,4.7705009271815174E-6+2.8204015960921196E-9i
76,1.1670206157717496E-5+1.1837462223987939E-9i,5.839142636662408E-6+5.922828564280261E-10i
76,0.5583586578055073+1.951835422453932E-14i,0.27937260073042297+9.765933249998232E-15i
76,0.6750792376089307-4.929944220526878E-16i,0.33777329262012196-2.4666785749461106E-16i
76,0.7124502006987933+1.9694557675918643E-15i,0.3564717098547522+9.854095967243433E-16i
76,0.7257069457379659+1.0063123019274838E-15i,0.3631046711011485+5.03504478718816E-16i
76,1.0220431608739005+1.6246635724964858E-15i,0.5113753533155428+8.128941518417813E-16i
76,1.0701894059580408-6.095145693439354E-16i,0.5354651413335626-3.0496826374995165E-16i
76,1.1746701118436593,0.5877416595201634
76,1.2353664171531962-7.639584947170726E-16i,0.6181108217638331-3.822436860888638E-16i
76,1.3144033117550469+4.729902390349577E-15i,0.6576566271165402+2.3665884168187996E-15i
76,1.3398438568897775-6.795447918063705E-16i,0.6703857057453614-3.400076154382629E-16i
76,1.3952809557290247-1.0645813215766537E-15i,0.6981234443174474-5.326591579448542E-16i
76,1.4330217148089877-5.414700645837454E-15i,0.7170068875493464-2.70922458254643E-15i
76,1.7275031007197685,0.8643495131153875
76,1.8185265197079648+1.224469453941093E-15i,0.9098927297103475+6.126585682524539E-16i
76,1.8840937035453575+3.0411155312306605E-15i,0.9426990172374636+1.5216104258520041E-15i
76,1.9149480988259906+3.501983629134705E-16i,0.9581368949044694+1.752204000976588E-16i
76,1.9274806218271872+1.8578304001178692E-15i,0.9644074944476357+9.295582746704068E-16i
76,1.9786054053532995-3.8306076346136326E-16i,0.9899875826862693-1.9166297545485446E-16i
76,2.0414179389603158-2.6293778402614215E-15i,1.0214155915958611-1.3155990603313085E-15i
76,2.101882953306431-1.7933471319692678E-15i,1.0516690282981187-8.972943201772948E-16i
76,2.126252279509184-1.687259627338496E-15i,1.0638621266662338-8.442138464363049E-16i
76,2.1355213276493097-3.3623833028584677E-15i,1.0684998591505475-1.6823555161910382E-15i
76,2.1365468733849955+5.910303378069101E-16i,1.0690129870036602+2.957197497978302E-16i
76,2.1652162498550034-2.8499578023242204E-15i,1.0833575989368303-1.4259653935277884E-15i
76,2.3061387223047256-8.367627082485736E-16i,1.1538676144604971-4.1867099350873604E-16i
76,2.330809004767886+3.336709775666472E-16i,1.1662112951326578+1.6695098658885234E-16i
76,2.3483812543837925-4.776601766351955E-16i,1.1750035024482464-2.389954269472627E-16i
76,2.361353989513932-4.453575931227573E-16i,1.181494360432142-2.228329538844289E-16i
76,2.3839839446904034+2.056684570951885E-15i,1.1928171712163635+1.0290541920263477E-15i
76,2.3993020548671704-6.636581348298222E-15i,1.200481528558252-3.3205878789810423E-15i
77,3.5959976536268123E-10+1.407722305862187E-5i,1.799243555500058E-10+7.04348425867765E-6i
77,3.3975945091325205E-9-9.175738865810284E-6i,1.6999733074334982E-9-4.591045548822788E-6i
77,8.90771775973629E-9+1.07392806882885E-5i,4.456942222210418E-9+5.373357668801912E-6i
77,4.505610158547164E-8+7.204943751588839E-6i,2.2543646637770807E-8+3.6049658151784647E-6i
77,5.688196750003238E-8+2.8512695795239924E-6i,2.846067303335849E-8+1.4266217361899036E-6i
77,7.888561166280887E-7+3.8794831995744045E-9i,3.947011151768644E-7+1.941084454953702E-9i
77,4.961303427271968E-6+7.550273872106414E-8i,2.482369033082197E-6+3.777750408971136E-8i
77,8.01534894224935E-6+1.953169963089158E-8i,4.0104489264283035E-6+9.772610572590645E-9i
77,9.533661783546886E-6+6.364196122036021E-9i,4.770130900131025E-6+3.1843009816657996E-9i
77,1.166848889639124E-5+9.697309659158682E-10i,5.838283411581641E-6+4.852011483470348E-10i
77,0.5460410791922463+1.2915868231213575E-14i,0.2732095477826762+6.462404850364968E-15i
77,0.6596986632901377+7.307600484395221E-16i,0.3300776815857077+3.656329715470304E-16i
77,0.7155639107626361+7.852937833291611E-15i,0.3580296426749849+3.9291871545138794E-15i
77,0.7318937908826674-7.182501296589911E-16i,0.36620023520538364-3.593736819384851E-16i
77,1.0205090312395202+1.729630051151742E-15i,0.5106077574704299+8.654137245599463E-16i
77,1.073391918686778-1.3537092327675252E-15i,0.5370675062246453-6.773231930842263E-16i
77,1.1954588041097822-8.882372515317656E-16i,0.5981432015093165-4.444260826927302E-16i
77,1.2286647855856272+2.4652032782504245E-16i,0.6147576862585519+1.2334549514836817E-16i
77,1.3043785939456396-8.876123504130987E-16i,0.6526407982279725-4.4411341582837545E-16i
77,1.3491542214709775,0.6750441107516008
77,1.4018903300383254-1.0698089345131686E-15i,0.7014304192594092-5.352747739136763E-16i
77,1.4428096134793842-1.6619849258412341E-15i,0.7219042248951694-8.315677470317987E-16i
77,1.718559253500514-1.7637308491142027E-15i,0.8598744936574658-8.824759272867711E-16i
77,1.809446288198238-1.793952724508407E-15i,0.9053494708987498-8.975973260683598E-16i
77,1.8916240071638564+7.29293949730567E-16i,0.9464667756070717+3.6489941471304473E-16i
77,1.9069514289019174+4.36399515449878E-16i,0.9541357919527368+2.1835081427392576E-16i
77,1.9348195760053435+3.395603058213657E-15i,0.9680795118628417+1.6989768926476746E-15i
77,1.9704206343839599-2.479762079403355E-16i,0.9858923641020815-1.2407393914843022E-16i
77,2.0488250941807897+5.095232646227592E-16i,1.0251217331395257+2.5493800011944885E-16i
77,2.1092106181998687+6.768932104826212E-16i,1.055335397163261+3.386809069506117E-16i
77,2.1171992149382066-1.6947206918626867E-15i,1.0593324607276509-8.47946961292145E-16i
77,2.122150156139969+2.457346426364324E-16i,1.0618096450611687+1.2295238059479422E-16i
77,2.123960734919874+2.6866233547194156E-15i,1.0627155611699246+1.3442416326828087E-15i
77,2.153384545741805-5.303896957975716E-16i,1.0774376514210733-2.653784384717101E-16i
77,2.3159730517408375-3.396348972328082E-15i,1.1587881832608529-1.6993501078976852E-15i
77,2.3426485270690502+1.0897433890183027E-15i,1.172135154448607+5.452489013340869E-16i
77,2.342776093609135-1.823815238015238E-15i,1.1721989818748884-9.125389195157327E-16i
77,2.353778523581924,1.17770400527317
77,2.4003017243433056+1.9808070729125617E-15i,1.2009817093247084+9.91089178557268E-16i
77,2.414605823762859+6.099715232966419E-15i,1.20813871029547+3.0519689889762427E-15i
78,6.511349743480921E-11-1.4077530495611679E-5i,3.2579287285543996E-11-7.0436380835896535E-6i
78,3.2370274663285717E-9-9.188039348591496E-6i,1.6196342069061847E-9-4.59720004793691E-6i
78,4.79421255121649E-9+1.0745150375681472E-5i,2.398765757751229E-9+5.37629454424841E-6i
78,4.186512618311436E-8+7.217519880014063E-6i,2.0947054403440512E-8+3.6112582325273493E-6i
78,5.978191069029924E-8+2.8702913078439144E-6i,2.9911648422939595E-8+1.4361391845841134E-6i
78,7.795675906372989E-7+5.600737719922587E-9i,3.9005363702510096E-7+2.8023075149822084E-9i
78,4.942095343795684E-6+7.607502450528146E-8i,2.472758342604311E-6+3.806384507442218E-8i
78,8.001736836989048E-6+2.0340019685661486E-8i,4.003638162065962E-6+1.0177050394140412E-8i
78,9.531011305451378E-6+4.768355805636197E-9i,4.76880474363937E-6+2.38582843483484E-9i
78,1.1667655753597915E-5+2.194530138602648E-9i,5.837866551798602E-6+1.0980246901021013E-9i
78,0.5326687977266928+3.635346091044379E-14i,0.26651877833098764+1.8189313943870353E-14i
78,0.642768561993487-8.364145428830713E-16i,0.3216067707047621-4.1849679031105144E-16i
78,0.719123182585372-6.653658630139406E-16i,0.3598105106026577-3.3291324310797394E-16i
78,0.7384270177565933+4.911276705950389E-15i,0.3694691100717717+2.4573383560321532E-15i
78,1.0204665563578401+1.890927324993309E-15i,0.5105865053272155+9.461181933702826E-16i
78,1.0770582718355672-1.1758508684135216E-15i,0.5389019518807744-5.883324465154765E-16i
78,1.2168534083784075+4.854256572552762E-16i,0.6088479092317963+2.428808552224867E-16i
78,1.2215177468688347-1.5624143999543862E-16i,0.6111816930041822-7.817480184680227E-17i
78,1.294310946174283+7.788623987317154E-15i,0.6476034894985331+3.8970079697521046E-15i
78,1.3596307176884255+1.4906230590125656E-15i,0.6802859852240306+7.458274979415421E-16i
78,1.4089293474211364+3.528986257990309E-15i,0.7049523644559812+1.7657146621698747E-15i
78,1.452594370184563-4.558329279267382E-15i,0.7267999901708149-2.280742472481103E-15i
78,1.7090742840954487+8.683624901393551E-16i,0.8551287258010917+4.3448182249102235E-16i
78,1.80006415032606-2.486588982733184E-15i,0.9006551544032139-1.2441552062326316E-15i
78,1.8987171987060876+5.427720181358767E-16i,0.950015826635349+2.7157388569255295E-16i
78,1.899469036118977+4.0791182868148913E-16i,0.9503920055848989+2.040971100821468E-16i
78,1.9421547163557915+3.145235778481485E-15i,0.9717496210440648+1.5737065899510477E-15i
78,1.9620087482630573+7.979438201211097E-16i,0.9816835093278382+3.992481125664824E-16i
78,2.0560076510323277-5.521175951754795E-15i,1.0287154977556145-2.7624990911653262E-15i
78,2.108372447520224-5.244623608502379E-16i,1.054916021696695-2.624127192937445E-16i
78,2.1086326500830794-8.027652454832061E-16i,1.055046213045366-4.0166049414919203E-16i
78,2.1114002733705917+6.699890013547666E-16i,1.0564309826819884+3.352264125444243E-16i
78,2.115603947558448-3.660388005747189E-15i,1.0585342748474587-1.8314610198168437E-15i
78,2.1428103567532135+5.446594667819059E-15i,1.0721468967474226+2.725182633423216E-15i
78,2.3260633291137838+5.815512889030399E-16i,1.1638368146241609+2.9097694424139246E-16i
78,2.3368094251469413+2.0868366598577554E-15i,1.16921358232448+1.044140673407679E-15i
78,2.3459745833842196-1.0441653125335869E-14i,1.1737993338966284-5.224440865688423E-15i
78,2.353520275228926-2.11124783271706E-15i,1.1775747917058634-1.0563547095889881E-15i
78,2.417289512501425,1.2094814836042798
78,2.429941005993623,1.2158116095737252
79,1.7319708295067412E-10-1.4077526285045411E-5i,8.665849239810135E-11-7.043635976849063E-6i
79,1.251933800161117E-9+1.0769498469042482E-5i,6.264002479480906E-10+5.3884770188460585E-6i
79,4.598977349806539E-9-9.188827119456777E-6i,2.3010805777875195E-9-4.597594206050762E-6i
79,4.467857742405901E-8+7.22754308239855E-6i,2.235475387979524E-8+3.616273303178903E-6i
79,5.7041005834313576E-8+2.8964111097825406E-6i,2.854024725047298E-8+1.4492081267347328E-6i
79,7.703734054867927E-7+3.14046900432407E-9i,3.854533619488817E-7+1.5713215528877996E-9i
79,4.9252898016419974E-6+7.409885339454593E-8i,2.464349754410098E-6+3.707507548165834E-8i
79,7.983542202581318E-6+2.0751669672259544E-8i,3.99453454692045E-6+1.038301787711728E-8i
79,9.536204226701717E-6+5.252330406627452E-9i,4.771403001756827E-6+2.627983259652642E-9i
79,1.1668387326395045E-5+1.4504291227551212E-9i,5.838232591425822E-6+7.25716616971292E-10i
79,0.5183645136140903+2.8550669299512277E-15i,0.25936168494977124+1.4285217258290205E-15i
79,0.6245151742027825+2.999183411973987E-16i,0.31247375853070114+1.5006298517226143E-16i
79,0.7231140863360289+7.505883898515027E-15i,0.3618073439005738+3.755540056905814E-15i
79,0.7452606361938916+2.6345555670265884E-15i,0.3728882846982219+1.3181897159467174E-15i
79,1.0217799531534877+1.516715250212251E-15i,0.51124365834788+7.588826251654324E-16i
79,1.0811759435372215-1.226470236639503E-15i,0.5409622130340024-6.136596521581788E-16i
79,1.2140179300881622+9.671001751730142E-16i,0.6074291886062868+4.838848423463412E-16i
79,1.2387410025693184-2.7807425251218335E-15i,0.6197992825603296-1.3913337965569333E-15i
79,1.2842030834443485-1.5975609004743672E-15i,0.6425460593696867-7.993334344360159E-16i
79,1.3711740746939705-2.762312271146126E-16i,0.6860616593766863-1.382112290069415E-16i
79,1.4163049201850395+1.6839824427790792E-16i,0.7086427038393205+8.425741197827661E-17i
79,1.4623787455475077+1.6575286868998823E-15i,0.7316955646433445+8.293380850661104E-16i
79,1.6991430196936241-9.188565306872741E-16i,0.8501596559645394-4.597463209134204E-16i
79,1.7904058670690806-1.945005773528517E-15i,0.8958226696295409-9.731761365033323E-16i
79,1.890315043938931+9.539434618634155E-16i,0.9458118409064168+4.773019315899945E-16i
79,1.907533066937428+2.0955729578195795E-15i,0.9544268123003087+1.0485118463952049E-15i
79,1.9494411295485354+5.913287824471866E-16i,0.9753953497798811+2.95869075422431E-16i
79,1.953430656888002+9.545828022483014E-16i,0.9773914943957671+4.776218230855067E-16i
79,2.0622851344666775-1.0250668969924647E-15i,1.0318564123784648-5.128882680193031E-16i
79,2.0951547291175108+4.042704295710416E-15i,1.0483025872773177+2.0227515008284906E-15i
79,2.0990454064656947+1.0615500351462846E-15i,1.05024927268135+5.311424654717053E-16i
79,2.100515119552224+3.569825274923747E-15i,1.0509846379552135+1.7861483067681512E-15i
79,2.1174438182863216,1.0594548470693956
79,2.13710115943257+7.484943459324659E-16i,1.0692903218895704+3.7450625889284336E-16i
79,2.330617348079993+6.562805189230492E-16i,1.1661154004481291+3.2836742623611084E-16i
79,2.3362731029957-3.785185141964601E-15i,1.1689452356048096-1.893902785555366E-15i
79,2.338011963782129-1.2633724819206406E-15i,1.1698152678921607-6.321235482451532E-16i
79,2.3625272301545843-5.419719582083942E-16i,1.1820813868612654-2.7117357879383047E-16i
79,2.4346434143191304-4.638281244278566E-16i,1.2181644414412505-2.320746129783508E-16i
79,2.440332726288951,1.2210110667405203
80,1.0976265748168398E-10+1.4076898759642278E-5i,5.4919322294133877E-11+7.043321996934098E-6i
80,5.340855070807105E-9-9.177568158027096E-6i,2.6722762339173514E-9-4.591960828127518E-6i
80,1.1632618399401561E-8+1.0762571520902953E-5i,5.820335746772635E-9+5.3850111470630895E-6i
80,4.322958716865902E-8+7.210476573333118E-6i,2.162975719455508E-8+3.6077341411969994E-6i
80,5.2031359585061164E-8+2.8814379045568233E-6i,2.6033690072880932E-8+1.441716341254734E-6i
80,7.690203763868706E-7+7.83318443838164E-9i,3.847763790576432E-7+3.919303619563525E-9i
80,4.924018371426714E-6+6.413995714499958E-8i,2.4637135992060447E-6+3.209218015668005E-8i
80,7.973179470228787E-6+2.2063751141228796E-8i,3.989349593759019E-6+1.1039512779151766E-8i
80,9.528959294847986E-6+6.407579216067375E-9i,4.767778028048984E-6+3.206007545426997E-9i
80,1.1669540619098456E-5+1.0754428574317914E-9i,5.838809636981489E-6+5.380936855148262E-10i
80,0.50322900166948+1.4294038634488996E-14i,0.25178868992902415+7.151967095761124E-15i
80,0.605140819507031+7.353541155065251E-16i,0.30277987488949654+3.6793159528375707E-16i
80,0.7275210755939095+4.876986470014543E-15i,0.36401236397710324+2.4401813687460455E-15i
80,0.752369019853286+3.779616105122104E-15i,0.3764449370437227+1.891116339452127E-15i
80,1.024318270389526+2.0639722892094228E-15i,0.5125136955861274+1.0327005737462995E-15i
80,1.0857306121266406-5.763064081008248E-16i,0.5432411238944379-2.8835268836257286E-16i
80,1.2062370316027327+2.4057259684573664E-15i,0.6035360460616054+1.2036957089447692E-15i
80,1.2610229438257257+9.551441806912297E-16i,0.6309479659220074+4.779027066240754E-16i
80,1.2740540282083965+1.2209869304495246E-15i,0.637468018729342+6.10916101056247E-16i
80,1.38368771122258+1.936757344457288E-15i,0.6923228091461426+9.690490668334066E-16i
80,1.423944980485737-6.031944567024677E-16i,0.7124653785415127-3.0180601976774924E-16i
80,1.4721660657028928-8.136923315481322E-15i,0.7365926125314131-4.0712781951379115E-15i
80,1.6888374393117669-4.646009054911797E-16i,0.8450032985711902-2.324612710026113E-16i
80,1.780487718605906,0.8908601623023014
80,1.8817923806673076+6.082561300126023E-16i,0.9415475592121003+3.043386084845748E-16i
80,1.9157450513192862+9.855428619224898E-16i,0.9585356470104825+4.931125695242589E-16i
80,1.9447263857661972-2.729288773661354E-16i,0.9730363459141109-1.3655891104812356E-16i
80,1.956636052104192+1.4420188048428494E-15i,0.9789953015283285+7.215085468441885E-16i
80,2.0659439307644423,1.0336870769933324
80,2.081854553189221-2.6227425590163212E-15i,1.0416478955530732-1.3122791229539477E-15i
80,2.087038964035174-4.73006791580058E-15i,1.0442418955225221-2.3666712368397436E-15i
80,2.095392408527117-5.342808693216772E-16i,1.0484215092531364-2.67325372135451E-16i
80,2.1106504814629448+8.47893261507557E-16i,1.0560558271930967+4.2424012289906757E-16i
80,2.1403330301729073+2.7695609037939873E-15i,1.0709073759485173+1.3857391154553262E-15i
80,2.3242671136165347-1.1680465285791394E-15i,1.1629380851284796-5.844275751822646E-16i
80,2.3299131626775607-4.750789449313691E-15i,1.165763063998208-2.3770391762058727E-15i
80,2.346498197347657-4.045620594509124E-15i,1.1740613221235487-2.024210659683669E-15i
80,2.368013100904068+1.1223236166594874E-15i,1.1848262211306537+5.615502925658093E-16i
80,2.434245110322542+6.058196923105559E-16i,1.2179651515728966+3.0311954627819016E-16i
80,2.452051060589073-9.469868399715673E-16i,1.2268742901075946-4.738212126595096E-16i
81,1.6427153386163231E-10+1.407786741082627E-5i,8.219262833905197E-11+7.043806657817724E-6i
81,3.785908802074332E-9+1.0771981578863064E-5i,1.8942648660999663E-9+5.389719433266929E-6i
81,5.204372405666228E-9-9.179938599671587E-6i,2.6039876588554274E-9-4.593146869461065E-6i
81,4.234689233422769E-8+7.215353776745602E-6i,2.118810423888033E-8+3.610174431112074E-6i
81,4.893128993993316E-8+2.8778423504997667E-6i,2.4482582183538362E-8+1.4399173196510668E-6i
81,7.68522539046739E-7-2.712829104873015E-9i,3.845272880647679E-7-1.35735357869127E-9i
81,4.948002743242115E-6+6.671301574807431E-8i,2.475714087131296E-6+3.337960010391971E-8i
81,7.98228246389286E-6+1.5439528854995215E-8i,3.993904241526746E-6+7.725108709203358E-9i
81,9.537323934428212E-6+6.399661576075475E-9i,4.771963243198838E-6+3.202045984796993E-9i
81,1.1668417737164822E-5+5.890772424102009E-10i,5.838247807337178E-6+2.947425260495717E-10i
81,0.48734744755173365-1.2581160587002771E-14i,0.2438424155845843-6.294935171619346E-15i
81,0.584821330045185+2.8443103912755576E-16i,0.292613096713653+1.4231397331927999E-16i
81,0.7323270469910602-2.888214816747854E-15i,0.3664170132280613-1.4451071431295915E-15i
81,0.7597387112023188-2.945567160511831E-15i,0.3801323336838174-1.4738031671122782E-15i
81,1.0279610696880488+2.071108729537587E-15i,0.5143363561641277+1.0362712641377992E-15i
81,1.0907060837019988-6.487313964260327E-16i,0.5457305819057657-3.2459025191322487E-16i
81,1.1982307177326343-2.7630718617883936E-15i,0.5995301177986776-1.3824923483173783E-15i
81,1.2638620428795562-3.043205722340314E-15i,0.6323684981826108-1.5226562449114283E-15i
81,1.2836104261406838-1.400616767871368E-15i,0.6422495255737973-7.007931973415595E-16i
81,1.3970764799116926-1.7402534753430091E-15i,0.6990218279165444-8.707291138773455E-16i
81,1.4317936380889507+2.298587001383131E-15i,0.7163924240994167+1.1500891400258962E-15i
81,1.4819604685694912+2.072420469863663E-16i,0.7414932042267176+1.0369275883503027E-16i
81,1.6782166172809796+8.211589907793339E-16i,0.83968921123475+4.108637336597042E-16i
81,1.7703222147737723+4.0631416082308207E-16i,0.8857738916703028+2.0329772313172167E-16i
81,1.87318263886791+1.070485990324483E-15i,0.9372397081122917+5.356135361773259E-16i
81,1.9240492849326543-3.660794598880545E-16i,0.9626906382678184-1.8316644571228063E-16i
81,1.9359230043022126+1.5852914659902929E-15i,0.9686316079550336+7.931944702176062E-16i
81,1.9636872082368593-5.698775408950758E-16i,0.9825233203015697-2.8513602945362075E-16i
81,2.064423626893134-3.296768893609828E-16i,1.0329263988154433-1.6495255996115625E-16i
81,2.0688399474718544-2.213737526720769E-15i,1.035136087782362-1.1076350326602126E-15i
81,2.075508770146318-1.3331079915230948E-15i,1.0384728074845289-6.670154414907402E-16i
81,2.0956078778947513,1.0485293185201232
81,2.1003968326112616-1.078445633182269E-15i,1.0509254535405597-5.395961127792626E-16i
81,2.147334117283756-9.863570052188211E-15i,1.0744103428798177-4.935199229822624E-15i
81,2.317800149309806-2.4424290649115437E-15i,1.1597023644820008-1.2220599616843314E-15i
81,2.3216806584320384-1.02269020705097E-15i,1.1616439622533992-5.116991003744513E-16i
81,2.35665509345432+3.4681282100333204E-15i,1.17914328591331+1.7352645726164269E-15i
81,2.367844368060914+1.2381098379126399E-15i,1.1847417963034184+6.194834817588905E-16i
81,2.432830910264818+3.2408200780210624E-15i,1.2172575620288708+1.6215318255376503E-15i
81,2.4637910083493164-5.120293713341689E-16i,1.2327483276860736-2.56191920945941E-16i
82,4.114210937816217E-10+1.4078646499564344E-5i,2.0585295733905106E-10+7.0441964718627164E-6i
82,4.235824714984463E-9-9.167743096763202E-6i,2.119378557707644E-9-4.587044896621383E-6i
82,9.22382362404322E-9+1.0758100742810195E-5i,4.615104572131975E-9+5.382774210489075E-6i
82,4.376311714225901E-8+7.210668903858074E-6i,2.1896706858912548E-8+3.607830373033304E-6i
82,4.54507172631416E-8+2.870276463446615E-6i,2.274109106998028E-8+1.4361317572471829E-6i
82,7.661261390547576E-7-2.3529863905583366E-9i,3.833282585721808E-7-1.1773076645702356E-9i
82,4.950339711601812E-6+6.589491334118643E-8i,2.476883380235909E-6+3.297026572022023E-8i
82,7.982481662677632E-6+1.8319495906136768E-8i,3.994003909870357E-6+9.166089114625143E-9i
82,9.537205624876869E-6+6.096879516044101E-9i,4.771904047471169E-6+3.050550148952096E-9i
82,1.1670328023405264E-5+1.5411471825739753E-10i,5.839203611689223E-6+7.711070482837038E-11i
82,0.4707936400065207-3.3648676061953604E-15i,0.23555978183072937-1.6835985277831909E-15i
82,0.5637065029976931+9.54077646917125E-16i,0.2820483744446098+4.773690705640392E-16i
82,0.7375133892561624+8.396083381733258E-15i,0.3690119795756314+4.200947934654142E-15i
82,0.7673628930204252+1.589437299631387E-16i,0.3839470636484917+7.952688220886065E-17i
82,1.032600547050242+1.2701708634255221E-15i,0.5166577007668961+6.355250922083847E-16i
82,1.0960841965643335-2.5419756405998823E-16i,0.548421499931963-1.271867706858664E-16i
82,1.1900426868807448+1.3515632724028538E-15i,0.5954332681448301+6.762494700931671E-16i
82,1.2536252370665484-2.166406717599717E-15i,0.6272465518795081-1.0839532448810222E-15i
82,1.3064197720818191+1.2366606347476682E-15i,0.6536620938351719+6.1875837854516745E-16i
82,1.4112470512201831-4.895969288928001E-16i,0.7061120186119807-2.4496793489688123E-16i
82,1.4398071889583188-4.4236767505553497E-16i,0.7204019733670144-2.213369599122145E-16i
82,1.4917672963113064-1.846608863966167E-15i,0.7464000126604118-9.239436223406427E-16i
82,1.6673349271657039-1.5248069001420297E-15i,0.8342445995584571-7.629312509966626E-16i
82,1.7599214684815392+3.252577771301966E-15i,0.8805699183807715+1.6274147420189432E-15i
82,1.8645102626437209+2.0822083606287335E-16i,0.9329005181196323+1.0418249217407263E-16i
82,1.9270393122503908+5.130465752597357E-16i,0.9641866869031063+2.5670087500653645E-16i
82,1.932397542636862+7.807365197353985E-16i,0.9668676568091958+3.906385061905385E-16i
82,1.9705171679039495-2.5258946134935365E-15i,0.9859406642764589-1.2638216269737862E-15i
82,2.056200892438625,1.028812185347884
82,2.058389753441652+7.431054424868208E-16i,1.0299073735078679+3.718099418399082E-16i
82,2.0645899414128066+1.6760991248932455E-15i,1.033009613643853+8.386297320861448E-16i
82,2.0895218876443598,1.045484216773238
82,2.100532869623471+2.0160211491425293E-15i,1.0509935191348962+1.0087084057710996E-15i
82,2.155268524880574-4.941233069761669E-16i,1.0783802931162667-2.4723269071173573E-16i
82,2.3112445194139117-8.428576806626354E-16i,1.1564222803499837-4.217205894465674E-16i
82,2.313303319843162-1.350879274091144E-15i,1.1574523932035485-6.759072341762233E-16i
82,2.3614729992255334-6.367882890571969E-16i,1.1815539064822973-3.1861456420821477E-16i
82,2.366672490035853-2.9487697245200164E-15i,1.1841554516537502-1.475405557660835E-15i
82,2.4366911781625036+9.787311700297766E-16i,1.2191890321816417+4.897043657598167E-16i
82,2.4587470171703965+1.8261302613050918E-15i,1.2302245861553978+9.136972324892969E-16i
83,2.409082032469412E-10-1.4079429747101383E-5i,1.2053749026281768E-10-7.044588366746729E-6i
83,9.300655240926399E-10-1.0768568033105403E-5i,4.653546975284348E-10-5.388011478813821E-6i
83,3.214149211260395E-9-9.204685016679231E-6i,1.6081871602288916E-9-4.6055286437588916E-6i
83,3.9831461063051874E-8+7.253242752370654E-6i,1.9929517904875982E-8+3.6291320339206064E-6i
83,5.140517536813872E-8+2.9242555176581823E-6i,2.5720381215263283E-8+1.463139968813783E-6i
83,7.469273595823722E-7+2.7397244670199052E-9i,3.7372222331675814E-7+1.370810569400601E-9i
83,4.914933515164927E-6+6.788176262818362E-8i,2.4591680264175927E-6+3.39643780972887E-8i
83,7.973656854740508E-6+1.6542837170466782E-8i,3.98958845125809E-6+8.277144769165667E-9i
83,9.535968981389385E-6+6.8394621901516804E-9i,4.771285297672191E-6+3.4220985256498744E-9i
83,1.1669108851409572E-5+1.7645013082577381E-9i,5.838593603683771E-6+8.82861423547422E-10i
83,0.4536326819528299+8.769702307968205E-15i,0.22697336266186016+4.38788672327184E-15i
83,0.5419222957375234+9.972684758620788E-16i,0.27114873036808856+4.989794352308617E-16i
83,0.7430600157598403+1.2405478854332901E-15i,0.3717872127522836+6.207033494318042E-16i
83,0.7752378122488174+2.0869044412660114E-15i,0.3878872491092574+1.044174587573853E-15i
83,1.0381414745448854+1.900972594131553E-15i,0.5194300824663601+9.51144305036963E-16i
83,1.1018446970733105-8.198274525647963E-16i,0.5513037441422111-4.1019750365007326E-16i
83,1.1817078640280703-5.914215245125706E-16i,0.5912629716795962-2.959154785571209E-16i
83,1.2433417832675573-1.5224052819154072E-15i,0.6221012654365494-7.617296105805006E-16i
83,1.3293667713886976-2.590843210024042E-15i,0.6651435364271393-1.296318406727918E-15i
83,1.4261079606992428-2.4655983510090974E-16i,0.7135476173482871-1.2336526246146078E-16i
83,1.4479510030440568+2.2793772578138717E-15i,0.7244766993324712+1.1404776189268936E-15i
83,1.5015937184672359-3.5163814910937635E-16i,0.7513166250836283-1.7594079156723298E-16i
83,1.6562498108989192+5.440398704806959E-16i,0.8286982043919126+2.7220825072291974E-16i
83,1.7492993494087412+3.262647616178027E-15i,0.875255182074364+1.6324531500612467E-15i
83,1.8557938270812016-3.797411337226859E-16i,0.9285392832069852-1.900020115195923E-16i
83,1.9180887023742548-8.828861742410815E-16i,0.9597082837758988-4.417486918105265E-16i
83,1.9407405890295197+9.177870173012812E-16i,0.9710420678909405+4.592111940160689E-16i
83,1.9769953008241874-3.268459804498475E-16i,0.9891819730956276-1.6353612560685938E-16i
83,2.0440206779988728-1.148802112812784E-15i,1.0227178620345108-5.747987059831825E-16i
83,2.0504463578484544+1.403262466546367E-15i,1.0259329261620989+7.02116962468599E-16i
83,2.0544571691910196,1.0279397201468388
83,2.0786490690166666+8.085795052662877E-16i,1.0400440439115382+4.04569636604878E-16i
83,2.107595493039039+4.561123962178675E-16i,1.0545272755189052+2.28214078129611E-16i
83,2.1635156032381353+1.0521591551540727E-15i,1.082506686961819+5.264437748901305E-16i
83,2.30462026676257-1.1532441897907669E-15i,1.1531078610869707-5.770212820651247E-16i
83,2.304757054090866-2.7603597351669965E-15i,1.153176302099067-1.3811353462235848E-15i
83,2.3506115470481244+1.333651572381391E-15i,1.1761194207801542+6.672874200764873E-16i
83,2.376484199230179+5.133185868630627E-16i,1.1890647025033794+2.568369749630573E-16i
83,2.4439386952120277-1.6622950124126052E-15i,1.2228152993822283-8.317228976517173E-16i
83,2.4441491126290344+1.2992126599918004E-15i,1.2229205809252053+6.500560431002238E-16i
84,5.972690946871425E-11-1.4078284330410236E-5i,2.988412877387041E-11-7.044015261923418E-6i
84,9.585783579912578E-10+1.0772608375549851E-5i,4.796209839898263E-10+5.39003304857148E-6i
84,5.3449968813739025E-9-9.176831688968529E-6i,2.674348572858645E-9-4.5915923386747746E-6i
84,4.149842186445822E-8+7.218027034238049E-6i,2.0763575312053823E-8+3.611511985187123E-6i
84,4.556917187385283E-8+2.88675550578206E-6i,2.2800359377546197E-8+1.4443769825167147E-6i
84,7.534925758464255E-7+4.0502841406956205E-9i,3.770071039511068E-7+2.026544047029839E-9i
84,4.955540213473521E-6+6.070346936943785E-8i,2.4794854312880284E-6+3.037274675340791E-8i
84,7.974914382828557E-6+1.70397472039516E-8i,3.990217650586406E-6+8.525771787737034E-9i
84,9.537423672276251E-6+6.799861032110767E-9i,4.772013146646396E-6+3.4022842389738004E-9i
84,1.1668493939386497E-5+2.3277071456869662E-10i,5.838285934824867E-6+1.164659291906019E-10i
84,0.4359227491541227+9.839103989921915E-15i,0.21811226609682893+4.922957729938247E-15i
84,0.5195737952457161-3.9862245984797675E-16i,0.2599667443497108-1.994492102172781E-16i
84,0.7489453737083536-5.702004571738415E-15i,0.3747319289008032-2.852975993681476E-15i
84,0.7833605515765555-2.0650970529021523E-16i,0.3919514304008386-1.0332633449215152E-16i
84,1.0444999823151093+2.3197403084222853E-15i,0.5226115373031379+1.1606731156103427E-15i
84,1.1079650805507186-9.345051349541683E-16i,0.5543660544075723-4.675760396985211E-16i
84,1.1732548662156517+6.389817381871407E-16i,0.587033546829079+3.197120480198041E-16i
84,1.233010036762553+6.789437113632866E-15i,0.6169318159244117+3.397068671570549E-15i
84,1.3523589066989954+4.423976837438994E-16i,0.6766475626443187+2.2135197464368802E-16i
84,1.4415689296426186+2.867955677901084E-16i,0.7212834535230128+1.4349705611512165E-16i
84,1.4561971542757834+1.2713967796088841E-14i,0.7286026292941883+6.361384746421225E-15i
84,1.511449744289979+6.660669564040019E-15i,0.7562480495873477+3.332640324814318E-15i
84,1.6450307735905831-1.227040835632126E-15i,0.8230848023487886-6.139451491632216E-16i
84,1.7384729386388829-3.802488399121813E-16i,0.869838229205327-1.9025604035318058E-16i
84,1.8470480448761355+1.0446664091801009E-15i,0.9241633648149357+5.226948083430942E-16i
84,1.9090809724510915,0.9552013008534848
84,1.9490148413932642+6.826086347726645E-16i,0.9751820581456709+3.415405974485845E-16i
84,1.9828809959049472,0.9921268579269665
84,2.032390799163125-1.327515601062253E-15i,1.0168988970178454-6.642173104946421E-16i
84,2.0418906998866797-3.524144639783816E-15i,1.0216521357018327-1.7632921771753588E-15i
84,2.0453842515286573+5.603041084972844E-16i,1.023400120790559+2.8034599948005575E-16i
84,2.0679693814020483-8.390426695695423E-16i,1.0347005034072847-4.1981176336140957E-16i
84,2.115527032459613-4.128696616589023E-15i,1.0584957906744334-2.0657774268902834E-15i
84,2.171883892414721+1.0440528761833678E-15i,1.0866937281731355+5.223878294747E-16i
84,2.2960023199534856+1.5143265719435806E-15i,1.1487959046422138+7.576874592073197E-16i
84,2.2979422457980117-3.688389300108125E-16i,1.149766539055835-1.845471359443668E-16i
84,2.3371082478551326-2.4650058336107995E-15i,1.1693630971139035-1.2333561608198293E-15i
84,2.386021452475521+3.5680652642706986E-15i,1.1938366303775665+1.785267692226616E-15i
84,2.425352317705836+1.7045674391697938E-15i,1.2135156770884323+8.52873743326355E-16i
84,2.453364882666868+1.661510204160069E-15i,1.2275316559165415+8.313302218697253E-16i
85,1.5014990975434383E-10-1.4077892678924034E-5i,7.512692818693783E-11-7.043819300612976E-6i
85,1.4597947112922963E-9+1.0765165103932033E-5i,7.304026530708935E-10+5.386308836327713E-6i
85,5.2759468566386455E-9-9.174964364330517E-6i,2.6397996593223063E-9-4.590658029994795E-6i
85,4.044604528572672E-8+7.2176103598119295E-6i,2.0237022750115376E-8+3.611303503745212E-6i
85,4.5035139849611786E-8+2.8967317344001026E-6i,2.253315851408699E-8+1.449368550025416E-6i
85,7.55070976638835E-7+5.102245850162666E-9i,3.7779685069937696E-7+2.5528890307320535E-9i
85,4.944395676030339E-6+5.924867923407534E-8i,2.473909304965073E-6+2.964484812059982E-8i
85,7.965188837966144E-6+1.5524887711058224E-8i,3.985351511727896E-6+7.767817683588069E-9i
85,9.535397523121284E-6+7.55918180487805E-9i,4.770999370731977E-6+3.782207458773721E-9i
85,1.1671450716785E-5+8.496901597880032E-10i,5.839765346991317E-6+4.251391940226878E-10i
85,0.4177162612355751+6.141263639201974E-15i,0.20900272009289925+3.0727575737755754E-15i
85,0.4967483410019797-1.5729878249733045E-15i,0.24854611636126264-7.870383908923941E-16i
85,0.7551464218565088-1.8634622685506662E-14i,0.37783459942303255-9.32376158317498E-15i
85,0.7917276998235578-1.8893686552735916E-15i,0.39613790075243877-9.453383189881271E-16i
85,1.051601842960427+1.9804151167760797E-15i,0.526164925883706+9.908930648162335E-16i
85,1.1144203898766378-1.1000772230811949E-15i,0.5575959435293588-5.504193953477615E-16i
85,1.164707909833747+1.1757056417325923E-15i,0.582757110170737+5.882597829058423E-16i
85,1.2226286300693325+2.3257445138400082E-15i,0.6117375191286495+1.1636772966316624E-15i
85,1.3752832213009272-1.293092995396266E-15i,0.6881176550316656-6.469940925246355E-16i
85,1.4575391603753747+2.298044550127895E-15i,0.7292740968697291+1.1498177266326836E-15i
85,1.4645226239170126+2.67911152211947E-15i,0.7327682459161527+1.3404831162160873E-15i
85,1.5213499222473876+6.163496064549522E-16i,0.7612015654413432+3.0838814820432485E-16i
85,1.6337721859019358-1.2669414338455425E-15i,0.8174516114254293-6.339092595746067E-16i
85,1.7274635414546011,0.864329719789649
85,1.8382851089588759,0.9197788636291556
85,1.9000235157361363-3.762037680816073E-15i,0.950669437322604-1.8823210426541517E-15i
85,1.957112489445971+1.1256090621191754E-15i,0.9792336851145722+5.631941525289348E-16i
85,1.9877127556825418+7.448130526950575E-16i,0.9945444102946086+3.7266433802100056E-16i
85,2.021441772903151-2.010071034612899E-15i,1.011420593961282-1.0057312889169974E-15i
85,2.03321020170451-1.124831660579241E-15i,1.0173088819188254-5.628051826670241E-16i
85,2.0378568658422203+2.434971937294353E-15i,1.0196338223970032+1.2183288166447232E-15i
85,2.057566725321879+9.10772133435969E-16i,1.029495574562726+4.557013239318894E-16i
85,2.1238657615954324-1.5540339338087802E-15i,1.0626680416333718-7.77554884557226E-16i
85,2.180281210349366+3.1969901693029537E-15i,1.0908952938115768+1.59960169977139E-15i
85,2.2869786604219575,1.144280951401698
85,2.291221816571651-8.24103285931185E-16i,1.1464039982144834-4.1233690038218953E-16i
85,2.3220641059200062-9.89951144911164E-16i,1.161835818724969-4.953182369140006E-16i
85,2.395201801272482+9.16631668170068E-15i,1.198429982487659+4.5863311953468214E-15i
85,2.4053664856878245+5.507606177116033E-16i,1.203515843127627+2.7557095067661944E-16i
85,2.4631974659269913-4.354217853417829E-15i,1.2324513510244766-2.1786161078564367E-15i
86,5.990656288373036E-11-1.407796848274504E-5i,2.997401766711407E-11-7.043857228762426E-6i
86,8.501413914793423E-10+1.0777224828951003E-5i,4.2536496605895715E-10+5.39234287322415E-6i
86,5.288564404936748E-9-9.192117473105509E-6i,2.6461128009448195E-9-4.599240521807343E-6i
86,3.729015581983763E-8+7.248732197141135E-6i,1.8657985628763366E-8+3.626875195009643E-6i
86,4.212147354782079E-8+2.9467279290060348E-6i,2.1075316818587602E-8+1.4743839531510335E-6i
86,7.353246280159486E-7-1.6233243585375024E-9i,3.6791684133158646E-7-8.122240813030237E-10i
86,4.899899949397997E-6+6.109527945044688E-8i,2.4516460397736204E-6+3.0568787416149844E-8i
86,7.938073861941075E-6+1.6728856218016044E-8i,3.9717846380617125E-6+8.370218682093752E-9i
86,9.529476137253815E-6+7.041451553238346E-9i,4.768036628153174E-6+3.5231631243563565E-9i
86,1.166808242806007E-5+1.149938637761975E-9i,5.8380800367199704E-6+5.753673618577031E-10i
86,0.3990606988678288-7.093857140714341E-15i,0.19966848142048427-3.5493840579109935E-15i
86,0.4735184594379402+1.0423390152380035E-15i,0.23692313472305904+5.215303057613962E-16i
86,0.7616385668599496+1.0663428464193238E-15i,0.38108291913398445+5.335405301053256E-16i
86,0.8003346057051582-4.172052773071281E-15i,0.40044433291171627-2.087470512552694E-15i
86,1.0593806366507406+2.1611837964615374E-15i,0.5300570153022698+1.0813399764353998E-15i
86,1.1211829633948867-9.604043033551682E-16i,0.5609795711045973-4.805345887096173E-16i
86,1.1560883143976028+9.14199152573656E-16i,0.5784443288417896+4.574160197387233E-16i
86,1.2121965646069273+2.0761048441914172E-16i,0.606517875413127+1.0387710508338159E-16i
86,1.3979851925175535,0.6994764987637981
86,1.472907924994134-4.819246970887064E-15i,0.7369637989662838-2.411291633070568E-15i
86,1.4739240708477992-1.3205640569248044E-15i,0.7374722236246847-6.60739132198985E-16i
86,1.5313163020841447-1.4386958297919386E-15i,0.7661882051503166-7.198459090948537E-16i
86,1.622614739808868-9.727497776880247E-16i,0.8118690263092948-4.867115991730642E-16i
86,1.716297397761624+4.137531686793895E-16i,0.8587427828629484+2.070198020188634E-16i
86,1.8295156349151869+2.4895927892112857E-16i,0.9153910911170355+1.2456581492176594E-16i
86,1.8909221341411562-1.3235481992287878E-15i,0.9461155961474302-6.622322362903412E-16i
86,1.9647937077280333+9.681465049688006E-16i,0.9830769530539858+4.844083694237567E-16i
86,1.9906738862210436,0.9960260005378673
86,2.0114315186204705+4.080212170506812E-16i,1.006412001842523+2.0415184213073893E-16i
86,2.024615403320336+4.037889305376574E-15i,1.0130085076991844+2.0203423389873475E-15i
86,2.0327082342615936-4.755114041791114E-16i,1.0170577244449526-2.379202969371121E-16i
86,2.0474886706633657-7.172974349831082E-16i,1.024453058787439-3.5889700483214363E-16i
86,2.1324245083950246-1.5168820584037916E-15i,1.0669503775817257-7.589660870006567E-16i
86,2.1886344769077155+1.1432165371642712E-15i,1.0950748185138044+5.72003984752147E-16i
86,2.277595501251532-3.0181161896716026E-16i,1.1395861239035232-1.5101027940160536E-16i
86,2.2844679382146724-2.150466284144327E-15i,1.1430247212296474-1.0759775104871017E-15i
86,2.3060867478752374+1.2727432369526065E-15i,1.1538416092551786+6.368121693804952E-16i
86,2.3848420034317828+5.486630251381309E-16i,1.193246497597906+2.745214283233224E-16i
86,2.4039090806797887+1.9450796266351108E-15i,1.2027866361533626+9.7321308862035E-16i
86,2.472903389214993+1.5105414398469932E-15i,1.237307672303914+7.557935829628142E-16i
87,6.793219250898794E-11-1.4078141147050256E-5i,3.3989610493630866E-11-7.0439436206815395E-6i
87,2.5519289570429223E-10+1.0760642545542139E-5i,1.2768478103489793E-10+5.384045991681755E-6i
87,6.483568162052955E-9-9.182296408506595E-6i,3.244028321446109E-9-4.594326590017115E-6i
87,3.5658589659309E-8+7.230010839274355E-6i,1.784163779362438E-8+3.6175080358130734E-6i
87,4.1792586991255265E-8+2.9205316897144434E-6i,2.091075969859218E-8+1.4612767658656926E-6i
87,7.632541205662709E-7-6.199073791989359E-10i,3.818912551994241E-7-3.1016826607372614E-10i
87,4.932219431417692E-6+5.90326785093955E-8i,2.4678169679393796E-6+2.9536772991164856E-8i
87,7.960093103369788E-6+1.7706989884242076E-8i,3.98280188057789E-6+8.85962408913006E-9i
87,9.535700934847691E-6+5.778073906976215E-9i,4.771151181618964E-6+2.8910369921528583E-9i
87,1.1668534687808698E-5+1.5509220904713466E-9i,5.8383063231407394E-6+7.759978857463518E-10i
87,0.37999921021172595-3.653576002783461E-16i,0.1901311390954301-1.8280526604092193E-16i
87,0.44994445561251806+1.12920708239889E-15i,0.225127972838722+5.649944080975962E-16i
87,0.7683955459757376+7.490934626968597E-16i,0.38446374757153035+3.7480602465499296E-16i
87,0.8091749988800417-4.455373108397938E-15i,0.4048675895375802-2.2292287495094042E-15i
87,1.0677759807896026+1.890579308570209E-15i,0.5342575933596047+9.459440646953545E-16i
87,1.1282221227637255-8.633326993298729E-16i,0.5645015873433308-4.319651860604209E-16i
87,1.1474157298681897-1.3581912479125593E-16i,0.5741050346244149-6.795657520740027E-17i
87,1.2017133096270045-1.132321491060935E-15i,0.6012726192199628-5.665526904587448E-16i
87,1.4202285634880745-7.135208888291631E-16i,0.7106058836317062-3.5700742453092154E-16i
87,1.4813360235713835-5.618290144952535E-16i,0.7411807655805254-2.81108980314268E-16i
87,1.4906193643648642+5.069355819915263E-16i,0.7458256493388156+2.536432630961281E-16i
87,1.5413838015120012-2.062852041978727E-15i,0.771225439656658-1.0321400623654415E-15i
87,1.6117857309602237-1.7257209967451425E-15i,0.8064507735015586-8.634578442656198E-16i
87,1.7050061786977084-5.889348284423258E-16i,0.8530932649568397-2.9467126977006497E-16i
87,1.8207493651026216-7.630013888281816E-16i,0.9110049218295985-3.8176480184910864E-16i
87,1.881781617363776+2.9645134088117515E-16i,0.9415421738346946+1.4832828493696217E-16i
87,1.9713701521233882+1.0561136192900203E-15i,0.986367451640522+5.284223757673818E-16i
87,1.990816648594801+5.660799691767932E-16i,0.9960974311409133+2.8323592909238224E-16i
87,2.003062272613454+2.387042898246752E-16i,1.0022244818847914+1.1943477068292784E-16i
87,2.016216183133314-1.0697171872342299E-15i,1.008805990276103-5.352288685165471E-16i
87,2.0308960386010972+9.845360177073534E-16i,1.0161509993362294+4.926087989048177E-16i
87,2.037767122172827+1.1777634774796072E-15i,1.0195889194981815+5.892894130843714E-16i
87,2.14111477780915,1.0712985203629521
87,2.196845419807951,1.0991831321226653
87,2.267718213342107,1.1346440609967448
87,2.277687917936383-1.8011459902138405E-15i,1.1396323642353186-9.01196448818189E-16i
87,2.2895743404583224+7.92389317199964E-16i,1.1455796898958288+3.964689384547312E-16i
87,2.364237420410528-2.7408343387725217E-16i,1.1829370739592762-1.3713658894510223E-16i
87,2.4119518104589037+5.516465084353905E-16i,1.2068107849759033+2.7601420268320615E-16i
87,2.4812175565327217-9.660265912129776E-16i,1.2414676338519104-4.833476787529679E-16i
88,2.3074472067142406E-11+1.4077955848582457E-5i,1.1545223095877083E-11+7.04385090730791E-6i
88,1.9200171627746362E-9+1.0760846568481302E-5i,9.606731814987667E-10+5.384148073772406E-6i
88,6.706862169356897E-9-9.182128693406715E-6i,3.3557526167103732E-9-4.5942426744138014E-6i
88,3.373944965531861E-8+7.232207138157847E-6i,1.688140349513993E-8+3.618606945487858E-6i
88,4.009494329030794E-8+2.9238555240622956E-6i,2.0061350220979176E-8+1.4629398335609374E-6i
88,7.61550702725009E-7-3.41223091605515E-9i,3.8103895665297675E-7-1.707296577181646E-9i
88,4.9316778084006725E-6+5.4807822710431824E-8i,2.4675459689519638E-6+2.742288268827888E-8i
88,7.955309923127835E-6+1.7666879429236295E-8i,3.980408634793526E-6+8.839554977682074E-9i
88,9.535228401489385E-6+5.779020318437999E-9i,4.7709147513757914E-6+2.891510525477261E-9i
88,1.1668433075204239E-5+1.601586790917706E-9i,5.838255481666038E-6+8.013477731906648E-10i
88,0.3605710912083014+3.2996681511767077E-15i,0.1804103546902611+1.6509762319521264E-15i
88,0.42607661897719923+1.0467982970047499E-15i,0.21318579284132586+5.237614901930337E-16i
88,0.7753892404951253+7.809436527322856E-16i,0.3879630156482081+3.9074214438657705E-16i
88,0.8182408315038655+4.9388725619106046E-15i,0.40940364392215567+2.4711458361190346E-15i
88,1.0767318867281637+2.2464595790801084E-15i,0.5387386463512185+1.1240073853426169E-15i
88,1.1355037906303704-9.463871202035787E-16i,0.5681449417735369-4.735211451868372E-16i
88,1.1387091893994532-5.537540272423408E-16i,0.5697487506837745-2.7706869158913635E-16i
88,1.1911789153089483+2.8745550911298776E-15i,0.5960017756562183+1.4382725521049686E-15i
88,1.4416139445827068-6.167627287764199E-16i,0.7213059765746542-3.0859485236437466E-16i
88,1.4897914582011833+1.4839344279997848E-15i,0.7454114096832198+7.424808672137032E-16i
88,1.5075001677219861-8.521165067759345E-16i,0.75427189418587-4.263532073791869E-16i
88,1.5516102655686088-8.663498379207221E-16i,0.7763422115018361-4.33474799716637E-16i
88,1.6016804324669442-1.813167702822814E-15i,0.8013946263786317-9.072114663519056E-16i
88,1.6936273379588094-4.2223116336652554E-16i,0.8473999058836276-2.1126173395922732E-16i
88,1.8119957395944157+8.340308417779912E-16i,0.9066250790710763+4.173041146575431E-16i
88,1.8726061753266183-2.897072328194297E-16i,0.9369512768029433-1.4495389648166015E-16i
88,1.9747113283481046+8.826718116422181E-16i,0.9880391962769647+4.4164143631102525E-16i
88,1.988059120144497+4.265337632467692E-16i,0.99471771241715+2.1341452321330704E-16i
88,1.9984745419287862+7.548034344700865E-16i,0.9999290285325253+3.7766298700720807E-16i
88,2.0080799320169502,1.0047350484132012
88,2.0284256907327736-1.219519018771055E-15i,1.0149149703089462-6.101816371099577E-16i
88,2.0325064621062654+2.0173077465615948E-15i,1.0169567685253105+1.009352149827062E-15i
88,2.149888788553454-7.858175384221389E-16i,1.075688562795726-3.9318077429192976E-16i
88,2.204709625981865+7.930530546425135E-16i,1.1031179573479453+3.9680103692394095E-16i
88,2.257149777123371,1.1293561846993017
88,2.27088795468809,1.1362300288528722
88,2.2729189610971723+6.837497770704692E-16i,1.137246235075653+3.4211156359567388E-16i
88,2.3439199880073427-1.4214302899034715E-15i,1.1727713250247989-7.112071628083476E-16i
88,2.4189714625337833+1.2745889353694134E-15i,1.2103230408153478+6.377356574641113E-16i
88,2.4741148295439803+6.086798579689009E-16i,1.237913811799752+3.0455061913310416E-16i
89,2.1215656117873763E-11-1.4078221161333221E-5i,1.0615171705490551E-11-7.04398365551939E-6i
89,7.430484178043139E-10+1.0767714619398267E-5i,3.717814097599716E-10+5.387584476557246E-6i
89,8.074955116101187E-9-9.196736389069702E-6i,4.040272645601971E-9-4.601551578593932E-6i
89,3.449733494104046E-8+7.24942172744753E-6i,1.726060847453363E-8+3.6272201988387896E-6i
89,3.7928757340885095E-8+2.9501296025641794E-6i,1.8977507436603905E-8+1.4760859673949064E-6i
89,7.378188759081255E-7-1.100490077768184E-9i,3.6916482864361724E-7-5.506259655979324E-10i
89,4.903971016409863E-6+5.666522597273215E-8i,2.4536829824500767E-6+2.8352227246189836E-8i
89,7.9384008031973E-6+1.5913882355943856E-8i,3.971948221858186E-6+7.962449653725372E-9i
89,9.534289838968668E-6+6.3411295245717924E-9i,4.770445145238778E-6+3.172759698597117E-9i
89,1.1669500079337667E-5+1.895618285975614E-9i,5.838789353068548E-6+9.484652976037912E-10i
89,0.3408121882474946-8.292812243013497E-16i,0.1705240638079167-4.149276618733432E-16i
89,0.4019570585629879-6.696253783735692E-16i,0.20111766382211052-3.350444751883497E-16i
89,0.7825893997520207+9.32421399541282E-16i,0.39156558755992155+4.665334507220735E-16i
89,0.8275222398981104-5.915108949643607E-16i,0.4140475608119419-2.959601947179542E-16i
89,1.0861952343620962+2.2369185470490827E-15i,0.543473595837806+1.1192335667675882E-15i
89,1.1299880708700027-2.300242673799515E-16i,0.5653851726666865-1.1509175493331696E-16i
89,1.142990027791335-8.242062744587044E-16i,0.5718906516610909-4.123884302946862E-16i
89,1.1805941472668111-1.7573944613073444E-16i,0.5907057277939315-8.793055400883422E-17i
89,1.4614110214903808+1.0174473526231202E-15i,0.731211367644069+5.090758583842294E-16i
89,1.4982595775443144+2.998884854586803E-16i,0.7496484005333021+1.500480469685533E-16i
89,1.5244008807402252,0.7627281007550688
89,1.5620955731023922,0.7815884946824073
89,1.5930297712841766-1.4833011897484822E-15i,0.797066301423188-7.421640288971923E-16i
89,1.6822043792877748+1.1488497636327599E-15i,0.8416844725732434+5.748225478871585E-16i
89,1.803264408456376-3.814188582661861E-16i,0.9022563912146729-1.9084145452360882E-16i
89,1.8633997808310236,0.9323448928280028
89,1.972173121620492,0.9867692143311818
89,1.9834250975290635,0.9923990970758827
89,2.000253457736652-8.086720013117501E-16i,1.0008191021953519-4.0461591664444904E-16i
89,2.0003188583224536-7.037130619944358E-16i,1.0008518251261946-3.521001162049426E-16i
89,2.019482650408264,1.0104403545776979
89,2.0365150868255424,1.0189624684415222
89,2.1587176746630345,1.0801060619058507
89,2.2116149514483987,1.1065730103098852
89,2.2456144646301213+9.187624144263363E-16i,1.1235845355873433+4.596992302052857E-16i
89,2.256864526576796-7.717388955769012E-16i,1.1292134606885922-3.8613657964849524E-16i
89,2.2640735615591483-9.517292717547792E-16i,1.1328204735353022-4.761940701097186E-16i
89,2.324271541000239-1.0754190626264136E-15i,1.1629403003528387-5.380817798757366E-16i
89,2.4242607580664535-4.015762699314429E-16i,1.2129695194332342-2.0092713769909594E-16i
89,2.4684585184197836-8.732155847756335E-16i,1.235083698346299-4.369100496729141E-16i
90,2.3760666158009786E-11-1.4077745279347125E-5i,1.1888557662452828E-11-7.04374554980322E-6i
90,1.4579708245202865E-9-1.0763286942592407E-5i,7.294900783596195E-10-5.38536910554588E-6i
90,9.071347919380981E-9-9.177403125237487E-6i,4.538813941433934E-9-4.591878254607803E-6i
90,3.309695334054695E-8+2.930714926332176E-6i,1.65599329422825E-8+1.4663719090285667E-6i
90,3.508763967759638E-8+7.2268831084265585E-6i,1.7555965172544324E-8+3.61594308774767E-6i
90,7.455719485380348E-7+5.677767855366191E-10i,3.730440486288191E-7+2.840849246130563E-10i
90,4.9295748994886185E-6+5.272540145234475E-8i,2.4664937865891636E-6+2.6380951244116064E-8i
90,7.939784944457226E-6+1.7164587641886553E-8i,3.972640771598677E-6+8.588235219322905E-9i
90,9.533736503882348E-6+6.506267088549712E-9i,4.770168286162663E-6+3.2553856417643997E-9i
90,1.167061259271649E-5+1.4027538112136247E-9i,5.839345994846453E-6+7.018624587348481E-10i
90,0.320755250327348-1.368215705035367E-15i,0.16048865228324785-6.845814505290358E-16i
90,0.3776212090087294-1.0690699635377491E-15i,0.18894131536594364-5.34905032636486E-16i
90,0.7899632494201569-2.2526924401931316E-15i,0.3952550647989401-1.1271259733591087E-15i
90,0.8370075553840493-7.31944501674925E-16i,0.4187935018285463-3.6622560815468793E-16i
90,1.0961143125789135+2.7011026870389975E-15i,0.5484365683636946+1.3514863107591907E-15i
90,1.1212730392535415+1.9464486321602736E-16i,0.5610246402130343+9.738980652543335E-17i
90,1.1506384803692884-1.174695329209017E-15i,0.5757175254068374-5.877542769316517E-16i
90,1.169960652280301+3.73162821621258E-16i,0.5853852995929775+1.8671057843352648E-16i
90,1.4782547813088303-7.223503346890001E-16i,0.7396390778994331-3.614252037099279E-16i
90,1.506725826979294-3.485095165862118E-16i,0.7538844557820533-1.7437539235203765E-16i
90,1.5410794834739205+4.577982207086889E-16i,0.7710731753001207+2.2905757391102654E-16i
90,1.5730160112990206-8.174441039012731E-16i,0.7870524938117458-4.090050043393386E-16i
90,1.5872039290231064-1.3499962518537106E-15i,0.7941513637193166-6.754654174057193E-16i
90,1.670787097768607,0.8359718798038975
90,1.794565745478983,0.8979040487464413
90,1.8541664644778515-2.3674601695307926E-16i,0.9277250386054665-1.1845495640508037E-16i
90,1.9660407380159353,0.9837008998484887
90,1.9779733693901234-1.7869136181396355E-15i,0.989671345929985-8.940753363480055E-16i
90,1.9927723513164846+2.257092591866054E-16i,0.9970759594541657+1.129327572276378E-16i
90,2.0063131015942814+6.058419811914671E-16i,1.0038510216262417+3.0313069843378134E-16i
90,2.0109521499438507,1.0061721515741988
90,2.0418583371443884+3.3009231240779674E-15i,1.0216359431285567+1.6516041528025866E-15i
90,2.1675821341957917,1.0845413600410478
90,2.2150314336903434,1.1082824340215771
90,2.2327653790210618,1.117155545164379
90,2.244043962502446-4.3156748924118586E-16i,1.1227987409055065-2.1593312859851153E-16i
90,2.2572499237156136,1.1294062926604447
90,2.3057143912752225,1.1536553020666163
90,2.4266333045690067,1.2141566139243938
90,2.465422117541952,1.2335644468790898
91,5.245904733768911E-11+1.4077526284077725E-5i,2.624768199022994E-11+7.043635976364885E-6i
91,3.6174240312984317E-10+1.0765958036389555E-5i,1.8099641609221696E-10+5.386705577024333E-6i
91,9.202033533229216E-9-9.169046498731736E-6i,4.604201984241986E-9-4.587697048768853E-6i
91,3.0464377572582955E-8+2.927204782239357E-6i,1.5242733811160262E-8+1.464615621971062E-6i
91,3.70138220616976E-8+7.2202528751558765E-6i,1.851972309875334E-8+3.612625676104839E-6i
91,7.485896350382431E-7-1.8447218831214549E-9i,3.7455393642936964E-7-9.229994787534589E-10i
91,4.9339481525465544E-6+4.7751838389428094E-8i,2.468681926888178E-6+2.3892448149626944E-8i
91,7.936247307883433E-6+1.4721562112410765E-8i,3.97087072878436E-6+7.365876818894539E-9i
91,9.533617799852771E-6+5.645797372297416E-9i,4.77010889305933E-6+2.8248529382437372E-9i
91,1.166834152294094E-5+6.093962626381603E-10i,5.838209673844233E-6+3.0490906944605005E-10i
91,0.30043024550868674+6.222773374423723E-16i,0.15031911451989566+3.113540655394201E-16i
91,0.35309905684170756-1.2412366609818646E-15i,0.17667175111608754-6.210479756207866E-16i
91,0.7974749497046896+1.057745258685625E-15i,0.3990135150621548+5.292387602454086E-16i
91,0.8466833098867038-3.330265726417964E-15i,0.4236347282726024-1.6662856107030369E-15i
91,1.1064373437227033+2.303947038430849E-15i,0.5536016571784654+1.1527710138879722E-15i
91,1.1125870372441495+2.2022365602011744E-16i,0.5566786326113062+1.101880568423693E-16i
91,1.1584017303848564-1.0749229651095704E-15i,0.5796018376076973-5.37833559396733E-16i
91,1.1592811700693084+8.811466279531354E-16i,0.5800418618616358+4.408783165351355E-16i
91,1.4899248680540325,0.745478160788504
91,1.5151750177853929+9.47676808790906E-16i,0.7581119758116426+4.74166435896916E-16i
91,1.557169905607717+4.499120996253997E-16i,0.7791239559507449+2.251117836453709E-16i
91,1.5846702417350902+1.084395701346655E-15i,0.7928836430577034+5.425732064346937E-16i
91,1.5864327797376636-1.4844497755473485E-15i,0.7937655221488245-7.427387193713267E-16i
91,1.659431846640392,0.8302903237014013
91,1.7859114206118465+7.998842005609179E-16i,0.8935738906806553+4.002189744350996E-16i
91,1.8449106004463163-2.381769920482909E-16i,0.9230939027390325-1.1917093927440843E-16i
91,1.9590530843792167,0.9802046543041535
91,1.972326595609869+8.429437188975754E-16i,0.9868460044497863+4.217636383455527E-16i
91,1.9856654356049404+3.869990862146216E-16i,0.9935200415907095+1.9363350005353783E-16i
91,2.002844615616749-2.7366042470025333E-16i,1.0021155780460373-1.3692493793502303E-16i
91,2.013718359715141,1.0075562139634318
91,2.0479052227847694+1.0100025948897324E-15i,1.0246614790346575+5.053509025682689E-16i
91,2.176467906726561,1.0889873220525919
91,2.208417327771712+4.633901777545986E-16i,1.1049730916371376+2.318554880496353E-16i
91,2.218255062712198-3.1181621637768354E-16i,1.1098953643684717-1.5601604112619979E-16i
91,2.241087457149306+1.6177577645911376E-15i,1.121319464855903+8.094388574934418E-16i
91,2.250422236305789-6.11012520429318E-16i,1.1259900856007135-3.0571775779762176E-16i
91,2.2886556844805575-2.737426746315123E-16i,1.1451200439207967-1.369660913708738E-16i
91,2.425164331153861+4.3103328530217147E-16i,1.2134216187422535+2.1566584171815862E-16i
91,2.4659181932928464,1.233812656467585
92,1.8118320962624004E-10-1.4076873490340783E-5i,9.065432007611079E-11-7.0433093535365635E-6i
92,1.2823907110542229E-9-1.0750500105164582E-5i,6.41639245834975E-10-5.378971260760293E-6i
92,1.052174652416485E-8-9.165135141355972E-6i,5.264515288856024E-9-4.585740016192788E-6i
92,2.7794036570914625E-8+2.920608520949891E-6i,1.3906638991022227E-8+1.4613152080779952E-6i
92,3.7392106021093134E-8+7.215613982263849E-6i,1.8708996018718953E-8+3.610304623939463E-6i
92,7.482708827333587E-7+7.571114881345714E-10i,3.74394449943113E-7+3.7881781275560213E-10i
92,4.934062494227044E-6+4.959805512111263E-8i,2.4687391373069717E-6+2.4816195570093005E-8i
92,7.933160795227497E-6+1.4382618558389549E-8i,3.969326404082269E-6+7.1962877190140395E-9i
92,9.533916459895767E-6+5.916935061930967E-9i,4.7702583264598505E-6+2.960515635418837E-9i
92,1.1670531248534653E-5+7.023573218900257E-10i,5.839305294598832E-6+3.514217768730654E-10i
92,0.27986464965416596-1.705164188884158E-15i,0.14002919795975952-8.531723247441524E-16i
92,0.3284161352421026-1.4742132587244371E-15i,0.16432174650075884-7.376169176633041E-16i
92,0.8050848586496004-9.771255573381951E-16i,0.40282110364977913-4.889010036427576E-16i
92,0.8565341875794481-4.173379665577788E-16i,0.4285635769293342-2.0881344181002314E-16i
92,1.1039563927646319,0.5523603229361252
92,1.1171108818312128+2.7252071509496667E-15i,0.5589421208010574+1.363546886301089E-15i
92,1.1485598146375708-5.769811574196347E-16i,0.5746774730258079-2.886902965815945E-16i
92,1.1662265493367294-1.2653309029554197E-15i,0.5835169555883538-6.33103436655878E-16i
92,1.494356083152732,0.7476953021710433
92,1.5235905064917876-1.3283041866794594E-15i,0.762322633125641-6.646118762664766E-16i
92,1.57219041657654-1.138339055948221E-15i,0.786639410676839-5.695635558391304E-16i
92,1.592795163648527-1.338921711376903E-15i,0.79694891639762-6.699243137948968E-16i
92,1.5974687733135249,0.7992873389664416
92,1.6482018701147954+2.9722167729135306E-16i,0.8246714482631157+1.4871371978845097E-16i
92,1.777315095465232,0.8892727525513159
92,1.8356372295459364+5.003555508879555E-16i,0.9184540073782991+2.5035096991397066E-16i
92,1.9521362152854351,0.9767438255328464
92,1.9667983739491592,0.9840799800653219
92,1.9789570626794482-4.646376602623739E-16i,0.9901635330729942-2.3247966111060763E-16i
92,1.9951667108138254+3.180453137974082E-16i,0.99827396799313+1.591327459932672E-16i
92,2.021605660106454,1.0115025942913083
92,2.0543307711712364-2.3815003711524852E-15i,1.027876477385183-1.191574524776313E-15i
92,2.1853633018579384,1.093438098695234
92,2.193784125541666,1.0976514253445624
92,2.201879677805294+3.521066893611103E-16i,1.1017020036934821+1.7617522387493334E-16i
92,2.243596064420546-1.5256090411045184E-15i,1.1225746368278613-7.633325991332235E-16i
92,2.2460660084135293,1.1238104637776756
92,2.2733512767606134-8.693523821280406E-16i,1.1374625425503264-4.3497711112934703E-16i
92,2.4204663226683585,1.2110709883177038
92,2.4693220959739506+5.588898699612509E-16i,1.235515786044533+2.7963839068355625E-16i
93,6.595423690253067E-10-1.4077012489281613E-5i,3.2999948035315815E-10-7.0433789011204606E-6i
93,1.0770907015551463E-8-1.0791639080378938E-5i,5.389181779658778E-9-5.399554988327427E-6i
93,1.1412349306727439E-8-9.18932340184039E-6i,5.7101249558756935E-9-4.5978425190271415E-6i
93,2.6168000842722707E-8+2.9647365980043713E-6i,1.309305828637092E-8+1.4833945212212632E-6i
93,3.514448861607031E-8+7.250962174458542E-6i,1.7584409319631875E-8+3.6279909555589326E-6i
93,7.307970653106181E-7+2.2019785022785325E-9i,3.656514927957017E-7+1.101751450137481E-9i
93,4.905061999079484E-6+4.263607513465707E-8i,2.45422885142068E-6+2.1332795737638467E-8i
93,7.912978240429225E-6+1.3663426291047456E-8i,3.9592281406371595E-6+6.836442642119829E-9i
93,9.530967526490685E-6+4.271419380666778E-9i,4.768782839005252E-6+2.137188211385947E-9i
93,1.1669103669345064E-5+8.64772732424174E-10i,5.838591010857783E-6+4.3268570106465487E-10i
93,0.25908371183343726+3.464618330335987E-16i,0.1296315358774489+1.7335084178481835E-16i
93,0.30359433032399663+5.56330605415297E-17i,0.15190225215271924+2.783578725395905E-17i
93,0.8127485432170715+3.145630844695644E-15i,0.40665559866272794+1.5739042598074517E-15i
93,0.8665428682997321+3.1874985443856865E-15i,0.4335713817222174+1.594852601855157E-15i
93,1.095412117993724-1.3954499227642344E-16i,0.5480852280115018-6.982079863217746E-17i
93,1.1280779377601593+1.8398576420358716E-15i,0.5644294449329472+9.205656744886516E-16i
93,1.1378024637477384,0.5692950740013638
93,1.1740530661429778-1.1741088308075008E-15i,0.5874329230838977-5.874608247186963E-16i
93,1.4918906424847984,0.7464617284425472
93,1.531953195374099+1.0664139757539926E-15i,0.7665068722513187+5.335761193935668E-16i
93,1.5857712967281374+7.874284650716263E-16i,0.7934345516764821+3.9398679522733004E-16i
93,1.6059663829822484-1.6393464106614022E-15i,0.8035390851871838-8.202406532829133E-16i
93,1.611703475155782-8.775050194831163E-16i,0.8064096171270836-4.390562517835837E-16i
93,1.637167723931595,0.8191505557812907
93,1.768793324261412+5.41684898856152E-16i,0.8850089171996842+2.7102994975418226E-16i
93,1.8263524899437134+6.177857157047597E-16i,0.9138084237314502+3.0910669992810145E-16i
93,1.9455894653760182-4.733945301852681E-16i,0.9734681844678119-2.368611271995048E-16i
93,1.9615456268640001+8.606916137435412E-16i,0.9814517883221733+4.306437290745025E-16i
93,1.9726683805154104-9.010811367262687E-16i,0.98701701520894-4.508524711083302E-16i
93,1.9879210074134905+2.6187245185547757E-16i,0.9946486082449196+1.3102687119074102E-16i
93,2.0296698527558688,1.0155374819782168
93,2.0609639699796896+1.5924400435802027E-15i,1.0311953728233998+7.9677123344120405E-16i
93,2.176933993550698+5.809721943588194E-16i,1.0892205267972574+2.906871965198768E-16i
93,2.18369967335019+7.9247917604999E-16i,1.0926057085883345+3.965138989837379E-16i
93,2.1942576300173315,1.0978883414825589
93,2.2367777741792954-3.2227853417668017E-16i,1.1191631316051796-1.6125082148164655E-16i
93,2.2532600133690015,1.1274099564084104
93,2.2597905068871094-4.4011546926117824E-16i,1.130677463650758-2.2021007743022253E-16i
93,2.4138943407986573,1.2077827225386655
93,2.4739357909203217,1.2378242305149927
94,1.688278304211143E-10-1.4077201997163258E-5i,8.447235374802906E-11-7.043473720658071E-6i
94,2.188665119955014E-9-1.0788320647887849E-5i,1.0950901506443237E-9-5.3978946234303775E-6i
94,1.318303055292375E-8-9.190003180392048E-6i,6.5960784875334065E-9-4.59818264360342E-6i
94,2.2159112019932964E-8+2.9671626210517283E-6i,1.108722622698515E-8+1.4846083724953453E-6i
94,3.623739557629849E-8+7.255953480277476E-6i,1.8131241101618284E-8+3.630488336172957E-6i
94,7.134871344883933E-7-4.858648597797833E-9i,3.569905356767147E-7-2.431006085115306E-9i
94,4.905846457269135E-6+3.650263818900946E-8i,2.4546213520500585E-6+1.8263954219793677E-8i
94,7.908941251164112E-6+1.0336613429377736E-8i,3.957208248629846E-6+5.171884658975178E-9i
94,9.53396020252005E-6+6.250412528781415E-9i,4.770280212913186E-6+3.127369799667249E-9i
94,1.1670333132737138E-5+8.393125510129774E-10i,5.839206168123719E-6+4.1994679750064493E-10i
94,0.2381106989801102+2.971545745967253E-14i,0.11913776979345+1.4868014521402268E-14i
94,0.27865253550490265+3.0004494844269355E-16i,0.13942272132054567+1.5012633261909488E-16i
94,0.8204154672261226-4.647777968175516E-16i,0.4104917145177761-2.325497778954557E-16i
94,0.8766896881605476+2.7224493364671006E-16i,0.43864830390123466+1.3621670244621867E-16i
94,1.0869914834320271+1.2352117919413756E-16i,0.5438719959886518+6.180334556355194E-17i
94,1.1270173216158406+4.4514716359251E-16i,0.5638987697361488+2.2272766628063906E-16i
94,1.13927562987055+2.15608380825486E-15i,0.5700321669886121+1.0787882170078775E-15i
94,1.1818138810349506-1.443651387510438E-15i,0.5913160168800597-7.22325403284714E-16i
94,1.484838209685771,0.7429330708942172
94,1.5402402342645676-6.343040304538692E-16i,0.7706532601953753-3.1737157499832893E-16i
94,1.5979738427844068,0.799540048528042
94,1.6236578620195645-1.887015665369703E-15i,0.8123909484838829-9.441610095656756E-16i
94,1.6264077768934864+3.9198726136076444E-16i,0.8137668577840705+1.961293142475074E-16i
94,1.6272247405021367+1.3068441778475094E-15i,0.8141756223744644+6.538744436230161E-16i
94,1.7603667747463558-3.9151358896527705E-16i,0.8807927256527359-1.9589231409147576E-16i
94,1.8170642806667452,0.9091611040462257
94,1.939533096068222+2.6225671688335783E-16i,0.9704379034453003+1.3121913671525276E-16i
94,1.9566489636573507-1.2365174333613001E-15i,0.979001761774149-6.18686728283855E-16i
94,1.9668180667416757+7.751892936771911E-16i,0.9840898332780984+3.878629730290902E-16i
94,1.9811054536707329,0.9912384722187036
94,2.037781525969941+4.19974902643006E-16i,1.0195961263825095+2.1013282260906942E-16i
94,2.067707496535039+1.2381702150464202E-15i,1.0345694703242194+6.195136912248908E-16i
94,2.159556963412209-1.1565393017149576E-15i,1.0805259967941934-5.786699786064786E-16i
94,2.1640093183464804,1.0827537154119202
94,2.2031399829252694,1.1023325924990093
94,2.229975102954005-7.972257300554924E-16i,1.1157594412968879-3.988888189719698E-16i
94,2.2477316274275703-9.39089766072105E-16i,1.1246438498267208-4.698699421945289E-16i
94,2.26106711882955,1.1313162115120068
94,2.406371312573879-4.88289595896945E-16i,1.2040186043842431-2.443138158750536E-16i
94,2.466560045883139,1.2341338049353825
95,1.1378005185261192E-10+1.4078284330743328E-5i,5.6929410071722976E-11+7.044015262090079E-6i
95,2.276769491544015E-9+1.0783126165552735E-5i,1.139172833132454E-9+5.395295584230175E-6i
95,1.668261826268524E-8-9.18697626876646E-6i,8.347083699493154E-9-4.596668140046968E-6i
95,2.521291389881569E-8+2.9694040568628595E-6i,1.261518421795105E-8+1.4857298662577726E-6i
95,4.185281706432329E-8+7.253286829829794E-6i,2.094089558333216E-8+3.629154087907272E-6i
95,7.01210913596952E-7-1.4334755674985194E-8i,3.508481759055553E-7-7.172339709919516E-9i
95,4.919957495541077E-6+3.702917330575317E-8i,2.4616817556202882E-6+1.8527404034503683E-8i
95,7.9027202651895E-6+6.401021330794397E-9i,3.954095602293054E-6+3.2027263328257562E-9i
95,9.529568807341187E-6+6.096560798017592E-9i,4.7680829952739436E-6+3.0503906796168925E-9i
95,1.1670886838491018E-5+5.028522900446818E-10i,5.839483212661917E-6+2.516002037206095E-10i
95,0.21696712157125558+3.703758679778705E-15i,0.10855866239199499+1.8531613692790285E-15i
95,0.25360718417810957-1.3852229798162965E-15i,0.1268913763891833-6.930909748651663E-16i
95,0.8280272744122443-2.184128773395994E-15i,0.4143002528830684-1.0928204071411265E-15i
95,0.8869519985037394,0.4437830112976388
95,1.0787399579972652-1.9448732839283158E-16i,0.5397433770651754-9.731098458429109E-17i
95,1.1162157682262148,0.5584942541614313
95,1.1506320756213353+1.78612403613961E-15i,0.5757143208159035+8.936802720398706E-16i
95,1.1894331895934653-1.3462183368844967E-15i,0.5951283085280944-6.735751522230573E-16i
95,1.4752573679339112-7.188971220230347E-16i,0.7381393336789235-3.596974020722536E-16i
95,1.5484232529846684+1.8250762016538524E-15i,0.7747476020484153+9.131698378085212E-16i
95,1.6091813872157668+1.2442359903883412E-15i,0.8051477001545015+6.225486785202954E-16i
95,1.616008745573194+9.44102368316945E-16i,0.8085637425741348+4.723779783931113E-16i
95,1.6435450614022526-3.7081120750745196E-15i,0.8223414319860505-1.855339573823361E-15i
95,1.643835191712981-1.797013993855809E-15i,0.822486597567932-8.991290203783957E-16i
95,1.7520619355234646+4.1156274537847207E-16i,0.8766374313810111+2.059238321691562E-16i
95,1.8077834071700416-6.569639766240327E-16i,0.904517454790361-3.2870939166056303E-16i
95,1.9340281785032185,0.9676835391752343
95,1.9521504395810827,0.976750942604308
95,1.9614227687781722,0.9813903167528178
95,1.9747127381987286+7.136340188098658E-16i,0.9880399016902863+3.570640286804008E-16i
95,2.0458652152673293+5.624349836309498E-16i,1.0236407691420288+2.814121746339678E-16i
95,2.0744997072628006+1.983412805341936E-15i,1.037967926762921+9.92392946727467E-16i
95,2.1421772352673005,1.071830116854024
95,2.1431957064407086-5.844839743855692E-16i,1.072339704977189-2.9244430211061337E-16i
95,2.2119980243535764,1.106764679360401
95,2.2231979748401347+4.1116277715271947E-16i,1.1123685313858702+2.0572370961015943E-16i
95,2.2368494189745185-1.1968558571539857E-15i,1.119198978802121-5.988422116112669E-16i
95,2.269060778508251-2.950506706727898E-16i,1.1353158082990786-1.4762746500086559E-16i
95,2.398364126491402,1.2000122397132162
95,2.458961960885814,1.2303321324143253
96,2.0950207415699627E-10+1.4079863463892851E-5i,1.0482355471247191E-10+7.0448053752704055E-6i
96,8.556927734365427E-9+1.0804989792168935E-5i,4.281425786084364E-9+5.40623496547515E-6i
96,1.9616062839959698E-8-9.214059336095675E-6i,9.814821378841873E-9-4.610219048320259E-6i
96,3.389937151065675E-8+2.982678367090185E-6i,1.6961419778607346E-8+1.4923716161783087E-6i
96,4.247954362528793E-8+7.294484091452086E-6i,2.1254475800699394E-8+3.649766978853794E-6i
96,6.79782145485829E-7-1.1728305447607155E-8i,3.401263744362587E-7-5.8682123922579574E-9i
96,4.908372609002362E-6+3.4985800634413154E-8i,2.4558853023258984E-6+1.7505010400101436E-8i
96,7.895026558484968E-6+6.049334020320485E-9i,3.950246085819627E-6+3.0267609435594033E-9i
96,9.528225746857862E-6+7.313486205243263E-9i,4.767411000141569E-6+3.659274613194203E-9i
96,1.1668814215589606E-5+2.060527319424491E-9i,5.838446183787722E-6+1.030976896402356E-9i
96,0.1956729417917444-2.0650671782431738E-14i,0.09790420167528584-1.0332483972511277E-14i
96,0.22847268523377387+4.2997258345367E-15i,0.11431542679124394+2.15135123639603E-15i
96,0.8355155861031349-4.210671464326574E-16i,0.4180470007536688-2.1067932257621575E-16i
96,0.8973030154820376-6.489780158472738E-16i,0.44896210271675885-3.247136469893818E-16i
96,1.0707136024919623,0.5357274210473779
96,1.1054137001123088-1.8041141693507516E-16i,0.5530894810464054-9.026815658004737E-17i
96,1.1620621143820111+1.921543392788184E-15i,0.5814332966218305+9.614368247990668E-16i
96,1.1968260302801306-7.517867663189589E-16i,0.5988272878499817-3.761536087336921E-16i
96,1.4643768581638479-7.345120953394052E-16i,0.7326953125838047-3.675102937409812E-16i
96,1.5564658746632531-1.9813279524941295E-15i,0.7787716967832725-9.913497986467672E-16i
96,1.6060661575116897+4.872390338291508E-16i,0.8035890069881392+2.4378817119666373E-16i
96,1.6197611991838543-2.4057732348032656E-16i,0.810441268264254-1.2037193584786242E-16i
96,1.6601691498308828+1.827520148938925E-15i,0.8306592305088356+9.143926574058068E-16i
96,1.6652959375010759-6.79699346198745E-16i,0.8332243989445571-3.4008494613233986E-16i
96,1.7439135561819075,0.8725604212074144
96,1.7985257609098+3.1104695391497853E-16i,0.899885427192668+1.5563114362018664E-16i
96,1.9291157717062033+8.825373761913143E-16i,0.9652256353824968+4.415741720517103E-16i
96,1.9480716716131705-1.6186577087800258E-15i,0.9747101467841981-8.098891410970847E-16i
96,1.9564973734417719-8.435465630910135E-16i,0.9789259141944984-4.220652691124472E-16i
96,1.9687297668190302+3.096139655727735E-16i,0.9850463450379879+1.5491415343049097E-16i
96,2.053852116271889+9.096600405123118E-16i,1.0276369842525637+4.551448925271054E-16i
96,2.0812957523630318+7.242045847836944E-16i,1.0413683017150976+3.623529705925896E-16i
96,2.1216319812837816-6.960567685398601E-16i,1.0615503782705806-3.482693193068219E-16i
96,2.1250742216226706-7.566444324716606E-16i,1.063272689946725-3.78584123256193E-16i
96,2.2164597401588786+1.4598126988828766E-15i,1.108997081653841+7.304116530924587E-16i
96,2.220816485030213,1.1111769621453649
96,2.2268560106935444-1.049074592249124E-15i,1.1141988155153377-5.249004257384239E-16i
96,2.2770742515139357-5.448388631021589E-16i,1.1393253186078827-2.726080235991922E-16i
96,2.390108686039456,1.1958816619259927
96,2.4512811391036426-4.737593212256787E-16i,1.2264890628621028-2.370436489895012E-16i
97,1.787987737073296E-10-1.4077757914705521E-5i,8.94612767613368E-11-7.043751871856055E-6i
97,3.6573528725737602E-9-1.077033025638288E-5i,1.8299424026406425E-9-5.388893200433454E-6i
97,1.0431487651921785E-8-9.204948002082886E-6i,5.219354610275979E-9-4.605660227491222E-6i
97,3.4320847064356975E-8+2.965519576560548E-6i,1.7172303446184578E-8+1.4837862815217392E-6i
97,4.0293556251487564E-8+7.26583035440199E-6i,2.0160725450014936E-8+3.635430192044052E-6i
97,6.666566367110206E-7+3.726068337562043E-9i,3.335590767485321E-7+1.864323920498048E-9i
97,4.920463214666595E-6+2.561392439050533E-8i,2.4619347902340795E-6+1.2815828270689181E-8i
97,7.89758452954212E-6+1.0877039939025703E-8i,3.951525956771461E-6+5.442284978542907E-9i
97,9.529636658657043E-6+5.103022245519296E-9i,4.7681169444181156E-6+2.553277497154029E-9i
97,1.1667711474090605E-5+8.687543180242838E-10i,5.837894431332194E-6+4.346778720618868E-10i
97,0.17424676556985055-5.6166039572378416E-14i,0.08718369704776756-2.8102461256236013E-14i
97,0.20326178118087695-3.0190591957111904E-15i,0.10170124819194598-1.5105746234505957E-15i
97,0.8427992667776232+9.537862499453116E-16i,0.4216913622845157+4.772232712131695E-16i
97,0.9077097733453551-1.5686008414508815E-16i,0.4541690838726945-7.848433806084347E-17i
97,1.062981968267314,0.5318589276855561
97,1.0946337482888595-1.7710312277037314E-16i,0.5476957737320027-8.861286435550012E-17i
97,1.1734612749768+2.1035877336022978E-15i,0.5871368226565592+1.0525220085434727E-15i
97,1.203897837467057-7.977049353861367E-16i,0.6023656392985662-3.991285875107655E-16i
97,1.4528982552526082-6.502885550754688E-16i,0.726952037892465-3.2536937023719363E-16i
97,1.564320144734479,0.782701550517898
97,1.5966845632277709-3.3252729082401742E-16i,0.798894962474892-1.663787473386092E-16i
97,1.6299453963021149+4.716036509873584E-16i,0.8155368920098625+2.359650677006149E-16i
97,1.6767004960360048+1.1731809611577393E-15i,0.838930625817814+5.869965687184195E-16i
97,1.6873648503849876-1.144649637535769E-15i,0.8442664943817503-5.727210309952672E-16i
97,1.7359681827253093-6.745354667610821E-16i,0.868584984245322-3.3750121897383523E-16i
97,1.789316907660716,0.8952778129899032
97,1.9248346037819184-3.0819503574619065E-16i,0.9630835695249136-1.5420419736486032E-16i
97,1.9444230185260918+4.462800524473273E-16i,0.972884557285673+2.232945028493648E-16i
97,1.952055173205685,0.9767032764408393
97,1.9631377639652619+2.2386268538719996E-16i,0.9822484079795939+1.120088311497149E-16i
97,2.0616130877589565+6.40409848682605E-16i,1.031520156400477+3.2042659759769784E-16i
97,2.088056796605682+2.2068918701574846E-15i,1.0447511641231892+1.1042098348038585E-15i
97,2.0996903149039654-3.148481051635917E-16i,1.0505719501308963-1.5753303498561913E-16i
97,2.108477599134086+8.051435465921062E-16i,1.0549686339010997+4.028504679354405E-16i
97,2.209779157096978-1.4874043767671627E-15i,1.1056544776871828-7.442170426951648E-16i
97,2.2175458286498557-1.6020681174494758E-15i,1.1095405018410383-8.015886030642616E-16i
97,2.229574951040129-3.546334592557977E-16i,1.1155592268302472-1.774394834454763E-16i
97,2.2850106588022814+6.724548886934728E-16i,1.1432962693822744+3.364602097629184E-16i
97,2.38173863836317,1.191693740856134
97,2.4436183941863825,1.2226550379995127
98,3.780466705590036E-10-1.4077307290302293E-5i,1.8915419341153181E-10-7.043526403674052E-6i
98,1.3505163447308602E-9-9.208683538246394E-6i,6.757256438706974E-10-4.607529288601914E-6i
98,4.825317292570075E-9-1.0769642609102278E-5i,2.4143288951102003E-9-5.3885491387689995E-6i
98,2.6611485531579572E-8+2.98069557222178E-6i,1.331495413983008E-8+1.491379532413944E-6i
98,4.487446218932373E-8+7.266803666430304E-6i,2.245276406652818E-8+3.6359171849631572E-6i
98,6.018300619427356E-7+2.0703988679293902E-8i,3.0112335011246455E-7+1.0359160876202181E-8i
98,4.919671677942486E-6+1.8369481238850048E-8i,2.46153874788729E-6+9.191099083044668E-9i
98,7.882403937510887E-6+1.4414807039463368E-8i,3.943930406103255E-6+7.212393101361827E-9i
98,9.522597094361882E-6+3.7900268474421224E-9i,4.764594725576059E-6+1.896325314215604E-9i
98,1.1667711628501717E-5+2.0875781809889086E-9i,5.837894508591198E-6+1.0445116906454538E-9i
98,0.15270601989520688-5.660345184335227E-14i,0.07640586803648353-2.8321318798829954E-14i
98,0.17798584469298886+2.2088978262873193E-16i,0.08905453086464346+1.1052135072160418E-16i
98,0.8497812178354961-1.0458963038011312E-15i,0.4251847545655215-5.233101813727738E-16i
98,0.9181294199465327-3.128016089528629E-16i,0.459382513858904-1.5650907850033183E-16i
98,1.0556314445725452,0.5281811215073388
98,1.0839091345829444,0.5423297546312578
98,1.1846971844271348+1.7129085058395308E-15i,0.5927586666108531+8.570471638613724E-16i
98,1.2105445681423361-1.3888186616211989E-15i,0.605691305354154-6.948900603869755E-16i
98,1.4412721588730408-1.7082926130184823E-15i,0.7211349654131596-8.547376196927953E-16i
98,1.5719213605029485+2.3925129746323283E-16i,0.7865047895082212+1.197084638449608E-16i
98,1.5879772264723984+5.515262053244817E-16i,0.7945382801153048+2.759540094856964E-16i
98,1.6398587879451365-3.783138929994434E-16i,0.8204970192804866-1.8928789712887474E-16i
98,1.6927917333094835-8.523387353395317E-16i,0.8469818143204341-4.264643985838021E-16i
98,1.7096128223012172-2.318469016432519E-16i,0.8553981813150969-1.160037029566894E-16i
98,1.728289301220472+2.666304708445823E-16i,0.8647428855033799+1.3340752763929551E-16i
98,1.7802030493934276-2.7933140673454325E-16i,0.8907177291598647-1.3976239192175235E-16i
98,1.9212340397198644,0.9612820411845707
98,1.9412085154401852-8.91736869306502E-16i,0.97127619306563-4.461771029475842E-16i
98,1.948107967783905-8.640912064878862E-16i,0.9747283074332235-4.32344702191217E-16i
98,1.957914120537331,0.9796347781390805
98,2.067991717995768+1.1147006081556641E-15i,1.0347116794357953+5.577361496644109E-16i
98,2.078709063926806,1.040074062133414
98,2.0926265174073366+4.253482357150165E-16i,1.0470376062999573+2.1282134908561466E-16i
98,2.0947420736913873+1.5693852948929789E-15i,1.0480961167265526+7.852358788623923E-16i
98,2.203183706806068-8.646998793035453E-16i,1.102354469574115-4.3264924928675755E-16i
98,2.208796169511084-4.3546034632782474E-16i,1.1051626436401631-2.1788090462627215E-16i
98,2.238244237859407,1.1198968710510757
98,2.2927879997831444,1.1471876319432681
98,2.373345336017208,1.187494184402001
98,2.4360643867039298,1.218875419493006
99,3.5398082450989213E-10-1.0797872881934364E-5i,1.77112940167707E-10-5.402674046890648E-6i
99,3.5563572900524896E-10-1.4080444542841668E-5i,1.7794096524865658E-10-7.0450961158811075E-6i
99,7.992983692618544E-9-3.01324879382886E-6i,3.999258560042833E-9-1.5076674112806697E-6i
99,8.656076227063872E-9+9.212948600940094E-6i,4.331034351970191E-9+4.6096632962694945E-6i
99,5.064365106854571E-8+7.280535126713396E-6i,2.5339355469315562E-8+3.6427876681507755E-6i
99,5.091832215979089E-7+8.472418716122646E-8i,2.547678609035799E-7+4.239142024775009E-8i
99,4.929052702955261E-6-1.8211524372459396E-9i,2.4662325075679158E-6-9.112065974217767E-10i
99,7.868872525808091E-6+1.2212212011635736E-8i,3.937160016451159E-6+6.110333175043917E-9i
99,9.519881502035291E-6-1.1104462139714003E-9i,4.76323598943004E-6-5.556074799443755E-10i
99,1.1669997976498378E-5+1.9907749506021507E-9i,5.83903847399242E-6+9.960765677111283E-10i
99,0.13106711687296638+8.504872070997668E-15i,0.06557892637494221+4.2553799357075555E-15i
99,0.15265512624371141+2.8159755638549616E-16i,0.07638040359426491+1.4089625115860794E-16i
99,0.8563450121388236,0.42846892372730583
99,0.9285022710069172+5.061451021963856E-16i,0.46457252987677755+2.5324774957967034E-16i
99,1.048768744910505,0.5247473962022611
99,1.073290750177564,0.5370168869512874
99,1.195597450661646+1.9432514451448154E-15i,0.5982125727767538+9.722983650633476E-16i
99,1.2166537609860457-4.070387497871928E-16i,0.6087480164291086-2.0366026842502793E-16i
99,1.4298495510521863-1.2171557009554076E-15i,0.7154197076493095-6.089991601566945E-16i
99,1.5791806490758717-3.9357888002399565E-16i,0.7901369465451354-1.9692567450645922E-16i
99,1.58006492854782+9.95668140993811E-16i,0.7905793923680794+4.981787138523399E-16i
99,1.6495586336769947,0.82535029967815
99,1.708059228221305-2.4788742860709643E-15i,0.8546208465097401-1.2402951875148394E-15i
99,1.7209647400624588,0.8610780695802853
99,1.7316943323718816-7.514263749559961E-16i,0.866446579706092-3.7597328830533624E-16i
99,1.7712822577550256,0.8862542454728924
99,1.9183899354691476,0.9598590045930112
99,1.9384286725646027-7.834497711986081E-16i,0.96988530940525-3.919960710945944E-16i
99,1.94466612439348-1.1080612205026463E-15i,0.9730061943687122-5.544141576616879E-16i
99,1.9530381820507317+2.306400113610332E-15i,0.977195121124794+1.1539984005920181E-15i
99,2.0537136634317825,1.0275677099080571
99,2.0777952589406588,1.0396168433333262
99,2.0781005448971843+5.6486598967120305E-16i,1.039769591984124+2.8262851912932533E-16i
99,2.1013005344846754-9.32688239040662E-16i,1.051377617287161-4.666669628363342E-16i
99,2.1967153823239918-2.4965446321954702E-15i,1.0991180683691475-1.2491364770401279E-15i
99,2.20055777115495-1.0517173127834191E-15i,1.1010405927998446-5.262227007642495E-16i
99,2.2467799638975547,1.1241676886502368
99,2.3003143013510488,1.1509533879022977
99,2.3650094031446605,1.1833233325426054
99,2.4287189759322083-3.518210057133158E-16i,1.2152001715461143-1.760322831636991E-16i
100,8.309043992911445E-10-1.4078465437602559E-5i,4.1573981121857196E-10-7.044105878208529E-6i
100,7.069054333381009E-9-1.0781099234463527E-5i,3.536974068931218E-9-5.3942814170779745E-6i
100,2.2977435910754095E-8+9.219496162540753E-6i,1.1496671429316323E-8+4.6129393434611125E-6i
100,2.3783023533582892E-8+2.939875391854598E-6i,1.1899744089083901E-8+1.4709553126189376E-6i
100,4.044659024152069E-8+7.255044189661441E-6i,2.0237295416644885E-8+3.6300333761205433E-6i
100,3.817765223188759E-7-1.8260530300335092E-7i,1.9102041035278939E-7-9.13658590120457E-8i
100,5.026616230886181E-6-3.3719806279828284E-8i,2.515048042445841E-6-1.6871575007981827E-8i
100,7.844661065729346E-6+2.1076848667648417E-8i,3.92504590578927E-6+1.0545719933178779E-8i
100,9.520659871934613E-6-7.836343856844977E-11i,4.763625443806835E-6-3.920884422405137E-11i
100,1.1671131601395553E-5+4.683757264596764E-9i,5.8396056788371E-6+2.3434998811394863E-9i
100,0.1093456060078367+3.488988533625027E-14i,0.0547106521978465+1.745701955063039E-14i
100,0.1272789629954734-2.5277974707023728E-15i,0.06368353819401623-1.2647737142385212E-15i
100,0.8623521825606939+1.5092840956041923E-15i,0.43147458827701424+7.551644756207604E-16i
100,0.9387381374227678,0.46969400615613605
100,1.042523721350937+1.277245953372795E-16i,0.5216227227525536+6.390650861734461E-17i
100,1.0628609427644553,0.5317983730420206
100,1.2059332832579523+1.9401766742343846E-15i,0.6033840667489135+9.707599152983283E-16i
100,1.2221069485117635-5.98191759017697E-16i,0.6114764977735514-2.993029392775937E-16i
100,1.4189648694521355-9.173816164101165E-16i,0.7099735991951482-4.590083532438881E-16i
100,1.5730734588242057-1.0999217798694599E-15i,0.7870812374593854-5.50341619936346E-16i
100,1.5859747113296-4.149135038727227E-16i,0.7935363293877126-2.076003712571995E-16i
100,1.6590543889611555+3.581169798986145E-16i,0.8301014642075263+1.7918244956246423E-16i
100,1.7141169116913246,0.857651785068251
100,1.7219299416033542+1.1405925416168073E-15i,0.8615610044482944+5.706910787012564E-16i
100,1.7532388132903272-6.526836930161544E-16i,0.8772262776322046-3.265677682672829E-16i
100,1.7628198533012618,0.8820201140456617
100,1.9164305967903386+1.4425563404010003E-15i,0.9588786570426356+7.217775006873257E-16i
100,1.9360821357905746+3.6198905234450877E-16i,0.9687112287814331+1.8111982607539886E-16i
100,1.9417386114202153-7.982739148173718E-16i,0.9715414245445503-3.99413274174515E-16i
100,1.9485045521485844-6.479670043037898E-16i,0.9749267368903844-3.242077912632761E-16i
100,2.031807035132781,1.016606812936959
100,2.0643047884357055,1.0328669384516531
100,2.084949833558931-2.9601181356024584E-16i,1.043196607146934-1.4810836913728123E-16i
100,2.107658846283551+1.4550062208490216E-15i,1.0545589740704306+7.280067503477796E-16i
100,2.1904412073342128+4.4611714535674716E-15i,1.0959788091137765+2.2321299291495877E-15i
100,2.1928517703321946-1.882559997998265E-15i,1.0971849250117867-9.419316335827893E-16i
100,2.2551104046683546,1.128335792557707
100,2.307468296534196,1.1545328617977753
100,2.356824738105607,1.1792281669602276
100,2.421709636297549,1.2116930754963566
101,1.1200276388258199E-10-1.4077526284425535E-5i,5.6040150891278583E-11-7.043635976538911E-6i
101,1.695736399100928E-8-2.8514387889710026E-6i,8.484551664910102E-9-1.4267063994840402E-6i
101,1.8377522615320957E-8+1.0790704376907922E-5i,9.195122554744667E-9+5.399087313051045E-6i
101,3.712903896380198E-8+9.260421057837954E-6i,1.857737143130631E-8+4.633415956967446E-6i
101,1.266513398949656E-7+7.202805274060258E-6i,6.336950939654672E-8+3.6038958361955812E-6i
101,2.8393176184089885E-7-6.191428896334914E-7i,1.4206416185471492E-7-3.0978575666844725E-7i
101,5.132302558556387E-6-2.8108233694283616E-7i,2.567927788842033E-6-1.406384630977789E-7i
101,7.816023960829409E-6+2.3126791113376275E-8i,3.910717440811708E-6+1.157140072885503E-8i
101,9.525212914007498E-6+6.22207544735342E-9i,4.765903540845996E-6+3.1131914502766213E-9i
101,1.1672964584077923E-5+1.1155505634446575E-8i,5.840522804652038E-6+5.581614215148088E-9i
101,0.08755631623172112-5.219678941997864E-14i,0.043808465104075996-2.6116462252685476E-14i
101,0.10186595714187843+2.7865332564272026E-15i,0.05096823873828661+1.39423116662955E-15i
101,0.8676418112660824-5.465262525891463E-16i,0.43412123359658483-2.734523024204029E-16i
101,0.9486878309737865-5.835845377639218E-16i,0.4746722969464028-2.9199427246628153E-16i
101,1.0370498617438826,0.5188838982119502
101,1.0527621077713523,0.5267454599064758
101,1.2153997091489228+1.839369630932065E-15i,0.6081205564295363+9.203215000152197E-16i
101,1.226783817773858-8.8187403841713475E-16i,0.6138165512692072-4.412422735550279E-16i
101,1.408988354635881-9.804516648719396E-16i,0.7049818884882759-4.905652087177954E-16i
101,1.5671293882037336,0.784107144651918
101,1.5921330133087417-9.69672260499295E-16i,0.7966176120291567-4.851717753182911E-16i
101,1.6683058201140704+1.3099734759840464E-15i,0.8347303821002412+6.554401758752949E-16i
101,1.7079156111152953,0.8545489882447086
101,1.73301452311388+2.2307027605754516E-15i,0.8671071320516075+1.1161235219810558E-15i
101,1.7558579775751653-2.8950250481182922E-16i,0.8785367663794756-1.448514616127347E-16i
101,1.773741706174772-5.378551742178569E-16i,0.8874848210031213-2.6911376180343583E-16i
101,1.9155831624297304+1.2768986074103769E-15i,0.9584546465290317+6.38891292960934E-16i
101,1.9341667074281035-2.9878745688380264E-16i,0.9677528515884662-1.4949715156800374E-16i
101,1.9393330151317671+1.1061743113895331E-15i,0.9703377937204979+5.534700499651327E-16i
101,1.944347784446944-1.935452431184494E-15i,0.9728469142043644-9.68396158510679E-16i
101,2.0100545278862647-3.8763221224312135E-16i,1.0057230298399957-1.939502822198022E-16i
101,2.052520386716412-3.960632483732771E-16i,1.0269706585062317-1.9816871862730968E-16i
101,2.0915830057331046+1.2459730412312437E-15i,1.0465154892587913+6.234178052093844E-16i
101,2.1137008095174195-4.06885946127614E-16i,1.0575820470694193-2.0358381370335239E-16i
101,2.1844729306104997-4.823646079565401E-15i,1.0929926048759202-2.413492710129519E-15i
101,2.185779450882579,1.0936463172545416
101,2.263112205205859,1.1323394625920802
101,2.314077339617908,1.1578396710122913
101,2.3489287514588506,1.1752774404979445
101,2.4152136648092695+4.793447049409477E-16i,1.2084428412184753+2.398382741874786E-16i
102,1.0156881480915951E-9-1.4078259099369884E-5i,5.081956471824894E-10-7.044002637669699E-6i
102,3.7915316819852594E-8+1.0777753574813651E-5i,1.8970782523748107E-8+5.392607429177046E-6i
102,1.1339399330968606E-7+9.284754740068113E-6i,5.673624716887611E-8+4.64559122101136E-6i
102,2.084915897799865E-7+2.7187368159703844E-6i,1.0431796275207821E-7+1.360309479151599E-6i
102,3.2390563209366906E-7+7.243660059349406E-6i,1.6206493364836538E-7+3.6243373704298154E-6i
102,5.889351439650695E-7-1.3872128949066634E-6i,2.9467142764065275E-7-6.940866212051256E-7i
102,5.4334649212286284E-6-6.169337664019352E-7i,2.7186132153607885E-6-3.086804303805744E-7i
102,7.767669713975053E-6+5.714169592412572E-8i,3.886523579910266E-6+2.8590627148528393E-8i
102,9.508992458454192E-6+2.318407482891409E-8i,4.757787698475485E-6+1.1600062414969469E-8i
102,1.167402619573508E-5+2.1989497109412E-8i,5.841053977949845E-6+1.100236006074509E-8i
102,0.06571348918980449+4.6906279177385276E-14i,0.03287949084586601+2.3469375859374656E-14i
102,0.07642413037927413+2.8035213338354317E-16i,0.03823851885190227+1.4027310856342983E-16i
102,0.872035115773835-1.2239311065512436E-15i,0.4363194065611725-6.123892082124579E-16i
102,0.9580805229896254+1.465890070481859E-16i,0.47937189416701004+7.334524425303549E-17i
102,1.032519775056115,0.5166172868111887
102,1.0432594099681247,0.5219908217144632
102,1.2235983257704386+1.1668037356464106E-15i,0.6122227026323851+5.838057485320782E-16i
102,1.2305683254328672,0.6157101150787792
102,1.4003598998299895-1.0582181018717782E-15i,0.700664674407848-5.294753455097483E-16i
102,1.5623539122128256,0.7817177536598464
102,1.5974257453266165+7.608853058807657E-16i,0.7992658100791596+3.8070602790853016E-16i
102,1.6771891791686604+1.089226475305247E-15i,0.8391751365382882+5.449902655516005E-16i
102,1.7025900499368514-4.938778914427407E-16i,0.8518843642508435-2.4710989799620347E-16i
102,1.7366130068045031-3.1447109121653426E-16i,0.8689076194861295-1.5734439751142818E-16i
102,1.7547316709626162-1.414931896695779E-15i,0.8779732232102797-7.07955716832499E-16i
102,1.7924152058659062,0.8968280345461056
102,1.916250682424336+1.6821495137787469E-15i,0.9587886375835725+8.416570208274287E-16i
102,1.932679989412172+5.246686655219683E-16i,0.9670089779637677+2.6251594304048585E-16i
102,1.9374555459528515+6.161620393934785E-16i,0.9693984092586069+3.0829429974860067E-16i
102,1.9406773950829064-3.786814587514691E-16i,0.9710104490435045-1.8947180723512518E-16i
102,1.989050026236923-5.165131659816406E-16i,0.9952135084583696-2.584353703028983E-16i
102,2.0428302366051794+5.748713153801972E-16i,1.0221222292749501+2.876346452552505E-16i
102,2.0975411648212394+5.942443692474934E-16i,1.0494966311767118+2.9732787803195507E-16i
102,2.119229968251608-6.85350082978666E-16i,1.0603485403149842-3.429122704841357E-16i
102,2.1790038670818683-2.9765789290727016E-15i,1.0902561800346566-1.4893197858930301E-15i
102,2.1795472715277326-7.885730317836723E-16i,1.0905280703531237-3.945594747668763E-16i
102,2.270559882703706+3.671012685999389E-16i,1.136065879300926+1.8367770375994857E-16i
102,2.319890490860134,1.160748258813836
102,2.341556020305933,1.1715885229037013
102,2.4094853900131605-7.519538651464746E-16i,1.2055767210193595-3.7623721598750553E-16i
103,4.425008632156078E-9-1.4081333644069632E-5i,2.214036000943732E-9-7.045540974251075E-6i
103,1.6823012261506978E-7+1.0836199155018454E-5i,8.417329295275488E-8+5.421850449796065E-6i
103,4.223955613132385E-7+7.387019843830051E-6i,2.113439898377489E-7+3.6960668856269476E-6i
103,4.338233256623424E-7+9.646786306906475E-6i,2.1706182765061873E-7+4.8267323190497716E-6i
103,1.1180612281318476E-6+2.708814355953914E-6i,5.594176229069016E-7+1.3553448145552984E-6i
103,1.7238305055447427E-6-1.8662806290203122E-6i,8.625119442855077E-7-9.337863141074977E-7i
103,7.2138845656063505E-6-1.934489797151754E-6i,3.609439316985595E-6-9.679145082854721E-7i
103,7.731665985487947E-6+4.0456659862153925E-7i,3.868509253235423E-6+2.0242333712488153E-7i
103,9.618761777935413E-6+1.1518266786485913E-7i,4.812710354075392E-6+5.763120358327649E-8i
103,1.1697341577572547E-5+9.530731566152926E-8i,5.852719739320066E-6+4.768664777160401E-8i
103,0.04383090529179733-2.7017600730855317E-13i,0.021930624398061406-1.3518152313319029E-13i
103,0.05096106000967191+6.716509743460267E-15i,0.02549816980869741+3.360579743200344E-15i
103,0.8753483039327515-9.065024600588131E-16i,0.4379771474768479-4.535650093266254E-16i
103,0.9663845555781573,0.48352678484234446
103,1.0291123936630988,0.514912416674154
103,1.0348800366655755,0.5177982346034745
103,1.2300398521552782+9.028241768617038E-16i,0.6154456955127661+4.517245945168359E-16i
103,1.233356558723662-5.647988672456688E-16i,0.617105196851047-2.8259493468261406E-16i
103,1.3935953346661494-7.486548308024559E-16i,0.69728005032042-3.7458655687852016E-16i
103,1.558854965398431,0.7799670691174113
103,1.6015630899562985-1.0306395822711087E-15i,0.8013359145060439-5.156765396034956E-16i
103,1.6853816215770654,0.843274193497422
103,1.6984295838463197,0.8498026910902073
103,1.731967498070552+1.0870932658168671E-15i,0.8665832571097661+5.439229224123112E-16i
103,1.759946108098299-1.5421959403122426E-15i,0.8805822467179772-7.716317901727747E-16i
103,1.8079946295115639-3.973985724912162E-16i,0.9046231390742143-1.9883684289910462E-16i
103,1.9190910362028173+1.7521857837746513E-15i,0.9602097976408153+8.766993983757845E-16i
103,1.9316197937387922-1.5391381879643747E-15i,0.9664785131479818-7.701018555798899E-16i
103,1.936111038798344+5.340790357556459E-16i,0.9687256902898856+2.6722438548920024E-16i
103,1.9377060679386489+2.8071616530261435E-15i,0.9695237569678865+1.4045525052999214E-15i
103,1.969433752752002,0.985398581684134
103,2.035603699446056-4.546696243528606E-16i,1.0185064592816018-2.2749219279201843E-16i
103,2.1024174685388304+5.412701383338639E-16i,1.0519364709329164+2.7082242592667085E-16i
103,2.123906747584544+1.2856636221279397E-15i,1.0626885488149322+6.432768342664275E-16i
103,2.1743714160487624+2.9984537143473136E-15i,1.0879383510285452+1.5002647503296999E-15i
103,2.174500633644886-8.285067116587897E-16i,1.088003004554347-4.145401374600907E-16i
103,2.2770232680157574,1.139299809211223
103,2.3245556224368435,1.1630824394038843
103,2.3351425965691033-2.616915372413368E-16i,1.1683795910748545-1.3093635126138001E-16i
103,2.4048793278347707-1.0813958055530455E-15i,1.2032720955749179-5.410722201455675E-16i
104,3.77174858853221E-8-1.0421024445651142E-5i,1.8871798578729802E-8-5.21411938537717E-6i
104,1.2474457899483662E-7+1.408486176677525E-5i,6.241546893493063E-8+7.047306256838146E-6i
104,2.533995928897598E-7-7.1807470384574845E-6i,1.2678750888877923E-7-3.592859083094821E-6i
104,4.11043744116642E-7-1.5136923565805334E-5i,2.0566415188969262E-7-7.573701319967162E-6i
104,9.630290632886983E-7-3.150392965256166E-6i,4.818478772181278E-7-1.5762869684614443E-6i
104,3.0844073213680013E-6+2.3527807489565817E-7i,1.5432713060620096E-6+1.177204772587999E-7i
104,8.433158042584552E-6+1.4988836673694204E-6i,4.219498098206602E-6+7.499606614700529E-7i
104,9.073383338754068E-6-4.195014927024512E-7i,4.539832355666233E-6-2.0989595377135095E-7i
104,1.0881412291563316E-5-8.142608903596578E-6i,5.444472668270052E-6-4.074122957220914E-6i
104,1.1942548407032975E-5-1.0088996841932198E-8i,5.975408030628128E-6-5.04799065455419E-9i
104,0.02192200400040015-1.77824113539579E-13i,0.010968590143985619-8.897360930586468E-14i
104,0.025484001292061742+1.9094266940848684E-14i,0.012750821749522667+9.553742813394267E-15i
104,0.877415540353786-3.4924390871687184E-15i,0.4390114812463624-1.7474284262191403E-15i
104,0.9725500445114736,0.4866116634485883
104,1.0269900507772287,0.5138505105975157
104,1.0286706441339724-1.5458036186090402E-16i,0.5146913890011731-7.734368780930306E-17i
104,1.234198239820181+4.0221285807180904E-16i,0.6175263287411557+2.012456521196786E-16i
104,1.2350655217450959,0.6179602699070047
104,1.3892371552288665-4.695686898816309E-16i,0.6950994520493573-2.349468827606218E-16i
104,1.5567184218885062+4.934551868190635E-16i,0.778898057813302+2.4689839936820393E-16i
104,1.6042264451229762-2.004036122517997E-15i,0.8026685139905901-1.002711743928193E-15i
104,1.691991381548156-1.2674925601508112E-15i,0.8465813614037728-6.341850134956419E-16i
104,1.6957524866975278-5.650005861186086E-16i,0.8484632158579158-2.8269586394261887E-16i
104,1.72631788721004-1.1994701219263006E-15i,0.8637564961074037-6.001502489063453E-16i
104,1.76456059629461+1.4380266913648258E-15i,0.8828910880879848+7.195111082638505E-16i
104,1.8186578163842826-6.268682959904835E-16i,0.9099584234959052-3.1365113394070946E-16i
104,1.9248223477016875+1.5138769349292323E-15i,0.9630774372424443+7.574624850615316E-16i
104,1.9309844030704915+7.259923538313426E-16i,0.9661605978779282+3.632474739397926E-16i
104,1.9353029505915076+5.251427359683721E-16i,0.9683213664725552+2.627531423597581E-16i
104,1.9357310563755468-5.336236319095234E-16i,0.9685355675503086-2.6699652593137783E-16i
104,1.9523192270329326-7.836046776892667E-16i,0.9768353947547935-3.920735779596897E-16i
104,2.031140480059772-1.0916054855630947E-15i,1.016273304677217-5.461805941577896E-16i
104,2.1056982204918677+5.112626396839164E-16i,1.053577982518093+2.558082897221766E-16i
104,2.127182885003599+1.8420723663952105E-15i,1.0643277515358303+9.216738032792056E-16i
104,2.17112241345588-1.5114009696675741E-15i,1.0863127251132583-7.562236453931609E-16i
104,2.1711262206619577,1.086314630034134
104,2.2817080854925527+2.732732842919857E-16i,1.1416438395654465+1.3673123372502536E-16i
104,2.3276351776064463-2.6146858828447533E-16i,1.1646232829545262-1.308247996107737E-16i
104,2.330486421960829+3.467425073832757E-16i,1.166049892069414+1.7349127611306134E-16i
104,2.4018346154933345,1.2017486854989532
105,8.04063659303275E-7i,4.0231015049581817E-7i
105,4.591939952169321E-6i,2.2975594430244074E-6i
105,7.382358790107253E-6i,3.693734745375375E-6i
105,8.877313339822423E-6i,4.441729487982527E-6i
105,9.901415619512516E-6i,4.954135113455314E-6i
105,1.1040149934698291E-5i,5.5238964357293585E-6i
105,1.4074884014920756E-5i,7.0423139271839626E-6i
105,1.6067764264316447E-6,8.039443873025875E-7
105,5.2353222669272095E-6,2.6194733025574692E-6
105,7.2963727289582165E-6,3.650711951345128E-6
105,8.715418145275262E-6,4.360725851853448E-6
105,9.456948088859976E-6,4.731747498894706E-6
105,1.1719488832046558E-5,5.863801032669686E-6
105,0.8781189421676044,0.43936342563074304
105,0.9749377566142003,0.48780634598929784
105,1.0262685146547175,0.5134894927817283
105,1.0262685160022755,0.5134894934559739
105,1.2356413981644767,0.6182484074521698
105,1.2356413990277657,0.6182484078841131
105,1.3877264445804611,0.694343573803545
105,1.5559998262475103,0.7785385112560987
105,1.6051496817816875,0.8031304518916653
105,1.6948246995606517,0.847999001142643
105,1.6948246850844617,0.8479989938995371
105,1.7237148960834343,0.8624540995374711
105,1.7662490841429541,0.8837359164700638
105,1.8224988059136282,0.9118802477914377
105,1.9307727290598042,0.9660546876031504
105,1.9307727335228946,0.9660546898362405
105,1.9350333562689206,0.9681864759931288
105,1.9350333571460103,0.9681864764319772
105,1.942287564843795,0.9718160912726138
105,2.0296312278872,1.0155181561741622
105,2.1068689040177655,1.0541637295047124
105,2.1283888087220726,1.0649311308168763
105,2.1699256195829353,1.085713913915207
105,2.1699256265501563,1.0857139174012291
105,2.283483754210058,1.1425322885591362
105,2.3287201009144125,1.165166120146898
105,2.328720068588578,1.1651661039727914
