% Model,yuin.mph
% Version,COMSOL 5.4.0.388
% Date,"Aug 12 2026, 12:01"
% Table,Table 2 - Global Evaluation 2 (freq*a/(c_const))
% U,lambda (THz),freq*a/(c_const) (1)
0,0.4874688783093052,0.48780634599150435
0,0.5131342575101379,0.513489492964634
0,0.5131342584331817,0.5134894938883169
0,0.617820699024734,0.6182484073946256
0,0.6178206994991099,0.6182484078693299
0,0.6938632211550106,0.6943435726675391
0,0.7779999126816317,0.7785385108136693
0,0.8025748424906831,0.8031304534926123
0,0.8474123437863851,0.8479989951445527
0,0.847412353084529,0.8479990044491336
0,0.8618574523475456,0.8624541038462805
0,0.8831245437033607,0.8837359181030772
0,0.9112494028161942,0.9118802476507205
0,0.9653863645116423,0.9660546875848781
0,0.9653863666497311,0.966054689724447
0,0.9675166780852142,0.9681864759438485
0,0.9675166789021029,0.9681864767613029
0,0.9711437823140803,0.9718160911647219
0,1.0148156142446003,1.015518156475371
0,1.0534344493739645,1.05416372686797
0,1.064194403965578,1.0649311304211442
0,1.0849628078726725,1.0857139119950834
0,1.0849628116606482,1.0857139157856814
0,1.141741887819375,1.1425322992808995
0,1.1643600384420423,1.165166108123416
0,1.1643600613611738,1.1651661310584143
0,1.2003806179496608,1.2012116241593318
0,1.2594418231143554,1.2603137165455531
0,1.3143644958019944,1.3152744114083026
0,1.3359060175735697,1.336830846065083
1,0.4868649140870472+7.763509559966335E-15i,0.48720196365351576+7.768884125797121E-15i
1,0.5131468326629465+6.5600430809439236E-15i,0.5135020768230398+6.564584504267872E-15i
1,0.5139111045714568-4.78054314613743E-16i,0.5142668778259827-4.783852647291177E-16i
1,0.6172319670344123,0.6176592678336281
1,0.6179040172151001+1.1545840381357891E-15i,0.6183317832649746+1.1553833400329794E-15i
1,0.6942411878591684-7.772087510693857E-16i,0.6947218010326014-7.777468014916362E-16i
1,0.7781799962854826,0.778718719086805
1,0.8023418590838882-3.957255060019377E-15i,0.8028973087947611-3.9599946106910175E-15i
1,0.8468988089798165+2.1397169006246782E-16i,0.8474851048252352+2.1411981958111952E-16i
1,0.8474130693574815-2.2809546146868962E-16i,0.8479997212179515-2.2825336867082523E-16i
1,0.8625489716079947-1.2057483662017355E-15i,0.8631461018355518-1.206583088426196E-15i
1,0.8826995373181373+9.244233966518179E-16i,0.8833106174920557+9.250633616524978E-16i
1,0.9102864858476956+3.9078343360216464E-16i,0.9109166640686759+3.910539673437995E-16i
1,0.9627579847310422,0.9634244882148191
1,0.9663743338228966-1.4871466982837966E-16i,0.9670433408530542-1.4881762285198617E-16i
1,0.9671953800641397,0.9678649554927827
1,0.9680818825121634-1.3533360627099762E-16i,0.9687520716536805-1.354272957770648E-16i
1,0.9738600665319366,0.9745342558270127
1,1.0151916080658834,1.01589441059176
1,1.0531333208438878+1.96094623297125E-16i,1.0538623898709496+1.962303767799839E-16i
1,1.0639013155990105,1.0646378391537226
1,1.084971930904021-2.7304415180799873E-16i,1.0857230413421752-2.7323317634094588E-16i
1,1.085553057741707+7.4229013769832E-16i,1.0863045704855994+7.428040144675554E-16i
1,1.1412863629963699-1.4047659557863938E-15i,1.1420764591046215-1.4057384550211672E-15i
1,1.164358410353491-4.3826878486122067E-16i,1.1651644789077624-4.385721920274799E-16i
1,1.1645403356143227+5.513900502254143E-16i,1.1653465301128316+5.517717696141118E-16i
1,1.2006522995224298+8.894738399675168E-16i,1.2014834938133399+8.900896098935717E-16i
1,1.2593432334064314+1.0899359974971572E-15i,1.2602150585853944+1.0906905444871034E-15i
1,1.3141553775440422-5.64644611112046E-16i,1.315065148380793-5.650355064423061E-16i
1,1.334439108611332+4.8249006198870066E-15i,1.3353629215829026+4.828240829080836E-15i
2,0.4852631423569112-1.4214058839337956E-15i,0.4855990830398853-1.4223899027511181E-15i
2,0.5131844624320395-3.976917848935568E-15i,0.5135397326426799-3.979671011872722E-15i
2,0.5160382524109237-1.3055366814523276E-15i,0.5163954982592561-1.3064404856899311E-15i
2,0.615506689522683-4.2961822174632776E-16i,0.6159327959371309-4.299156402523586E-16i
2,0.6181538992706357-1.60037025376927E-15i,0.6185818383102576-1.6014781670417508E-15i
2,0.6953339159146599-4.813600527694687E-16i,0.6958152855679844-4.816932913997476E-16i
2,0.7787205452885789+2.384637314165861E-16i,0.7792596423041892+2.38628816422646E-16i
2,0.8016456797904952-7.884929343450118E-16i,0.8022006475464721-7.890387966447893E-16i
2,0.8456124690076494+1.1204395871813559E-16i,0.8461978743384359+1.1212152513670198E-16i
2,0.8474152173805696-1.6865521858242352E-16i,0.848001870728085-1.6877197616067796E-16i
2,0.8643398365256533+2.517432153585848E-15i,0.8649382065431945+2.519174935600796E-15i
2,0.8814891084773848+3.253655016072863E-15i,0.8820993506888537+3.2559074745698197E-15i
2,0.9075840318959747-1.6233857413743994E-16i,0.9082123392470147-1.6245095879373983E-16i
2,0.958523443842425,0.9591870158145456
2,0.9662617614062303+3.1246283171947167E-16i,0.9669306905041257+3.12679145236674E-16i
2,0.9691516228180275,0.9698225525253481
2,0.9697395872885596,0.9704109240352132
2,0.9783581061256563,0.9790354093487466
2,1.0162893590430708-1.1628351384693217E-16i,1.0169929215261353-1.1636401524844114E-16i
2,1.0522020731221138-1.4696250043173578E-16i,1.052930497459793-1.4706424045370992E-16i
2,1.0631929354583218+3.9375823497685007E-16i,1.063928968611667+3.94030828130623E-16i
2,1.0849995759116973+1.5365857144675924E-16i,1.085750705488092+1.5376494706223656E-16i
2,1.0871810021965205+4.0603712735668425E-16i,1.0879336419429073+4.063182210107676E-16i
2,1.1399821795428482,1.1407713727836823
2,1.1643534317870925-4.193877721461496E-16i,1.1651594968947743-4.1967810825929735E-16i
2,1.1650277292759392-1.7555764325812948E-15i,1.1658342611900587-1.7567917928555372E-15i
2,1.2014584346110102+1.8647994692326647E-15i,1.2022901869776292+1.866090443041764E-15i
2,1.2590472046539385-1.679151788899026E-15i,1.2599188248964606-1.6803142414933858E-15i
2,1.313524019414906+7.158870596204791E-16i,1.3144333531715189+7.163826579191119E-16i
2,1.3317844989656678-4.243982383240503E-15i,1.3327064741892216-4.246920431107546E-15i
3,0.4830889293070472+1.6441977163899022E-14i,0.4834233648136477+1.6453359707833966E-14i
3,0.5132468677894618-1.2881679051099364E-15i,0.5136021812024322-1.2890596851938848E-15i
3,0.5191091080790053+4.932915497990387E-15i,0.5194684798364794+4.936330484328315E-15i
3,0.6127539172673085-1.871511874431353E-15i,0.6131781179771792-1.8728074951418753E-15i
3,0.6185701280775342-2.8702437965828057E-16i,0.6189983552663632-2.8722308250157575E-16i
3,0.6970318271219017+1.0518710299778266E-15i,0.6975143722146957+1.0525992251391059E-15i
3,0.7796222263719171,0.7801619476083521
3,0.8004953378482116-9.433265958199867E-16i,0.8010495092390332-9.439796472331403E-16i
3,0.8439850555424824+1.3403067571811123E-15i,0.8445693342383707+1.3412346322412612E-15i
3,0.8474187918823255+5.616425011215802E-16i,0.8480054477044171+5.620313181343409E-16i
3,0.8666678700151276+1.3086444153008596E-15i,0.8672678516967169+1.3095503709778375E-15i
3,0.8797163749260569+2.189632639309287E-15i,0.8803253898996253+2.191148490442632E-15i
3,0.9035591657657677+1.5694629956712943E-16i,0.9041846867599661+1.5705495122942296E-16i
3,0.9541418551951671,0.9548023938565864
3,0.9647952722220988-1.3624492146918875E-16i,0.9654631860906575-1.3633924186563967E-16i
3,0.9723881660274507+4.543231394749454E-16i,0.973061336347011+4.546376608396319E-16i
3,0.9733001365728069+1.1339712287591214E-16i,0.9739739382364384+1.1347562607053192E-16i
3,0.9831781040855343-1.332462132141975E-16i,0.9838587441237774-1.3333845764812152E-16i
3,1.0180295521118776,1.0187343193055352
3,1.0506043708216324-2.4884880736386115E-16i,1.0513316890930247-2.4902108180839677E-16i
3,1.0624018678304072-7.5691289546388855E-16i,1.0631373533390296-7.574368953576762E-16i
3,1.0850466309856803,1.085797793137625
3,1.089551067821034+7.557207142868062E-16i,1.0903053483297107+7.56243888850739E-16i
3,1.1379772063342002+1.6255626197553993E-15i,1.1387650115609647+1.6266879733399424E-15i
3,1.164345036152066+1.9898385501308352E-15i,1.1651510954475703+1.9912160866943844E-15i
3,1.1657004039166992-1.141493113030136E-15i,1.1665074015137824-1.1422833522684576E-15i
3,1.2027729333716055-1.6647824196494552E-15i,1.2036055957467802-1.6659349245364822E-15i
3,1.2585530111647782-3.317084126720216E-15i,1.259424289284267-3.319380496276743E-15i
3,1.312463151905514+4.004740553902252E-16i,1.3133717512388328+4.007512978097253E-16i
3,1.32895580318543-3.605438824089336E-15i,1.3298758201436442-3.6079348174489455E-15i
4,0.4807128807280465-4.143648744421467E-16i,0.481045671330444-4.1465173327557153E-16i
4,0.5133335841873699+2.5903038436258465E-15i,0.5136889576328532+2.592097073662053E-15i
4,0.5227795522205669-8.062114903430539E-15i,0.5231414649736454-8.067696189439034E-15i
4,0.6091193226639454+4.033051780552351E-15i,0.6095410071963305+4.035843804201723E-15i
4,0.6191523426140031+3.886440886001297E-16i,0.6195809728615684+3.8891314130403803E-16i
4,0.6991891043057988-1.4781798561931566E-16i,0.6996731428505104-1.4792031788136143E-16i
4,0.7808854186083781+5.588219765936727E-16i,0.7814260143346015+5.592088409979341E-16i
4,0.7989077211710274+4.73312660112606E-16i,0.7994607934776938+4.736403276488757E-16i
4,0.8423020523293654+4.273338518323641E-15i,0.8428851659063737+4.27629688902011E-15i
4,0.8474237844272886-4.675684730059406E-16i,0.848010443705647-4.678921639242245E-16i
4,0.86877187962559-9.647165409393535E-16i,0.8693733178827232-9.653844003033795E-16i
4,0.8779774123887695-2.8549704824352123E-15i,0.8785852235036241-2.8569469373728E-15i
4,0.898629109599057-3.4470198349761125E-16i,0.8992512175863913-3.449406157151671E-16i
4,0.9497864969580938,0.9504440204677469
4,0.9628991576217615-4.682629933305732E-16i,0.9635657588374968-4.685871650552728E-16i
4,0.975890481010969-6.462434974678309E-16i,0.9765660759327397-6.466908825316388E-16i
4,0.9784009501518104+1.523060105698319E-16i,0.9790782830352025+1.5241144982689848E-16i
4,0.9881454864539908,0.9888295653394897
4,1.02030916480217+1.2000437470866297E-16i,1.021015510138854+1.2008745200854548E-16i
4,1.04837996811779-3.896034993008477E-16i,1.0491057464672344-3.898732161909634E-16i
4,1.0617524260856506-2.865060914019989E-16i,1.0624874619951084-2.8670443544180046E-16i
4,1.0851146491291324-7.469126022065797E-16i,1.085865858369058-7.474296790414051E-16i
4,1.0924005042762235+1.0635076531903521E-15i,1.0931567574087104+1.0642439042182495E-15i
4,1.1354342770638233+9.213952663116475E-16i,1.1362203218572862+9.220331349813152E-16i
4,1.1643330734296582+8.977473805601683E-16i,1.1651391244435423+8.983688781391908E-16i
4,1.1664364926005335-1.1909830176219813E-15i,1.1672439997812087-1.1918075180083228E-15i
4,1.2045547694177274+1.8560630769283256E-16i,1.2053886653323287+1.857348002658885E-16i
4,1.2578596184202866,1.258730416513967
4,1.3109738587608657-1.197949426876385E-15i,1.3118814270779942-1.1987787500074985E-15i
4,1.3261410485306988-1.5635483592929965E-15i,1.3270591168748134-1.5646307812983704E-15i
5,0.47838344872146105-1.1943969245981417E-14i,0.4787146266916371-1.1952237883831037E-14i
5,0.5134439649418088+8.1324737737327485E-16i,0.5137994148022984+8.138103768173596E-16i
5,0.5268281695199818+4.550665113871047E-15i,0.5271928850724942+4.553815473774574E-15i
5,0.6047542257894098-1.982938738093289E-15i,0.6051728884281103-1.9843114980163598E-15i
5,0.6199000392497638-1.7183278309218493E-15i,0.6203291871169392-1.7195174045257493E-15i
5,0.7016556682418569-2.2162168138789134E-16i,0.7021414143532493-2.2177510688533533E-16i
5,0.7825092151397024+4.58096216177861E-16i,0.7830509349968727+4.584133495891958E-16i
5,0.7969087134270834+1.3369478982580405E-15i,0.7974604018494854+1.3378734480285427E-15i
5,0.8407019931688582-1.90352218167838E-15i,0.8412839990479595-1.9048399626634835E-15i
5,0.8474301829417276+2.537260319062138E-16i,0.8480168466496854+2.5390168278304096E-16i
5,0.86907025869701+3.81486457736335E-16i,0.8696719035176762+3.817505553155059E-16i
5,0.8778336360740984+1.086175471321177E-15i,0.8784413476546815+1.086927414953024E-15i
5,0.8931065277656163+1.054870988281137E-16i,0.8937248125491032+1.0556012602703338E-16i
5,0.9454990978163543-2.304306091597535E-16i,0.9461536532213438-2.305901329509965E-16i
5,0.9606769884034646-2.1609619983881042E-16i,0.9613420512434618-2.162458001249755E-16i
5,0.9801024416629456,0.9807809524644001
5,0.9841388297794139,0.9848201349142152
5,0.9932163063780431,0.9939038957191275
5,1.0230249331902102+1.4008023124108657E-16i,1.023733158614227+1.4017720676724286E-16i
5,1.0456523075586384-5.550188542951061E-16i,1.0463761975879708-5.554030858525861E-16i
5,1.0612993441546776-6.849097242112995E-16i,1.0620340664020416-6.853838773468739E-16i
5,1.0852059824611622,1.0859572549298377
5,1.095553387874505-2.141158318820177E-16i,1.096311823702888-2.142640611879746E-16i
5,1.1324900002855183+8.027741646932062E-16i,1.1332740067985814+8.033299136830248E-16i
5,1.1643173274704297+3.2072546361210116E-16i,1.165123367583613+3.2094749723033507E-16i
5,1.1671510899413087-1.872072335833274E-15i,1.1679590918274287-1.8733683445431507E-15i
5,1.206752163564116-4.882794398903655E-16i,1.2075875807030303-4.886174687126707E-16i
5,1.2569659364225991-1.0300568179443577E-15i,1.2578361158331064-1.030769911440892E-15i
5,1.309076684592372-2.7974581175838134E-16i,1.3099829395231537-2.799394757539711E-16i
5,1.3233952142547327+2.2081498355308188E-16i,1.3243113816973333+2.2096785058523575E-16i
6,0.47625226074937554-2.009441175544381E-14i,0.47658196332881947-2.0108322827231174E-14i
6,0.5135771849280475+9.54820147342469E-15i,0.5139327270148145+9.554811555757706E-15i
6,0.5311220807237307-2.3909593674762882E-14i,0.5314897688891133-2.3926145942033218E-14i
6,0.5997961037105722-2.531658228786132E-14i,0.600211333912782-2.5334108593080068E-14i
6,0.6208125735154126+2.3323190462031306E-15i,0.6212423531169144+2.3339336770804922E-15i
6,0.7042978653842612-4.491174138672165E-15i,0.704785440650673-4.494283313830561E-15i
6,0.7844902315388347+5.680614565615148E-15i,0.7850333228251206+5.684547173246581E-15i
6,0.7945327152900608+1.3508418464135336E-15i,0.7950827588431801+1.351777014764194E-15i
6,0.8392382437069914-2.4892751719792613E-15i,0.8398192362534264-2.4909984613214595E-15i
6,0.8474379714418755+1.4167063197587897E-16i,0.8480246405416998+1.4176870851355336E-16i
6,0.8668289741107338-2.8795369109828134E-15i,0.8674290673223677-2.8815303729049914E-15i
6,0.8800636689929247-1.4587683968381275E-15i,0.8806729243931726-1.4597782811849063E-15i
6,0.8872002171157963-2.304955373438992E-15i,0.8878144130455039-2.306551060839888E-15i
6,0.9412956082481707,0.9419472536378857
6,0.9582193719240755+4.801352168859834E-16i,0.9588827333915871+4.804676075800246E-16i
6,0.9848918136822241-2.9236765996521506E-16i,0.9855736400969339-2.9257006188449377E-16i
6,0.9903013258357484,0.9909868971777952
6,0.9983708095935102,0.9990619673229173
6,1.0260866361039906+4.769584142396983E-16i,1.0267969811008295+4.77288605679031E-16i
6,1.0425635388720322-1.0776038869340474E-15i,1.0432852905912986-1.0783498965815017E-15i
6,1.0610120019169633-1.5747721480523116E-16i,1.0617465252414355-1.575862340124959E-16i
6,1.0853239910048413+4.654357901467728E-16i,1.0860753451691316+4.657580046394357E-16i
6,1.0989020460988164+1.834977777902635E-15i,1.0996628001550488+1.836248106584424E-15i
6,1.1292466173382922+3.73167958012201E-16i,1.130028378504064+3.7342629681384544E-16i
6,1.164297509490561+2.236465419688321E-16i,1.1651035358840425+2.2380136924808703E-16i
6,1.1677988882445713-1.588996619044589E-15i,1.1686073385921247-1.5900966585135931E-15i
6,1.2093080993570475+1.4553572236166322E-15i,1.2101452859334916+1.4563647464573296E-15i
6,1.2558711533602545-8.600372699591344E-16i,1.2567405748682188-8.606326613718224E-16i
6,1.3068141447635213-5.620942762165899E-11i,1.3077188333705725-5.624834059867409E-11i
6,1.3207434245186376+6.524903431770549E-9i,1.3216577561654046+6.529420528421581E-9i
7,0.4744026834291338-1.0675389661570023E-14i,0.47473110557284315-1.0682780080047934E-14i
7,0.5137322453482686-6.392473621917645E-16i,0.5140878947811308-6.39689903931904E-16i
7,0.5355805534545008-4.665173087461098E-14i,0.5359513281563283-4.668402719585192E-14i
7,0.594360916436233+2.3180016852254824E-15i,0.5947723839365896+2.3196064044000887E-15i
7,0.6218891623331065+1.289167344995139E-14i,0.6223196872415381+1.2900598169769222E-14i
7,0.7070073278835839-1.8948462898577048E-15i,0.7074967788718526-1.8961580646478817E-15i
7,0.7868214258306603-1.1833113299476463E-15i,0.7873661309691722-1.1841305193351256E-15i
7,0.7918203167073942-1.3677311488418475E-15i,0.7923684825060484-1.3686780094132795E-15i
7,0.8379166994045519-5.065169298518536E-15i,0.8384967770649039-5.068675842257381E-15i
7,0.8474471296740248-1.3018051238246785E-15i,0.8480338051139612-1.3027063447586915E-15i
7,0.8633996074925188-2.6593787683110466E-14i,0.8639973266030448-2.6612198179225507E-14i
7,0.8810452166239859-3.581949934355181E-15i,0.8816551515355191-3.584429666694798E-15i
7,0.8833818301334371-3.6892068232658595E-16i,0.8839933826488428-3.691760808004576E-16i
7,0.9371843790642653+3.8763582698323096E-16i,0.9378331783092408+3.879041816821465E-16i
7,0.9555998979228354+3.575052290098826E-16i,0.9562614459662311+3.577527247298689E-16i
7,0.9901462734343927-9.348607334369558E-16i,0.9908317374358957-9.355079240555367E-16i
7,0.9967483322377243,0.9974383667494306
7,1.0035936960175107,1.0042884694759506
7,1.0294211428170361,1.030133796244837
7,1.0392296429395003-1.2077372495113116E-15i,1.0399490866506391-1.2085733486110363E-15i
7,1.0608468394625965-4.093809596987647E-16i,1.0615812484474807-4.096643682398088E-16i
7,1.0854733628490787+3.464790305898285E-15i,1.086224820421345+3.46718893031487E-15i
7,1.1023810875877815-2.791410954178187E-16i,1.1031442501343194-2.793343407769971E-16i
7,1.1257777947042364-8.320969035902869E-16i,1.1265571544540687-8.32672952289834E-16i
7,1.1642732491345216-6.263801824935216E-16i,1.1650792587329077-6.268138164705146E-16i
7,1.168362984545616+1.1009737993865192E-15i,1.1691718254089127+1.1017359876877078E-15i
7,1.21216573975143+3.36108030387599E-15i,1.2130049046311533+3.3634071313521735E-15i
7,1.2545751235096452+3.766712194029138E-15i,1.2554436477948139+3.769319834619526E-15i
7,1.3042431622166821-4.59314594560421E-11i,1.3051460709695526-4.5963257143755856E-11i
7,1.3182007585239448+3.0822879653655572E-9i,1.319113329919672+3.084421788921945E-9i
8,0.513907979582265+2.9019148031091256E-14i,0.5142637506734058+2.903923756923657E-14i
8,0.5401525875392175+9.777263184200968E-15i,0.540526527394379+9.784031842656597E-15i
8,0.5885428513533408-2.3022958785631975E-15i,0.5889502910910528-2.3038897248341027E-15i
8,0.623128886674608-4.102723209474923E-15i,0.6235602698263423-4.105563465650884E-15i
8,0.7097021726493578-2.967197403751117E-16i,0.710193489239837-2.9692515517696414E-16i
8,0.788814883665296+3.476893636947206E-16i,0.78936096884595+3.479300640325521E-16i
8,0.7894911606262784+7.42356463562477E-16i,0.7900377139837305+7.428703862481526E-16i
8,0.8367140974281525+4.638131752382069E-15i,0.8372933425444803+4.6413426641794325E-15i
8,0.8474576326594512-4.842698661102882E-15i,0.8480443153704531-4.846051191624255E-15i
8,0.8595319562006924+9.561357288773264E-15i,0.8601269977919449+9.567976478687729E-15i
8,0.8747294508530095+8.375848382767646E-16i,0.8753350134508815+8.381646861944386E-16i
8,0.887109700003642-1.0443925030729828E-14i,0.8877238332696566-1.0451155209578181E-14i
8,0.9331710234394338,0.9338170442961248
8,0.952876187295936+1.2904472867544148E-15i,0.9535358497537012+1.2913406448214398E-15i
8,0.995774277062337,0.9964636372496772
8,1.0033849427767096,1.0040795717182882
8,1.0088648573494639-2.0039208062154433E-16i,1.0095632799569598-2.005308091722017E-16i
8,1.032971356112229,1.0336864673015511
8,1.0357378481196604-7.816962996166002E-16i,1.0364548745115467-7.822374567040644E-16i
8,1.0607718655763336-2.458076695853185E-16i,1.0615062226578764-2.4597783869397924E-16i
8,1.0856606001988611-6.726653074789965E-16i,1.0864121873928472-6.7313098398125455E-16i
8,1.1059498901392781+4.869787822306097E-16i,1.1067155233164117+4.873159106263538E-16i
8,1.1221365271578332-1.3837308430381863E-15i,1.1229133661105977-1.3846887799674262E-15i
8,1.1642440826139064-3.782972766216193E-15i,1.1650500720207309-3.7855916637664635E-15i
8,1.1688429636813984,1.1696521368273365
8,1.2152724677448095-2.822087845913157E-15i,1.2161137833675684-2.8240415366751723E-15i
8,1.253078772181716+2.2700451771356464E-15i,1.2539462605644163+2.271616696710542E-15i
8,1.3014235999212105+8.00696629721334E-16i,1.3023245567317212+8.012509404636196E-16i
8,1.3157775023491394-1.6903082110504803E-14i,1.316688396159525-1.6914783870751812E-14i
8,1.3307855414712717-2.794509123647168E-16i,1.3317068251309425-2.796443722057045E-16i
9,0.5141030601325017-6.435294141268071E-15i,0.5144589662750971-6.439749202698159E-15i
9,0.5448045245300857-2.408269515434715E-14i,0.5451816848542124-2.409936725727818E-14i
9,0.5824173286582062,0.5828205277847979
9,0.6245306946048713-5.2951024192176645E-15i,0.6249630482080419-5.298768142343659E-15i
9,0.7123244945488648+2.213455511530231E-16i,0.7128176265350192+2.2149878548948328E-16i
9,0.785559187556709-3.457716581666082E-16i,0.7861030188658471-3.4601103090452817E-16i
9,0.7924827082823537,0.793031332645153
9,0.8355847589283165+1.3696693309507947E-15i,0.8361632222198696+1.3706175332977802E-15i
9,0.8474694501366523+1.6239429132897344E-15i,0.8480561410287236+1.6250671455748241E-15i
9,0.8555075714787357-2.997601938578992E-14i,0.8560998270464185-2.999677135218984E-14i
9,0.8683115222681053-1.8359645599072032E-16i,0.8689126418264717-1.8372355717239588E-16i
9,0.8910416753342018-2.4408901949023466E-15i,0.8916585306500957-2.4425799880219265E-15i
9,0.9292601317876078+3.4493746560589483E-16i,0.9299034451903466+3.45176260844322E-16i
9,0.9500927676916039+5.260477286052455E-16i,0.9507505032280735+5.264119038697552E-16i
9,1.0017025012933114-1.369229462583959E-16i,1.0023959655048875-1.3701773604164107E-16i
9,1.0101428990405112,1.0108422064178593
9,1.0141409516293673-1.6982764206297076E-16i,1.0148430268009283-1.699452112931114E-16i
9,1.0321712767758215-7.285229750849043E-16i,1.032885834081745-7.290273210457859E-16i
9,1.0366933266886678-2.0254203350191662E-16i,1.0374110145446032-2.0268225043398185E-16i
9,1.0607689174086288-1.6834313300593248E-16i,1.0615032724491975-1.6845967453183809E-16i
9,1.085894761002045-4.081213777964147E-16i,1.0866465103021823-4.084039143470527E-16i
9,1.109582423413058+4.646620213729883E-16i,1.1103505713406485+4.649837001966756E-16i
9,1.1183615239542146,1.119135749526642
9,1.1642094372513887,1.1650154026737276
9,1.1692463523599095,1.1700558047660186
9,1.2185820914925527+1.4631515539670717E-15i,1.219425698320155+1.464164472710389E-15i
9,1.2513844719614569+3.535082122747391E-15i,1.2522507874045217+3.537529409176188E-15i
9,1.2984095749489148+3.5255918569820694E-16i,1.2993084451933556+3.5280325734365895E-16i
9,1.313480751910573-9.009692420722262E-16i,1.314390055713716-9.015929700995607E-16i
9,1.3301802605679987-3.444059049416754E-16i,1.33110112520042-3.446443321883121E-16i
10,0.5143160066734321-4.467447173249229E-15i,0.5146720602358503-4.470539922571263E-15i
10,0.5495132211368949+1.2641952582580794E-14i,0.5498936412238512+1.2650704424239512E-14i
10,0.5760448107725088-2.6214903758341374E-15i,0.5764435982967678-2.6233051958573326E-15i
10,0.6260934046598571+4.0333033291162104E-15i,0.626526840104687+4.036095526909029E-15i
10,0.7148364989034259+1.424084641057055E-15i,0.7153313699140081+1.425070514339345E-15i
10,0.7820928911904261+4.932778006901753E-15i,0.7826343228325238+4.93619289805658E-15i
10,0.7957743086044192-1.149779280985426E-16i,0.7963252116947043-1.1505752566184564E-16i
10,0.8344577017859753+4.822152920248094E-15i,0.8350353848321047+4.8254912272490464E-15i
10,0.8474825458936339-3.5062996846930006E-16i,0.8480692458517091-3.5087270454545596E-16i
10,0.851494316075855+1.54701837844085E-15i,0.8520837933246355+1.5480893569786034E-15i
10,0.861831669236154+3.112205498164854E-16i,0.8624283028856121+3.114360033198221E-16i
10,0.895099280822598+4.976429186685052E-16i,0.8957189451603195+4.979874296922825E-16i
10,0.9254560227456227-3.0575564062178037E-16i,0.9260967026184721-3.0596731084720655E-16i
10,0.9472840947517438+1.433887690802651E-16i,0.9479398858843977+1.4348803505950614E-16i
10,1.0078722352930005,1.0085699707225462
10,1.0169684638818515,1.017672496499413
10,1.0192470094331403-4.421906345011596E-16i,1.0199526194549633-4.424967567074281E-16i
10,1.0287244816601426-4.780434988865171E-16i,1.0294366527994603-4.783744415143196E-16i
10,1.0405532198850962,1.0412735798894877
10,1.0608315571058196-2.3334251500114094E-16i,1.0615659555109485-2.335040546628504E-16i
10,1.0861886044792566-9.27498345433117E-16i,1.086940557203-9.28140439176542E-16i
10,1.1132614856409044+4.342852660251894E-16i,1.1140321805302766+4.3458591545874315E-16i
10,1.1144817496242783-1.4244513318726426E-15i,1.1152532892848273-1.4254374590097019E-15i
10,1.1641686115238208-1.555120232487778E-16i,1.1649745486830967-1.5561968198223764E-16i
10,1.1695835195247224+4.309368777400966E-16i,1.1703932053468027+4.31235209132676E-16i
10,1.2220554813865951+1.243326285303249E-15i,1.2229014927919852+1.2441870221797731E-15i
10,1.2494963426420116-9.644851633267963E-16i,1.2503613509603484-9.65152862511434E-16i
10,1.295245657493607-3.513772542178795E-16i,1.2961423374035717-3.516205076291941E-16i
10,1.3113149568186555-1.7167127238483488E-15i,1.3122227612730557-1.7179011793368884E-15i
10,1.3296812220432452,1.3306017411984847
11,0.5145451952138193+1.9444369166752253E-15i,0.5149014074401623+1.9457830223419684E-15i
11,0.5542621726789362-4.923701280763234E-16i,0.5546458803966338-4.927109888231311E-16i
11,0.569474331022463-8.444098652249906E-17i,0.5698685698982423-8.449944380105025E-17i
11,0.6278157094972132-6.592452244517371E-16i,0.6282503372688714-6.59701610423839E-16i
11,0.7172163753357768+1.2996703983235592E-15i,0.7177128939005297+1.3005701414178597E-15i
11,0.7784511444131469-3.551530481999695E-15i,0.7789900549264119-3.553989155390655E-15i
11,0.7993397580861494+9.610461110648889E-16i,0.7998931294857484+9.617114294431872E-16i
11,0.8332230525308642-3.8365058717568244E-15i,0.8337998808471-3.8391618295048875E-15i
11,0.847496876984159-7.346414386763776E-15i,0.8480835868634417-7.351500203614636E-15i
11,0.8476517327142974+1.0364388420003887E-15i,0.8482385497979712+1.0371563536802404E-15i
11,0.8553184059345282,0.8559105305456298
11,0.899244120526648-2.2367686114187455E-15i,0.8998666542771879-2.238317094106562E-15i
11,0.9217631508427956+3.689662754541186E-16i,0.9224012741936245+3.692217054914556E-16i
11,0.9444771024558166+1.7456205127652855E-16i,0.9451309503481405+1.74682898069966E-16i
11,1.0142358375536837,1.0149379784134034
11,1.0223273830973612-1.151721858244908E-15i,1.0230351256174972-1.152519178696191E-15i
11,1.0238139570295741,1.0245227286834286
11,1.0272561141204157+2.0812146201109414E-16i,1.0279672687300383+2.0826554150114153E-16i
11,1.0445247510111457,1.0452478604493236
11,1.0609643968432627-3.747229200887586E-16i,1.061698887211428-3.7498233536824856E-16i
11,1.0865603865727997-2.0138476200511613E-16i,1.0873125966759307-2.0152417777479526E-16i
11,1.1105195883613637,1.1112883850747475
11,1.1169753929950461+1.1925609866223079E-15i,1.1177486589689785+1.1933865794138567E-15i
11,1.1641207493892527-2.42632562859044E-16i,1.1649266534142624-2.4280053388705726E-16i
11,1.1698650229888568+1.5836778201844723E-16i,1.1706749036917299+1.5847741775256455E-16i
11,1.2256601979234782-2.964845430340157E-15i,1.2265087048221988-2.9668979501213703E-15i
11,1.2474204352836293-9.009263947129304E-16i,1.2482840064812064-9.015500930776554E-16i
11,1.2919666445217008+5.119480200877748E-16i,1.2928610544182209+5.123024343271919E-16i
11,1.3092821624780544-9.76045808788114E-16i,1.3101885596582163-9.76721511241067E-16i
11,1.329252329727134,1.3301725519664014
12,0.5147888683759002-1.5359574283152638E-15i,0.5151452492936632-1.5370207495165842E-15i
12,0.5590392210672981+1.1383056257373518E-14i,0.559426235866779+1.139093658324138E-14i
12,0.5627464092790047-4.22443994402362E-15i,0.5631359905114804-4.2273644629415125E-15i
12,0.6296961797457983+5.085744109728601E-16i,0.6301321093399204+5.089264897112857E-16i
12,0.7194543851205429+1.300544582891439E-15i,0.7199524530272302+1.3014449311711228E-15i
12,0.7746641284579155-1.8035400225105196E-15i,0.7752004172745889-1.8047885872871284E-15i
12,0.8031493849935892+5.059910789057796E-16i,0.8037053937430165+5.063413692406294E-16i
12,0.8317123486970264-1.8462400668412126E-15i,0.8322881311747605-1.8475181922433946E-15i
12,0.8441779783073781+8.840762551376489E-16i,0.8447623905609173+8.846882883934814E-16i
12,0.847512392824586+2.9831236067824584E-15i,0.8480991134452616+2.9851887802819157E-15i
12,0.848792582947798-1.1910760176152194E-15i,0.849380189825654-1.1919005823841167E-15i
12,0.9034538811807535+2.0494441318931734E-16i,0.9040793292879504+2.0508629325423257E-16i
12,0.918186388284633+6.267257861612018E-16i,0.9188220354942679+6.271596593946353E-16i
12,0.9416931703919331-2.2899837406489047E-16i,0.942345091008193-2.291569063404094E-16i
12,1.0197898405043075-8.479900772496112E-16i,1.0204958263202613-8.485771285643328E-16i
12,1.0207536001984854,1.0214602532113919
12,1.0306308089207912+2.714038352342716E-16i,1.0313442997830098+2.715917241996844E-16i
12,1.0313438022644985+2.60891025651568E-16i,1.0320577867217378+2.610716367503495E-16i
12,1.0485872011426642,1.0493131229565462
12,1.0611858589030527,1.061920502586212
12,1.0870367089120105-2.5987352720618844E-16i,1.0877892487662355-2.600534339054538E-16i
12,1.10649314983846,1.1072591591064576
12,1.120716024032099+1.7828943702279805E-15i,1.1214918795910127+1.7841286423169262E-15i
12,1.1640648072702566+1.1272148282180292E-15i,1.164870672567343+1.1279951828054618E-15i
12,1.1701004270348696-8.809913059436454E-16i,1.1709104707045728-8.816012035335913E-16i
12,1.2293696246208876-3.785407020320147E-15i,1.2302206995022746-3.788027603069468E-15i
12,1.2451647789236233-1.5780915105053708E-15i,1.2460267885627963-1.5791840005248272E-15i
12,1.2885989821524677-1.5003265250393467E-15i,1.2894910606648426-1.501365179479612E-15i
12,1.307382202479789+5.342934731891052E-16i,1.308287284345014+5.346633568638059E-16i
12,1.3288619385204803-3.8730875377810815E-16i,1.329781890497539-3.875768820489555E-16i
13,0.515045146790471+6.479607427910068E-14i,0.5154017051260886+6.484093166790141E-14i
13,0.5558953496101765-1.875606553930084E-15i,0.5562801879527368-1.876905009328237E-15i
13,0.563835141277048+2.6366430154756086E-14i,0.5642254762230023+2.6384683254529458E-14i
13,0.631733267964612-9.364227431854135E-16i,0.6321706078055627-9.370710151608417E-16i
13,0.7215493794508129+2.3435514297649515E-15i,0.7220488976918954+2.345173836659645E-15i
13,0.7707572315101042-2.978460608802711E-15i,0.7712908156383015-2.98052255417584E-15i
13,0.8071711884723327+8.961440013108778E-16i,0.807729981458372+8.967643888935437E-16i
13,0.8297131788765532+9.33028856719569E-15i,0.8302875773578199+9.336747791562875E-15i
13,0.8413054928222955-3.089315495632447E-15i,0.8418879164955131-3.091454184246803E-15i
13,0.8422699194103039,0.8428530107421555
13,0.8475290341719436-3.0298656848420196E-15i,0.8481157663131841-3.031963217208772E-15i
13,0.907714034442655-1.3826994067092509E-14i,0.9083424317925853-1.3836566295899786E-14i
13,0.9147312747390243-5.0414976838467E-16i,0.9153645300233246-5.04498784006771E-16i
13,0.9389495794774988+2.166226574214664E-16i,0.9395996007452917+2.1677262216663208E-16i
13,1.016061851535797-1.0761497531535338E-15i,1.0167652565186918-1.0768947561251195E-15i
13,1.0273909467484494+1.6080366120849608E-16i,1.028102194700758+1.609149832666865E-16i
13,1.0365199098740234+1.9431504551542145E-16i,1.0372374776759963+1.9444956702221785E-16i
13,1.037362448321094,1.0380805994002964
13,1.0527239414566973-3.0948413070856703E-15i,1.053452727076307-3.0969838211396936E-15i
13,1.061537159485501-3.511010428290506E-16i,1.0622720463689925-3.513441050231996E-16i
13,1.0876570528086613,1.088410022118029
13,1.1024181765054337+9.443811193891479E-16i,1.103181364728095+9.450349008337775E-16i
13,1.1244776272789814-2.611021132653013E-16i,1.1252560869416348-2.612828704969969E-16i
13,1.163999511512771+1.2407854278726517E-14i,1.1648053316065452+1.2416444057501788E-14i
13,1.1702979093719914+8.501727851217988E-15i,1.1711080897558717+8.507613474937373E-15i
13,1.233161951674575-3.252290566146333E-14i,1.2340156519293508-3.254542080054262E-14i
13,1.2427392929920267-5.863969757980542E-15i,1.2435996235022293-5.8680292997703186E-15i
13,1.2851625791041819-1.689336395600464E-13i,1.2860522786442297-1.690505898851329E-13i
13,1.305612950706031-1.230406166756357E-11i,1.3065168077437401-1.2312579592209324E-11i
13,1.3284798155611468-1.1871620193787567E-9i,1.3293995029999852-1.1879838745430578E-9i
14,0.5153120415988546+1.7258866919351883E-15i,0.5156687847019032+1.7270814984296785E-15i
14,0.548951025400876+7.453491243104654E-16i,0.549331056287823+7.458651187720659E-16i
14,0.5686427326603916+1.614625883882112E-15i,0.5690363958326045+1.6157436661219592E-15i
14,0.6339253126009702+1.7028541049027635E-16i,0.634364169962845+1.704032966269048E-16i
14,0.7235058607281486,0.7240067334130352
14,0.7667515586427217-6.413377239522887E-16i,0.7672823697012967-6.417817128197621E-16i
14,0.8113719089947317,0.811933610079075
14,0.827095180429213-1.133001567092998E-15i,0.8276677665078682-1.1337859277563926E-15i
14,0.8357626191612543+4.521517627390059E-16i,0.8363412055828845+4.524647808908579E-16i
14,0.8391796180434841-2.4960077969601932E-15i,0.8397605700042168-2.4977357472016787E-15i
14,0.847546731990346-6.0549975441428855E-16i,0.8481334763835313-6.059189331717162E-16i
14,0.9114042891912139+5.429212064188509E-16i,0.9120352412513465+5.432970629489794E-16i
14,0.9120143761015891+1.3938078652324535E-15i,0.9126457505161011+1.3947727783389935E-15i
14,0.9362605694150359+3.590776711515515E-16i,0.9369087291198992+3.5932625545058053E-16i
14,1.0121419506458793-8.840082068000304E-16i,1.012842641937856-8.846201929469789E-16i
14,1.0341155866926688+1.4296452858036126E-16i,1.0348314900163385+1.4306350086401565E-16i
14,1.0416986922696336+1.9190169007608424E-16i,1.0424198452680555+1.920345408516757E-16i
14,1.0439355582224406,1.0446582597709386
14,1.0569213523110046,1.0576530437376823
14,1.0621043992933636-3.827494122314517E-16i,1.0628396788688028-3.8301438413582604E-16i
14,1.0884808485604789,1.0892343881717785
14,1.098310070180847-4.673378075421909E-16i,1.0990704144206793-4.67661338774097E-16i
14,1.128256070244641-4.259488334320901E-16i,1.1290371456689288-4.262437116734505E-16i
14,1.1639233033945557-1.5927774186661534E-15i,1.1647290707305475-1.593880075528271E-15i
14,1.170464248610805+7.708581218279042E-16i,1.171274544148944+7.713917758010152E-16i
14,1.237019196339525-8.631854170753835E-15i,1.2378755669092163-8.637829879049693E-15i
14,1.2401555930755306+7.948814380042332E-16i,1.2410141349275008+7.954317229730641E-16i
14,1.2816724518199665,1.2825597351951727
14,1.3039706495931573-1.1535773384227854E-15i,1.3048733696894643-1.1543759433962667E-15i
14,1.3280731122545628+1.153887325893858E-15i,1.328992518138561+1.1546861454671999E-15i
15,0.5155874680438823+7.615382466958706E-15i,0.5159444018206912+7.620654486536854E-15i
15,0.5419402755465397-3.0011669625778018E-15i,0.5423154529923562-3.003244627232552E-15i
15,0.573456210229653+3.4598532132737426E-15i,0.5738532057030463+3.4622484198122248E-15i
15,0.6362705418095524-8.648524149704151E-16i,0.6367110227398239-8.654511398386296E-16i
15,0.725331631683749-1.9445216953521742E-16i,0.7258337683235669-1.9458678597099739E-16i
15,0.7626645672228443+1.0862628878379645E-15i,0.7631925489161346+1.0870148919870071E-15i
15,0.8157178370924602-2.611380939664045E-16i,0.8162825468002202-2.613188761070211E-16i
15,0.8239444945628186-1.1802410771341206E-15i,0.8245148994670358-1.1810581410298059E-15i
15,0.8292804273994372-5.555809419234178E-16i,0.8298545262930903-5.5596556260606575E-16i
15,0.8377264284769529+1.2081844987375958E-15i,0.8383063744154826+1.2090209074615171E-15i
15,0.8475654062211903+1.5785771174390686E-16i,0.8481521635422765+1.5796699436372097E-16i
15,0.9082131895288715+3.027804487442418E-16i,0.9088419324366774+3.0299005928719037E-16i
15,0.9163473567765381+1.4322778457055987E-16i,0.9169817308511524+1.4332693910254392E-16i
15,0.9336381018604152-1.4809538769034336E-16i,0.9342844460687685-1.4819791199384678E-16i
15,1.0081387613343085-1.0074665994079644E-15i,1.0088366812759932-1.0081640540216303E-15i
15,1.0408937330481325-1.2442360240189709E-16i,1.0416143287848814-1.2450973906945023E-16i
15,1.0465887075063367+2.0035773710959563E-16i,1.047313245791864+2.0049644188473442E-16i
15,1.0502487473058362,1.0509758193841918
15,1.0611680324414887+2.5109705573998556E-16i,1.061902663783645+2.5127088661448473E-16i
15,1.0630674743599475-4.792368927074027E-16i,1.0638034206583817-4.79568661504556E-16i
15,1.0895976725525336+1.7155372641615375E-16i,1.0903519853249946+1.716724905896269E-16i
15,1.0941869621177946+5.499054250068178E-16i,1.0949444519893103+5.502861166108633E-16i
15,1.1320483506276795-1.9760277745742505E-15i,1.1328320513930468-1.9773957501368336E-15i
15,1.163834267751934-1.6682112952097947E-15i,1.164639973449833-1.6693661738579774E-15i
15,1.1706049701727697-3.9002854809951926E-16i,1.171415363130419-3.9029855924479517E-16i
15,1.2374267358845317-4.924638030537196E-16i,1.2382833885879794-4.928047286503648E-16i
15,1.240926337402527-1.1504641752352002E-14i,1.241785412829692-1.1512606250106532E-14i
15,1.2781400430860348-2.223842023105719E-15i,1.279024881025561-2.2253815569026607E-15i
15,1.3024502939395466-2.668560065538937E-16i,1.303351961515536-2.670407471230251E-16i
15,1.3276005801086752-5.972264821990268E-16i,1.328519658865476-5.976399334892809E-16i
16,0.5158692601177849-4.638913395250655E-16i,0.5162263889751871-4.642124848168117E-16i
16,0.5348880212665306+1.1353522649277766E-15i,0.5352583165383005+1.1361382529454193E-15i
16,0.5782707789104492-3.130987709585133E-15i,0.5786711074403837-3.1331552472728975E-15i
16,0.6387670769532574+5.533635099603275E-15i,0.639209286198845+5.537465955467707E-15i
16,0.7270360182899074-7.877651487732235E-16i,0.7275393348520202-7.883105072375337E-16i
16,0.7585107068553315-2.276982023994403E-15i,0.7590358128909281-2.27855834584845E-15i
16,0.8201752243825521+1.7007297372249526E-15i,0.8207430198753218+1.7019071279220966E-15i
16,0.8204741235931996+8.012107438804159E-16i,0.8210421260095871+8.017654105365278E-16i
16,0.8228313380930045-6.5749460588899735E-16i,0.8234009723750333-6.57949779933087E-16i
16,0.8367435745291578-1.7287947021852027E-15i,0.837322840052058-1.7299915218532974E-15i
16,0.8475849644841065-2.314749494810317E-15i,0.8481717353450964-2.3163519625403486E-15i
16,0.9051674739864473+7.177093532105785E-16i,0.9057941083892583+7.182062130568125E-16i
16,0.9207071805039184-1.1748579922522936E-16i,0.9213445728216936-1.1756713295158614E-16i
16,0.9310924110811524-1.5440618746912364E-16i,0.9317369929444513-1.5451308064840342E-16i
16,1.0040807159380185-1.0624403827289323E-15i,1.0047758265533338-1.063175894900864E-15i
16,1.0476829074692628,1.0484082032536617
16,1.0508114785472042+2.7327816691573644E-16i,1.0515389401962918+2.734673534539716E-16i
16,1.0561602422940806,1.0568914068152582
16,1.064771866173054-3.6230594149748076E-16i,1.065508992397388-3.6255676068156533E-16i
16,1.0654542156656777+6.535351420779025E-16i,1.0661918142707356+6.539875750422338E-16i
16,1.0900762877932075-8.78880775751485E-16i,1.090830931904105-8.794892122517821E-16i
16,1.0911387514828013-5.052756413157795E-16i,1.0918941311220056-5.05625436363492E-16i
16,1.1358522665069308+1.8035610576831454E-15i,1.136638600668464+1.8048096370221017E-15i
16,1.1637300399444892-6.826655909792766E-16i,1.1645356734869787-6.831381905337423E-16i
16,1.1707245395970092+4.758396421006069E-16i,1.1715350153308486+4.761690590301044E-16i
16,1.234566957368641-3.953186143976985E-16i,1.235421630288619-3.955922877796664E-16i
16,1.244870579931269-9.338466440607944E-16i,1.2457323859007177-9.34493132639909E-16i
16,1.2745742264220508+2.4573706517631517E-15i,1.2754565957980677+2.4590718540656065E-15i
16,1.3010460328401987-6.680945877553958E-16i,1.3019467282664583-6.685571000142329E-16i
16,1.327003469369485+3.7998358938884E-16i,1.3279221347551229+3.802466465539036E-16i
17,0.5161551862239452-3.8192274026158186E-15i,0.5165125130238718-3.821871398728601E-15i
17,0.5278181918774982-2.5363697921941666E-14i,0.5281835928082269-2.5381256844635163E-14i
17,0.5830823208094725+3.1838328666915503E-15i,0.583485980300551+3.186036988320316E-15i
17,0.6414129355473618+1.2708797156186838E-14i,0.6418569764827391+1.271759527338093E-14i
17,0.7286286058040443+2.2696770250612304E-14i,0.729133024891551+2.2712482897697482E-14i
17,0.7543020070109498,0.7548241994242728
17,0.8164220786005193+6.249640910384901E-15i,0.8169872758445302+6.253967446757684E-15i
17,0.8168695078641848+2.505015710159786E-16i,0.8174350148570296+2.5067498964498156E-16i
17,0.8247102022216972+7.53233651005243E-16i,0.8252811372142963+7.537551038110936E-16i
17,0.8360553577658117-1.1764871715011096E-15i,0.8366341468461609-1.1773016366220023E-15i
17,0.8476053007496271-8.459755065779098E-16i,0.8481920856891207-8.465611632343763E-16i
17,0.9022790420958289+1.6746380658207596E-15i,0.9029036768788515+1.675797393629655E-15i
17,0.9250892731406689-3.074797944569716E-15i,0.92572969911805-3.076926582892605E-15i
17,0.9286324023919338-2.438656313316048E-16i,0.9292752812266549-2.440344559951586E-16i
17,0.9999793119024794-1.0787226200090948E-15i,1.0006715831748636-1.079469404139341E-15i
17,1.05391677516615-2.1040118276740406E-16i,1.0546463865673532-2.1054684047529044E-16i
17,1.0544125764267325,1.0551425310640061
17,1.0614846157941675-8.89948955022657E-16i,1.0622194663024187-8.905650538640203E-16i
17,1.0676501495418724-5.630729400610392E-16i,1.0683892683603193-5.634627473460714E-16i
17,1.0697713337260322-3.8481219931540115E-16i,1.070511921009733-3.850785992575582E-16i
17,1.0860335934906211+1.2143054725885775E-15i,1.08678543890249+1.21514611877452E-15i
17,1.0932796256493664-4.093404674598076E-15i,1.0940364873849158-4.096238479686579E-15i
17,1.1396661835465207-1.2134802175345431E-14i,1.1404551580278788-1.2143202924082997E-14i
17,1.1636076840812493+2.777400872955511E-16i,1.1644132329185373+2.779323627569888E-16i
17,1.1708265526900825,1.1716370990461165
17,1.2315914560724-1.52197038228397E-15i,1.232444069095694-1.523024020454814E-15i
17,1.248840736878752+4.2803078670754103E-16i,1.249705291330663+4.2832710625516243E-16i
17,1.2709820610442673-1.6889587537884473E-14i,1.2718619436159404-1.6901279956033256E-14i
17,1.2997515518238476+1.0394368961534891E-15i,1.3006513510995472+1.0401564833430424E-15i
17,1.3261902858492907-1.5537650802066023E-14i,1.327108388279692-1.5548407293887985E-14i
18,0.5164429657902729+1.167172618095111E-15i,0.5168004918158478+1.167980634884862E-15i
18,0.5207545284437635+1.3442256778428724E-15i,0.5211150393020528+1.345156265915341E-15i
18,0.5878871512333151+4.738126969333864E-15i,0.5882941370392799+4.741407106379437E-15i
18,0.6442060333177722-1.9205469647087606E-15i,0.6446520078744998-1.921876531705905E-15i
18,0.7301184000266062-5.2891094009001745E-15i,0.7306238504771919-5.2927709751459196E-15i
18,0.7500485949566387-2.2916226263227E-15i,0.7505678427940692-2.2932090836548326E-15i
18,0.810058449285696+2.669098271869974E-15i,0.810619241080804+2.6709460501537775E-15i
18,0.8132502579920063-1.2196764814316725E-15i,0.8138132594303018-1.2205208458896645E-15i
18,0.8292881157947259+1.0595943236393022E-15i,0.8298622200109443+1.0603278655255251E-15i
18,0.8355513584503925-3.643804172174269E-15i,0.8361297986192759-3.6463267253116845E-15i
18,0.8476262940416602-1.7331167300202523E-15i,0.8482130935145076-1.734316541765956E-15i
18,0.8995631759377185-1.1132317006535998E-16i,0.9001859305657233-1.1140023749232542E-16i
18,0.9262659415238349+5.465912035129424E-16i,0.9269071820917871+5.469696007291908E-16i
18,0.9294899464234749,0.9301334189235757
18,0.9958404627565464-1.0947035537906596E-15i,0.9965298687632892-1.0954614012911488E-15i
18,1.0558246074572197+4.757468478745857E-16i,1.0565555396232345+4.760762005639772E-16i
18,1.0609114623572944,1.0616459160796776
18,1.0660230586779313,1.066761051084812
18,1.0717685925129357-8.433225084795611E-16i,1.0725105624701228-8.439063285036621E-16i
18,1.074111680708369-2.2735972402058034E-16i,1.0748552727517604-2.275171218822793E-16i
18,1.0822146976737734+6.193565092937041E-16i,1.0829638993190815+6.197852808829208E-16i
18,1.096209374730431,1.0969682646890646
18,1.1434888597866366+4.613500228994014E-15i,1.144280480651688+4.6166940887425665E-15i
18,1.1634635330900551-2.7658514720116556E-15i,1.1642689821336882-2.7677662311421344E-15i
18,1.1709139027521596+8.352468932791347E-16i,1.1717245095793833+8.358251226711661E-16i
18,1.2285162653663453-8.155396308401655E-16i,1.2293667494794132-8.161042171783041E-16i
18,1.2528267020207422+1.2939710188988563E-15i,1.2536940158989012+1.2948668163948836E-15i
18,1.2673693672383606-1.3945758273823197E-15i,1.2682467487941547-1.395541272137993E-15i
18,1.2985604056433504+6.742425760396197E-16i,1.2994593803057084+6.747093444621809E-16i
18,1.3250132315364052-3.2980652550949436E-16i,1.3259305191090616-3.300348458160622E-16i
19,0.5137213187974791-4.282700018692547E-15i,0.5140769606660475-4.285664870220865E-15i
19,0.5167302867547748-2.4196945645898555E-15i,0.5170880116885144-2.4213696842799047E-15i
19,0.5926818131464169-1.531759672014008E-16i,0.5930921182277542-1.532820087169112E-16i
19,0.6471441849037969+1.8705363320380625E-15i,0.6475921935005418+1.8718312773946394E-15i
19,0.7315133183843124+7.241314982431259E-16i,0.7320197345167827+7.246328040478516E-16i
19,0.7457591483506445+2.5220996674717806E-15i,0.7462754266659816+2.523845680739354E-15i
19,0.8037455671550839-1.5595704701693173E-15i,0.8043019886328334-1.5606501383393545E-15i
19,0.8096892447259901+4.3569159588972436E-16i,0.8102497809260999+4.3599321890518444E-16i
19,0.8338721317910615+1.2775253897884777E-15i,0.8344494094555188+1.2784098022123802E-15i
19,0.835167542561701+2.4344532161707798E-15i,0.8357457170203737+2.436138553062712E-15i
19,0.8476478072472584+2.0809605701570812E-15i,0.8482346216133879+2.082401189182432E-15i
19,0.8970400346812833+6.979349757295188E-16i,0.8976610425749435+6.984181460590834E-16i
19,0.9240000654438733+3.845149925636445E-16i,0.9246397373784565+3.847811867538487E-16i
19,0.9339061737387924+1.5711130714208482E-15i,0.9345527035294454+1.5722007303674544E-15i
19,0.9916677029166044-1.0687439286870041E-15i,0.9923542201818211-1.0694838047129965E-15i
19,1.056916430876534+3.5264010092184503E-16i,1.0576481188961737+3.5288422858374077E-16i
19,1.0665182822392758,1.0672566174822942
19,1.0696447772371112,1.0703852769075775
19,1.0767325980213647-5.832569110657574E-16i,1.077478004488056-5.836606914231552E-16i
19,1.0784681466664392-3.6314014929069246E-16i,1.079214754628456-3.6339154598481503E-16i
19,1.0792644214452183-1.609402504458893E-16i,1.0800115806567936-1.6105166706284114E-16i
19,1.1000487631179314+6.815203379140435E-16i,1.100810311029837+6.819921446263103E-16i
19,1.1473193005540316-6.577293832789884E-16i,1.1481135731780467-6.581847198560829E-16i
19,1.1632929782661825+4.549589685184403E-16i,1.1640983092371682+4.552739300584142E-16i
19,1.1709889197610561+9.322909085152964E-16i,1.1717995785214745+9.329363200811038E-16i
19,1.225358247660564+8.771692672573942E-16i,1.2262065455234672+8.777765189050161E-16i
19,1.256818984820783-3.2449774627299504E-15i,1.2576890624988133-3.247223913881733E-15i
19,1.2637411826651648+6.243602476172597E-16i,1.2646160524810448+6.247924832224361E-16i
19,1.2974662848912852+1.3012558497932582E-15i,1.298364502109608+1.3021566904727717E-15i
19,1.323245330405629,1.3241613940858004
20,0.5067441056535948+2.3327298626044223E-15i,0.5070949172980144+2.3343447778840608E-15i
20,0.517014823823639+5.472485970538042E-15i,0.5173727457382923+5.476274493741308E-15i
20,0.597462886691141-2.1643561215594765E-15i,0.5978765016408194-2.1658544741237048E-15i
20,0.65022510251077-1.3295156448630214E-15i,0.650675243982392-1.3304360493915641E-15i
20,0.7328199226001286+4.59528158972036E-16i,0.7333272432758751+4.598462836967392E-16i
20,0.7414412981394022+8.465929539122531E-15i,0.7419545872692389+8.471790380186148E-15i
20,0.7974880452971927-8.973867523942451E-17i,0.7980401347827029-8.980080003155835E-17i
20,0.8062327187044984-1.750420806893376E-15i,0.8067908620014367-1.7516325980022245E-15i
20,0.8348662441873068-6.285904366434465E-16i,0.8354442100614554-6.290256007475476E-16i
20,0.8384208693653346-7.418432861787087E-16i,0.8390012960552875-7.423568535990741E-16i
20,0.8476696861321293-2.3670230851050026E-16i,0.8482565156446957-2.3686617410885656E-16i
20,0.8947369680281317+4.70679991066529E-16i,0.8953563815419249+4.710058360439431E-16i
20,0.9218411361376985+3.087255926147985E-16i,0.9224793134766237+3.089393188952056E-16i
20,0.938335433724152-1.2078875048566707E-15i,0.9389850298276868-1.2087237079760065E-15i
20,0.9874633872295987-1.0338719430228231E-15i,0.9881469939076307-1.0345876776754901E-15i
20,1.0575679933569406+1.6262690506492102E-16i,1.0583001324438994+1.6273948932856844E-16i
20,1.0685613523055595-4.669880639413721E-16i,1.0693011019365533-4.673113530508216E-16i
20,1.0723671107390467,1.0731094950417799
20,1.0798364161903107,1.0805839713856082
20,1.0821524130147089-3.2320236508823525E-16i,1.082901571541245-3.2342611342968E-16i
20,1.082833996481572-9.830396390574402E-16i,1.0835836268585235-9.83720183238339E-16i
20,1.1047696579959374+6.735065692424083E-16i,1.1055344741153603+6.739728281380664E-16i
20,1.151156621454092-1.2841850254884544E-15i,1.1519535506000873-1.2850740482822162E-15i
20,1.1630901924862658+2.2093106565125594E-15i,1.1638953830715772+2.2108401304537416E-15i
20,1.171053482749892+7.774454241556999E-16i,1.1718641862063375+7.779836384233187E-16i
20,1.222135234872386-1.0801787310471467E-15i,1.2229813014899653-1.0809265232220886E-15i
20,1.2601021495776819+4.263728370770159E-16i,1.2609745001433776+4.2666800884999167E-16i
20,1.260808276757868-4.1730081075652826E-16i,1.2616811161652386-4.175897020963698E-16i
20,1.2964632116794759+9.908648057340866E-16i,1.2973607344846638+9.915507671651498E-16i
20,1.320608341824921+8.319332159597018E-16i,1.321522579955885+8.325091513406603E-16i
21,0.4998504001660563+7.142565276709862E-17i,0.5001964393974744+7.14750997175839E-17i
21,0.5172942573801986-6.218205913406278E-15i,0.5176523727426778-6.222510687783492E-15i
21,0.6022267924787059+2.9576627049576468E-15i,0.6026437054117344+2.9597102522415487E-15i
21,0.6534463914502341+1.2912310635636922E-15i,0.6538987629737844+1.2921249642281115E-15i
21,0.7340433196850015-1.1016775413435793E-15i,0.7345514873009261-1.102440216835187E-15i
21,0.7371020037661569,0.737612288865009
21,0.7912901294822808,0.7918379282399567
21,0.8029122091990707-4.575615505901282E-15i,0.8034680537551121-4.5787831386017875E-15i
21,0.8346243112071702-3.3987196246953244E-15i,0.8352021095946017-3.401072509331096E-15i
21,0.8428846464642277+4.1701929385011093E-16i,0.8434681633627631+4.173079902998536E-16i
21,0.8476917586814532-1.9429466314398418E-16i,0.8482786034745275-1.9442917054035847E-16i
21,0.8926921048288411+2.1626750908743132E-16i,0.8933101027132987+2.1641722796852146E-16i
21,0.9197949525544802-3.59096453801549E-16i,0.9204317133499872-3.593450511035361E-16i
21,0.9427755971187645+7.876944793260893E-16i,0.9434282670834546+7.882397888669594E-16i
21,0.9832292451010953-1.2799106135960526E-15i,0.9839099205435268-1.2807966772760365E-15i
21,1.0579875722008407+1.9707177019621125E-16i,1.058720001756189+1.9720820014379204E-16i
21,1.0661623210548405+4.35922905787733E-16i,1.0669004098710586+4.3622468893570324E-16i
21,1.0743407984442515,1.075084549102551
21,1.0847887921789252,1.085539775832778
21,1.087202675465085+1.0700074203532658E-15i,1.0879553302155636+1.0707481710763374E-15i
21,1.0878039848283498-5.202221681140604E-16i,1.0885570558566384-5.205823104269625E-16i
21,1.1102092419295546+9.081911862448366E-16i,1.1109778237945744+9.088199139200858E-16i
21,1.1549998981106286+1.180097459100804E-15i,1.1557994879016888+1.1809144235717936E-15i
21,1.1628477678221485-9.07299028538999E-16i,1.163652790580357-9.079271385863205E-16i
21,1.1711091089214634-5.578512384063252E-16i,1.171919850887106-5.582374307825234E-16i
21,1.2188663340628147+8.842800859112548E-16i,1.2197101376674537+8.848922602761954E-16i
21,1.2564568755325278-8.388905405861154E-16i,1.2573267025275143-8.3947129242268855E-16i
21,1.264785017423503-8.632644944351306E-16i,1.2656606098711491-8.638621200088335E-16i
21,1.2955456687935771+3.5283943174503398E-15i,1.2964425563970428+3.5308369740078707E-15i
21,1.3169249056114645,1.3178365937526
22,0.4930704245724112+1.539617455110666E-15i,0.493411770124395+1.5406833100958123E-15i
22,0.5175662929011561+1.5210793920093557E-15i,0.5179245965899076+1.5221324133604679E-15i
22,0.6069695651622711+1.8777898759351938E-14i,0.6073897614485062+1.8790898428157188E-14i
22,0.6568055408832408+3.110350480618417E-16i,0.6572602378975533+3.112503731449859E-16i
22,0.732747928209692+5.634949652323791E-15i,0.7332551990447591+5.63885064679358E-15i
22,0.7351871751593618+1.348527839041268E-15i,0.7356961346499535+1.3494614054379594E-15i
22,0.7851558071068134-2.1024959620659193E-16i,0.785699359161477-2.1039514897328598E-16i
22,0.7997508327989472-6.328809575400254E-16i,0.8003044887796482-6.33319091909936E-16i
22,0.8344268040487329-4.204007869014472E-15i,0.8350044657048038-4.2069182431011704E-15i
22,0.8471998153062146+9.06685244321119E-16i,0.8477863195339769+9.073129294544684E-16i
22,0.8477138349040436-1.6423185710083186E-15i,0.8483006949801687-1.6434555244965355E-15i
22,0.8909597795031936+9.674886017149904E-16i,0.8915765781237834+9.681583801367581E-16i
22,0.917866831511398-5.715034592535113E-16i,0.9185022574964824-5.718991028655343E-16i
22,0.9472248422194772+1.6265399792476302E-15i,0.9478805923324568+1.6276660094440702E-15i
22,0.9789666885132352-1.1816187321270233E-15i,0.9796444130491452-1.1824367497534142E-15i
22,1.0582773590522094+1.4368940226068695E-16i,1.0590099892228204+1.4378887636394804E-16i
22,1.0624036893494715-3.1597632612713307E-16i,1.0631391761191051-3.161950719859001E-16i
22,1.0757592662025854,1.0765039988456804
22,1.0910158534272476-2.568865420628079E-16i,1.0917711479858985-2.5706438091528763E-16i
22,1.0915676264474596+1.260734954701565E-15i,1.0923233029906239+1.2616077433491323E-15i
22,1.093566784909526-4.1986244769223725E-16i,1.0943238454412947-4.201531124164276E-16i
22,1.1161600944239023-6.756799137356102E-16i,1.1169327959783788-6.761476772063526E-16i
22,1.1588479777414245+4.0039425979392183E-16i,1.1596502315025794+4.006714469720801E-16i
22,1.1625562462690489-2.721015611696826E-15i,1.1633610672110857-2.722899331607094E-15i
22,1.1711570234981905+7.182307614840218E-16i,1.1719677986344041+7.187279822936924E-16i
22,1.215572414552549+2.236724235530499E-16i,1.2164139378241619+2.238272687497527E-16i
22,1.2528103069999357+9.470062083628538E-16i,1.253677609528058+9.476618071187638E-16i
22,1.268738925513074-3.7469575055574923E-16i,1.2696172551943328-3.7495514702616293E-16i
22,1.294708672223799+2.367691401424601E-16i,1.295604980386597+2.369330520073925E-16i
22,1.312281278562793-8.641993058880329E-16i,1.3131897519878166-8.647975786182382E-16i
23,0.5178286807134367+8.397310115565084E-16i,0.5181871660494908+8.403123452390269E-16i
23,0.6116865665637363+1.0737994733269772E-14i,0.6121100283620907+1.0745428492336959E-14i
23,0.6602999069973318-1.0542938568790739E-15i,0.6607570231109667-1.0550237293285147E-15i
23,0.7283858483819737-3.675394646043341E-15i,0.7288900994120142-3.677939068810738E-15i
23,0.7362537982909835+6.339229616372793E-16i,0.736763496189404+6.343618173716157E-16i
23,0.779088900387538+1.5831781685646485E-16i,0.7796282524100768+1.5842741800042031E-16i
23,0.7967666280756538-1.231048795296926E-14i,0.7973182181344138-1.2319010326439826E-14i
23,0.8342636435957315-1.0542189403929825E-14i,0.8348411922981712-1.0549487609788191E-14i
23,0.847735707251221-1.3466142972196055E-14i,0.8483225824692572-1.3475465388988591E-14i
23,0.8512809714289638,0.8518703009823185
23,0.8896180351835653+7.1853071530559035E-16i,0.8902339049338912+7.190281437689706E-16i
23,0.9160616652884107+8.537239953501525E-16i,0.9166958415829235+8.543150161737749E-16i
23,0.9516815896848736+2.3197703464460114E-15i,0.9523404251399216+2.3213762900393024E-15i
23,0.9746770189283358-9.969829471122653E-16i,0.9753517737877873-9.976731440444695E-16i
23,1.0582902052884537,1.0590228443523289
23,1.058488940348906+1.4953295756499573E-16i,1.0592217169942006+1.496364770774144E-16i
23,1.076788888490217,1.0775343339259893
23,1.0959221045090979-1.5703767576836086E-15i,1.0966807955946956-1.5714639068908215E-15i
23,1.0974858133167704+2.1814653426087282E-16i,1.0982455869354495+2.1829755396402212E-16i
23,1.0993674749944748-5.252755178360229E-16i,1.100128551260427-5.256391585101413E-16i
23,1.1224391160453955-3.9590571335672295E-16i,1.1232161644760876-3.9617979317884266E-16i
23,1.1622035250981182+1.0846401731714072E-15i,1.1630081018563696+1.085391053938462E-15i
23,1.162699219181799+8.523766012463979E-16i,1.1635041391019239+8.529666892884923E-16i
23,1.1711982140084871-1.9671242092451101E-16i,1.1720090176602977-1.9684860209976764E-16i
23,1.2122767892613346+1.5702669851800403E-15i,1.2131160310190336+1.5713540583933304E-15i
23,1.2491681562680108,1.2500329373876482
23,1.2726584533655512+2.316239405488158E-15i,1.273539496479479+2.3178429046618888E-15i
23,1.293947799211274-3.287990956198862E-16i,1.294843580632646-3.2902671849725404E-16i
23,1.3069537638059052,1.3078585490692083
23,1.3221264255160345-4.638151034496572E-15i,1.323041714594469-4.6413619596426655E-15i
24,0.5180792359035333-2.6463598951993636E-15i,0.5184378946953362-2.6481919320325563E-15i
24,0.6163720929079517,0.6167987984286966
24,0.663926683883451-1.0681821770839265E-15i,0.6643863107624786-1.0689216642173765E-15i
24,0.7240231507687991-8.110480704960884E-15i,0.724524381566129-8.116095473917042E-15i
24,0.737244272101771-1.1875971922876684E-16i,0.7377546556909423-1.1884193487159057E-16i
24,0.773093154820661+1.8539796348481793E-15i,0.773628356074916+1.8552631182417998E-15i
24,0.7939743655995657+5.7430786453719965E-15i,0.7945240226152377+5.747054495986016E-15i
24,0.8341277664205111-2.289731523128868E-15i,0.8347052210571398-2.291316671277502E-15i
24,0.8477571518052502-2.645093010434045E-15i,0.8483440418690421-2.6469241702211647E-15i
24,0.8550128118381956+5.919036262910217E-16i,0.8556047248909066+5.923133926448093E-16i
24,0.8887764386678803+7.393984308636767E-16i,0.889391725793062+7.399103057459271E-16i
24,0.9143839615056361+9.620314295828148E-16i,0.915016976349988+9.626974300829291E-16i
24,0.9561444504186347-4.3385574091933134E-16i,0.9568063754478786-4.3415609299884187E-16i
24,0.9703615982153326-1.2167896449839493E-15i,0.9710333655711906-1.217632010926655E-15i
24,1.0540405233480379+4.79846614053178E-16i,1.0547702204183247+4.801788049516355E-16i
24,1.058650047962038,1.0593829361398124
24,1.0775499202447147,1.0782958925318076
24,1.100258975235802-1.5034871853493662E-15i,1.1010206686745287-1.5045280278692328E-15i
24,1.1039480638821626+2.892579443810209E-15i,1.104712311223816+2.894581934889979E-15i
24,1.1051521326397593,1.1059172135408681
24,1.1289055039634928-6.154792573448028E-16i,1.1296870289813887-6.159053447683492E-16i
24,1.1617741330973634+1.2469979768300432E-15i,1.1625784125937186+1.2478612555657185E-15i
24,1.1665511129437236+1.3130357589413275E-15i,1.1673586994744114+1.3139447546822483E-15i
24,1.1712334722029478+7.080624109500896E-16i,1.1720443002634986+7.085525923571662E-16i
24,1.2090060906372282-1.9576758765043797E-15i,1.209843068137386-1.9590311473122976E-15i
24,1.2455374266630903-5.781384328937238E-16i,1.246399694280925-5.785386698024175E-16i
24,1.2765301126260329+2.2904021618212415E-15i,1.2774138360338934+2.2919877742433814E-15i
24,1.2932591838698202,1.2941544885727114
24,1.301222775552573,1.3021235933352662
24,1.3159274538044976+6.21134987331821E-16i,1.3168384514241158+6.215649901357634E-16i
25,0.5183158581704403-7.203445131876246E-15i,0.5186746807724298-7.208431973171497E-15i
25,0.6210188033213343+3.912998551629004E-15i,0.6214487256927601+3.915707464157424E-15i
25,0.6676828536656602-1.950924840266241E-15i,0.6681450808869183-1.9522754374290237E-15i
25,0.7196684888322473-1.4425448623123426E-16i,0.7201667049598498-1.4435435153398783E-16i
25,0.7381586105770287+1.002148873205806E-15i,0.7386696271495549+1.0028426464342269E-15i
25,0.767172335735534+6.924262773966352E-16i,0.767703438092029+6.929056341336998E-16i
25,0.7913865605848031+6.089724656903379E-16i,0.791934426100342+6.093940485557557E-16i
25,0.8340140651699471-3.950530314472504E-16i,0.834591441092838-3.9532652096996753E-16i
25,0.8477779303821568-7.581691542223814E-16i,0.848364834830658-7.586940238060105E-16i
25,0.8582496483244392-1.02788907193042E-15i,0.8588438021924212-1.028600664727616E-15i
25,0.8885761989340615+1.1812904931016792E-15i,0.8891913474361601+1.1821082834929216E-15i
25,0.9128378693844345,0.9134698138914833
25,0.9606121818321102,0.9612771998074515
25,0.9660220231540403-1.3126173252590658E-15i,0.9666907862845971-1.3135260313243762E-15i
25,1.0497224747141578-1.8387352952321538E-16i,1.0504491824615791-1.840008225189061E-16i
25,1.0587765481260312,1.0595095238780468
25,1.0781233935236607,1.078869762818043
25,1.104570480236968-5.515837633764116E-16i,1.1053351584684976-5.51965616869933E-16i
25,1.1102966210187952-6.271228007684208E-16i,1.1110652633750997-6.275569488493478E-16i
25,1.1108729755693212-4.406268851725717E-16i,1.1116420169275785-4.409319248177067E-16i
25,1.1354523459984511+1.193457181092696E-15i,1.1362384033007773+1.1942833943067665E-15i
25,1.1612484141869592,1.1620523297356857
25,1.1703997084365856+7.667924692715377E-16i,1.171209959294492+7.673233086519518E-16i
25,1.1712634263708965-1.5058106727298087E-16i,1.1720742751682862-1.506853123766518E-16i
25,1.2057913063244228,1.2066260582757116
25,1.2419270880968458-2.6897360066782356E-16i,1.2427868563293-2.691598072168549E-16i
25,1.2803376014448333-3.108908027172299E-15i,1.281223960722354-3.1110602794139995E-15i
25,1.2926394910184722+4.818426969930637E-16i,1.2935343667169292+4.821762697509859E-16i
25,1.2952969896618536+1.9521719611200164E-15i,1.2961937051083385+1.9535234216466012E-15i
25,1.309563172454869-5.107552655068468E-16i,1.3104697641741898-5.111088540194498E-16i
26,0.5185365513952152+1.1112226174821878E-15i,0.518895526779945+1.1119919008925044E-15i
26,0.6256168462431771+1.4369624241554411E-15i,0.6260499517734803+1.4379572125414585E-15i
26,0.6715651000637451+7.532422399936465E-16i,0.6720300149082588+7.537636987455299E-16i
26,0.7153327284056741-1.3740797931485046E-14i,0.7158279429487923-1.3750310487949346E-14i
26,0.7389959321800372-6.161902283936599E-16i,0.7395075284182472-6.166168080122215E-16i
26,0.7613303518620952-6.890234314214723E-16i,0.7618574098973115-6.895004324172881E-16i
26,0.7890140527727701+1.6842761962880672E-15i,0.7895602758353281+1.6854421964358426E-15i
26,0.8339187532987048+9.19794389163566E-16i,0.8344960632385603+9.204311495690455E-16i
26,0.8477977936656601,0.8483847118652266
26,0.8608407520509307-4.810192022194572E-16i,0.8614366997026962-4.813522048838106E-16i
26,0.8891643954517596+1.2442696897029626E-15i,0.8897799511538341+1.2451310796847623E-15i
26,0.9114271954578718+4.534778010795637E-16i,0.9120581633756828+4.537917372286567E-16i
26,0.961660340516877-1.15923855971026E-15i,0.9623260841173764-1.1600410838656855E-15i
26,0.9650836482951305,0.9657517618022903
26,1.0453637537487084-4.2199884955837837E-16i,1.0460874440163952-4.222909932828047E-16i
26,1.0588780157183604-1.1760658487225492E-16i,1.0596110617149286-1.1768800221677516E-16i
26,1.078562903183427,1.0793095767440155
26,1.1088479489115306+1.4147742391610554E-15i,1.1096155883730041+1.4157536669862343E-15i
26,1.1164579315244116+7.19034596634576E-16i,1.117230839267222+7.195323739277417E-16i
26,1.1164811450578118-3.977688944369946E-16i,1.117254068871017-3.980442641125361E-16i
26,1.1419927106070875+5.392963322603093E-16i,1.142783295709615+5.396696793422761E-16i
26,1.160601742542649+2.1739760534239722E-16i,1.161405210409912+2.1754810657284502E-16i
26,1.1712885667162047+1.4310353140180073E-16i,1.1720994329178935+1.4320259991510598E-16i
26,1.1742387370751448+8.2982176669126475E-16i,1.1750516456372742+8.303962403463112E-16i
26,1.2026688598435666,1.2035014501701373
26,1.2383489614084093-4.0925445869392735E-16i,1.239206252555302-4.0953777966014807E-16i
26,1.2840606389307758+3.4972817708314617E-15i,1.2849495756135156+3.499702888621162E-15i
26,1.2893239351139238+1.5225432375140546E-15i,1.2902165155007905+1.5235972722643223E-15i
26,1.292085876865008-9.346876525352771E-16i,1.2929803693043618-9.353347233324434E-16i
26,1.3031589678432023-1.5906465734007444E-15i,1.3040611260239265-1.5917477551093808E-15i
27,0.630152465852869-3.386854519285948E-15i,0.6305887113272899-3.3891991898801686E-15i
27,0.6755696540462616-2.240424926735214E-16i,0.6760373411858095-2.241975940637453E-16i
27,0.7110304011787413+1.0696311147558568E-14i,0.7115226372826977+1.0703716049679842E-14i
27,0.739754642955309+1.0176321525078874E-15i,0.740266764438059+1.0183366445875239E-15i
27,0.7555714394721731-2.9761787225231477E-16i,0.7560945106953021-2.9782390881792774E-16i
27,0.7868663419542464-1.7668591271468367E-15i,0.7874110781875437-1.7680822982679939E-15i
27,0.8338389688411627-7.662970916160191E-16i,0.8344162235473875-7.668275880536185E-16i
27,0.8478164854394468-5.141788325476338E-16i,0.8484034165790588-5.145347911463808E-16i
27,0.86269430893798-2.437735295701319E-16i,0.8632915397804771-2.4394229047296304E-16i
27,0.8906294946722152+1.1364212059915132E-15i,0.8912460646413745+1.1372079340216555E-15i
27,0.9101554110847421-1.3983975853221398E-16i,0.9107854985645523-1.3993656758257805E-16i
27,0.9572793551749941-1.0265785679102612E-15i,0.957942065882452-1.0272892534644027E-15i
27,0.9695577808936641,0.9702289917783695
27,1.0409780130348545+2.392085161270754E-16i,1.041698667117424+2.3937411673686136E-16i
27,1.0589604860276125-1.8880244261997404E-16i,1.0596935891171875-1.8893314783119797E-16i
27,1.0789040831432601-1.3439142454750785E-16i,1.0796509928978202-1.3448446179474053E-16i
27,1.1130814261778514-3.6203148087501587E-16i,1.1138519964146512-3.6228211005396524E-16i
27,1.1219218672496023+1.669985178556757E-16i,1.1226985575964046+1.671141285238827E-16i
27,1.1223630917014784+5.812925215042937E-16i,1.1231400875016126+5.816949419430961E-16i
27,1.1484471509635095+2.2543167000074423E-16i,1.1492422043821158+2.255877330984199E-16i
27,1.1598040549200046+1.2244448662707973E-15i,1.1606069705596176+1.2252925318129224E-15i
27,1.1713092669462235+5.699195471888028E-16i,1.1721201474783833+5.703140942813205E-16i
27,1.1780582608320782+3.4119019804448515E-16i,1.1788738135954822+3.4142639910356097E-16i
27,1.199681472063444+9.611025957727933E-16i,1.2005119942644895+9.617679532546411E-16i
27,1.2348188703077463-3.920491604951684E-16i,1.2356737176234227-3.923205704812978E-16i
27,1.2834167192028874,1.2843052101092758
27,1.2876733790826715+3.706348607517076E-16i,1.2885648168133752+3.708914459266092E-16i
27,1.2915959431253132-1.053930923636804E-15i,1.2924900963905968-1.0546605448327895E-15i
27,1.2968123915653478+5.152903159535601E-16i,1.2977101561027407+5.156470440162574E-16i
27,1.3135207795497077+1.532194980569295E-16i,1.3144301110634087+1.5332556970822412E-16i
28,0.6346056897925677-1.1920428855122662E-14i,0.635045018169771-1.1928681196298802E-14i
28,0.679692005197308-3.906840366850623E-16i,0.6801625461811731-3.909545016156433E-16i
28,0.7067820666870398+1.7663523898956116E-15i,0.7072713617302271+1.7675752102098692E-15i
28,0.7404326247550689+1.1895155182617353E-16i,0.7409452155948522+1.19033900271941E-16i
28,0.7499004750759389-1.5412207078695203E-16i,0.7504196203721097-1.5422876727634558E-16i
28,0.7849517805551282-1.9828979494847507E-15i,0.7854951913651491-1.9842706811704555E-15i
28,0.8337725184699061-3.599283481220752E-15i,0.8343497271734962-3.601775213325165E-15i
28,0.8478337479132616+2.9628822653592265E-15i,0.8484206910034356+2.964933426069604E-15i
28,0.8638417372100897-3.786163797738835E-16i,0.8644397624006502-3.7887849043942607E-16i
28,0.8929363126308902+1.0120459437396487E-15i,0.8935544795768914+1.0127465685674274E-15i
28,0.9090256536426841+4.386035504658379E-16i,0.9096549590076919+4.3890718938550273E-16i
28,0.9528831279118593-1.271321494483222E-15i,0.9535427951745129-1.2722016120397751E-15i
28,0.9740335287819872+1.0154708785638035E-15i,0.9747078381624803+1.016173874424623E-15i
28,1.0365730133149333+3.954978914996676E-16i,1.0372906178796533+3.9577168899259057E-16i
28,1.0590278971760363+2.185627137965313E-16i,1.0597610469333785+2.1871402161477788E-16i
28,1.0791709761328399,1.0799180706535718
28,1.1172591671108525-2.892312026820517E-16i,1.1180326295375174-2.8943143327713566E-16i
28,1.1271304256602745-2.193683566718565E-16i,1.1279107218170326-2.1952022222505996E-16i
28,1.1279379779300749,1.128718833143636
28,1.1547330479370612,1.1555324529915905
28,1.1588202291380851+2.6386007123532263E-15i,1.1596224636892818+2.64042737761591E-15i
28,1.1713258067955319,1.172136698777991
28,1.1818425845809832+9.190266373873304E-16i,1.1826607571772034+9.196628662893152E-16i
28,1.196878317125239,1.1977068987425017
28,1.2313581072371-5.1917063029077255E-16i,1.232210558716357-5.195300446391876E-16i
28,1.2776749620157708,1.2785594779863716
28,1.2906147271890303-1.1838079382637873E-15i,1.2915082011726562-1.1846274714460502E-15i
28,1.2911422258368261-6.088517265166555E-15i,1.2920360650001668-6.092732257960827E-15i
28,1.2911676893293362-3.920202063712493E-15i,1.292061546120686-3.922915963128559E-15i
28,1.3078805870917185+4.299822450886011E-16i,1.3087860139814307+4.3027991560274784E-16i
29,0.6389463478378249-7.290193692693618E-16i,0.6393886811900634-7.295240588767865E-16i
29,0.6839263263522543-1.3536081921399584E-15i,0.6843997986956573-1.3545452755919146E-15i
29,0.7026183345023336+4.452090129523464E-15i,0.7031047470537103+4.4551722473853534E-15i
29,0.7410274249565477+5.279646949729468E-16i,0.7415404275679419+5.283301973256579E-16i
29,0.7443235702895891,0.7448388547749147
29,0.783277680368959+1.4898605884424046E-15i,0.7838199322235374+1.490891997465531E-15i
29,0.8337177071508912-2.591956768559888E-16i,0.8342948779093947-2.5937511428922146E-16i
29,0.8478493280461288+3.746269202592743E-15i,0.8484362819222044+3.748862690794652E-15i
29,0.8644289303728585-2.6782720600110296E-16i,0.8650273620687867-2.680126189176209E-16i
29,0.89593365616275+1.8277587629335463E-15i,0.8965538981264998+1.829024093995266E-15i
29,0.9080407229637447-5.627659748841393E-16i,0.908669346475432-5.631555696616016E-16i
29,0.9484778713774996-9.499242213817087E-16i,0.9491344889445146-9.50581840235996E-16i
29,0.9785097864207617+3.5922262789015696E-16i,0.979187194649935+3.59471312540648E-16i
29,1.0321537524683848+1.310731255308366E-16i,1.0328682976424823+1.3116386556746193E-16i
29,1.059082888093381,1.0598160759201427
29,1.079380076095842,1.0801273153734663
29,1.1213669068620054+4.752763813199684E-16i,1.1221432130177256+4.756054083121414E-16i
29,1.1320283482473261,1.1328120351653337
29,1.1330987020321968+3.8042480138964337E-16i,1.1338831299407106+3.8068816399941925E-16i
29,1.1576120938166965+7.452228959579887E-16i,1.1584134919932139+7.457388030335192E-16i
29,1.1607545946645605-1.7211517646686055E-16i,1.1615581683491454-1.722343293241158E-16i
29,1.1713384034463916+4.954932264118747E-16i,1.1721493041493307+4.958362492346702E-16i
29,1.1855670225138935+6.228149935361864E-16i,1.186387773484842+6.232461593842228E-16i
29,1.1943137748107824,1.1951405810323443
29,1.227995243534882-5.685801160455833E-16i,1.2288453669520418-5.689737358692158E-16i
29,1.2721996890011826+1.9453358059154258E-16i,1.2730804145191497+1.9466825338702408E-16i
29,1.2846660757427806-5.360342493193185E-16i,1.2855554315607036-5.364053381082574E-16i
29,1.290799466557722-4.453199724206938E-16i,1.2916930684337518-4.456282610225242E-16i
29,1.294422633024127+3.11907933991196E-15i,1.2953187431661077+3.1212386336069462E-15i
29,1.3026647917327723-7.824462498322444E-16i,1.3035666078024941-7.829879260994395E-16i
30,0.6431269909752159+2.5103257184349346E-15i,0.6435722185264738+2.5120635807671998E-15i
30,0.688264224102805-4.3059562180124844E-16i,0.6887406995103308-4.3089371694725725E-16i
30,0.6985869782940719-2.7366712750323447E-16i,0.6990705999956195-2.7385658331328113E-16i
30,0.7388493371354882-1.0598387170805925E-15i,0.7393608318880605-1.0605724281568744E-15i
30,0.7415364439032515-1.662268128058866E-16i,0.7420497989011299-1.6634188923380449E-16i
30,0.7818503670329091+3.5088788117238533E-15i,0.7823916307790262+3.511307957977902E-15i
30,0.8336732219712579+8.101019910763626E-16i,0.8342503619333124+8.106628130148251E-16i
30,0.8478629846639012-5.221791018533258E-16i,0.8484499479942565-5.225405989232648E-16i
30,0.8646413810675132-5.3860770710408985E-16i,0.8652399598399968-5.38980577460781E-16i
30,0.8994271813821793+1.8284575795395886E-15i,0.9000498418631124+1.829723394381978E-15i
30,0.907203074379115+2.7186525751492775E-16i,0.9078311179987539+2.720534659163385E-16i
30,0.9440737539959315-1.4370263731535995E-15i,0.9447273226559268-1.4380212058105871E-15i
30,0.9829852579405669,0.9836657644742017
30,1.0277239251802588+2.762116802862576E-16i,1.0284354036487389+2.7640289765354027E-16i
30,1.059127260938395,1.0598604794838384
30,1.0795428603089314-1.2803015168044151E-16i,1.080290212279721-1.2811878511010592E-16i
30,1.1253867017032346,1.1261657907050162
30,1.1365198834454795-2.741886127076531E-16i,1.1373066797886018-2.7437842953439454E-16i
30,1.137749685714579+1.0996732191516765E-15i,1.1385373334320963+1.1004345070799045E-15i
30,1.156142916904312-1.5128147689453898E-15i,1.1569432979908174-1.513862068817011E-15i
30,1.16639236964184+4.357328144204036E-16i,1.1671998462768263+4.360344659708586E-16i
30,1.1713472647473084,1.1721581715847984
30,1.1891928246005579,1.1900160856620592
30,1.1920441328844535+1.5802521301855549E-15i,1.1928693678656055+1.581346115970891E-15i
30,1.2247684020996923-5.907958327339239E-16i,1.225616291621011-5.912048321781902E-16i
30,1.267105100218691+2.138541423969233E-15i,1.2679822988262344+2.1400219053901943E-15i
30,1.279088088791863,1.279973583049774
30,1.2904899347330991-5.327184981102784E-16i,1.2913833223247053-5.330872914524204E-16i
30,1.2974244039386098+2.9958823184608954E-15i,1.2983225921633523+2.9979563246326513E-15i
30,1.2980010573098144+9.151165050480692E-16i,1.2988996447433787+9.15750027021763E-16i
31,0.6470700552890607+2.4252940875513727E-15i,0.6475180125669411+2.426973083710504E-15i
31,0.6926916935517695-1.49216554685063E-15i,0.6931712340326148-1.4931985515632584E-15i
31,0.694765798354752-2.632433819807692E-15i,0.6952467747084738-2.634256215819504E-15i
31,0.733491946031244-8.260053300760146E-16i,0.733999731939131-8.265771616669702E-16i
31,0.7419571156042877,0.7424707618271248
31,0.7806752028920225+1.1570038362558823E-15i,0.7812156530889338+1.1578048133444524E-15i
31,0.833638051466977+7.5566119862408835E-16i,0.8342151670809981+7.561843319861852E-16i
31,0.8478744960586273+1.600227714166364E-16i,0.8484614673581554+1.6013355287607305E-16i
31,0.8646407479533986-6.2808740985812375E-16i,0.8652393262875866-6.285222257240278E-16i
31,0.9032384826035931+1.174260445162348E-15i,0.9038637815934579+1.1750733687526734E-15i
31,0.9065148096168962-1.3405912427102605E-16i,0.907142376760755-1.3415193147156427E-16i
31,0.9396890409331292-1.362516748498765E-15i,0.9403395741194355-1.363459999215956E-15i
31,0.9874581446734885,0.9881417477221743
31,1.0232868710181768-3.993085584485677E-16i,1.0239952777779788-3.995849940113247E-16i
31,1.0591622595875652+2.0591044579821369E-16i,1.059895502362069+2.0605299463358783E-16i
31,1.0796673827108496,1.0804148208867046
31,1.1292947822534676+1.658975116047765E-16i,1.130076576763116+1.660123600622166E-16i
31,1.1404896733047025,1.1412792178761573
31,1.1417842846037327-7.067220451775409E-16i,1.1425747254159402-7.072112986687018E-16i
31,1.1543848898660332-8.367177373074879E-16i,1.1551840538957452-8.372969849436517E-16i
31,1.1713526804563366-4.49652791824647E-16i,1.1721635910430441-4.499640799749342E-16i
31,1.171492573784838-1.5008128921163682E-16i,1.1723035812176816-1.5018518832615545E-16i
31,1.1901222794468078+7.779893329829214E-16i,1.19094618395651+7.78527923790786E-16i
31,1.1926588415661008+4.841860717581035E-16i,1.1934845021012177+4.84521266800618E-16i
31,1.2217288091343896+3.389690058793713E-16i,1.2225745943892854+3.392036692391087E-16i
31,1.2625287674967414+7.667243411845825E-16i,1.263402797975066+7.672551334009035E-16i
31,1.2740357890085146+5.918586127039462E-16i,1.2749177856320666+5.922683478954759E-16i
31,1.290238024704496+2.8233989436142336E-15i,1.2911312379024185+2.8253535420303E-15i
31,1.293888936144687+2.8153447432789864E-16i,1.294784676816006+2.817293765888186E-16i
31,1.3001791539860408-2.1047296225205627E-15i,1.3010792492845575-2.106186696518459E-15i
32,0.6506450336702795+6.048151183602054E-15i,0.6510954658541939+6.052338231539555E-15i
32,0.6912854704779888+5.037237366416722E-16i,0.6917640374508576+5.040724573281348E-16i
32,0.6971804089444065-5.396765563653737E-16i,0.6976630568982557-5.400501666710111E-16i
32,0.7282798453121536+1.7549885907048516E-15i,0.728784022957796+1.7562035440246314E-15i
32,0.7422870763337295+4.2830229903713216E-16i,0.7428009509836262+4.28598806548828E-16i
32,0.7797565914460136-6.517380028187314E-15i,0.780296405701454-6.521891916494424E-15i
32,0.833611429025963+5.520162740563458E-16i,0.8341885262096517+5.523984269707803E-16i
32,0.8478836676589914-2.399080204470167E-15i,0.8484706453078862-2.4007410531356663E-15i
32,0.8645443676535521+2.1370168712001745E-16i,0.8651428792650468+2.1384962971952162E-16i
32,0.905977666710972+1.813769998235283E-16i,0.906604861998535+1.8150256450767178E-16i
32,0.9072141700839136+1.6649947062918862E-15i,0.907842221384949+1.6661473581418976E-15i
32,0.9353613169722712-1.5007358082299302E-15i,0.9360088541376227-1.5017747460110521E-15i
32,0.991925242683818-2.0461897609344596E-16i,0.9926119382401054-2.0476063086294782E-16i
32,1.0188468065180702+1.6393765695976097E-16i,1.0195521394851803+1.640511486380631E-16i
32,1.0591887424140594+3.358308607695187E-16i,1.0599220035222425+3.3606335163660325E-16i
32,1.0797592862008545+2.0717245338707613E-16i,1.0805067880001717+2.0731587589212412E-16i
32,1.1330564892059884+5.110954220775805E-15i,1.1338408878911708+5.114492460756773E-15i
32,1.1438037774278735,1.1445956163058713
32,1.1450888575031215-9.359852119775015E-16i,1.1458815860235432-9.366331810563775E-16i
32,1.152330126279417-3.23452477165502E-16i,1.153127867825898-3.236763986559348E-16i
32,1.1713551562966906,1.1721660685973867
32,1.175858753903353,1.1766727839797955
32,1.188591794948399+1.6331848318764652E-15i,1.1894146399257306+1.6343154622086574E-15i
32,1.1958661797756434+6.875342438356939E-16i,1.1966940607047991+6.880102138883967E-16i
32,1.2189495464849274-6.156949702315812E-16i,1.2197934076963277-6.161212069900516E-16i
32,1.2586389940552405+2.690966490658603E-16i,1.2595103316994456+2.69282940799525E-16i
32,1.2697063393572066-8.200453177848222E-16i,1.2705853387651331-8.206130233451259E-16i
32,1.29004290585935-6.434071919733828E-16i,1.2909359839793066-6.438526135037554E-16i
32,1.290557580402311-2.753439785026027E-16i,1.2914510148240397-2.755345951724403E-16i
32,1.3024758471451219+7.118920206406638E-15i,1.3033775324112273+7.123848532313616E-15i
33,0.6536329656358686-1.0281958602878488E-14i,0.65408546632204-1.0289076654702053E-14i
33,0.6883650717182542+2.3387708648021763E-15i,0.6888416169411316+2.3403899621806125E-15i
33,0.7016562770889591-1.9264938753263263E-16i,0.7021420236218474-1.9278275592840226E-16i
33,0.7232872157224007+5.419891123912608E-16i,0.7237879370424996+5.423643236461212E-16i
33,0.7425243150236227+7.527152392626371E-16i,0.7430383539104469+7.532363331795061E-16i
33,0.7790979720885752-1.5361762097022832E-15i,0.7796373303913221-1.5372396823628062E-15i
33,0.8335927932136632-2.0141848163767913E-15i,0.8341698774960474-2.0155792075097413E-15i
33,0.8478903392903289+1.0284533192963564E-15i,0.848477321557898+1.029165302713876E-15i
33,0.8644296324932144,0.8650280646752104
33,0.9055930099985869-3.443875675298542E-16i,0.906219938993849-3.4462598208176486E-16i
33,0.9111833542248285+1.376248181952172E-15i,0.9118141533348666+1.3772009387429338E-15i
33,0.9311854589276638-1.892272827983676E-15i,0.9318301052066464-1.8935828212032702E-15i
33,0.9963784139248505,0.9970681923474377
33,1.0144125347812902-2.7576393911609225E-16i,1.015114797965955-2.7595484651861275E-16i
33,1.0592072914766442-1.6340951402036444E-16i,1.0599405654260765-1.6352264007291778E-16i
33,1.0798224499145537,1.0805699954411998
33,1.136609456664623-6.705093920743924E-16i,1.1373963150179947-6.70973576067473E-16i
33,1.146317592139607,1.1471111712953168
33,1.1475512939332968-1.0817238010307732E-15i,1.1483457271629864-1.0824726628354072E-15i
33,1.150011452752933+1.7745416861511679E-15i,1.1508075891151333+1.7757701757972522E-15i
33,1.1713555423776714-1.9843400354502161E-16i,1.1721664549456456-1.9857137654712608E-16i
33,1.1792541480027936-2.0204215256973842E-16i,1.1800705286616586-2.0218202344143537E-16i
33,1.1874830000639167-2.1013500450997066E-15i,1.1883050774385224-2.102804779464839E-15i
33,1.1986448768235045+9.219204587734602E-16i,1.1994746814045982+9.225586910263035E-16i
33,1.2165534132790257+1.6797975048903994E-16i,1.217395615681925+1.6809604045046382E-16i
33,1.2556334211489582-1.6200807023067767E-16i,1.2565026780783373-1.6212022608388398E-16i
33,1.2663369305040646-1.0187897224628717E-15i,1.2672135973187804-1.0194950159115126E-15i
33,1.2880763635525725+2.642962374691756E-15i,1.2889680802636192+2.6447920594704445E-15i
33,1.2899039595726123-1.5013269601373417E-15i,1.2907969415020564-1.5023663071644131E-15i
33,1.3042442555723979-2.3409750412801076E-15i,1.3051471650821829-2.342595664578167E-15i
34,0.6556972018702276+1.1905847348212619E-14i,0.6561511315974076+1.191408959482158E-14i
34,0.6863413271426452+2.5226488513726977E-16i,0.6868164713563059+2.524395244832374E-16i
34,0.7058378672352711-1.5769336931637414E-16i,0.7063265086227797-1.5780253816429312E-16i
34,0.7187955464591842-3.7974805568205157E-16i,0.7192931582613571-3.80010949790523E-16i
34,0.7426672990307904+7.441706943175868E-16i,0.743181436903383+7.446858729690792E-16i
34,0.778701811004883-7.488318013158572E-15i,0.7792408950510186-7.493502067845787E-15i
34,0.8335817604797121-2.5184978822298583E-15i,0.8341588371242936-2.520241402033394E-15i
34,0.8478943915151848+9.694395125292498E-17i,0.8484813765880509+9.701106415384703E-17i
34,0.8643439550522526-1.0668920910024828E-16i,0.8649423279209905-1.0676306850279231E-16i
34,0.9053618211823541-4.808680988354934E-16i,0.9059885901289292-4.812009968931506E-16i
34,0.9147761070833462+1.261818879367964E-15i,0.9154093934044325+1.262692418400963E-15i
34,0.9274850720527064-1.3149779091906006E-15i,0.9281271566071615-1.3158882494541612E-15i
34,1.000780857547511,1.0014736837183986
34,1.010021276540958+2.4892286688090215E-16i,1.0107204997208015+2.490951925957745E-16i
34,1.0592182815692601+1.6612107494728048E-16i,1.0599515631269751+1.6623607817440205E-16i
34,1.079859400485251,1.0806069715922448
34,1.1397746562951199-7.532437348829606E-16i,1.140563705870599-7.537651946697343E-16i
34,1.147591378473144-3.107282585764146E-15i,1.148385839452783-3.109433712736175E-15i
34,1.147894189699326,1.1486888603108145
34,1.14907407303758+2.573312490106471E-15i,1.1498695604653066+2.5750939572734055E-15i
34,1.171355005612637+5.985802905549709E-16i,1.1721659178090165+5.989946790672475E-16i
34,1.181428672952875+5.732657718485101E-16i,1.1822465590040376+5.736626354841555E-16i
34,1.186812959470485-4.3415201286515365E-15i,1.1876345729856403-4.344525700494643E-15i
34,1.200681354633144,1.2015125690384885
34,1.2147889201084556-1.0559662563572596E-15i,1.2156299009781515-1.0566972865847674E-15i
34,1.2537178793061894+6.244453873773413E-16i,1.2545858101335452+6.248776819235472E-16i
34,1.2641779038322627+8.840270425447033E-16i,1.2650530759839154+8.846390417313666E-16i
34,1.2865428264341192,1.28743348149951
34,1.2898207586079085-3.2490326048996543E-15i,1.290713682938523-3.251281863367944E-15i
34,1.3053676131970346+9.686777162052123E-15i,1.3062713003911206+9.693483178338116E-15i
35,0.6564489166201705+2.556075958646244E-14i,0.6569033667486429+2.5578454932107504E-14i
35,0.6856031050441556+2.1735393331497424E-14i,0.6860777381972919+2.1750440431190656E-14i
35,0.7081470419734783-2.9903025669484483E-16i,0.7086372819693932-2.992372710338612E-16i
35,0.7163830083869854+8.75836656980077E-17i,0.7168789500238049+8.764429860808009E-17i
35,0.7427150691799537+5.451004173200546E-16i,0.7432292401231324+5.454777824864972E-16i
35,0.7785695921715872+2.7127781688384423E-14i,0.779108584684529+2.714656186085684E-14i
35,0.8335781073692153+6.664206739141276E-16i,0.8341551814848011+6.668820273465262E-16i
35,0.8478957505721796,0.8484827365859011
35,0.8643127361399594-9.10020225058639E-16i,0.8649110873962941-9.106502189511109E-16i
35,0.9052846922909124+1.6890731801666601E-15i,0.905911407842267+1.6902425011972715E-15i
35,0.9166004561647758,0.9172350054564506
35,0.9256274248807047+1.5602656753173887E-15i,0.9262682234127831+1.5613458247679352E-15i
35,1.004239121787956+1.2061450798795354E-16i,1.0049343420653594+1.20698007674316E-16i
35,1.0065667159506764,1.007263547587988
35,1.0592219224313195-3.9718228788495294E-16i,1.059955206509551-3.974572514612288E-16i
35,1.0798715636990674-3.1912211263381266E-16i,1.0806191432264791-3.193430362752614E-16i
35,1.1415167548497318+6.931918130112573E-16i,1.1423070104549446+6.936716997175999E-16i
35,1.1460982291320545-3.247931463637408E-16i,1.1468916564259142-3.2501799598014653E-16i
35,1.1484323062498358,1.1492273493916607
35,1.1495897433437559+5.725739113938244E-15i,1.1503855877626072+5.7297029606444365E-15i
35,1.1713546672177633-8.414590945523888E-16i,1.1721655791798768-8.420416245618715E-16i
35,1.1821799840579856+9.832885207388023E-16i,1.1829983902310033+9.839692372169037E-16i
35,1.1865890029840824+7.275557102060686E-16i,1.1874104614573884+7.280593865434085E-16i
35,1.201469132732823,1.2023008925055976
35,1.2141005676906522,1.2149410720238856
35,1.2530577828347091-2.0788687329359865E-15i,1.2539252566867867-2.080307903812563E-15i
35,1.2634317439839187+2.7054822524729964E-15i,1.2643063995798574+2.70735521886244E-15i
35,1.2860236914904235+3.75351793931812E-15i,1.2869139871661717+3.7561164457160426E-15i
35,1.2897930524628083-1.3691088755503929E-14i,1.290685957612858-1.3700566899021782E-14i
35,1.3057539415603039-4.427560502201064E-15i,1.3066578962039503-4.43062563855532E-15i
36,0.6564556732582931+3.4724438841417913E-15i,0.6569101280642888+3.47484780702034E-15i
36,0.6856044848306482+1.2749818912944436E-14i,0.6860791189389909+1.2758645428909791E-14i
36,0.7076315471840148-1.6923288930941932E-16i,0.7081214303103129-1.6935004680079641E-16i
36,0.7152161101540564-1.5298838820453838E-15i,0.715711243964039-1.5309429986181145E-15i
36,0.7438588901551507-2.2161285957918505E-15i,0.7443738529491133-2.2176627896941796E-15i
36,0.7781451317155635+4.480765599549852E-15i,0.7786838303806464+4.483867569026555E-15i
36,0.8322577415089742-1.9747027493166037E-15i,0.8328339015542954-1.976069807583288E-15i
36,0.8492112813907036+1.307840309905625E-15i,0.84979917812746+1.3087457089120216E-15i
36,0.864828191176984+3.2947356448368936E-16i,0.8654268992754153+3.2970165428613557E-16i
36,0.9057513469236421-6.861234545242849E-16i,0.9063783855332764-6.865984479078705E-16i
36,0.9166075592903782-4.997883243080547E-16i,0.9172421134994444-5.001343205652505E-16i
36,0.9256660066727316-3.473834016150682E-16i,0.9263068319144288-3.4762389013975944E-16i
36,1.0042395778096755,1.0049347984027759
36,1.0065690697272656,1.0072659029940627
36,1.0585422588579352+1.2379899196715031E-16i,1.0592750724148654+1.2388469622589736E-16i
36,1.080543063640166-2.9644314031329425E-16i,1.0812911080373135-2.9664836362890847E-16i
36,1.1407494056877536-8.24817636923884E-16i,1.1415391300681956-8.253886462919798E-16i
36,1.145667196454259+2.257978718379516E-15i,1.146460325350405+2.2595418845188387E-15i
36,1.1481262078825005,1.148921039116835
36,1.1504120170554113-1.783655201486377E-16i,1.1512084307225081-1.7848900002878428E-16i
36,1.1711353248729524,1.1719460849875205
36,1.1823876743642774-1.7016192774479588E-16i,1.1832062243183021-1.7027972839609849E-16i
36,1.1871422786258794+7.055911277011625E-16i,1.187964120123942+7.06079598274446E-16i
36,1.2016514858089917+3.3265784451801714E-16i,1.202483371822174+3.3288813875165973E-16i
36,1.2140889370134897,1.2149294332949727
36,1.2513875972367736-1.8222148319800756E-15i,1.2522539148434217-1.8234763250582594E-15i
36,1.2651830773146473-9.919656127378763E-16i,1.2660589453334217-9.926523362417706E-16i
36,1.2861832656962948,1.287073671842967
36,1.289192989727844+4.235294087377881E-15i,1.2900854794631063+4.238226120462859E-15i
36,1.3061700437719512-2.6295866607919434E-15i,1.3070742864771645-2.6314070857565835E-15i
37,0.6564759838587984+5.734409077527054E-15i,0.6569304527255301+5.7383789263241434E-15i
37,0.6856086079251844+6.889330155319283E-15i,0.6860832448878861+6.894099539341262E-15i
37,0.7061062976653096+6.1252918731923E-16i,0.7065951248833381+6.12953232451795E-16i
37,0.7121729203651243+1.2061845669586081E-16i,0.7126659474186547+1.2070195911585689E-16i
37,0.7468328548578185-1.5939772281787412E-16i,0.747349876484703-1.5950807156517003E-16i
37,0.7768913998673153+2.5731181086957146E-15i,0.7774292305919002+2.5748994412951986E-15i
37,0.8291658835972305+8.491988568325778E-16i,0.8297399031938594+8.497867449679915E-16i
37,0.8522886087404747-2.253171850397643E-15i,0.8528786358666248-2.2547316888115072E-15i
37,0.8663517433263228-3.2810376145567296E-16i,0.8669515061579596-3.2833090296321556E-16i
37,0.9071317845988417,0.9077597788655928
37,0.9166288547123964-4.389549850540788E-16i,0.9172634236639767-4.392588672668464E-16i
37,0.9257833701005677-6.812980771548303E-16i,0.9264242765912752-6.817697299991751E-16i
37,1.0042409474327356,1.0049361689740062
37,1.0065761848117394,1.007273023004207
37,1.0567154114668462+7.869614129465507E-16i,1.0574469603236443+7.875062149961263E-16i
37,1.0823452048807185-5.232348058945542E-16i,1.083094496874286-5.235970338131931E-16i
37,1.1389949937318224+4.4223235807140174E-16i,1.1397835035581405+4.4253850916229693E-16i
37,1.1444190114278956-9.601428729656225E-16i,1.1452112762235287-9.608075660451963E-16i
37,1.1472424911883157+2.5829037548770535E-16i,1.1480367106383131+2.5846918619384216E-16i
37,1.1523310106888436+7.0814604429101E-16i,1.1531287528475882+7.086362835962436E-16i
37,1.1705453461233728,1.1713556978041517
37,1.182966498523685-7.244110848732902E-16i,1.1837854491893371-7.249125842318122E-16i
37,1.1886913373532701+2.9506950988465076E-16i,1.1895142512423746+2.9527378225570706E-16i
37,1.2022083009264029,1.2030405724146698
37,1.2140528752543396+3.2719850688977023E-16i,1.2148933465707863+3.2742502170261756E-16i
37,1.2479446059685328-3.227660224879897E-16i,1.248808540041924-3.22989468755738E-16i
37,1.2688704165692968-1.0882641985903561E-15i,1.2697488372799193-1.0890175882180026E-15i
37,1.28665957497449-2.0375304234115923E-16i,1.2875503108632138-2.0389409763719864E-16i
37,1.2875557556157997+1.2754629318044636E-15i,1.2884471119174716+1.2763459164184146E-15i
37,1.3072569488240908-3.326466762260463E-15i,1.3081619439780143-3.3287696272804134E-15i
38,0.6565099723672615+3.1710681502900275E-15i,0.6569644647637481+3.1732634350895116E-15i
38,0.685615425367354-2.452645683273133E-15i,0.6860900670496727-2.4543436145479682E-15i
38,0.7036310790601734-4.613779590793216E-16i,0.7041181927200184-4.616973643939918E-16i
38,0.7080238018552768+1.483553865247102E-15i,0.7085139565338333+1.484580908216612E-15i
38,0.7508666191194387-7.958273111116651E-16i,0.751386433263213-7.963782508948224E-16i
38,0.7748635487232272+6.729054220747702E-15i,0.7753999755956773+6.73371264804904E-15i
38,0.8253318818150965+1.0217696475335857E-15i,0.8259032471875224+1.0224770039414255E-15i
38,0.8560983074861774+2.2425697104973777E-15i,0.8566909720118884+2.2441222092025187E-15i
38,0.8688185978744335+1.6765714393807082E-16i,0.8694200684739375+1.677732105636268E-16i
38,0.909371219698505+3.5096004797392503E-16i,0.9100007642939153+3.5120301255936703E-16i
38,0.9166643013447239+2.0204378462546665E-16i,0.9172988948354969+2.0218365662701223E-16i
38,0.9259846462718109+2.5263858279987276E-16i,0.9266256921031125+2.528134808513489E-16i
38,1.0042432354155728,1.004938458540781
38,1.0065882269052353,1.0072850734342707
38,1.0541400952818858+7.845952231063822E-16i,1.0548698612843879+7.851383870768178E-16i
38,1.084878591860098-7.835801374877279E-16i,1.0856296376809764-7.841225987290125E-16i
38,1.1368788745614418-7.55859129473854E-16i,1.1376659194289422-7.56382399860627E-16i
38,1.1424687452014646-4.843268427664322E-16i,1.143259659855884-4.846621352626879E-16i
38,1.145869984365309-1.2958786998692763E-16i,1.1466632536486048-1.2967758180253584E-16i
38,1.1547207800293766+2.4492246699255506E-16i,1.1555201765910101+2.450920232882126E-16i
38,1.1697121563632549,1.1705219312387654
38,1.183802623855167+4.495864937577931E-16i,1.1846221533583416+4.498977360108836E-16i
38,1.1910001154025012+6.935750684777972E-16i,1.1918246276253899+6.9405522050637825E-16i
38,1.2031648742149355-2.823342251192746E-16i,1.2039978079251101-2.8252968103614655E-16i
38,1.2139885807549669-2.0338300349763922E-16i,1.2148290075612576-2.0352380262111787E-16i
38,1.2440463026250563-6.311419048980144E-16i,1.2449075379592-6.315788353468329E-16i
38,1.2731792212949014-4.192989714323211E-16i,1.2740606249289645-4.1958924607001396E-16i
38,1.285191591587244+1.2092718227848219E-15i,1.286081311212216+1.2101089842475175E-15i
38,1.2874455206722764-1.2188989454874184E-15i,1.2883368006598848-1.219742771668477E-15i
38,1.3087091655432541+2.4720210733812425E-15i,1.3096151660458923+2.473732417959536E-15i
39,0.6565578517274862-1.1864873001524659E-15i,0.6570123772701641-1.1873086882183667E-15i
39,0.6856248549726498+1.657926427285505E-14i,0.6860995031829483+1.659074185867783E-14i
39,0.7002940622281104-4.2589328489450904E-16i,0.7007788657192742-4.2618812468041704E-16i
39,0.7032779350644496+1.210795616522609E-15i,0.7037648042477935+1.2116338328857581E-15i
39,0.7554510289098758+3.802495047257357E-16i,0.7559740167745072+3.8051274598015636E-16i
39,0.7721424642984276+5.3714413941597954E-15i,0.7726770074033292+5.375159965658437E-15i
39,0.8211856178958898-2.070319946863865E-15i,0.8217541128695337-2.0717531995389944E-15i
39,0.8602103654623944-1.6074680415206096E-16i,0.8608058767066058-1.6085808684893028E-16i
39,0.8721312448551994-2.2238849986042603E-16i,0.8727350087524878-2.225424562152521E-16i
39,0.9123893649691708+2.823663803555427E-16i,0.9130209989830739+2.8256185853302155E-16i
39,0.916713833333372+2.430383598169478E-16i,0.9173484611144272+2.432066117723493E-16i
39,0.9262793851368376-2.288990325251857E-16i,0.9269206350116095-2.2905749602798784E-16i
39,1.0042464499752648,1.0049416753258662
39,1.0066054876096684+1.3901584327179907E-16i,1.0073023460880408+1.3911208193749728E-16i
39,1.051123372591336+8.5483994585715655E-16i,1.0518510501601772+8.554317392372389E-16i
39,1.087834900746776-6.231215918371776E-16i,1.0885879931777096-6.23552969938801E-16i
39,1.1346512970390856-7.517681669546961E-16i,1.1354367997867567-7.5228860522704945E-16i
39,1.1399593738324594-1.7489026445576762E-15i,1.140748551285229-1.7501133846646094E-15i
39,1.144120116065428,1.1449121739401074
39,1.157330051265812,1.1581312541883344
39,1.1687260426399873-2.694468742771986E-16i,1.1695351348431726-2.696334084667319E-16i
39,1.184755920238585-6.352778637770765E-16i,1.1855761096951127-6.357176574906462E-16i
39,1.1938456056073634-6.925646153929542E-16i,1.1946720877221302-6.930440678994209E-16i
39,1.2045505007133197+3.426042583801923E-16i,1.2053843936727586+3.4284143837286823E-16i
39,1.2138886121966206+3.249009567027064E-16i,1.2147289697961186+3.2512588095465666E-16i
39,1.24006346257098,1.2409219406423295
39,1.2777445450682734-1.2514553928077714E-15i,1.278629109210219-1.2523217573483165E-15i
39,1.2823458064428144+2.6487565868933883E-15i,1.2832335559717258+2.650590282921715E-15i
39,1.2885297195418828-1.6034721966728951E-15i,1.2894217501047502-1.6045822573757626E-15i
39,1.310289560186094-7.722157339413776E-15i,1.311196654773177-7.727503277697975E-15i
40,0.5299097360977804-2.999714682722537E-15i,0.5302765849744429-3.0017913419848643E-15i
40,0.6566199337093321-5.763957908562244E-15i,0.6570745022304718-5.7679482135893926E-15i
40,0.6856367803416986-1.7472600944864762E-14i,0.6861114368077584-1.7484696974796574E-14i
40,0.6961990995110069-4.613058347773229E-16i,0.6966810681184716-4.616251901613777E-16i
40,0.6981981672957811+2.0589657274849355E-15i,0.6986815198290757+2.060391119797552E-15i
40,0.7603232638451207-5.6457349972528075E-16i,0.7608496246878105-5.649643458261522E-16i
40,0.7688227512000085-2.9784919983140643E-15i,0.7693549961153544-2.9805539654177E-15i
40,0.8168882054248189-2.1963424106723786E-15i,0.8174537253617156-2.1978629068837798E-15i
40,0.8644634818078281-4.732637152434163E-16i,0.865061937423217-4.73591348895858E-16i
40,0.8761703884086082,0.8767769485467923
40,0.9160924263303493+8.336679498023528E-16i,0.9167266239202881+8.342450861145607E-16i
40,0.9167773640953034-1.9856968220068904E-16i,0.9174120358577901-1.9870714913117231E-16i
40,0.9266833412453286,0.9273248707730952
40,1.0042506032315575,1.0049458314573982
40,1.006628409980775,1.0073252843279747
40,1.0478448515516503+8.80948121551108E-16i,1.0485702594476045+8.815579892451211E-16i
40,1.0910324439104673-1.2265748315850792E-15i,1.0917877499544708-1.227423971671508E-15i
40,1.1324044397845243+3.306085543233117E-16i,1.1331883870652852+3.3083742986287363E-16i
40,1.137025984833525+4.176169159472808E-16i,1.1378131315433473+4.179060261221923E-16i
40,1.142100516461006-2.269701678280221E-16i,1.1428911761959728-2.271272960055807E-16i
40,1.1600651131787332+1.358896835056228E-15i,1.1608682095452179+1.3598375797594894E-15i
40,1.1676283886247187-6.394131042066547E-16i,1.1684367209378415-6.398557606876034E-16i
40,1.1857025554879947-5.112207207427358E-16i,1.1865234002864689-5.115746314832935E-16i
40,1.1970647920109225+1.275482362820286E-15i,1.1978935027220623+1.2763653608860493E-15i
40,1.206382482574455+6.173446194902942E-16i,1.2072176437885453+6.177719982771823E-16i
40,1.2137396916961558+3.1663346946581613E-16i,1.2145799462001365+3.1685267025544995E-16i
40,1.2361216152828565+2.9882921404266667E-16i,1.2369773644701125+2.9903608920275103E-16i
40,1.2791681915521265-5.722698120131183E-16i,1.2800537412640245-5.72665986160117E-16i
40,1.2824513836825266+3.232514108061024E-16i,1.2833392063010403+3.2347519310119115E-16i
40,1.2898970998769952,1.2907900770575707
41,0.5335281947042776-4.593298644783746E-15i,0.5338975485877075-4.596478519266564E-15i
41,0.6566966432360037+2.386986112007065E-15i,0.6571512648620437+2.388638588106574E-15i
41,0.6856510492207337-1.590414186148707E-14i,0.686125715564933-1.591515206978996E-14i
41,0.69145412782997-1.4059343483037218E-16i,0.6919328115618939-1.4069076563998035E-16i
41,0.6929184629799685+5.163536755015839E-16i,0.6933981604500222+5.167111397127781E-16i
41,0.7650020200274257+2.7333832183605684E-15i,0.7655316199056205+2.7352755001867673E-15i
41,0.7653493764204942+4.3502425705839314E-16i,0.765879216768516+4.353254180847936E-16i
41,0.8125079482442877+1.5012644444037875E-15i,0.8130704357922384+1.5023037481521173E-15i
41,0.8687891036335229+6.3979909077835735E-16i,0.8693905538145889+6.402420144722494E-16i
41,0.88080338197084+1.6711917191255766E-16i,0.8814131494637266+1.6723486610783015E-16i
41,0.9168547921870251,0.9174895175518644
41,0.9203837812265699,0.9210209496596841
41,0.9272216518106897+2.115818577126389E-16i,0.9278635540031059+2.1172833278478162E-16i
41,1.0042557118583257,1.0049509436207955
41,1.0066576297045289,1.0073545242801227
41,1.0444035576173216+1.055462885625563E-15i,1.045126583155059+1.0561935673767646E-15i
41,1.094368848101209-7.914085369457744E-16i,1.0951264638897709-7.919564176752315E-16i
41,1.1301776644917554-3.2466384307557696E-16i,1.130960070208059-3.248886031771789E-16i
41,1.133778992930864-1.410158033826535E-15i,1.134563891794967-1.4111342659192596E-15i
41,1.1399027910770596+2.4958498458115607E-16i,1.1406919293584026+2.4975776867057413E-16i
41,1.162884451795697+7.535057105096709E-16i,1.1636894999496923+7.540273516583971E-16i
41,1.1664350813847537+9.788570723732642E-16i,1.1672425875884644+9.795347210234996E-16i
41,1.1865602308446093+1.4581945082074323E-16i,1.1873816693993777+1.4592039952593792E-16i
41,1.2005472822579413-2.0036576379657888E-15i,1.201378403846912-2.0050447412847746E-15i
41,1.2086535192598722+3.9508762748632693E-16i,1.2094902526799445+3.9536114095938356E-16i
41,1.2135182010559302+9.537446560499862E-16i,1.2143583022251314+9.544049197361591E-16i
41,1.232289675440055+2.539309753658442E-16i,1.233142771830559+2.541067681220762E-16i
41,1.2757469768273342-1.2459868109578197E-15i,1.2766301580815627-1.246849389677928E-15i
41,1.287249808064137+4.4141295054848786E-16i,1.288140952562726+4.417185343753589E-16i
41,1.2915296045632032+2.7116035438648925E-15i,1.2924237119032558+2.7134807479361864E-15i
42,0.5373744208815114-5.512849827985482E-16i,0.5377464374519169-5.516666294505796E-16i
42,0.6567885378188792+3.4146900072168035E-15i,0.6572432230622152+3.417053947918333E-15i
42,0.6856674708999468+1.0980123521029228E-14i,0.6861421486126381+1.0987724902368184E-14i
42,0.6861627530729311+5.764601142696097E-16i,0.6866377736623357+5.768591893024971E-16i
42,0.6875112277707252+1.2194946350476478E-15i,0.6879871818897377+1.2203388736160077E-15i
42,0.7607733646795201+1.029104563790289E-15i,0.7613000371205335+1.02981699805499E-15i
42,0.7704569537449719-2.0246095589060732E-15i,0.770990329995198-2.026011166938102E-15i
42,0.8080779454689317-2.1995710079680235E-15i,0.8086373661897776-2.201093739290823E-15i
42,0.8731538142899559-6.777498858183756E-16i,0.8737582860973333-6.782190823009719E-16i
42,0.8858871732012189+4.2623008250352696E-16i,0.8865004601295395+4.2652515544956797E-16i
42,0.9169460092299133-2.1758054110664098E-16i,0.9175807977429971-2.1773116898088305E-16i
42,0.9251714462269174+1.5232007632549962E-16i,0.9258119290915424+1.5242552532008621E-16i
42,0.9279343291438485,0.9285767247125161
42,1.0042617979743547,1.004957033950155
42,1.0066940389092438,1.0073909586904055
42,1.0408552723438682+1.0820267201031948E-15i,1.0415758414548255+1.0827757916143387E-15i
42,1.0977828466241233-8.439861672380832E-16i,1.098542825874682-8.445704467035824E-16i
42,1.1279906071916597-1.3226019502845897E-15i,1.1287714988397002-1.3235175685619712E-15i
42,1.1303020053745894+4.876619599280814E-16i,1.131084497170295+4.879995612779038E-16i
42,1.137601274050931-2.095460202566428E-16i,1.1383888190251912-2.096910859478421E-16i
42,1.165154262646067,1.165960882157416
42,1.1657654912200217,1.1665725338761073
42,1.1872918234931928-8.056692385366594E-16i,1.1881137685190126-8.062269917443947E-16i
42,1.2042189144488527-5.148570113394106E-16i,1.2050525778558974-5.152134394315656E-16i
42,1.2113301040530196+3.626126830418876E-16i,1.2121686904341864+3.6286371457872453E-16i
42,1.2131809971427086+3.2585868560098764E-16i,1.2140208648704982+3.260842728748576E-16i
42,1.2286334437377466,1.2294840089717132
42,1.2721369055253589+5.858957611361188E-15i,1.27301758757923+5.863013683314062E-15i
42,1.2921091448130413,1.2930036533604603
42,1.2934069073858092-1.0518841545546177E-15i,1.2943023143555625-1.0526123588018525E-15i
43,0.541382904108834-2.249219757804233E-15i,0.5417576956944333-2.2507768602413264E-15i
43,0.6568963329416695-6.442099020239675E-15i,0.6573510928100161-6.446558792589447E-15i
43,0.6804193800574326+2.0028438990395948E-16i,0.6808904245924351+2.0042304390188442E-16i
43,0.6820185580513122+3.156984315625536E-15i,0.6824907096742028+3.1591698503891672E-15i
43,0.6856858121408833-4.142185864662958E-15i,0.6861605025509513-4.145053440266623E-15i
43,0.7562212216852784+3.6142277920202475E-15i,0.7567447427432732+3.616729869855746E-15i
43,0.775603849646527-1.398119026414607E-16i,0.7761407890186419-1.3990869240759289E-16i
43,0.8036161245973199-2.00279888028332E-15i,0.8041724564638513-2.0041853890967333E-15i
43,0.8775392914233081-1.1911350068726595E-15i,0.8781467992333297-1.1919596124789698E-15i
43,0.8912639312462981-1.6483101402336577E-16i,0.8918809404267583-1.6494512415989374E-16i
43,0.9170509102030651-1.9971527855467696E-16i,0.9176857713375816-1.9985353856501314E-16i
43,0.9288855311306996-1.3851628523831442E-16i,0.9295285852028-1.3861217806718249E-16i
43,0.9303721296655194,0.9310162128883703
43,1.0042688903175347,1.004964131203262
43,1.0067388846061016,1.007435835433293
43,1.0372328877902135+1.064601567875035E-15i,1.0379509491765269+1.0653385762043103E-15i
43,1.101232157248735-6.590367611838484E-16i,1.10199452440735-6.59493002839833E-16i
43,1.1258544686515144,1.1266338814816157
43,1.1266561530649999+1.3238931734105523E-15i,1.1274361208896722+1.324809685583103E-15i
43,1.1352574410805063,1.1360433634529654
43,1.1637939236572314-8.346417627443517E-16i,1.164599601425495-8.352195732132311E-16i
43,1.168693054536476,1.1695021239024725
43,1.1878937623612742-3.7059159172832535E-16i,1.1887161241007012-3.708481469487054E-16i
43,1.2080290994603708-5.904645223583356E-16i,1.208865400603611-5.908732924412016E-16i
43,1.2126476177938315+4.639078925070817E-16i,1.2134871162707817+4.642290492582188E-16i
43,1.2143613881372886+3.9544069728240923E-16i,1.2152020730327597+3.9571445518059946E-16i
43,1.2252467889340948+3.612575074059774E-16i,1.2260950096357275+3.615076007742437E-16i
43,1.2683749059325935-1.2768273547846336E-15i,1.2692529836083402-1.2777112839689586E-15i
43,1.2955070598117375-1.3558330812925015E-15i,1.2964039206867612-1.3567717050031673E-15i
43,1.2970012849718413+1.983404033538756E-16i,1.2978991802774182+1.984777115579161E-16i
44,0.5455066449021323+2.471155663015726E-15i,0.5458842912940781+2.4728664084828905E-15i
44,0.6570209345155194+9.187049013442815E-16i,0.6574757806437406+9.193409075130384E-16i
44,0.6743072209780556-3.2384043414060263E-16i,0.6747740341533764-3.2406462420806055E-16i
44,0.6764667383938745+2.205679385573614E-16i,0.6769350465719933+2.2072063456382355E-16i
44,0.6857057907995558+1.3418557153589037E-14i,0.6861804950405616+1.3427846627404852E-14i
44,0.751419861049891+6.977820538339649E-15i,0.751940058195084+6.9826511829790415E-15i
44,0.7807636638752286-5.275133743010197E-16i,0.781304175312404-5.278785642109312E-16i
44,0.7991331296902088-7.729857902190695E-16i,0.7996863580439458-7.735209171463573E-16i
44,0.8819344074130678-1.7261649627841565E-15i,0.8825449578985751-1.7273599619215468E-15i
44,0.8967484400102992+1.9524013493417069E-16i,0.8973692460371693+1.953752968670453E-16i
44,0.9171694065138696,0.917804349681675
44,0.9301781938713933-1.7004900333842255E-16i,0.9308221428352876-1.7016672581378535E-16i
44,0.9359125990281854-4.724539541206558E-16i,0.9365605178381626-4.727810271871373E-16i
44,1.0042770257613676,1.0049722722791457
44,1.0067939225375333,1.007490911466692
44,1.0335568017392496+1.086386779500327E-15i,1.0342723182241458+1.0871388694177827E-15i
44,1.1046791993651308-1.1152553995141165E-15i,1.1054439528613467-1.1160274747613396E-15i
44,1.1228856978473543+8.017701380365013E-16i,1.1236630554401947+8.02325191953129E-16i
44,1.123776420831168-4.114214583452889E-16i,1.1245543950586987-4.1170627949415144E-16i
44,1.132927563922568+1.3158824393087321E-16i,1.1337118733546339+1.3167934057654634E-16i
44,1.1623639481910242-2.456884550512958E-16i,1.163168636007872-2.4585854162945204E-16i
44,1.1716545869439456+9.065757795263786E-16i,1.1724657065361652+9.072033888788275E-16i
44,1.1883803419990517-4.322793591381614E-16i,1.1892030405905525-4.3257861991127343E-16i
44,1.21177495986128,1.2126138542097145
44,1.211942537115125+2.0729312826426002E-16i,1.2127815474748782+2.074366343107871E-16i
44,1.2176909258772919+2.981081360073749E-16i,1.2185339157637767+2.9831451197552295E-16i
44,1.222281866320735+1.6632517665997196E-16i,1.2231280344491537+1.6644032118376903E-16i
44,1.264488421772862+4.0370664990302665E-15i,1.265363808891612+4.039861302011407E-15i
44,1.2978070045651782-1.521198823704147E-16i,1.2987054576588228-1.5222519277361008E-16i
44,1.3018876470439582-1.9867319467749552E-16i,1.302788925107607-1.988107332681753E-16i
45,0.5497113073378851+1.5645429290879721E-15i,0.5500918645570648+1.5656260396196877E-15i
45,0.6571634798727863-1.0371187050259766E-14i,0.6576184246831049-1.0378366873652069E-14i
45,0.6678982116081826-1.1161123627734175E-15i,0.668360587918642-1.1168850312839599E-15i
45,0.6708733073571478+1.3104541113459299E-15i,0.6713377432835362+1.3113613198494102E-15i
45,0.6857270657594144+4.947374346144518E-15i,0.6862017847287682+4.950799342134735E-15i
45,0.746433542656939+6.824243824297288E-15i,0.7469502878457392+6.8289681499899055E-15i
45,0.7859186470642153-1.1024737141647066E-15i,0.7864627272219923-1.1032369408352894E-15i
45,0.7946358000187658+2.826960503949857E-16i,0.7951859149359578+2.8289175679828385E-16i
45,0.8863317362041944+1.3910508111716685E-15i,0.8869453308970777+1.392013815609399E-15i
45,0.9021096851670379,0.9027342027066984
45,0.9173014423765429-1.7690820029133716E-16i,0.9179364769508738-1.7703067128994E-16i
45,0.931972570313953,0.9326177614988096
45,0.9417292921948437+4.466292425023104E-16i,0.9423812378177076+4.469384374929576E-16i
45,1.0042862512510402,1.0049815041554915
45,1.0068616634779586,1.0075586993031944
45,1.0298403125784068+1.0894751329023354E-15i,1.030553256191395+1.090229360842362E-15i
45,1.1080762445756382-1.3209330621546568E-15i,1.108843349797317-1.3218475250848272E-15i
45,1.119022865084876-4.864275087759422E-16i,1.119797548494241-4.867642555330149E-16i
45,1.1217615460467494+1.0150055653694028E-15i,1.1225381254054925+1.0157082391006008E-15i
45,1.1306755575281409-1.5562682396549985E-16i,1.1314583079286211-1.5573456217384212E-16i
45,1.1608760176122583-1.1070879729034814E-15i,1.1616796753562009-1.107854393958918E-15i
45,1.1746376561065768-3.424997504845001E-16i,1.175450840834605-3.4273685812786534E-16i
45,1.1887718034664252-3.4863047854494993E-16i,1.1895947730610605-3.488718304030349E-16i
45,1.2103674009542407-2.318912130256561E-16i,1.2112053208699205-2.320517479719147E-16i
45,1.2159339712527755-2.7620720601567973E-16i,1.2167757448248833-2.7639842028548936E-16i
45,1.219941056194132,1.2207856038134208
45,1.2212649313551511+3.6464552000250043E-16i,1.2221103954741426+3.6489795884308115E-16i
45,1.2605001551084587+4.117683122739443E-16i,1.2613727812076498+4.1205337354478503E-16i
45,1.3002829106895795-4.222964702851508E-16i,1.3011830778173674-4.2258882004811893E-16i
45,1.3025849916263597+4.527232381712011E-16i,1.3034867524516172+4.530366519472626E-16i
46,0.55397110939481+3.3733008344777485E-16i,0.5543546156135888+3.375636122051224E-16i
46,0.6573253891877973+7.638206353752386E-15i,0.6577804460856022+7.643494173978571E-15i
46,0.6612539852821495-3.072935448801362E-16i,0.661711761890437-3.0750627977452607E-16i
46,0.6652507071575701+2.2401681105786127E-15i,0.665711250638837+2.2417189466907264E-15i
46,0.6857492207902675-1.3411951769696197E-14i,0.68622395509723-1.3421236670699899E-14i
46,0.7413175419849574-3.344424831388066E-15i,0.7418307454401912-3.3467401285205774E-15i
46,0.79012885630253+2.4725503101552106E-15i,0.7906758511275124+2.474262021116499E-15i
46,0.7910560146818534-1.0247226598307542E-15i,0.7916036513652255-1.0254320605664676E-15i
46,0.890725848640182+9.789377187325257E-16i,0.8913424853138052+9.796154232130736E-16i
46,0.9070628775369768,0.9076908241003615
46,0.9174470151753162-2.2152730176721694E-16i,0.9180821505275988-2.2168066192700912E-16i
46,0.9344932832064067-1.1098490070626447E-16i,0.9351402194444864-1.1106173395422557E-16i
46,0.9477669008925553-1.6134859188250695E-16i,0.9484230262649453-1.61460291188353E-16i
46,1.0042966262592983,1.0049918863462186
46,1.00694578060463,1.0076428746629411
46,1.0260925348855594+1.0921959502336782E-15i,1.0268028839660395+1.0929520617563483E-15i
46,1.111336630464006-7.05785027529783E-16i,1.1121059928038677-7.0627363233712475E-16i
46,1.1150914756884354+5.882064489321159E-16i,1.1158634374535552+5.886136557832778E-16i
46,1.119813782245312-1.1592936422433517E-15i,1.1205890131952339-1.1600962045316213E-15i
46,1.1286014929966253+3.606743732222196E-16i,1.1293828075521084+3.6092406289509084E-16i
46,1.1593429381004923+1.004875646240751E-15i,1.1601455345155736+1.0055713071748633E-15i
46,1.1776281395412627+6.468649712723073E-16i,1.1784433945378932+6.473127865734773E-16i
46,1.189087915473674-5.755877305073339E-16i,1.1899111039080983-5.759862016015097E-16i
46,1.2083204312556635+4.3367323692448117E-16i,1.2091569340837087+4.339734626591051E-16i
46,1.2183342870258147+3.060236131314148E-16i,1.2191777223019546+3.0623546887034906E-16i
46,1.2199848559757016,1.2208294339169483
46,1.225035621386608+7.50711657617552E-16i,1.2258836958999897+7.512313644837109E-16i
46,1.256431232104822-5.49675513529904E-16i,1.257301041347233-5.50056045969546E-16i
46,1.298930130835972+8.269585382387507E-16i,1.2998293614537546+8.275310297219858E-16i
46,1.3029102943621877-1.0721318778221714E-15i,1.303812280389843-1.0728740992765448E-15i
47,0.5582660066530754-2.4510811714945843E-15i,0.5586524861673559-2.452778019680453E-15i
47,0.6544273122831077-8.85826022082102E-16i,0.6548803628840199-8.864392666763838E-16i
47,0.6575084297313627-3.4659458216317432E-15i,0.6579636133454991-3.4683452459952243E-15i
47,0.6596082759855686-3.332942155117148E-16i,0.6600649132930174-3.335249502958291E-16i
47,0.6857717380858243-6.601454360278992E-15i,0.6862464879811861-6.6060244520350726E-15i
47,0.7361195184842886+3.5419663828140484E-15i,0.7366291234227332+3.5444184351169183E-15i
47,0.7856157855039014-4.0828301836344E-15i,0.7861596559949832-4.085656668155141E-15i
47,0.7961659096242073,0.7967170838142371
47,0.8951124043076104+1.405016968146899E-15i,0.8957320777305315+1.4059896411539134E-15i
47,0.9113152521598701+2.1368419208752015E-16i,0.9119461425809485+2.1383212257546532E-16i
47,0.9176062006679959,0.9182414462221019
47,0.9379821465047513,0.9386314980326336
47,0.9539763218669066+3.576890940452217E-16i,0.9546367459319872+3.5793671705232326E-16i
47,1.0043082258913496,1.005003494008528
47,1.0070518110518711,1.0077489785135332
47,1.0223200517213948+1.2130942923803897E-15i,1.023027789166125+1.2139341000837216E-15i
47,1.111109529522996+1.637540514164054E-15i,1.1118787346441477+1.638674159872348E-15i
47,1.1142552889766055-9.137742335128707E-16i,1.1150266718617103-9.144068262513166E-16i
47,1.1179364284113662-1.446250365536936E-16i,1.118710359696273-1.447251583830974E-16i
47,1.126921355805239,1.1277015072259478
47,1.1577779600222355-2.516629460377462E-16i,1.1585794730255377-2.5183716866994653E-16i
47,1.1806083404303325-1.2199324922566167E-15i,1.181425658577107-1.2207770339472149E-15i
47,1.1893455085646882+2.2225933337212853E-16i,1.1901688753270987+2.2241320030685547E-16i
47,1.2057640024163563+1.7881705529917333E-16i,1.2065987354655427+1.789408477706E-16i
47,1.2173361517039516-3.544564622328753E-16i,1.218178895985387-3.54701847335541E-16i
47,1.2240812025508276-1.1011951395361227E-15i,1.224928616333798-1.1019574810679087E-15i
47,1.2289610156041384+7.819290692905561E-16i,1.2298118076113893+7.824703875211124E-16i
47,1.2523039124121007-4.340439182707142E-15i,1.2531708643705446-4.3434440062269425E-15i
47,1.2952880178539814+9.516301506187072E-16i,1.2961847270894131+9.522889504632307E-16i
47,1.3056638831088703-1.0371843129696259E-15i,1.306567775406348-1.0379023407282907E-15i
48,0.5625797563148778,0.5629692221759072
48,0.6474636517742465,0.6479118815333037
48,0.6539533909642662+2.254021617208275E-16i,0.6544061134762764+2.255582043903461E-16i
48,0.6577147959853842+3.360905424705524E-15i,0.6581701224639054+3.363232131115377E-15i
48,0.6857939535539634+1.3856318039731127E-14i,0.6862687188287739+1.3865910569102235E-14i
48,0.7308809324736726+6.99327572370655E-16i,0.7313869108144867+6.998117067748131E-16i
48,0.7810993382078476-1.2553111449477583E-15i,0.7816400820275281-1.2561801787699659E-15i
48,0.8012402034340634-5.175607543620186E-16i,0.8017948904846-5.179190542165193E-16i
48,0.8994876245097058,0.9001103268345454
48,0.9146912434522659+3.0948453228567357E-16i,0.915324471023483+3.096987839690819E-16i
48,0.9177791841036613-4.184389894788133E-16i,0.9184145494117081-4.187286687633883E-16i
48,0.9425715088805275-2.22751294189372E-16i,0.9432240375578702-2.2290550170148573E-16i
48,0.9603120021710008-2.2903589454548395E-16i,0.960976812336287-2.2919445279589114E-16i
48,1.0043211448046128,1.0050164218653688
48,1.0071884241592122,1.0078856861961605
48,1.01852789880947+1.0984739124455273E-15i,1.0192330110013674+1.0992343701109992E-15i
48,1.1070910101037332+6.153506012880823E-16i,1.1078574332617799+6.157765996448939E-16i
48,1.1161324415519354+8.67544287530009E-16i,1.1169051239627268+8.681448759428186E-16i
48,1.1163128244103655-9.01699115258684E-16i,1.1170856316976114-9.023233485667115E-16i
48,1.1261633733455085+7.813052236994088E-16i,1.1269430000258795+7.818461100506492E-16i
48,1.156194249659367-3.184261181487365E-16i,1.156994666282799-3.1864655996322946E-16i
48,1.1835544332506378+8.877753090046963E-16i,1.184373790935032+8.88389903062234E-16i
48,1.1895580560161128,1.190381569922062
48,1.2029298385267013+2.8911729951594434E-16i,1.2037626095250549+2.893174512575073E-16i
48,1.2167188150591832+6.74046360807513E-16i,1.2175611319673525+6.745129933930956E-16i
48,1.2282121597891256+9.368466288395354E-16i,1.2290624333742832+9.374951942648957E-16i
48,1.2330026822831155+2.0180851146993818E-16i,1.2338562722779858+2.0194822059526745E-16i
48,1.2481446578317015+4.556526449172736E-15i,1.2490087303981154+4.559680866794257E-15i
48,1.2916705599306995+8.066502981685361E-16i,1.2925647648521223+8.072087305497219E-16i
48,1.3085171487669671+1.8191090631612972E-15i,1.3094230163391571+1.8203684061604684E-15i
49,0.5668985572767393-3.2127857866351504E-16i,0.56729101298146-3.215009951953311E-16i
49,0.640402635455076-4.515630317302639E-16i,0.6408459769742533-4.518756423121196E-16i
49,0.6482921533032441+2.7893904360029957E-16i,0.648740956621975+2.791321490819154E-16i
49,0.6579472093678305+3.326952755829218E-15i,0.6584026967427883+3.3292559572955146E-15i
49,0.6858149782577997+5.661022065333902E-15i,0.6862897580877098+5.664941109359631E-15i
49,0.7256383791954752-3.009939260039386E-15i,0.7261407281921767-3.0120229976292993E-15i
49,0.7765818266102976+7.323148896730374E-16i,0.7771194430217763+7.328218607217638E-16i
49,0.8062717420273201-8.241010505030185E-16i,0.8068299123395426-8.246715637886579E-16i
49,0.9038479565492974+1.0759575810210598E-15i,0.904473677469195+1.0767024509546466E-15i
49,0.9172274719289704,0.9178624552946261
49,0.9179662985900313-5.809836181059618E-16i,0.9186017934347414-5.813858246953915E-16i
49,0.9481878658302362-1.402580769615791E-16i,0.9488442826305885-1.4035517560776571E-16i
49,0.9667282279426754,0.9673974799686342
49,1.004335502154977,1.0050307891551198
49,1.0073698496243844,1.0080672372595687
49,1.0147201825285346+1.1373031994354637E-15i,1.015422658693303+1.1380905380569617E-15i
49,1.1030471487366045+1.341545468209231E-15i,1.1038107723876807+1.34247420081118E-15i
49,1.1144046316961447-3.449747612116602E-16i,1.1151761179690631-3.45213582269298E-16i
49,1.1167674099228388-7.817817776017215E-16i,1.1175405319130864-7.823229938643634E-16i
49,1.127076490695042,1.1278567495134002
49,1.1546045271397107,1.1554038432211433
49,1.1864324624832687-7.660527247066876E-16i,1.1872538125858412-7.665830519725959E-16i
49,1.189736069250726,1.1905597063926732
49,1.1999902861444556-1.4268857847239146E-16i,1.2008210221330406-1.427873597197613E-16i
49,1.2163132362211468+1.793297396652087E-16i,1.217155272352929+1.794538870606365E-16i
49,1.2323690558808396+1.4329603346985366E-16i,1.2332222072252792+1.4339523524956753E-16i
49,1.2371219417931185,1.2379783834920075
49,1.243988458276694-3.415951229770351E-15i,1.2448496535660287-3.4183160435980855E-15i
49,1.28809441420336+1.6893226762196246E-15i,1.288986143410612+1.6904921699727596E-15i
49,1.3107216574509943+2.2520601997341532E-15i,1.3116290511727893+2.2536192685682773E-15i
50,0.57121005848681+1.8206010084981298E-15i,0.5716054989817088+1.8218613843495654E-15i
50,0.6332794089315642-7.392235751131926E-16i,0.6337178191436332-7.397353289453258E-16i
50,0.6426298153791944+1.358686340386153E-15i,0.6430746987429494+1.3596269393669866E-15i
50,0.6582090421125648+7.268850938661886E-16i,0.6586647107505601+7.27388305945497E-16i
50,0.6858335532526105+5.8642162449991965E-15i,0.6863083459417221+5.868275957428384E-15i
50,0.7204248170072929+5.460880012041427E-15i,0.7209235567299956+5.464660500606817E-15i
50,0.7720653148096239+4.638145441621569E-15i,0.7725998045050458+4.6413563628957956E-15i
50,0.8112538329415218-7.288645949919435E-16i,0.8118154522835145-7.2936917745136545E-16i
50,0.9081898352353872-1.4183685598498789E-15i,0.908818561975352-1.4193504759714923E-15i
50,0.9181680723513166,0.918803706881095
50,0.9191074845607281+1.2720724334959699E-16i,0.9197437694320463+1.272953070916784E-16i
50,0.9546158733222737,0.9552767401396138
50,0.9731730245649287-1.9032127112922524E-16i,0.9738467382307482-1.9045302780354657E-16i
50,1.0043514478378541,1.0050467458769636
50,1.007620847323348,1.0083184087206234
50,1.0109004916181725+1.135768770726689E-15i,1.0116003234659485+1.1365550470852962E-15i
50,1.098987325459302-8.116465894257361E-16i,1.0997481385532073-8.12208480667385E-16i
50,1.1127558090875447-2.4806817761531755E-16i,1.113526153904323-2.4823991164112363E-16i
50,1.1158251918116824-5.097947445370317E-16i,1.1165976615179047-5.10147668094804E-16i
50,1.1294602624439847-1.0191854342358728E-15i,1.1302421715131852-1.0198910016300739E-15i
50,1.1530208412533849-2.8435349313189197E-16i,1.1538190609718924-2.8455034695892045E-16i
50,1.1891916194953625-5.963883142499981E-16i,1.1900148797225871-5.968011852886553E-16i
50,1.1898877061466016,1.1907114482645873
50,1.1970435531213879+3.863334672692733E-16i,1.1978722491291502+3.866009203633201E-16i
50,1.216023892398707,1.216865728221929
50,1.2365447344488383-9.351267782315828E-16i,1.2374007765553978-9.357741530291425E-16i
50,1.239885757232961-5.234101294744716E-16i,1.2407441122814646-5.237724787670992E-16i
50,1.2412736830496314+1.7628058484676465E-16i,1.242132998939184+1.7640262135623635E-16i
50,1.2845860318837712+1.7573137907057225E-15i,1.285475332288484+1.7585303537279672E-15i
50,1.3044385832948633+2.2052269555362578E-16i,1.305341627334931+2.2067536023900816E-16i
51,0.5755025967466483+3.981963349946902E-15i,0.575901008903948+3.984720005811722E-15i
51,0.626125816239191-1.3512104615121006E-15i,0.6265592741220903-1.3521458850496839E-15i
51,0.6369710565462491+3.09663744825314E-15i,0.6374120224327816+3.098781205749819E-15i
51,0.6585044706227908+1.0348944078203494E-15i,0.658960343781688+1.0356108503106666E-15i
51,0.6858477634549177+4.0442123690986955E-15i,0.6863225659815475+4.047012119062743E-15i
51,0.7152707558899539-4.653665925879495E-15i,0.7157659275303923-4.6568875917613926E-15i
51,0.7675517490214165-1.7107764089949987E-15i,0.7680831140402635-1.7119607548582813E-15i
51,0.8161798632024154-6.773757580653515E-16i,0.8167448927641955-6.778446955446939E-16i
51,0.9125094907979419+4.041926975738895E-16i,0.9131412079732258+4.0447251435580434E-16i
51,0.9183852868549535-4.91278745372568E-16i,0.9190210717592036-4.916188505708518E-16i
51,0.9205312133753154,0.9211684838735822
51,0.9616278134803151,0.9622935345628157
51,0.9795762242750998+4.322208380039851E-16i,0.9802543707838373+4.3252005826375897E-16i
51,1.0043691703601183,1.0050644806682743
51,1.0070721914057499+1.2361023310556232E-15i,1.0077693729764372+1.2369580668926866E-15i
51,1.0079876622968003,1.0086854776347975
51,1.0949197311519885-3.4459141564830696E-15i,1.0956777283089507-3.4482997132133355E-15i
51,1.1111889150872623+9.984926267474503E-16i,1.1119581751658965+9.991838688091181E-16i
51,1.1142755842022094,1.1150469811374066
51,1.1325297730582338-6.742750221327291E-16i,1.1333138071054147-6.747418130172531E-16i
51,1.1514544453309594+1.169579999750923E-15i,1.1522515806561344+1.1703896831363147E-15i
51,1.1900193549694484-2.55363054330898E-16i,1.1908431882260178-2.555398384947676E-16i
51,1.1917526633482276-1.395221044974018E-15i,1.192577696549218-1.3961869364045354E-15i
51,1.1941436827044605+5.682431679758802E-16i,1.1949703711737076+5.686365545352181E-16i
51,1.2157986560765246-1.9482236471215868E-16i,1.2166403359718854-1.9495723742872676E-16i
51,1.2359141487347878+1.9569216293601667E-15i,1.2367697542959413+1.9582763780136524E-15i
51,1.2407330801036034+1.9079726972483939E-16i,1.2415920217415244+1.9092935592613145E-16i
51,1.2453945950759533+4.356461572426132E-16i,1.2462567638135378+4.359477488015525E-16i
51,1.2811924101530971+1.106135300305861E-15i,1.2820793612023726+1.106901061839782E-15i
51,1.2974730321587056,1.2983712540480643
52,0.5797645708489954-1.0117300273786137E-14i,0.5801659335095701-1.0124304335020465E-14i
52,0.6189714426332201+3.2292223664553368E-15i,0.6193999476463348+3.2314579105809292E-15i
52,0.6313201673027474-2.3467679818565645E-15i,0.6317572211600607-2.3483926155239344E-15i
52,0.658838664166391-1.7493834618437978E-16i,0.659294768682664-1.7505945348136119E-16i
52,0.6858544244685075+2.0554661144963966E-14i,0.686329231606461+2.056889084077355E-14i
52,0.7102056056753258+4.936558613866282E-15i,0.7106972707852368+4.9399761222808495E-15i
52,0.7630430539494578+1.0845208404819275E-16i,0.7635712976636568+1.0852716386366804E-16i
52,0.8210429830578466-1.919518001412279E-15i,0.8216113792874469-1.920846856072956E-15i
52,0.91680277269415+1.7005872748164983E-15i,0.9174374620466437+1.701764566888969E-15i
52,0.918619048119888-2.393524282174404E-16i,0.9192549948536943-2.3951812845549336E-16i
52,0.9216505506257746-3.5703815940580937E-16i,0.9222885960250955-3.5728533178023713E-16i
52,0.9690470984630718,0.9697179558096873
52,0.9858227264011103+1.824136453297699E-16i,0.9865051972732852+1.8253992766866393E-16i
52,1.0032386526819281+1.2213406096354014E-15i,1.0039331803489813+1.222186126145376E-15i
52,1.0043889067557683,1.0050842307271468
52,1.0085639141195435,1.0092621283883767
52,1.0908518768695272,1.0916070579095694
52,1.1097071591101937-3.3245265369836124E-16i,1.1104753933905103-3.326828058813553E-16i
52,1.1125302609700423-1.6209726725327203E-15i,1.1133004496431083-1.6220948485629218E-15i
52,1.135876784437314-1.5283774902783948E-15i,1.1366631355722572-1.5294355639978053E-15i
52,1.1499157431960758,1.1507118132999288
52,1.190136126176157-1.0937210720441908E-15i,1.1909600402717504-1.0944782393867201E-15i
52,1.1913220050439668+1.3387567336355707E-15i,1.1921467401064174+1.3396835356367477E-15i
52,1.193988598733124-1.8298758598882626E-15i,1.1948151798399718-1.831142656585706E-15i
52,1.215607046862144+2.9375880365330423E-15i,1.216448594109206+2.9396216864131803E-15i
52,1.232197754162563-3.5123983648930134E-14i,1.2330507869172909-3.51482994768302E-14i
52,1.244928666319538+1.0481229592098686E-12i,1.2457905125013564+1.0488485596357483E-12i
52,1.24937675522224+2.510532943872411E-12i,1.2502416807519285+2.5122709496638616E-12i
52,1.2780066526988232-9.447134106896408E-10i,1.2788913982941057-9.453674221747508E-10i
52,1.290178221305591+2.5501675902531484E-10i,1.2910713931024818+2.551933034539329E-10i
53,0.583983888866599-4.1659516606277316E-15i,0.5843881725002558-4.1688356889495845E-15i
53,0.6118445433950814+1.8979473137022406E-16i,0.6122681145585204+1.8992612352865534E-16i
53,0.6256811764775216-2.1737836828390308E-14i,0.6261143265427194-2.175288561968124E-14i
53,0.6592180146951834+1.5485931605153273E-15i,0.6596743818303628+1.5496652292520254E-15i
53,0.6858476152138916+9.616763679175137E-15i,0.6863224176378963+9.623421226135517E-15i
53,0.7052597318111796-8.183262522720576E-16i,0.7057479729638625-8.188927677480707E-16i
53,0.7585412106695466+2.1953163469316401E-16i,0.7590663378224943+2.1968361328138947E-16i
53,0.8258358146060525-1.1932777842854036E-15i,0.8264075288438901-1.1941038733056488E-15i
53,0.9188708737667681-2.3206457723334883E-15i,0.9195069948358422-2.3222523219715103E-15i
53,0.9210649681921045+3.693805189382017E-16i,0.9217026082011421+3.696362357503353E-16i
53,0.9225658076221049-4.495103650050643E-15i,0.9232044866406595-4.4982155455531595E-15i
53,0.9767510154970912,0.9774272061544901
53,0.9916897271483013,0.9923762596605761
53,0.9994034480972389+1.2217035364040776E-15i,1.0000953207074064+1.2225493041630261E-15i
53,1.004410955035266,1.005106294270351
53,1.0095526053484178,1.0102515040739464
53,1.0867910109973278-4.654668637582224E-16i,1.0875433807584254-4.657890997626989E-16i
53,1.108314181974672,1.1090814519169845
53,1.1107460337791595+1.8886924500834164E-15i,1.111514987257444+1.889999964658967E-15i
53,1.1393469268905887+1.4985477924205053E-14i,1.1401356803551628+1.499585215469802E-14i
53,1.1484142813544935-5.141549071242046E-16i,1.149209312017943-5.145108491597256E-16i
53,1.188598141411487+1.5800155303093136E-14i,1.1894209907823834+1.5811093522999637E-14i
53,1.190242252226627+5.484385508643759E-16i,1.1910662397917564+5.488182269725836E-16i
53,1.1956974786831567-6.243741035317906E-16i,1.1965252428229765-6.24806348729217E-16i
53,1.2154286948241684-1.2464206461353713E-14i,1.2162701186006837-1.2472835251933235E-14i
53,1.2289344237104323-1.1315261984205276E-14i,1.2297851973084983-1.1323095377074437E-14i
53,1.2491264811008935+1.452624878042894E-12i,1.2499912333694132+1.4536305093201116E-12i
53,1.253001980523681+1.1808516728295717E-11i,1.2538694157446224+1.1816691594318611E-11i
53,1.2752328985154051+8.289466276425756E-10i,1.2761157238806236+8.295204954514654E-10i
53,1.2826853874424105+1.257968236174694E-10i,1.283573372058356+1.258839109462881E-10i
54,0.5881474459344034-6.337937791079412E-15i,0.58855461193864-6.342325454110735E-15i
54,0.6047728899422601-6.366722008579216E-16i,0.6051915655018847-6.371129598509661E-16i
54,0.6200579424266817-4.362689029325229E-15i,0.6204871996079517-4.3657092560933224E-15i
54,0.659650412078887+2.5748363792407257E-14i,0.6601070785565462+2.5766189013741555E-14i
54,0.6858145967544641-1.9771032627596586E-14i,0.6862893763202649-1.9784719828672192E-14i
54,0.7004689992320215-4.891921377372572E-14i,0.700953923829553-4.895307984071339E-14i
54,0.7540483256676458-3.780313017447749E-15i,0.7545703424610293-3.7829300736922636E-15i
54,0.8305501567374203+8.216727430146041E-16i,0.8311251346464029+8.222415752179503E-16i
54,0.9191427983558582-5.821737664618814E-16i,0.919779107674408-5.825767969738732E-16i
54,0.9233402158252039+1.222091155255351E-16i,0.9239794309554017+1.2229371913572464E-16i
54,0.9252905983454919+1.4932495008776027E-15i,0.9259311636974121+1.494283255995989E-15i
54,0.9846555177446128,0.985337180575049
54,0.9955705390124678+1.2458287878215123E-15i,0.9962597581548911+1.2466912571444796E-15i
54,0.9967335403285839,0.9974235646000644
54,1.004435689713675,1.0051310460722214
54,1.0113785807097322,1.0120787435316991
54,1.0827444889978142-4.993182008256218E-16i,1.083494057410024-4.996638716231031E-16i
54,1.1070142692961213,1.1077806393276124
54,1.1089886413445786-4.512446307911335E-16i,1.1097563782053967-4.515570209486059E-16i
54,1.1428759085821836-6.227206188751396E-16i,1.1436671051099458-6.231517193889577E-16i
54,1.1469587701185273-5.430675428347335E-16i,1.1477527931525153-5.434435006714546E-16i
54,1.1859853794609982,1.1868064200544346
54,1.1903414190064139-5.82272450606594E-16i,1.1911654752232763-5.826755494361976E-16i
54,1.1965860166011473+6.274131151041665E-15i,1.1974143958629677+6.278474641655259E-15i
54,1.215247011947862+6.446914570823977E-16i,1.2160883099479394+6.451377676910048E-16i
54,1.2264120857054273-3.858571000170522E-15i,1.227261113125228-3.861242233289126E-15i
54,1.2533216995495264+1.035937633429596E-12i,1.2541893561073436+1.0366547981299742E-12i
54,1.2557938246457152+6.263526076292854E-11i,1.2566631926201244+6.267862225165971E-11i
54,1.2733337283640709+3.326057993619447E-9i,1.2742152389611523+3.3283605756547553E-9i
54,1.2750645960597689+4.903041911288707E-11i,1.275947304911622+4.906436216572907E-11i
55,0.5922406062118534-4.8288124073191107E-14i,0.5926506058519858-4.832155324587028E-14i
55,0.5977845633838695-1.7204913654138505E-15i,0.5981984010256883-1.7216824368015125E-15i
55,0.6144542215783669-3.348824285584216E-15i,0.6148795993844183-3.351142628395491E-15i
55,0.6601455648153579+6.763888676916571E-14i,0.6606025740801236+6.768571219610105E-14i
55,0.6857217671424068-2.0409979546093602E-14i,0.6861964824436045-2.0424109080916506E-14i
55,0.6958891727261493+1.7992696347770004E-14i,0.6963709267757656+1.8005152432256985E-14i
55,0.7495666976363244-9.519786843711347E-15i,0.750085611863182-9.526377255005539E-15i
55,0.8351766642796079-8.553107613230136E-16i,0.8357548450531146-8.559028806418609E-16i
55,0.9194374989342194-1.981068579828537E-16i,0.9200740122697344-1.982440045067982E-16i
55,0.9240133426224402,0.9246530237486229
55,0.9294731743542368+7.500017216331738E-16i,0.9301166352432756+7.505209370208778E-16i
55,0.9917444711878366+1.2345329995121834E-15i,0.9924310415986214+1.2353876489236265E-15i
55,0.9927011473628301,0.9933883800667495
55,1.0003501582391614,1.0010426862431223
55,1.004463580945881,1.0051589566131254
55,1.0146272308297748-1.225993120894354E-16i,1.015329642645421-1.2268418582708515E-16i
55,1.0787201316016326,1.0794669140091901
55,1.1058126471141003+1.103669710416221E-15i,1.1065781852798648+1.1044337650577797E-15i
55,1.1072902217253138-2.288076031083201E-16i,1.1080567827946963-2.2896600331585403E-16i
55,1.145557121565332-8.944787236025216E-15i,1.1463501742582183-8.950979583374191E-15i
55,1.1464319639224299-1.0825505049166944E-15i,1.1472256222560775-1.0832999390365193E-15i
55,1.1834933520023625+1.337835214665111E-15i,1.1843126674010882+1.3387613787119795E-15i
55,1.1904370597569987-5.571993744286549E-16i,1.191261182184575-5.575851155288118E-16i
55,1.1963298087667726+9.446487216165607E-15i,1.1971580106596003+9.453026883183574E-15i
55,1.215044744146706+3.3927420653628223E-16i,1.2158859021196984+3.3950908118203784E-16i
55,1.224948448486108-5.3723663212067766E-15i,1.225796462650946-5.3760855330190884E-15i
55,1.2569405975901733-1.058968649868581E-9i,1.257810759458972-1.0597017586098657E-9i
55,1.2575094799812283+9.569256413355312E-11i,1.258380035679111+9.575881071719934E-11i
55,1.2673671154069586+3.7229054633985556E-11i,1.268244495403842+3.7254827772203884E-11i
55,1.2731065635912844-8.343859023432671E-10i,1.2739879169254662-8.349635356836766E-10i
56,0.5909087218919497-4.349414798885969E-14i,0.591317799487754-4.3524258360955516E-14i
56,0.5962466795383361+8.003734754603203E-14i,0.5966594525253227+8.009275624875662E-14i
56,0.6088737233948724+1.078221106163137E-14i,0.6092952379024215+1.0789675431025722E-14i
56,0.6607153571418255+8.438372973627373E-15i,0.6611727608656107+8.444214737677661E-15i
56,0.6854492193225378-3.111471254812218E-15i,0.685923745942806-3.113625281539489E-15i
56,0.6916616212423281+2.4763518599241618E-14i,0.6921404486189523+2.478066202643592E-14i
56,0.7450988870638472-2.8403967711458275E-15i,0.7456147082898067-2.8423631369130312E-15i
56,0.8397044828298198-1.2161152035434176E-15i,0.8402857981468831-1.2169571025800296E-15i
56,0.9197584408168119-5.155633281719263E-16i,0.9203951763357686-5.159202452370495E-16i
56,0.9246100932946645+1.3682509975608565E-16i,0.925250187542741+1.3691982180160682E-16i
56,0.9336048953884042-7.965445535266651E-16i,0.9342512166083953-7.970959898464141E-16i
56,0.9879305967166444+1.3134507312774235E-15i,0.9886145268370737+1.3143600142977145E-15i
56,1.000843372095953,1.001536241544762
56,1.0024444480065882,1.0031384258571858
56,1.0044952176017874,1.0051906151706331
56,1.0193744717674602+1.8243669413172835E-16i,1.0200801700296214+1.8256299242697594E-16i
56,1.0747266034991607+3.2149520640045754E-16i,1.0754706212447418+3.2171777290053524E-16i
56,1.104715907608076+5.9506567291235595E-16i,1.1054806865168794+5.954776283054685E-16i
56,1.1056687651767554+4.2179342148968767E-16i,1.1064342037351271+4.220854229992213E-16i
56,1.1442164961095842-1.8745317943314023E-15i,1.14500862070678-1.875829505688968E-15i
56,1.1499962241909139-6.022952939230394E-16i,1.1507923500105999-6.02712254278631E-16i
56,1.1811294102610443-5.292427849789598E-16i,1.1819470891369566-5.296091721349706E-16i
56,1.1905326465324262-4.340403569047916E-15i,1.1913568351333503-4.343408367912894E-15i
56,1.1947611617623044-1.5499476637801738E-15i,1.1955882777034081-1.5510206702199697E-15i
56,1.2147991226035566+2.6575156842970695E-15i,1.2156401105362928+2.6593554441223496E-15i
56,1.2247030671574963+1.1829320659922477E-15i,1.2255509114483756+1.1837509928207544E-15i
56,1.256063378681462-2.9594286760878373E-10i,1.256932933264247-2.9614774459281134E-10i
56,1.2596422232214641-2.477249241897396E-10i,1.260514255386769-2.4789642058614387E-10i
56,1.2616847665952406-1.1222850068419682E-10i,1.2625582127838992-1.1230619485850789E-10i
56,1.2749151852449128-1.2969756175253884E-10i,1.2757977906618112-1.2978734950617618E-10i
57,0.5841763623490891+2.255767499838773E-15i,0.5845807792293651+2.2573291351833535E-15i
57,0.600146405323363+9.682163324518321E-14i,0.6005618780343329+9.688866146711055E-14i
57,0.6033201586610032-3.199949325449846E-14i,0.6037378285156891-3.202164604270844E-14i
57,0.6613742162833556-1.3339307326211426E-14i,0.6618320761258333-1.3348541936513383E-14i
57,0.6844236518523639+1.3597700179839965E-15i,0.6848974684870464+1.3607113671792203E-15i
57,0.688380587194432-1.6679253276874946E-15i,0.6888571431584499-1.669080008364481E-15i
57,0.740647792939159+1.5667416396281605E-15i,0.7411605327367765+1.5678262722955095E-15i
57,0.8441208236039596-3.291862724905247E-16i,0.844705196290121-3.294141634048626E-16i
57,0.920110039237164-6.317486627753335E-16i,0.9207470181626423-6.321860132738897E-16i
57,0.9251462446142118+2.337590305564851E-16i,0.9257867100321233+2.339208585659134E-16i
57,0.9376762652391658-7.319995481361008E-16i,0.9383254050098542-7.325063008784239E-16i
57,0.9841353415578054+1.1670639164501373E-15i,0.9848166442777609+1.1678718579873053E-15i
57,1.0035697767065395,1.004264533605985
57,1.00453133402476,1.005226756596485
57,1.0090463322689014,1.0097448805088698
57,1.0250461050766535+2.9710426388851664E-16i,1.0257557297288513+2.9730994489045814E-16i
57,1.0707738448370878+2.9122782189166074E-16i,1.0715151261447888+2.9142943471746117E-16i
57,1.1037326392019873-1.655474940683468E-16i,1.1044967374082377-1.6566210021368862E-16i
57,1.1041355078619506-2.3024332944078164E-16i,1.1048998849683709-2.304027235809731E-16i
57,1.142943352265975+9.794776302482623E-16i,1.1437345954840283+9.801557085017752E-16i
57,1.153555013380482-1.494066382361532E-15i,1.1543536028986578-1.495100702995202E-15i
57,1.1788993280444395-2.4280619323868456E-16i,1.1797154630665585-2.429742844685084E-16i
57,1.190632021791146,1.19145627918813
57,1.1920061983725356+6.094327564420619E-16i,1.1928314070921713+6.098546579601364E-16i
57,1.2144738279868241-7.104408044067863E-16i,1.2153145907227834-7.109326323413909E-16i
57,1.2255401127594305+6.48528520154179E-15i,1.226388536524922+6.489774871062757E-15i
57,1.2519500746944068+1.3795563684993923E-11i,1.2528167816960958+1.3805114155000445E-11i
57,1.2538231552535366+1.8582061579561412E-10i,1.254691158961914+1.8594925673108236E-10i
57,1.2658420742589866-2.3265281801127455E-11i,1.2667183984918524-2.3281388020569335E-11i
57,1.278082007935859-9.523896780390382E-11i,1.2789668056984866-9.530490036934533E-11i
58,0.5776210880316597-3.4922659550672723E-15i,0.5780209667899581-3.494683600479975E-15i
58,0.5977972873880257+2.4259143146968562E-14i,0.5982111338384895+2.4275937402303055E-14i
58,0.6039174882253731-3.1111774795836993E-14i,0.6043355716027116-3.113331302934611E-14i
58,0.6621394345431972+9.182132658951543E-15i,0.6625978241352528+9.18848931711772E-15i
58,0.6816500912586866-1.4781445519035103E-14i,0.6821219877973247-1.4791678500833167E-14i
58,0.6870615696372091+9.748725211729915E-15i,0.6875372124643734+9.755474113758308E-15i
58,0.7362167407164083+2.605327045197961E-15i,0.7367264129604038+2.6071306755801982E-15i
58,0.848410466848378-1.167478652154384E-15i,0.8489978091927628-1.1682868808071054E-15i
58,0.9204978234357548-5.894196685758502E-16i,0.9211350708186475-5.898277153214943E-16i
58,0.9256317907177531-3.4563374116187973E-16i,0.9262725922722377-3.4587301842184406E-16i
58,0.9416756000704033+1.4373307053041598E-15i,0.9423275085229829+1.4383257486459112E-15i
58,0.9803665431080851+1.2747664877921458E-15i,0.9810452367431657+1.2756489902679395E-15i
58,1.0042112676386614,1.0049064686330382
58,1.0045728388088244,1.0052682901137138
58,1.017278640846532,1.017982888195138
58,1.0311332055198197-6.037956423515784E-16i,1.0318470441839664-6.042136413767738E-16i
58,1.0668735915429992,1.06761217276153
58,1.1026980994765185,1.1034614814858201
58,1.1028743785847595-4.942935155881987E-16i,1.1036378826295485-4.946357078684734E-16i
58,1.1417434961401438+7.509533261392617E-16i,1.1425339087150854+7.514732003090567E-16i
58,1.1570961710945245-7.262047050405911E-16i,1.1578972121051734-7.2670744609651695E-16i
58,1.1768076269833996+5.7355689972918855E-16i,1.1776223139510062+5.739539649084719E-16i
58,1.1883648584776614+1.097377236813113E-15i,1.1891875463501431+1.0981369352658429E-15i
58,1.1907398289947473+7.133495769958106E-16i,1.1915641610251055+7.138434186317762E-16i
58,1.2140019117257463+1.0130022389591295E-15i,1.214842347760876+1.0137035258163125E-15i
58,1.2271482481123492+1.464950607166011E-14i,1.2279977851667796+1.4659647713679414E-14i
58,1.2443813864907938+7.108311618990286E-13i,1.2452428537986706+7.113232600725018E-13i
58,1.2509310676405618+2.1221948767063735E-11i,1.2517970691983469+2.123664041648146E-11i
58,1.2699752468174548-1.563605311060371E-11i,1.2708544323861424-1.564687772492633E-11i
58,1.2818773352509913-9.34712702201317E-12i,1.2827647604640455-9.353597903400061E-12i
59,0.571279880955577-3.197120129330337E-15i,0.5716753697875652-3.1993334495396177E-15i
59,0.5923089735691394+1.1698470593815634E-14i,0.5927190205390084+1.1706569276484901E-14i
59,0.6075342754724344-4.449621418182237E-15i,0.6079548626994823-4.452701826990828E-15i
59,0.6630313473755737-4.382592671870224E-16i,0.6634903544260347-4.385626677643329E-16i
59,0.6781323794964246-6.226215295566161E-15i,0.6786018407738842-6.2305256147232635E-15i
59,0.6867208732137354+4.901920105839258E-15i,0.6871962801816737+4.905313634513705E-15i
59,0.7318095858569565+7.689890564803888E-15i,0.7323162070911301+7.695214165264847E-15i
59,0.8525551907017813,0.853145402378783
59,0.9209285722308942-7.734266712388479E-16i,0.9215661178149727-7.739621033817147E-16i
59,0.9260729890743363-1.5004145786827148E-16i,0.9267140960640874-1.5014532940812487E-16i
59,0.9455883939051974+3.6023714551553903E-16i,0.9462430111285829+3.604865325019674E-16i
59,0.9766338915714721+1.0755006027143149E-15i,0.9773100011456645+1.076245156288403E-15i
59,1.0046104555435411,1.0053059328899538
59,1.0046208409006188,1.0053163254366646
59,1.0255102387823511,1.0262201847476273
59,1.037365538852767+6.757675116310031E-16i,1.0380836920715+6.762353357445067E-16i
59,1.0630400272534235,1.0637759545506213
59,1.1013621055341691,1.1021245626541103
59,1.1021570702659507+3.359882197835715E-16i,1.1029200777285237+3.362208195880346E-16i
59,1.1406221285376965-6.158160123690762E-16i,1.141411764806001-6.162423329232747E-16i
59,1.1606067287629802-5.564516635303301E-16i,1.1614102000821316-5.568368870010033E-16i
59,1.174857644556991,1.1756709815798543
59,1.1841213167219278+5.120149305478127E-16i,1.1849410668515827+5.123693911083775E-16i
59,1.1908621327586781,1.1916865494581703
59,1.213244712788465,1.2140846246256785
59,1.2292301280443614+5.224822601819424E-14i,1.2300811063542778+5.2284396712402515E-14i
59,1.2371005717170838+1.845859223088748E-13i,1.2379569986217769+1.847137084838286E-13i
59,1.2477419488547772+5.615188646157002E-12i,1.2486057426315678+5.619075960366889E-12i
59,1.2740771501395773-1.241028944660859E-11i,1.2749591753968446-1.2418880911215509E-11i
59,1.2859252561608583+4.152791501571821E-11i,1.2868154836912458+4.1556664193051395E-11i
60,0.5651938574294942-2.9104497716460977E-15i,0.5655851329950679-2.9124646340963965E-15i
60,0.5868592571884127+1.4495291716686586E-14i,0.5872655313981374+1.4505326598329488E-14i
60,0.6109677217472546-6.927973401510685E-15i,0.6113906858996977-6.9327695376953264E-15i
60,0.6640732134359817-4.897956357511948E-15i,0.6645329417553076-4.901347142140529E-15i
60,0.6746439751682528+4.523104667610392E-15i,0.6751110214736484+4.5262359478139945E-15i
60,0.6866047781524597+4.544528003125236E-15i,0.6870801047494594+4.547674114395401E-15i
60,0.727430837669271-7.154323323195604E-16i,0.7279344275591525-7.159276158170334E-16i
60,0.8565331387853976+1.3217031224128464E-16i,0.857126104338553+1.3226181184446405E-16i
60,0.9214103578730866-5.117506208556205E-16i,0.9220482369904247-5.121048984383928E-16i
60,0.9264736405427457,0.9271150248977367
60,0.9493965043461412-6.277835970602071E-16i,0.9500537578695271-6.282182026008878E-16i
60,0.9729495248139611+1.2915180979397918E-15i,0.9736230837541229+1.2924121973139748E-15i
60,1.0046766622267278-1.2297925901221972E-16i,1.0053721854070736-1.2306439578165074E-16i
60,1.0048778197992307,1.0055734822380662
60,1.0337096044733352,1.034425226741363
60,1.0435961804786802-1.388979698692559E-15i,1.044318647080855-1.3899412693289559E-15i
60,1.0592906185310225-1.7347838358886604E-16i,1.060023950166574-1.7359848017477413E-16i
60,1.1001317817700884-2.258011454500889E-16i,1.1008933871546112-2.259574643302957E-16i
60,1.1016033177319362-3.1052054047816337E-16i,1.102365941839607-3.107355093751191E-16i
60,1.1395838884929101-1.5015532723864868E-15i,1.140372806002588-1.5025927760862683E-15i
60,1.1640708069614027-5.931744187256944E-16i,1.164876676411989-5.935850648307781E-16i
60,1.1730513663948674,1.1738634529573795
60,1.1794764688709567+1.975281041294157E-15i,1.1802930034393562+1.976648499904047E-15i
60,1.191007376406149-2.7395911642567146E-16i,1.191831893655726-2.741487743754429E-16i
60,1.211894205634641-1.6965292411656655E-16i,1.2127331825352066-1.697703723919898E-16i
60,1.230445599437147-2.160188761164377E-13i,1.2312974192003991-2.161684228725037E-13i
60,1.2315699460602183-4.267785260006556E-13i,1.2324225441924408-4.27073978626229E-13i
60,1.2444144385797058+2.0538951482457906E-12i,1.2452759287690678+2.0553170302694443E-12i
60,1.2781392720380798-1.5441603652296076E-11i,1.2790241094438204-1.545229365205986E-11i
60,1.2900429956364459-5.335724349015655E-14i,1.2909360738185538-5.3394181941184675E-14i
61,0.559408955149846-4.301190062489397E-15i,0.5597962259109059-4.3041677144086765E-15i
61,0.581452461127066+1.0946841860065962E-14i,0.5818549922897651+1.0954420200990473E-14i
61,0.6141858377460717-3.493210244170959E-16i,0.6146110297538623-3.495628543301405E-16i
61,0.6652905928116638+5.899861817775655E-15i,0.6657511639051944+5.9039462071213826E-15i
61,0.6713601893303973-7.190402479711151E-15i,0.671824962318162-7.195380291766197E-15i
61,0.6865572139768599+1.987613174838102E-14i,0.687032507645866+1.9889891708063936E-14i
61,0.7230858086906498+5.6078225228763825E-15i,0.7235863905795619+5.611704737625237E-15i
61,0.8603181694370413-4.479940598672052E-16i,0.8609137553123914-4.483041997012532E-16i
61,0.9219523782253947-3.99277972456618E-16i,0.9225906325756145-3.9955438684513333E-16i
61,0.9268359127495748-2.554696324086035E-16i,0.9274775479003959-2.5564649035494103E-16i
61,0.9530771231766604,0.9537369247394413
61,0.9693288535555648+1.400658420566101E-15i,0.9699999059571719+1.4016280762134124E-15i
61,1.0047418144311855,1.005437382715464
61,1.0050669233510598,1.00576271670356
61,1.041840743046694+4.1431271152690135E-16i,1.0425619943848228+4.145995342486915E-16i
61,1.049723105381487+3.5521401251243504E-16i,1.0504498135655105+3.5545992205624634E-16i
61,1.0556471935916392-3.397568834654124E-16i,1.0563780029365908-3.399920922614528E-16i
61,1.099010501360415,1.099771330498663
61,1.1012458195548176+2.362965485132505E-16i,1.1020081961716504+2.3646013320980593E-16i
61,1.138632892621323+1.5831176251788896E-15i,1.1394211517702586+1.5842135947051304E-15i
61,1.1674670224896289-1.190909330273985E-15i,1.168275243091301-1.191733779647637E-15i
61,1.171388952698258-7.344262094700501E-16i,1.172199888395716-7.349346421550573E-16i
61,1.1745610237152397-2.7500131200755257E-15i,1.1753741553917674-2.7519169145431195E-15i
61,1.1911879198065654,1.1920125620437376
61,1.2093410919819716-2.77735038712908E-16i,1.2101783013987346-2.779273106792847E-16i
61,1.225062868217434-9.416337258890686E-15i,1.2259109615934038-9.422856053527555E-15i
61,1.2340206274280072-4.4940644059200514E-14i,1.2348749221316373-4.497175581968828E-14i
61,1.2410275118349638+1.3775781747774044E-12i,1.2418866573037308+1.37853185230304E-12i
61,1.2821511661850271-2.710943590693718E-11i,1.283038780967292-2.712820337888939E-11i
61,1.294123957627734+3.6197851387270583E-10i,1.29501986100104+3.6222910638336253E-10i
62,0.5539764568631903-8.698335885636081E-15i,0.5543599667839445-8.704357618265448E-15i
62,0.5760933665349516+1.3735490102888822E-14i,0.5764921876736654+1.3744998984819846E-14i
62,0.6171548228016148-3.1625926888333677E-15i,0.6175820701949895-3.164782106192979E-15i
62,0.6667100154923101+5.869213211688518E-16i,0.6671715692317151+5.873276383445762E-16i
62,0.6683404294663204+2.7862500967845574E-15i,0.6688031119178326+2.7881789775891133E-15i
62,0.686537367375976+2.7802037842475464E-15i,0.6870126473054663+2.7821284792770334E-15i
62,0.7187807953682457-3.242444704829377E-15i,0.7192783969584509-3.244689402589351E-15i
62,0.8638792777635742-4.960298911747326E-16i,0.8644773289429191-4.963732855228126E-16i
62,0.9225643619709433-1.1210040993485249E-15i,0.9232030399886944-1.1217801543378302E-15i
62,0.9271608855088003+2.3288736850284214E-16i,0.9278027456335811+2.3304859307318744E-16i
62,0.9566015150743703+2.9488860222754953E-16i,0.9572637565228912+2.95092749358841E-16i
62,0.9657917408560023+1.3146027834791178E-15i,0.9664603445654415+1.3155128640485521E-15i
62,1.0048178966877603,1.0055135176426888
62,1.005205909347808,1.0059017989183117
62,1.049859345169128,1.050586147669994
62,1.0521373261374833-1.3558593638238565E-15i,1.0528657056517579-1.35679800572954E-15i
62,1.0556514190734834+2.951491885034581E-16i,1.0563822313436748+2.9535351603487444E-16i
62,1.0980010039251709,1.0987611342028865
62,1.1011323764632428,1.1018946745450575
62,1.137772770087672-6.54751328618194E-16i,1.1385604337861683-6.552046035309473E-16i
62,1.1694625673032495+1.2507448924602803E-15i,1.1702721693918492+1.25161076513167E-15i
62,1.1698677508960194,1.1706776334873832
62,1.1707647064512834-9.231177577896734E-16i,1.171575209992057-9.237568189153778E-16i
62,1.1914225263926967+2.2859410843390657E-16i,1.1922473310446289+2.287523608421529E-16i
62,1.2050061809963657,1.2058403894167
62,1.221580292746266-3.3542561284647817E-15i,1.2224259751854056-3.356578231662634E-15i
62,1.2364775543243647-2.7593836778394776E-13i,1.2373335499230917-2.761293959409223E-13i
62,1.237628539136695+4.2426102869859626E-12i,1.238485331545627+4.2455473849705345E-12i
62,1.2860996397618807-8.643786563167613E-11i,1.286989988015523-8.649770532086848E-11i
62,1.2980895458160562+1.6661578844637646E-9i,1.2989881945089388+1.6673113415652684E-9i
63,0.5489531985202644-1.1601535420254818E-14i,0.5493332309116306-1.1609566996099832E-14i
63,0.5707875266478925+1.9777741459264537E-14i,0.571182674630086+1.979143330476766E-14i
63,0.6198409790542284,0.6202700860348812
63,0.6656171640142196+1.9271827273781993E-15i,0.6660779611882893+1.9285168882182478E-15i
63,0.6683568351464977-6.460629517724971E-16i,0.6688195289554258-6.465102118471211E-16i
63,0.686530517399261+3.826467403375876E-15i,0.687005792586611+3.8291164116368896E-15i
63,0.714523296161715+2.9045063550152047E-15i,0.715017950346551+2.9065171029237878E-15i
63,0.8671802502494479-1.319869244014014E-16i,0.8677805866444924-1.3207829704782106E-16i
63,0.9232551800289137-1.0062356737996905E-15i,0.9238943362900547-1.0069322762612897E-15i
63,0.9274489228361141+1.5028241670056918E-16i,0.9280909823649873+1.5038645505275104E-16i
63,0.9599335621474714+2.233900311287648E-16i,0.960598110324181+2.2354468082926037E-16i
63,0.9623642428174698+1.112613462195292E-15i,0.9630304737193921+1.1133837084673676E-15i
63,1.0049063387266457,1.0056020209087235
63,1.0053106695378737,1.0060066316323477
63,1.0487960637658074-1.4410136816956217E-15i,1.0495221301722748-1.4420112747088737E-15i
63,1.0577073001958328+1.3479096437354615E-16i,1.0584395357229095+1.3488427821644478E-16i
63,1.0612717793090458,1.0620064824736641
63,1.0971055471905673,1.0978650575564852
63,1.1013322402035004,1.1020946766481035
63,1.1370066932202065+1.5647776878528174E-15i,1.1377938265747232+1.5658609609046444E-15i
63,1.1642464806833606+1.2751499885135283E-15i,1.1650524717503339+1.2760327564813471E-15i
63,1.1684803119639864-2.424009694858603E-16i,1.1692892340513645-2.4256878018511754E-16i
63,1.1739181605673568-7.034980401633078E-16i,1.1747308471989877-7.03985061722241E-16i
63,1.191740193143973,1.192565217712021
63,1.1992341964425375+9.461838296106037E-16i,1.2000644090011139+9.468388590455503E-16i
63,1.219720712698532-1.7645019105745933E-15i,1.220565107777193-1.7657234498286742E-15i
63,1.234253731296358-4.372964797207358E-13i,1.2351081873744378-4.375992137741528E-13i
63,1.2388594132015553+2.877937961179062E-14i,1.239717057726871+2.879930316171325E-14i
63,1.2899674965751406-1.5520114379180128E-10i,1.2908605224903362-1.5530858730789143E-10i
63,1.3018693267667543+2.239568036947262E-9i,1.3027705921475392+2.241118457637045E-9i
64,0.5444012446892-1.2071179964889526E-15i,0.5447781258285023-1.2079536668887306E-15i
64,0.5655418787556082-3.3851341914019706E-15i,0.5659333952513323-3.387477671037979E-15i
64,0.6222132481367904-1.7393406755741719E-15i,0.6226439974051553-1.7405447960677236E-15i
64,0.6632136073213624-7.024804604562126E-15i,0.6636727405477583-7.029667775593733E-15i
64,0.6702524198730555-1.4033501262860683E-15i,0.670716425967983-1.4043216453624741E-15i
64,0.6865301060159305+5.892661357945375E-15i,0.6870053809184856+5.896740762516489E-15i
64,0.7103222734394672+7.352615335019357E-16i,0.7108140193167906+7.357705444697368E-16i
64,0.8701797901639462+1.1357315610447655E-16i,0.8707822030972634+1.136517811643646E-16i
64,0.9240300725790258-1.0091828262655964E-15i,0.9246697652871165-1.0098814689983927E-15i
64,0.9276999337839086+2.954333046333359E-16i,0.928342167084045+2.9563782885425616E-16i
64,0.9590812627088454+1.0820665115480373E-15i,0.9597452208509315+1.0828156106062253E-15i
64,0.9630282747435397-7.71105968591726E-16i,0.9636949653451984-7.716397941455811E-16i
64,1.005007871335445,1.0057036238070851
64,1.005390716871127,1.0060867343812168
64,1.0456679592214138+6.663514930405149E-16i,1.046391860086167+6.668127985799912E-16i
64,1.0653043465905134,1.0660418414433694
64,1.0664461152578502,1.0671844005407067
64,1.0963260026062707,1.0970849733047026
64,1.1019409207895206-1.8159625620407687E-16i,1.1027037786149247-1.8172197267625412E-16i
64,1.1363374039415848+5.847674380794569E-16i,1.1371240739567752+5.851722641529463E-16i
64,1.1589708898844717-2.2076247233335953E-15i,1.1597732287359326-2.2091530301275244E-15i
64,1.167210330106622,1.168018373003855
64,1.1768587069973688-6.227204791723915E-16i,1.1776734293269333-6.231515795894954E-16i
64,1.1921849637794988,1.1930102962558504
64,1.192864010932669,1.1936898135035827
64,1.2187438861943187-2.3814058411941247E-16i,1.2195876050300625-2.383054454152537E-16i
64,1.2309391843764934+5.639830276092328E-16i,1.2317913458414886+5.643734649347645E-16i
64,1.2410968945460688-5.578864202734554E-16i,1.2419560880474871-5.582726370055534E-16i
64,1.2937314554992554+1.055372942097698E-15i,1.2946270871489922+1.0561035615822908E-15i
64,1.3053921403565707+5.159900466192788E-16i,1.3062958445304558+5.163472590954361E-16i
65,0.5403867592794983+5.767902308775999E-15i,0.5407608612483823+5.771895344454594E-15i
65,0.5603660587854602+1.519734188748837E-15i,0.5607539921355795+1.5207862788351103E-15i
65,0.6242458467347672-3.480200094062077E-15i,0.6246780031418607-3.482609386453021E-15i
65,0.6611484121231601+8.072705357224036E-16i,0.6616061156446705+8.07829397485113E-16i
65,0.6724111951627034+4.23108435206087E-16i,0.6728766957466655+4.234013470806731E-16i
65,0.686532767830117+1.4894154083155412E-14i,0.6870080445754078+1.4904465091468787E-14i
65,0.7061884668246604-1.6492336015021404E-15i,0.7066773509272141-1.6503753421663531E-15i
65,0.8728324062707215-5.247236263534701E-16i,0.873436655571957-5.250868849610654E-16i
65,0.9248856090061655-1.0883720870507402E-15i,0.9255258939898002-1.0891255513680134E-15i
65,0.9279135597998865,0.9285559409902365
65,0.9559907085457705+1.3381395887502287E-15i,0.9566525271417307+1.339065963510892E-15i
65,0.9658306611127215+3.9022422293083977E-16i,0.966499291766094+3.9049436953898265E-16i
65,1.0051215826259525,1.0058174138182814
65,1.0054520067769224,1.006148066717131
65,1.0428091543475186-7.656601610440524E-16i,1.0435310761028402-7.661902165437921E-16i
65,1.0710049810821065,1.0717464224021003
65,1.0725350632553423-3.7637412367538134E-16i,1.073277563829183-3.7663468205932787E-16i
65,1.0956639172144649+2.0461074377259132E-16i,1.096422429560718+2.0475239284297603E-16i
65,1.1030732385987683,1.1038368803114802
65,1.1357672362582782+4.836871634897444E-16i,1.1365535115545953+4.840220131452517E-16i
65,1.153699961875881+1.462278291114651E-16i,1.1544986517398121+1.4632906053106755E-16i
65,1.166024227862957+4.877600539857398E-16i,1.1668314496386933+4.880977232446652E-16i
65,1.1794876702184636-1.0408707989725962E-15i,1.1803042125413945-1.0415913788324148E-15i
65,1.1865048630627437,1.1873262632871942
65,1.192817487010201,1.1936432573732736
65,1.218191563465895+1.0545963158018417E-15i,1.2190348999365703+1.0553263976392379E-15i
65,1.2277300082029718+4.787015558786572E-16i,1.2285799480015323+4.790329540698357E-16i
65,1.243126788593071+5.3937796733118285E-16i,1.2439873873608964+5.397513709279332E-16i
65,1.2973584095431927+9.29117284303122E-16i,1.298256552080966+9.29760498814605E-16i
65,1.3085821702092963+2.435366826529398E-16i,1.3094880827948945+2.43705279590062E-16i
66,0.5369777928884826-5.7478561411366675E-15i,0.537349534879042-5.7518352991421825E-15i
66,0.5552755857424455-2.8938216812883624E-15i,0.5556599950314082-2.895825032351243E-15i
66,0.6259201997208094-8.174612019105025E-16i,0.6263535152583551-8.180271185246119E-16i
66,0.6594371023710508-1.021891560369399E-14i,0.6598936211774721-1.0225990011757392E-14i
66,0.6748383230125568-7.204428135619311E-16i,0.6753055038621653-7.209415657433894E-16i
66,0.6865366002192891-8.050942826165549E-15i,0.6870118796176877-8.056516377905893E-15i
66,0.7021347747831244-2.237242499884233E-15i,0.7026208525730734-2.2387913106382078E-15i
66,0.8750903243736934-2.817591145766194E-15i,0.8756961367991052-2.819541723527475E-15i
66,0.9258012368491387-1.1636206503823495E-15i,0.9264421557087391-1.1644262081960208E-15i
66,0.92808931182594-1.3450917230031077E-16i,0.9287318146868858-1.346022910626165E-16i
66,0.9531600383618963+1.156312584566927E-15i,0.9538198973256655+1.1571130831119111E-15i
66,0.9682757086509141+6.843566375894114E-16i,0.9689460319754749+6.84830407831085E-16i
66,1.005243497402051,1.005939412994223
66,1.0054983869115774,1.0061944789600852
66,1.0402888272169553+2.916821182527066E-16i,1.0410090041861113+2.9188404558133343E-16i
66,1.0747725357984623+4.172889173273966E-16i,1.0755165853423125+4.1757780043358855E-16i
66,1.0792290297601606+8.097584786211804E-16i,1.0799761644705825+8.103190627509185E-16i
66,1.0951205544076987+5.5071071426182E-16i,1.095878690591708+5.51091963356016E-16i
66,1.10482308398171,1.105587937087173
66,1.1352981350772426+4.792857865171029E-16i,1.1360840856215695+4.796175891627362E-16i
66,1.1485214724547712+2.585885578338039E-16i,1.1493165773250753+2.5876757496728343E-16i
66,1.1648551451589948-1.2002633281862838E-15i,1.1656615575956164-1.2010942531979411E-15i
66,1.1806020662618386+2.65815103858907E-16i,1.1814193800650967+2.6599912382609736E-16i
66,1.1816834981017923-3.3234656111408345E-16i,1.1825015605647347-3.3257663985070974E-16i
66,1.1936980830339181+3.8168205208026225E-16i,1.1945244630209324+3.8194628506657986E-16i
66,1.2178575305421475-3.861779367299177E-15i,1.2187006357666417-3.864452821524126E-15i
66,1.2246919719463618+6.848741901005791E-16i,1.2255398085561862+6.853483186364006E-16i
66,1.2448896752720178-2.731148952945906E-16i,1.2457514944608958-2.733039688022344E-16i
66,1.3007980217610557,1.3016985454928178
66,1.3113583009143013-1.4477394275945046E-15i,1.3122661353751945-1.4487416767447545E-15i
67,0.5342408047114621-9.17000445354662E-16i,0.5346106519245344-9.17635271553091E-16i
67,0.5503009222237754+2.0328081912401855E-15i,0.5506818876248468+2.0342154750672734E-15i
67,0.6272254388790759-1.0361313214795464E-15i,0.6276596580148882-1.0368486202673713E-15i
67,0.6580924792017416+6.148079634117943E-15i,0.6585480671449129+6.1523358610822115E-15i
67,0.677528677240621+1.313586836924426E-15i,0.6779977205837057+1.3144962141686959E-15i
67,0.6865404581125014+5.6565308055917075E-15i,0.687015740181664+5.660446740383016E-15i
67,0.6981767759632893-2.5714116785619983E-15i,0.6986601136876724-2.5731918298244828E-15i
67,0.8769064941033702-9.603213289580316E-16i,0.877513563836923-9.60986145580118E-16i
67,0.9267265655090815-7.684548043401794E-16i,0.9273681249603832-7.689867945312147E-16i
67,0.9282266716176061+2.2295413054250305E-16i,0.9288692695707569+2.2310847847530204E-16i
67,0.9506859748716071+1.0658827963176065E-15i,0.9513441210768622+1.0666206916228757E-15i
67,0.9702906258537898-9.145607980540407E-16i,0.9709623440765041-9.151939353197877E-16i
67,1.005364966919874,1.0060609666036437
67,1.0055323849562603,1.0062285005411247
67,1.0381885664263566-1.240568450476653E-16i,1.0389072894152227-1.2414272781438546E-16i
67,1.0776276358529147+1.2096931988092336E-15i,1.0783736619414035+1.2105306519844806E-15i
67,1.0851336415955215,1.0858848639836578
67,1.0946969210417707-1.2364757680473166E-16i,1.0954547639505032-1.23733176240943E-16i
67,1.1071709004104837,1.1079373788754387
67,1.1349316716161928+7.263647228808906E-16i,1.1357173684631447+7.268675747148621E-16i
67,1.14357964534632-2.148832888306345E-15i,1.1443713290609063-2.150320494359813E-15i
67,1.163588063674348+4.568160062464513E-16i,1.1643935989287109+4.571322533868927E-16i
67,1.1756177112720574-2.250739325207087E-16i,1.1764315744781584-2.252297479618804E-16i
67,1.183344253288594-4.340588532265466E-16i,1.184163465468428-4.343593459177815E-16i
67,1.1948267834756083-5.042311918067073E-16i,1.1956539448456787-5.045802637970705E-16i
67,1.2176488939749373+6.67794571219201E-16i,1.2184918547633414+6.682568757809121E-16i
67,1.221929946634143+4.1723712376904007E-16i,1.2227758711336323+4.175259710192976E-16i
67,1.2463302103638079+2.931468803489073E-16i,1.247193026814378+2.9334982171123263E-16i
67,1.3039665687347368+1.96579739663461E-16i,1.3048692860059241+1.967158289853919E-16i
67,1.3136365618992345,1.3145459735673881
68,0.524320912013696+1.3452984782417425E-15i,0.5246838918279552+1.346229808998473E-15i
68,0.5322359889054971+2.8693502406968065E-16i,0.5326044482134674+2.8713366505338895E-16i
68,0.5455199264213355-1.304019239322022E-15i,0.5458975820078857-1.3049219930562982E-15i
68,0.6281572346528359-3.8405607035241794E-15i,0.6285920988574395-3.843219468373864E-15i
68,0.6571246600941139+7.860217601073593E-15i,0.6575795780300588+7.865659116488106E-15i
68,0.680466917199822-6.173567110101E-15i,0.6809379946441034-6.1778409816777305E-15i
68,0.6865436324087015,0.6870189166753836
68,0.6943338203320365-1.2500624725915487E-15i,0.694814497633596-1.2509278728334939E-15i
68,0.8782384219149986,0.8788464137229881
68,0.927566463060287-6.419510561967023E-16i,0.9282086039605641-6.423954696652532E-16i
68,0.9283251663873363,0.9289678325269973
68,0.9487055800803881+9.07675287087777E-16i,0.9493623552868579+9.083036576134716E-16i
68,0.9718005895647974-9.262446718960863E-16i,0.9724733531136371-9.268858977393817E-16i
68,1.0054719075493506,1.0061679812665771
68,1.0055556550818368,1.0062517867762737
68,1.0365973897606633-4.070213918149192E-16i,1.0373150112008453-4.073031668611082E-16i
68,1.0795599523289836+8.174509672540168E-16i,1.0803073161323327+8.18016876782821E-16i
68,1.089888615385053,1.0906431295730459
68,1.0943937854668584-1.930300652549769E-16i,1.0951514185191993-1.9316369718844983E-16i
68,1.10985493846675-3.1359318231367954E-16i,1.1106232750525866-3.1381027835631494E-16i
68,1.1346690556522132+9.887382058983987E-16i,1.1354545706939163+9.894226951150304E-16i
68,1.139148649453847+3.809307005498805E-16i,1.1399372656538078+3.8119441338635724E-16i
68,1.1621393649675351,1.1629438973086526
68,1.1720416993075797,1.1728530868921123
68,1.1844488436066973-3.496813889882082E-16i,1.1852688204784962-3.4992346837645414E-16i
68,1.1960545527944058-3.031899214989589E-16i,1.1968825641314889-3.0339981551399686E-16i
68,1.2175209300568575,1.2183638022576846
68,1.219615995157573+4.2112671542742387E-16i,1.2204603177417888+4.214182553859549E-16i
68,1.2473993688793676-6.182940977878886E-16i,1.2482629254929765-6.187221338849243E-16i
68,1.306709305487928,1.307613921516259
69,0.528392835266173-1.89229954282948E-15i,0.5287586340142416-1.893609554543377E-15i
69,0.531011881245734+2.777589369235228E-15i,0.5313794931216055+2.779512254342864E-15i
69,0.5412212319386914-4.644064314511067E-16i,0.5415959116009764-4.647279333335731E-16i
69,0.6287154091330254-1.1669550211225006E-15i,0.6291506597537807-1.1677628872730019E-15i
69,0.6565409909917301+1.3451443935341998E-15i,0.6569955048619637+1.3460756176203068E-15i
69,0.6836240279360569+3.2786742661910775E-15i,0.6840972910026211+3.2809440451544756E-15i
69,0.6865456918944689-4.555069823048283E-15i,0.6870209775869033-4.558223232268521E-15i
69,0.6906348736053854-4.323376246310207E-15i,0.6911129901794115-4.326369257404941E-15i
69,0.8790522033766978,0.8796607585538703
69,0.9281770217565095-1.9561452622695001E-16i,0.9288195853377765-1.957499473455233E-16i
69,0.928384422498032+1.15417208126964E-16i,0.9290271296598447+1.1549710979750267E-16i
69,0.9473962610572397+3.201715206800822E-16i,0.9480521298410112+3.2039317081160415E-16i
69,0.9727384480572364+1.165695510299897E-15i,0.9734118608719999+1.1665025045091996E-15i
69,1.0055466806776883,1.0062428061592745
69,1.0055692367678168,1.0062653778646593
69,1.0356001645659147+1.1939982018686693E-15i,1.03631709564146+1.1948247896236294E-15i
69,1.080652993771251-6.412049909854701E-16i,1.0814011142714448-6.416488879638228E-16i
69,1.0930385877249684-1.3399527200674881E-16i,1.093795282593435-1.340880350032843E-16i
69,1.0942116893307592,1.0949691963205685
69,1.112232499716823,1.1130024822540627
69,1.1345111448197538+1.3378933908287608E-15i,1.1352965505420625+1.3388195951501496E-15i
69,1.1357888635903075+5.466030343247746E-16i,1.1365751538589148+5.469814397313235E-16i
69,1.1607850836887152,1.1615886784804126
69,1.1700767381876866,1.1708867654579422
69,1.1850592401509523-5.772391809975513E-16i,1.185879639591486-5.776387953671116E-16i
69,1.1970571440107576-3.226798664671069E-16i,1.1978858494272968-3.229032530902831E-16i
69,1.217451197358849,1.218294021284734
69,1.2180136079894481+1.841335015428896E-16i,1.2188568212641107+1.8426097451346447E-16i
69,1.2480579591377665+2.8273283948095018E-16i,1.248921971683924+2.8292857135280253E-16i
69,1.3087214843613968+4.1561915100010266E-16i,1.3096274933921752+4.159068781511201E-16i
70,0.5306001680973504+3.548553138176432E-16i,0.5309674949501402+3.551009750395154E-16i
70,0.5306001685937367+2.267108291610585E-14i,0.5309674954468702+2.2686777780219393E-14i
70,0.5389383221966239-1.8067893568070654E-15i,0.5393114214333808-1.8080401710509994E-15i
70,0.6289012407583392-3.720151291827589E-15i,0.6293366200276518-3.722726698976118E-15i
70,0.6563459353297681+3.955488503035762E-14i,0.6568003141657768+3.95822683074545E-14i
70,0.686546405343569-8.273416814649946E-15i,0.687021691529914-8.279144381927659E-15i
70,0.6865464029255418+3.805067217967893E-14i,0.6870216891102129+3.8077014111888296E-14i
70,0.6875321259225666+1.8707830172825413E-14i,0.6880080945090685+1.872078133415759E-14i
70,0.8793259792942318-4.2632631064989115E-15i,0.8799347240025281-4.266214502132917E-15i
70,0.9284042017507108,0.9290469226054154
70,0.9284042030851032+1.3528400593570568E-15i,0.9290469239407314+1.3537766110417528E-15i
70,0.9469336713903538+2.4673542742692972E-15i,0.9475892199299627+2.4690623880897933E-15i
70,0.9730567995439983+3.448744571388997E-16i,0.9737304327489101+3.4511320875747284E-16i
70,1.0055737145473895,1.0062698587441345
70,1.0055737029511707+1.3806525969867329E-16i,1.0062698471398877+1.381608402890575E-16i
70,1.0352599097176802+2.4645816041668683E-16i,1.0359766052396955+2.4662877985077946E-16i
70,1.0810038765868584-3.862309122013919E-15i,1.0817522399981705-3.8649829429804256E-15i
70,1.0941509525191055-2.3873879529853154E-15i,1.0949084174616948-2.389040707273545E-15i
70,1.0941509556187805-8.913412896932368E-16i,1.0949084205635158-8.919583524278353E-16i
70,1.1132489067260578-2.565668283056424E-15i,1.1140195929072283-2.567444458248937E-15i
70,1.1344584511269762+6.654574131756329E-16i,1.1352438203702004+6.659180997564984E-16i
70,1.134458451538307+2.119383929844946E-15i,1.1352438207818158+2.1208511488086997E-15i
70,1.1602093027910894-8.420789290299436E-15i,1.1610124989779655-8.426618881419061E-15i
70,1.1694826072765696-8.157951512497183E-16i,1.170292223238554-8.163599144809557E-16i
70,1.1852521618666354-3.2027297531584404E-15i,1.1860726948640938-3.204946956829488E-15i
70,1.197452280785348+5.348366107493914E-16i,1.1982812597493844+5.352068704304009E-16i
70,1.2174290147091202-2.2857032165072768E-15i,1.2182718232782763-2.2872855759172667E-15i
70,1.2174290089384379+9.107162471327916E-16i,1.218271817503599+9.113467228713187E-16i
70,1.2482804512772732+2.683961598007925E-16i,1.2491446178515335+2.685819665958299E-16i
70,1.309500167496388-1.7089493410389357E-15i,1.3104067155982835-1.7101324220493922E-15i
71,0.5273298635907646+5.504876490736726E-16i,0.527694926458855+5.508687437430523E-16i
71,0.5307262085885255-2.6071670101329387E-15i,0.5310936226973316-2.6089719142963948E-15i
71,0.5430574985008586+9.711757602121637E-16i,0.543433449384032+9.718480912006435E-16i
71,0.6285320494072119+1.5695702344585576E-15i,0.6289671730906704+1.5706568253213604E-15i
71,0.6567358485335659-8.1258134396619E-15i,0.6571904973008686-8.131438823249415E-15i
71,0.6820773748602373-4.6323114979398545E-15i,0.6825495672011574-4.6355183804589115E-15i
71,0.6869122349216528-1.948432331650463E-15i,0.6873877743665447-1.949781203285437E-15i
71,0.6919921700171421-6.008447916179682E-15i,0.6924712262279213-6.0126074781170925E-15i
71,0.878782464622475-1.2966819749352187E-16i,0.8793908330633937-1.2975796491870572E-16i
71,0.9274466959427073,0.9280887539299344
71,0.9288946589255482,0.9295377193166896
71,0.9478278520592885-3.488898514571928E-16i,0.9484840196272933-3.4913138287540856E-16i
71,0.9724291917051212+1.5211993245264306E-16i,0.9731023904261673+1.5222524289050965E-16i
71,1.0048933848197543,1.0055890580340294
71,1.0061931845646783,1.0068897576115923
71,1.0359290340874023-1.7419387739514724E-16i,1.0366461928345798-1.7431446930711036E-16i
71,1.0803189697609115,1.0810668590210946
71,1.0930857807500252,1.093842508289543
71,1.0931146049384768+1.5090422989928332E-16i,1.0938713524325652+1.510086987237851E-16i
71,1.1112507316548186-7.431403534085667E-16i,1.1120200345281719-7.436548187698904E-16i
71,1.1351598404283354-7.896437495999337E-16i,1.135945695233269-7.90190408592534E-16i
71,1.1364717390892487-5.700346718525816E-16i,1.1372585021027268-5.704292986442457E-16i
71,1.1614126704294603+4.0381832182975713E-16i,1.162216699690417+4.040978794367373E-16i
71,1.170616653535387-1.3618071341975045E-16i,1.17142705458126-1.3627498936589372E-16i
71,1.1848772528112768+4.7546170613081695E-16i,1.1856975262645968+4.757908614206869E-16i
71,1.196658714145859-2.258517257561118E-16i,1.1974871437351422-2.260080796523358E-16i
71,1.217821613037843-8.379402164816217E-16i,1.2186646933971663-8.385203104225074E-16i
71,1.2182430437270078-2.463422317496256E-16i,1.2190864158367263-2.46512770927972E-16i
71,1.2478351075152243+1.8097826556703172E-16i,1.2486989657844136+1.8110355421319344E-16i
71,1.3080416947004656-1.991310448677946E-16i,1.3089472331226546-1.9926890042156555E-16i
72,0.5225532775291379+3.3264316942314114E-13i,0.5229150336355072+3.32873453497427E-13i
72,0.5311039217978035-3.752673636828491E-13i,0.5314715973920232-3.7552715587279624E-13i
72,0.5503628642485456+2.7858502256775278E-14i,0.5507438725311885+2.787778829657077E-14i
72,0.6274512152809425+3.549476591564536E-15i,0.6278855907185055+3.5519338430767352E-15i
72,0.6579001805850506+3.0035079570622837E-15i,0.6583556354026597+3.0055872423537922E-15i
72,0.6771427942238949+1.0744693474825179E-14i,0.6776115704257258+1.0752131871334646E-14i
72,0.687982955866203+1.4126840914427422E-15i,0.6884592365557805+1.4136620722887653E-15i
72,0.6969001163888463+7.784706665152984E-15i,0.697382570300197+7.790095905434336E-15i
72,0.8772107781647223,0.8778180585497474
72,0.9249737273502631+3.6246141348600994E-16i,0.925614073336958+3.6271234030111245E-16i
72,0.9303069425551773,0.9309509806499308
72,0.9501103198626529,0.9507680675502379
72,0.9706722654459324+4.857054080927051E-16i,0.9713442478722387+4.860416549498771E-16i
72,1.0030095929825744,1.0037039620748975
72,1.0079246655277947,1.0086224372540364
72,1.037778141840988-3.5782737970377077E-16i,1.038496580698826-3.5807509844404167E-16i
72,1.0783691025190132+1.9736030402480545E-16i,1.0791156419141936+1.9749693372019931E-16i
72,1.0901049097037994,1.0908595736292332
72,1.0901828408388388-2.7914951707370223E-16i,1.0909375587148749-2.7934276826307172E-16i
72,1.106616958687385+1.990945700928085E-16i,1.107383053666465+1.992324003956182E-16i
72,1.137160056521139+2.7751003748139707E-16i,1.1379472960468597+2.777021536826624E-16i
72,1.1411488124951426-1.355799676882506E-15i,1.1419388133791635-1.35673827746778E-15i
72,1.164798703919797,1.1656050772829616
72,1.173832802311562,1.1746454298509024
72,1.1838135482098562,1.1846330852758038
72,1.194580109463105,1.19540710006431
72,1.2189483805638401+1.343599844276203E-15i,1.2197922409680901+1.3445299990931087E-15i
72,1.220390612086856+6.640224107042436E-15i,1.221235470927213+6.644821038535702E-15i
72,1.2465127540279408-2.4422817635660386E-15i,1.2473756968508602-2.443972520048558E-15i
72,1.304788153220972-1.1878850627058021E-9i,1.3056914392632637-1.188707418422583E-9i
73,0.5317320832921569-3.1293230793687557E-16i,0.5321001937535301-3.1314894646570017E-16i
73,0.5587017273638848+3.2089931812744457E-15i,0.5590885085213365+3.2112147210265497E-15i
73,0.6257300741279054+6.438727943364767E-16i,0.6261632580442421+6.44318538196658E-16i
73,0.6598221378569861+1.4042694301461823E-14i,0.6602789232179277+1.4052415856434074E-14i
73,0.6721914216118774+5.709103541072407E-15i,0.6726567700497763+5.71305587121115E-15i
73,0.6896871439912962-5.7976117277161306E-15i,0.6901646044657629-5.801625330797478E-15i
73,0.7018090278203921-6.497392207139271E-15i,0.7022948801004114-6.501890258165805E-15i
73,0.8747576543114481+2.4513707540951097E-16i,0.8753632364341681+2.4530678027548406E-16i
73,0.9216215627905114+2.4796578156575497E-16i,0.9222595881219715+2.48137444704251E-16i
73,0.9324936530940575,0.9331392050170162
73,0.9531432452253502,0.9538030925634727
73,0.9680635076516109-3.7018672520711336E-16i,0.9687336840724766-3.704430001442331E-16i
73,1.0002534203304372,1.0009458813641372
73,1.0104872203663353,1.011186766112377
73,1.040472471081494,1.0411927751846517
73,1.075407254143971-5.91914442035387E-16i,1.0761517430941885-5.923242158767587E-16i
73,1.0856945760527406+2.1675724330412995E-16i,1.0864461867677209+2.169073012211634E-16i
73,1.0857727858504576-2.779818923801946E-16i,1.0865244507089542-2.7817433523980903E-16i
73,1.1009407301447527-8.464676046836696E-16i,1.1017028955525818-8.47053602012566E-16i
73,1.140209131858637-2.1257340291705104E-15i,1.14099848221529-2.12720564421655E-15i
73,1.1468901391129556-1.7043704245806025E-15i,1.1476841146346872-1.7055503356731567E-15i
73,1.1698256295463343,1.1706354829776946
73,1.178668267910154+2.8878139786946905E-16i,1.1794842429726706+2.8898131707116094E-16i
73,1.1822424051924867-8.785288861365655E-16i,1.1830608545787566-8.791370790287514E-16i
73,1.1917691758053075,1.1925942204376343
73,1.2206851461024648,1.2215302088444782
73,1.223360948611266-4.1640973172934797E-16i,1.2242078637728098-4.166980061880155E-16i
73,1.2443537804035356+5.670809232117167E-16i,1.245215228600116+5.67473505165747E-16i
73,1.3008811970729153+2.4193242763721317E-15i,1.3017817783857477+2.4209991397169822E-15i
73,1.3104664524092147+9.379914774244561E-16i,1.3113736694562355+9.386408354119996E-16i
74,0.5326086497162958-2.167403630224233E-15i,0.5329773670119772-2.168904092534809E-15i
74,0.5677322233185336+3.6908546936720504E-16i,0.5681252561582455+3.69340981920771E-16i
74,0.6234639972040658-8.936796203628487E-15i,0.6238956123479922-8.942983018900849E-15i
74,0.6624621605172013-5.436079673577405E-15i,0.6629207735277995-5.439842993225739E-15i
74,0.6672439256444149+1.1143378463919911E-14i,0.6677058490021268+1.1151092864304056E-14i
74,0.6919292866941593+3.274094659069123E-16i,0.6924082993717199+3.2763612676364823E-16i
74,0.706713781399794+7.175948405763636E-16i,0.7072030291700607+7.180916211471507E-16i
74,0.8715975582037568+1.505298871106336E-15i,0.8722009526374644+1.506340967830154E-15i
74,0.9177782604874062-3.74075952272154E-16i,0.9184136251560467-3.7433491966514443E-16i
74,0.9352792849487666,0.9359267653245297
74,0.9565359772426996-1.2216718956229662E-16i,0.9571981733203236-1.2225176414774578E-16i
74,0.9648737256093766-2.930452482190881E-16i,0.965541693790085-2.93248119222954E-16i
74,0.9969262936879493,0.9976164513998039
74,1.01360313112414-2.1341051952001414E-16i,1.014304833970313-2.1355826054838325E-16i
74,1.0437027507244592-1.7761981845653006E-16i,1.04442529110368-1.7774278209813744E-16i
74,1.0717203302080565,1.0724622667539452
74,1.0803363933251657-6.508758445035863E-16i,1.0810842946474315-6.513264364745155E-16i
74,1.0803511046542298+6.539526903176572E-16i,1.0810990161609366+6.5440541234462E-16i
74,1.0948884077354293+5.193763932060893E-16i,1.0956463832076413+5.197359500012064E-16i
74,1.1440263624332108+1.3228926711627806E-15i,1.144818355403601+1.3238084907020379E-15i
74,1.1530178128528363-1.3090337769579638E-15i,1.1538160304748255-1.3099400021844084E-15i
74,1.1755015055089533+4.961161282032242E-16i,1.1763152882674788+4.964595822519566E-16i
74,1.1808036891290843+3.0418460715892576E-15i,1.1816211425129488+3.0439518978051718E-15i
74,1.1842519637857227-2.643353654004303E-16i,1.1850718043604578-2.645183609660023E-16i
74,1.1889853843230245-1.067326410119193E-15i,1.18980850177661-1.0680653048175009E-15i
74,1.2228904029473577+4.0530895104993764E-15i,1.2237369923569166+4.055895405980536E-15i
74,1.2268061884565242-1.2033146995450067E-15i,1.227655488707982-1.204147736977099E-15i
74,1.2414240567695265-5.288716528169182E-16i,1.2422834767606394-5.292377830434796E-16i
74,1.2967175029515696-1.9029147664037712E-16i,1.2976152017989422-1.9042321268840304E-16i
74,1.305794246078578+4.545566208827338E-16i,1.306698228624462+4.548713038832355E-16i
75,0.5337307548220177-1.2308015253757797E-13i,0.5341002489348993-1.231653591541432E-13i
75,0.577309683457994+3.5742263783583635E-15i,0.577709346635392+3.576700763791426E-15i
75,0.6207519166730116+1.451983899581657E-15i,0.6211816542826554+1.4529890871187194E-15i
75,0.6621681556329487-5.990601030924169E-15i,0.662626565108201-5.9947482377200115E-15i
75,0.6659208228315737+9.162134027223765E-15i,0.6663818302242683+9.168476840625287E-15i
75,0.6946102644849939+2.1619172267920955E-15i,0.6950911331648582+2.1634138909446103E-15i
75,0.7116141722517646+1.403458361753261E-14i,0.7121068124920253+1.4044299557595217E-14i
75,0.8678877335440048+2.4354152115744426E-15i,0.8684885597195424+2.437101214441935E-15i
75,0.9136295155948918-1.6189724798645734E-16i,0.914262008147208-1.6200932711902046E-16i
75,0.9385052838716724-3.071715210707501E-16i,0.9391549975600176-3.073841714898145E-16i
75,0.9600992023747192+1.0833138272251027E-16i,0.960763865221772+1.0840637897819657E-16i
75,0.9613007978606153-7.62279021041323E-16i,0.9619662925549134-7.62806735826546E-16i
75,0.9932337530258495,0.9939213544449969
75,1.0170616605861427,1.01776575772244
75,1.0472471463429769-3.3400708683866217E-16i,1.0479721404562254-3.342383151333268E-16i
75,1.067559027120437-3.596569253413009E-16i,1.068298082856144-3.5990591064966104E-16i
75,1.0742431632490963+3.2235793349639094E-16i,1.0749868463159566+3.225810972500091E-16i
75,1.0744562772478476+3.51705695147933E-16i,1.0752001078504594+3.51949175934172E-16i
75,1.0887277016756594-1.6515498075412324E-16i,1.0894814121798146-1.6526931516815198E-16i
75,1.148372941519492-2.3017596602820937E-15i,1.1491679435639692-2.3033531353368074E-15i
75,1.159246480910126+5.769218947060922E-16i,1.160049010549284+5.773212894229234E-16i
75,1.1765537254813863-1.0302351164588372E-15i,1.1773682366766407-1.0309483333888642E-15i
75,1.1841877492637773+2.661488361015273E-16i,1.185007545383724+2.6633308710674166E-16i
75,1.1845129494868325-1.5238366672988858E-15i,1.185332970738209-1.5248915974719608E-15i
75,1.1924181406258059+6.667673147482855E-16i,1.1932436345271293+6.672289081551399E-16i
75,1.2254432481702737+1.5749816989622277E-14i,1.2262916048778054+1.576072036103951E-14i
75,1.2305495343509767+1.886407016450342E-13i,1.2314014260668726+1.8877129488531115E-13i
75,1.2378152357407002+2.5168121468781952E-14i,1.2386721573970019+2.518554499671431E-14i
75,1.2924323523219174-1.0121727196326464E-10i,1.293327084621239-1.0128734322255494E-10i
75,1.3000406577848886-1.3638243186866206E-9i,1.3009406572044804-1.3647684746158163E-9i
76,0.5350947029587501-7.966030237350969E-14i,0.5354651413132782-7.971545005329289E-14i
76,0.5873350558159994+4.08603529857973E-15i,0.5877416594142598+4.0888640019553756E-15i
76,0.6176832087577174+3.130617125644156E-15i,0.6181108219450777+3.132784406781997E-15i
76,0.6572016571229311-6.378235799933709E-15i,0.65765662836281-6.382651360696048E-15i
76,0.6699219285120809-2.9735263194116213E-15i,0.6703857058126002-2.975584848847286E-15i
76,0.6976404785787828-1.4928512754119644E-15i,0.6981234450322122-1.4938847548445974E-15i
76,0.716510859604114-4.299835888115162E-15i,0.7170068897504893-4.302812602559029E-15i
76,0.8637515481917639,0.8643495109457662
76,0.9092632597529603,0.9098927296092554
76,0.9420468500379701,0.942699015501554
76,0.9574740548203264,0.958136900315544
76,0.9637403109060892,0.9644074944401261
76,0.9893027064399548+1.985674433789863E-16i,0.9899875864521797+1.9870490875956554E-16i
76,1.0207089761069628,1.0214155982272537
76,1.05094148227184,1.051669033920633
76,1.0631261399291683+2.552564569683616E-16i,1.063862126840931+2.5543316733641274E-16i
76,1.0677606638628698+1.8454277210363978E-16i,1.0684998591887889+1.8467052840632812E-16i
76,1.0682734367644429,1.0690129870756548
76,1.082608125374171-1.2072904217050115E-16i,1.083357599383809-1.208126211472283E-16i
76,1.1530693616036343+9.091622320175873E-16i,1.153867614912081+9.097916319338367E-16i
76,1.1654045027573448-5.401240881805711E-16i,1.166211295506318-5.404980083060371E-16i
76,1.1741906243400642-2.299994926808443E-16i,1.1750034995944403-2.3015871801635947E-16i
76,1.1806769931502337-6.320915933178717E-16i,1.1814943588242974-6.325291812223024E-16i
76,1.1919919718883114-4.531645179701193E-16i,1.192817170759157-4.534782372378286E-16i
76,1.1996510278216588+8.163328633029784E-16i,1.200481528946594+8.168979987845243E-16i
76,1.228255149005315+8.580402322055277E-14i,1.229105452351288+8.586342410977474E-14i
76,1.2336505403851477-4.562377861927944E-13i,1.2345045788828493-4.565536330398223E-13i
76,1.234511945932391-4.186006253572315E-12i,1.2353665807687442-4.188904165399966E-12i
76,1.288081642010435-4.6864414357266676E-11i,1.288973362375682-4.6896857916218834E-11i
76,1.2933741224280246-8.091684516965493E-10i,1.294269506701224-8.097286273591472E-10i
77,0.5977294019549214+1.6215334267413473E-15i,0.5981432014092776+1.6226559909736091E-15i
77,0.6143323930048394+2.4212893525081376E-15i,0.6147576864707245+2.422965576246889E-15i
77,0.6521892981448322+8.95756822332601E-15i,0.6526407994007962+8.963769418768377E-15i
77,0.6745771108043623-4.328329329685103E-15i,0.675044110820522-4.3313257697281066E-15i
77,0.7009451657123446+4.017445361910004E-15i,0.7014304199530709+4.020226581460569E-15i
77,0.7214048090241089+1.56638888223305E-15i,0.7219042271811676+1.567473270691536E-15i
77,0.8592796246774659-2.4330051150294626E-16i,0.8598744915832397-2.434689449421836E-16i
77,0.9047231439646044+3.953333541683731E-16i,0.9053494707641421+3.9560703775447186E-16i
77,0.9458120017618248,0.9464667737857081
77,0.9534757196467465-8.593863187653224E-16i,0.9541357971521215-8.599812595338762E-16i
77,0.9674097880086496,0.9680795118688238
77,0.9852103211348001,0.9858923680476313
77,1.024412553841015-7.048792935453389E-16i,1.0251217398948191-7.053672713260907E-16i
77,1.0546053144060836-1.7878893381060225E-16i,1.0553354024730839-1.7891270681392749E-16i
77,1.0585996077407982+1.9712636175708349E-16i,1.059332460999534+1.9726282949761544E-16i
77,1.0610750781089526-3.076125821983306E-16i,1.061809645100164-3.0782553795765995E-16i
77,1.0619803675378643,1.062715561247906
77,1.0766922734410145+1.7943159518092332E-16i,1.0774376519915798+1.7955581308945735E-16i
77,1.1579865263337659+6.633674007907072E-16i,1.1587881837245209+6.638266404861062E-16i
77,1.1713242639409187,1.1721351548552819
77,1.171388044045554,1.1721989791139646
77,1.1768892601365744-3.536748970137844E-16i,1.177704003617637-3.5391974105010776E-16i
77,1.2001508616781889+3.091812255312095E-16i,1.2009817088309027+3.0939526723972104E-16i
77,1.2073029122175645+4.328585006005368E-16i,1.2081387106318375+4.331581623049404E-16i
77,1.2291037261225712+1.0517481457866013E-13i,1.2299546169262583+1.0524762558769252E-13i
77,1.2312685315205125-6.056363244153833E-13i,1.232120920987791-6.060555977182554E-13i
77,1.238665302312544-1.1790430208647358E-12i,1.2395228124576874-1.1798592553633243E-12i
77,1.2836930604324222-2.607884876423528E-11i,1.2845817426458626-2.6096902775554756E-11i
77,1.2859915642566813-6.959717985889338E-10i,1.2868818376912083-6.964536098392445E-10i
77,1.3062850731662117-9.197273125248898E-10i,1.3071893955046177-9.203640264941785E-10i
78,0.6084267040937538+3.934774447890411E-15i,0.6088479091362803+3.937498435558119E-15i
78,0.6107588736754019+2.1304141789906882E-14i,0.6111816932453337+2.131889034037028E-14i
78,0.6471554741880002+4.776102087798663E-15i,0.647603490600154+4.779408514471698E-15i
78,0.6798153589146777-9.578852570613544E-16i,0.6802859852945443-9.585483872259598E-16i
78,0.7044646743862245+5.518108402687448E-16i,0.7049523651321052+5.521928509643275E-16i
78,0.7262971874613746+9.234470771535526E-15i,0.7267999925415481+9.240863662623087E-15i
78,0.8545371400647579+1.1536026050371638E-16i,0.8551287238167524+1.154401227502358E-16i
78,0.9000320749969472,0.9006551542370159
78,0.9493586043454785+1.8183169019962397E-16i,0.9500158316312398+1.8195756965936475E-16i
78,0.9497345161609256,0.9503920036850216
78,0.9710773581925723,0.9717496210587516
78,0.9810043782239479,0.9816835134230907
78,1.0280038322591956-1.401293558410304E-16i,1.0287155045033143-1.4022636537543954E-16i
78,1.0541862242518094-2.586052384256685E-16i,1.054916022188733-2.5878426710688143E-16i
78,1.0543163250783212,1.0550462130821727
78,1.0557001367728214,1.0564309827695744
78,1.0578019784670647-6.512650642219491E-16i,1.0585342795385446-6.517159256440825E-16i
78,1.0714051794033674-2.5419763642491176E-16i,1.072146897774894-2.543736137867535E-16i
78,1.1630316650359376+4.097465948616439E-16i,1.163836815103538+4.1003025652664404E-16i
78,1.1684047098924066+1.75467978027737E-16i,1.16921357964156+1.7558945198121392E-16i
78,1.1729872900029978+1.3446644199614536E-16i,1.173799332206347+1.3455953117687705E-16i
78,1.1767601380680954,1.1775747921598103
78,1.208644755741675-4.1636949520657545E-16i,1.20948148309489-4.166577418100779E-16i
78,1.2149705032478486+2.5361112080182133E-15i,1.215811609824936+2.537866921273463E-15i
78,1.2244479082615014+2.06545812270672E-14i,1.2252955759095527+2.066888009611022E-14i
78,1.2344541596660912-4.642203055161263E-13i,1.2353087544978445-4.645416785462891E-13i
78,1.2429984827769942-2.247552333841182E-12i,1.2438589927205514-2.2491082819446862E-12i
78,1.2781502863319527+5.937841607569937E-10i,1.2790351313627302+5.94195228977702E-10i
78,1.2792827312881636+1.8326757493603525E-12i,1.2801683602942708+1.8339444843809438E-12i
78,1.3027560831050227-4.371247427613155E-10i,1.3036579623744462-4.3742735792370944E-10i
79,0.6070089653118562-5.126628688833443E-15i,0.6074291888742473-5.130177780022848E-15i
79,0.6193705011925681-4.997048819907897E-16i,0.6197992824681747-5.000508204820714E-16i
79,0.6421015427540414-5.527606881481559E-15i,0.642546060402268-5.531433564097425E-15i
79,0.685587037419219-1.536830430807129E-14i,0.6860616594489701-1.5378943563754988E-14i
79,0.7081524607544745+2.874435035035933E-15i,0.7086427045017334+2.8764249650028882E-15i
79,0.7311893752272465+5.2283455562912894E-15i,0.7316955670985356+5.231965064602748E-15i
79,0.8495715079484705-3.646162159453009E-16i,0.8501596540648835-3.648686344991049E-16i
79,0.8952029333386095,0.8958226694334745
79,0.945157526765787-1.2397888902477706E-16i,0.9458118457060586-1.240647178236656E-16i
79,0.9537665314983451+2.5104203970847913E-16i,0.9544268103285757+2.512158324961722E-16i
79,0.9747205647930748,0.9753953497987011
79,0.976715332662111+2.4982690283047097E-16i,0.9773914986167973+2.499998543964081E-16i
79,1.0311425735947943,1.0318564187443244
79,1.0475773645909034,1.0483025873094882
79,1.0495227033327421-2.9623485782475993E-16i,1.050249272781314-2.9643993694940773E-16i
79,1.0502575608544464+2.0160896609075938E-16i,1.0509846390342947+2.017485370736972E-16i
79,1.0587219118721563-5.36641644961165E-16i,1.0594548498002805-5.370131542413569E-16i
79,1.0685505825615011,1.0692903247367562
79,1.1653086714327476-5.490179448159069E-16i,1.1661153978390753-5.493980220302009E-16i
79,1.168136551996124+1.5437114517230319E-15i,1.1689452361034285+1.5447801409230566E-15i
79,1.1690059801757415,1.16981526617565
79,1.1812636155917662-8.947224856921777E-16i,1.1820813873760954-8.953418891800583E-16i
79,1.2173217066387012-9.450383530094965E-15i,1.2181644409200258-9.456925894474935E-15i
79,1.2201663629133734-8.131107634298963E-14i,1.2210110665092584-8.13673668298116E-14i
79,1.2222691762793747-7.759072431284672E-14i,1.2231153356226605-7.764443925355191E-14i
79,1.2378158896854907-1.15899404679396E-12i,1.2386728117945087-1.159796401676616E-12i
79,1.2474278339067628-6.862541775146934E-12i,1.2482914102263-6.867292613959221E-12i
79,1.2703127610029847+9.675411192172112E-11i,1.271192180227881+9.682109339960891E-11i
79,1.2748616590258288-2.791842311692978E-12i,1.275744227387297-2.793775063907356E-12i
79,1.299101756535428-2.4486111971582447E-10i,1.3000011059672099-2.450306335416461E-10i
80,0.6031185160937366+1.4379532734055157E-15i,0.6035360463541779+1.4389487477421954E-15i
80,0.6305114718230855-1.692570119213295E-15i,0.6309479658321681-1.6937418611244331E-15i
80,0.6370270150692551-3.277847581563977E-15i,0.6374680196950668-3.2801167882255165E-15i
80,0.691843855685663-2.700673721226367E-15i,0.6923228092205671-2.7025433587388983E-15i
80,0.71197249089503-5.1392397832878984E-15i,0.7124653791941257-5.1427976049563234E-15i
80,0.736083035388857+2.687443667117843E-15i,0.7365926150705803+2.6893041456545007E-15i
80,0.8444187178374852+3.6754012277287964E-16i,0.8450032967515332+3.6779456550525996E-16i
80,0.8902438590788297,0.8908601620780229
80,0.9408961949402371+5.068230443865437E-16i,0.9415475638218728+5.071739106791109E-16i
80,0.9578725236236824+1.1187151929700392E-16i,0.9585356449731123+1.1194896633824313E-16i
80,0.9723631972075168,0.9730363502415229
80,0.9783180260703979+1.6900623504172901E-16i,0.978995301546643+1.6912323562362167E-16i
80,1.0329719703577442,1.0336870819722996
80,1.04092727662003+1.623495362868688E-16i,1.0416478955785105+1.6246192853210684E-16i
80,1.0435194821320914-1.1658116082371143E-16i,1.044241895637106-1.1666186828193465E-16i
80,1.0476962069265843,1.0484215119180058
80,1.055325241818628,1.0560558282810049
80,1.0701665194497179+3.3181015994413734E-16i,1.070907380314802+3.3203986733796086E-16i
80,1.1621335542743056,1.1629380825927638
80,1.1649565796047308-1.4726348643705444E-16i,1.1657630622629578-1.473654348273042E-16i
80,1.1732490991950535,1.1740613226451349
80,1.1840065510203992-4.859068349822046E-16i,1.1848262216994123-4.862432212843105E-16i
80,1.217122554898802+1.1313167081023695E-15i,1.2179651513102459+1.1320999023621562E-15i
80,1.2260255297322107+3.0484469195899586E-14i,1.2268742895448796+3.0505573154778545E-14i
80,1.228504113519201-1.2051615695850107E-13i,1.2293545892197204-1.2059958855786265E-13i
80,1.2414184454127917-4.515662998068557E-12i,1.242277861519243-4.518789126511539E-12i
80,1.2512339644890607-2.690864722506194E-11i,1.2521001757379706-2.692727569390215E-11i
80,1.263919229146155+1.1061753810637212E-10i,1.2647942222210489+1.1069411703449735E-10i
80,1.2704387129254624-2.5668018325530667E-12i,1.27131821934506-2.5685787924855666E-12i
80,1.2953579514838107-1.4996597985095447E-10i,1.2962547091332872-1.500697991384638E-10i
81,0.5991153591811742+2.550964432593167E-15i,0.5995301181137527+2.552730428521821E-15i
81,0.6319310223402491+2.473321380643319E-15i,0.6323684990837052+2.4750336254055988E-15i
81,0.641805212981845-1.0042168114126479E-15i,0.6422495254852392-1.0049120162448994E-15i
81,0.698538240032954-8.867139888059893E-15i,0.6990218279937055-8.873278481268424E-15i
81,0.7158968196907087-1.2908731946039156E-14i,0.7163924247460975-1.2917668475208095E-14i
81,0.7409802369053656-3.748640695792724E-15i,0.7414932068491518-3.751235825745213E-15i
81,0.8391083068979177+5.857557613903878E-16i,0.8396892094909716+5.86161271665868E-16i
81,0.8851611071362698,0.8857738914195131
81,0.9365913238564563-2.0040627441087094E-15i,0.9372397125378548-2.005450127876842E-15i
81,0.962024640370671,0.9626906361707114
81,0.9679615065657915,0.968631612372775
81,0.9818436041312901,0.9825233203144391
81,1.032211816188149+3.930697082951709E-16i,1.0329264015589235+3.933418247918407E-16i
81,1.0344199737526658,1.0351360877991125
81,1.0377543852043034-1.6970434211785256E-16i,1.038472807615764-1.6982182598921738E-16i
81,1.0478039440376208-4.738877735936474E-16i,1.0485293236138922-4.742158392726951E-16i
81,1.050198416995724-5.591946764819219E-16i,1.0509254542311306-5.595817989009469E-16i
81,1.0736670632914966+6.408672628159947E-16i,1.0744103475326554+6.413109259900007E-16i
81,1.1589000721948841,1.1597023620202787
81,1.1608403274707204-3.8140223894719056E-16i,1.1616439605068922-3.8166627822290703E-16i
81,1.1783275472757524+7.979431568812949E-16i,1.1791432864622822+7.984955614339986E-16i
81,1.1839221845960857+3.995345592381161E-16i,1.1847417968694385+3.99811151257964E-16i
81,1.2164154548988644+2.8142786562428546E-15i,1.2172575617951646+2.816226940815357E-15i
81,1.2318955038184483+8.818822328615284E-14i,1.232748327329617+8.824927472273453E-14i
81,1.234461268574246+2.0426740389791015E-13i,1.235315868327394+2.0440881527904563E-13i
81,1.245492348963819-2.107429293213515E-11i,1.246354585375012-2.1088882361545416E-11i
81,1.2516099792955586-5.064170427575989E-11i,1.2524764508541024-5.067676279810871E-11i
81,1.2635923070295116+6.252400483818851E-10i,1.2644670737809336+6.256728930604569E-10i
81,1.2660223686920786-1.109575061284422E-11i,1.2668988177401834-1.1103432041153169E-11i
81,1.2915560126239354-9.089623193715164E-11i,1.292450138245908-9.095915808911207E-11i
82,0.5950213437757146-1.2464243702234739E-15i,0.5954332684804045-1.2472872518595586E-15i
82,0.6268126193714042-5.417094589290629E-15i,0.6272465527182183-5.420844765838602E-15i
82,0.6532098859525909-2.8312558352905995E-15i,0.6536620937467922-2.833215872919591E-15i
82,0.7056235256907886+2.349528461778217E-14i,0.7061120186927337+2.3511550064860706E-14i
82,0.7199035951232928-4.1023788709405264E-16i,0.7204019740115939-4.1052188887358795E-16i
82,0.7458836508583795+8.788530327331425E-15i,0.746400015365009+8.794614500273478E-15i
82,0.8336674619125416,0.8342445978869905
82,0.8799607339654434-3.7351614225332133E-16i,0.8805699181052546-3.737747220979001E-16i
82,0.9322551355653984-1.4766934013692495E-15i,0.932900522366108-1.4777156949384458E-15i
82,0.9635196606165873+1.655872085285131E-16i,0.9641866913976075+1.657018421676036E-16i
82,0.9661987691689895-2.420958754905002E-16i,0.9668676546582664-2.4226347497757947E-16i
82,0.9852585839538731,0.9859406642783587
82,1.028100446225227,1.0288121853538026
82,1.0291948781070546+2.4400196418897044E-16i,1.029907374895056+2.4417088323379745E-16i
82,1.0322949708563935-3.048013522096491E-16i,1.0330096137939468-3.0501236179495455E-16i
82,1.044760944399779-2.1581698418196929E-16i,1.0454842173512373-2.159663911711574E-16i
82,1.050266441445753+3.3621465370577014E-16i,1.0509935257735064+3.3644741026717575E-16i
82,1.0776342671020152+1.6323609965774784E-15i,1.078380297781222+1.633491056580361E-15i
82,1.155622257321846+8.265473653427995E-16i,1.1564222779632227+8.271195721769619E-16i
82,1.1566516581732036-1.5143297997489061E-16i,1.1574523914539605-1.5153781484545277E-16i
82,1.1807365001139125+2.5557379041178034E-15i,1.18155390698379+2.5575072046520292E-15i
82,1.1833362455998393-2.0572834588401133E-15i,1.1841554522360658-2.0587076865423815E-15i
82,1.2183455889451125-4.7520155387972674E-15i,1.2191890320454084-4.755305290699408E-15i
82,1.2293735080469979-1.0473996679545802E-14i,1.2302245856168248-1.0481247676563434E-14i
82,1.2419047810031434+1.7184563365668278E-12i,1.2427645337927178+1.719645999133335E-12i
82,1.2507130523893275-9.150728209946808E-11i,1.2515789030182949-9.157063127265338E-11i
82,1.251987155845311-4.2807698285225505E-11i,1.2528538885177467-4.2837333438080186E-11i
82,1.2616221229815585+1.3236577712166279E-11i,1.2624955258029458+1.3245741204236309E-11i
82,1.2690091346445407-2.1657648454437796E-10i,1.2698876513876884-2.1672641732472596E-10i
82,1.2877265285824149-3.9894320186406744E-11i,1.2886180031077512-3.992193844957241E-11i
83,0.5908539323679877-2.2875178238207197E-15i,0.5912629720337937-2.2891014394572126E-15i
83,0.6216708924119138+2.5536076024294156E-15i,0.6221012662152232+2.555375428186471E-15i
83,0.6646833856049008-4.601560097034473E-16i,0.6651435363376295-4.604745690801673E-16i
83,0.7130539804352949-6.81449606267477E-15i,0.7135476174340198-6.819213640132436E-15i
83,0.7239755021678734+2.8211410414412928E-15i,0.7244766999787634+2.8230940767442112E-15i
83,0.7507968620168309-4.0397325419939674E-16i,0.751316627868768-4.042529190638245E-16i
83,0.8281249038484177+1.9525511750574854E-16i,0.8286982027897624+1.9539028981084159E-16i
83,0.8746496744062127-5.627813271014703E-16i,0.8752551817759997-5.631709325070515E-16i
83,0.9278969176098448+2.010616997764326E-15i,0.9285392872790463+2.012008918947847E-15i
83,0.9590443557435274-3.9385238750848286E-16i,0.9597082883354532-3.941250458426971E-16i
83,0.9703702923181861+1.2018058834448376E-16i,0.971042065692846+1.2026378763452792E-16i
83,0.9884976503966596,0.989181973080183
83,1.022010338991488,1.0227178620265571
83,1.0252231797467213,1.0259329269851625
83,1.0272285847670597,1.0279397203185074
83,1.0393245350461215,1.0400440444496986
83,1.0537977539012529-9.964154449798643E-16i,1.0545272829057488-9.971052490385172E-16i
83,1.0817578062282314-2.3479304213291744E-16i,1.0825066915741735-2.349555859736646E-16i
83,1.1523101310721544,1.1531078587762416
83,1.1523785253034367+3.588463425942407E-16i,1.1531763003558648+3.5909476674784195E-16i
83,1.1753057739528314-4.874131380657252E-16i,1.17611942120922-4.877505671597568E-16i
83,1.1882421002394974-9.013358745776156E-16i,1.1890647031282193-9.019598564193523E-16i
83,1.22196934698487+3.651816465476905E-14i,1.2228152987606546+3.6543445654095524E-14i
83,1.2220745562954045+4.572574489595158E-16i,1.222920580906079+4.575740017043881E-16i
83,1.2475288786295702+6.4542826605587446E-12i,1.2483925249009136+6.458750867467197E-12i
83,1.2552478098700466-7.575562010809394E-10i,1.2561167998462923-7.580806463259386E-10i
83,1.257250151033354-1.3758465887367767E-10i,1.258120527201542-1.3767990675103408E-10i
83,1.2578688778031601+2.560508349172142E-9i,1.2587396823069779+2.5622809522167583E-9i
83,1.2762955260234847-1.572813941768119E-10i,1.2771790870304196-1.5739027782027646E-10i
83,1.283903860514367-7.068128253298589E-11i,1.2847926886616676-7.073021416668115E-11i
84,0.5866274334786417-9.280072968731389E-15i,0.5870335472001518-9.286497429563143E-15i
84,0.6165050191018143+9.83433425070824E-15i,0.6169318166454484+9.841142418641072E-15i
84,0.6761794532571905+8.992457998035955E-16i,0.6766475625519477+8.998683347166746E-16i
84,0.7207844649140266-4.72032600125241E-15i,0.7212834536157943-4.723593814944213E-15i
84,0.7280985777892024+3.0887272678394036E-15i,0.7286026299459498+3.0908655492321323E-15i
84,0.7557248750062792-2.283281702891737E-15i,0.7562480524506182-2.284862385922734E-15i
84,0.8225153852611926,0.8230848008136274
84,0.8692364690004182+2.3347242685554016E-16i,0.8698382288860831+2.3363405645335495E-16i
84,0.9235240263373596-4.0601356549717214E-15i,0.9241633687169271-4.062946428397196E-15i
84,0.9545404908366896,0.9552013054678208
84,0.9745074184620789,0.9751820559095707
84,0.9914404979125946+2.2000116935731718E-16i,0.9921268578870598+2.2015347299762673E-16i
84,1.0161953995540973,1.0168988969903612
84,1.0209453505121664+3.872565853350355E-16i,1.0216521362710527+3.8752467749042124E-16i
84,1.0226921259606623-2.5671649038218275E-16i,1.0234001209870285-2.5689421151033366E-16i
84,1.033984691224772,1.034700503931395
84,1.0577635240450451+2.314952425634767E-16i,1.0584957984950825+2.316555033850885E-16i
84,1.0859419507439225+4.537585164558791E-16i,1.0866937327128383+4.540726469401832E-16i
84,1.1480011582533969+7.891161607520858E-16i,1.1487959029176746+7.896624545025269E-16i
84,1.1489711206662925-1.776485790221065E-15i,1.1497665368215757-1.7777156257423907E-15i
84,1.1685541243024928+9.942142867971887E-16i,1.1693630974890896+9.949025670257408E-16i
84,1.1930107269203005+8.191636724141374E-16i,1.193836631060579+8.197307676240514E-16i
84,1.212676158166596-7.481039689850973E-16i,1.213515676401635-7.486218705859811E-16i
84,1.2266824414334736-1.6089592190455333E-15i,1.22753165601665-1.6100730783349458E-15i
84,1.2518667481739303+1.1123033099206109E-10i,1.2527333974898698+1.1130733414787348E-10i
84,1.25292387197988+5.540986863932176E-12i,1.2537912531274018+5.5448228093171465E-12i
84,1.2594331729791848+2.503519655034799E-10i,1.2603050604220185+2.5052528056274175E-10i
84,1.2663940117890797+1.269207605682221E-10i,1.2672707181203469+1.270086259824009E-10i
84,1.2801332595185295+3.5771665189640497E-10i,1.2810194773330783+3.579642939814099E-10i
84,1.2844581468474772-1.5506145237148556E-10i,1.2853473587192215-1.5516879918121778E-10i
85,0.5823539553029069-2.263201773327014E-15i,0.5827571105570376-2.2647685553120357E-15i
85,0.6113143157000751+3.4978398996885318E-15i,0.611737519794519+3.5002614038627998E-15i
85,0.687641610552781-9.346035851408758E-16i,0.6881176549339152-9.352505977393959E-16i
85,0.7287695802908448+7.442070135482677E-16i,0.729274096972958+7.447222173430404E-16i
85,0.7322613126190447+1.5511998584326822E-16i,0.7327682465771483+1.5522737317487974E-16i
85,0.7606749640592223+3.4931243326945696E-15i,0.7612015683789038+3.495542572349738E-15i
85,0.8168860914824392-4.769950752058193E-16i,0.8174516099558841-4.773252920250107E-16i
85,0.8637317703894319+4.705917500740418E-16i,0.8643297194515466+4.70917533963488E-16i
85,0.919142558212896-2.7379567064766327E-15i,0.9197788673651983-2.7398521544627705E-15i
85,0.9500117625247998+9.051059597435577E-16i,0.9506694419825595+9.057325515609443E-16i
85,0.9785562424671483,0.9792336828571735
85,0.9938563777711792+3.2658191527756275E-16i,0.9945444102244685+3.268080032329193E-16i
85,1.0107208863913115+1.2044240386122757E-16i,1.0114205939009762+1.2052578440238235E-16i
85,1.0166051012896455,1.0173088823565188
85,1.01892843314394-3.1872046963619983E-16i,1.0196338226199875-3.189411152259872E-16i
85,1.0287833631820194-1.5350257730144E-16i,1.0294955750841663-1.5360884492441767E-16i
85,1.0619328889202582+6.021431639148708E-16i,1.0626680497615368+6.025600189530492E-16i
85,1.090140609630196-1.7108566479124172E-16i,1.0908952982701745-1.7120410493239462E-16i
85,1.1434893285215442-2.9930662356812027E-16i,1.144280949711094-2.995138292319417E-16i
85,1.1456109061302553,1.146403996057421
85,1.1610320533010057-1.4649279441464155E-15i,1.1618358190662077-1.4659420926590643E-15i
85,1.1976009014058777-3.976594382960133E-16i,1.1984299832578287-3.9793473219664514E-16i
85,1.2026832420870934-4.0698407856184347E-16i,1.203515842370284-4.072658277766049E-16i
85,1.2315987332011993+3.4856364420012213E-16i,1.2324513512623447+3.48804949789753E-16i
85,1.2486705905877453+4.672108644056528E-16i,1.2495350272498302+4.675343077566542E-16i
85,1.255708467830884-2.9764792578336984E-16i,1.2565777767139998-2.9785398315460937E-16i
85,1.2637566217994178-6.401214249842599E-16i,1.2646315023035883-6.405645718254792E-16i
85,1.2754695597297678-7.035731677200418E-16i,1.276352548932136-7.040602412887002E-16i
85,1.2764844596874436+2.2131238807840335E-15i,1.2773681514904323+2.214655994565447E-15i
85,1.2931400160860482-7.598732429464643E-16i,1.2940352382907994-7.603992922461686E-16i
86,0.5605914816628598+2.6909871563887466E-14i,0.5609795710699897+2.6928500880319808E-14i
86,0.5780441575985131+3.3118762002826662E-15i,0.5784443292417781+3.3141689644667444E-15i
86,0.6060982829162388-4.6842506345986325E-15i,0.6065178760263262-4.687493473833787E-15i
86,0.6989925961517182+2.3673828750003527E-15i,0.6994764986566654+2.3690217800612776E-15i
86,0.7364539631705984-5.206038202954095E-15i,0.7369637996402815-5.209642268206188E-15i
86,0.7369620355432555+4.0727414141916107E-16i,0.7374722237441231+4.0755609144026E-16i
86,0.7656581540455903+9.995151103662541E-16i,0.7661882081559139+1.0002070602786019E-15i
86,0.811307368501695+2.4590127622065603E-15i,0.8118690249055849+2.4607151013184197E-15i
86,0.8581486985261452-4.911527430846521E-16i,0.8587427825080359-4.914927610533672E-16i
86,0.9147578210291145-7.957641986615707E-16i,0.9153910946910289-7.96315094752888E-16i
86,0.9454610717646779-1.8578324211750872E-15i,0.9461156008447795-1.85911857179718E-15i
86,0.982396851628895+1.1124483597130668E-16i,0.9830769508173167+1.1132184916870727E-16i
86,0.9953369430140627+3.4536691547941606E-16i,0.9960260004413413+3.456060080198042E-16i
86,1.005715759178531+1.1718909845473121E-16i,1.0064120017107279+1.1727022677941872E-16i
86,1.012307702021379,1.0130085080606455
86,1.0163541173721653-3.3238616531894037E-16i,1.017057724686488-3.326162714729872E-16i
86,1.023744335855841+1.7620703016916212E-16i,1.0244530593119598+1.7632901575779012E-16i
86,1.066212262568225-1.846974457566809E-16i,1.0669503859582334-1.8482530913771108E-16i
86,1.0943172428209014-3.9384845985098103E-16i,1.0950748228838714-3.941211154661346E-16i
86,1.1387977489907357-3.6507703308897686E-16i,1.1395861222673611-3.6532977065985114E-16i
86,1.142233967029233,1.1430247191501057
86,1.1530433742635033+7.208957279300879E-16i,1.1538416095812891+7.213947936576389E-16i
86,1.192421000873836+4.445413233505453E-15i,1.193246496755268+4.448490729048413E-15i
86,1.2019545412542745+3.7867488105682104E-16i,1.2027866370683757+3.78937032221959E-16i
86,1.2364516950411575+3.513326267481448E-15i,1.2373076727378753+3.5157584926450495E-15i
86,1.2445368655677995-4.63549296357341E-15i,1.2453984405116016-4.638702048575294E-15i
86,1.2593628221732729-6.7534898407814316E-12i,1.2602346609132569-6.75816518451051E-12i
86,1.2680471483204987+1.0154134515022236E-10i,1.268924999094372+1.0161164076071155E-10i
86,1.2730808639832223-1.1382555794386492E-10i,1.2739621995259356-1.1390435773791039E-10i
86,1.284759995356436-5.72948199862946E-11i,1.2856494161935548-5.733448436480807E-11i
87,0.5641110613455488+1.5844294076342432E-14i,0.5645015873069916+1.5855262852885812E-14i
87,0.5737078653460649+1.1134585757839823E-14i,0.5741050350366701+1.114229407116021E-14i
87,0.6008566553761852-8.372870189722388E-15i,0.6012726197830351-8.378666607138983E-15i
87,0.710114281620636-8.169265307678861E-16i,0.7106058835082194-8.174920772368656E-16i
87,0.7406680124760388+2.04760844140003E-15i,0.7411807662713503+2.049025971227098E-15i
87,0.7453096823282304-5.662762487763012E-15i,0.7458256494847147-5.6666827366581165E-15i
87,0.7706919038166855-1.141340428054678E-15i,0.7712254427194618-1.1421305615913904E-15i
87,0.8058928641463624-2.615058282918659E-15i,0.8064507721668859-2.6168686500965867E-15i
87,0.852503088979418+1.0074655736530162E-15i,0.8530932645871477+1.0081630275565667E-15i
87,0.9103746859646333-1.5529512049055766E-15i,0.9110049252452841-1.5540262906536259E-15i
87,0.9408908134059168-7.072174824971611E-16i,0.9415421785619937-7.077070789724414E-16i
87,0.98568507398802,0.9863674495654123
87,0.9954083241984343+5.117884373302186E-16i,0.9960974310418784+5.121427410927914E-16i
87,1.001531135966168,1.0022244815439967
87,1.0081080918799727,1.0088059905896358
87,1.0154480195324695-4.78806496727481E-16i,1.0161509995683107-4.791379675676974E-16i
87,1.0188835616167147,1.01958892002885
87,1.0705573974913294-6.711873848135645E-16i,1.071298528955651-6.716520381712516E-16i
87,1.0984227141676521-7.037979387948312E-16i,1.0991831363892939-7.042851679692668E-16i
87,1.1338591051178124,1.1346440594424283
87,1.1388439569676627+2.852809882523114E-15i,1.139632362233405+2.8547848417085068E-15i
87,1.1447871705643202,1.14557969023122
87,1.1821187092545957-2.4614765700639207E-15i,1.1829370730079496-2.4631806148344672E-15i
87,1.2059759064113202+1.0892620706461632E-15i,1.20681078615859+1.0900161510862587E-15i
87,1.2406087898733764+1.707018220417249E-14i,1.2414676454669613+1.7081999645407182E-14i
87,1.2408739967846598-9.540263629523184E-14i,1.241733035977169-9.546868216601217E-14i
87,1.2629343574220115-3.97875717812925E-12i,1.2638086686843983-3.981511614407508E-12i
87,1.2701645634332595-1.3859523434970993E-10i,1.2710438800631128-1.386911818339105E-10i
87,1.2722794198213465-8.196677270089799E-11i,1.2731602005358118-8.202351711686287E-11i
87,1.294134636003052-2.260503186089453E-11i,1.2950305467688434-2.2620680998814047E-11i
88,0.5677518952773776-1.2528972232547952E-13i,0.5681449417357032-1.2537645859537886E-13i
88,0.5693545951229103+1.801759265955098E-13i,0.5697487511072512+1.8030065979395964E-13i
88,0.5955894581696406-3.988482770224979E-15i,0.5960017761717414-3.9912439393905425E-15i
88,0.7208069721385085-1.251719579089052E-13i,0.7213059764217035-1.252586126521954E-13i
88,0.7448957298116348+4.230747739809552E-15i,0.7454114103947552+4.2336766255236E-15i
88,0.753750084052371+2.6714826563254438E-15i,0.7542718943773804+2.673332085284257E-15i
88,0.7758051358823934-3.3489914082340356E-15i,0.7763422146020698-3.351309866741913E-15i
88,0.8008402149780087+3.640893033100411E-13i,0.8013946251222992+3.6434135708981816E-13i
88,0.8468136685971944-1.7530572988359997E-14i,0.8473999055011527-1.75427091515024E-14i
88,0.9059978730559285-2.7411844479472783E-15i,0.9066250823320529-2.7430821304523396E-15i
88,0.9363030924105559,0.9369512815534764
88,0.9873556626923738+1.586025370628111E-16i,0.9880391947942604+1.5871233531446389E-16i
88,0.9940295599974982+3.7335234918710587E-16i,0.9947177123423478+3.736108156401044E-16i
88,0.9992372699877189,0.9999290275551751
88,1.004039966289875,1.0047350486947957
88,1.014212845904377,1.0149149708473089
88,1.0162532312448316-2.320202696662351E-16i,1.0169567687171417-2.321808939565468E-16i
88,1.0749444030596726+4.523687542551241E-16i,1.075688571584752+4.52681922627077E-16i
88,1.1023548171083266-1.0066200155073922E-15i,1.10311796146819-1.0073168840432191E-15i
88,1.128574887125982+3.11185583955101E-14i,1.1293561832626042+3.114010132520755E-14i
88,1.135443975420983-3.812368566364171E-14i,1.136230026928479-3.815007814203423E-14i
88,1.1364594809438702-8.291204307152976E-16i,1.1372462354712105-8.29694418845551E-16i
88,1.1719599929118232+3.2329993041622684E-13i,1.172771323932195+3.2352374630074264E-13i
88,1.2094857329913928+2.1554763392310597E-15i,1.210323042541043+2.1569685444499004E-15i
88,1.2370574258531448+8.991787695139796E-16i,1.2379138228885778+8.99801258022955E-16i
88,1.2443184298865557+6.054653481935933E-16i,1.2451798536104823+6.058845031320901E-16i
88,1.2664627902084475-6.478661477733857E-12i,1.2673395441540234-6.48314656174625E-12i
88,1.2682165012470514+2.6536444740421945E-12i,1.2690944692615163+2.655481553884382E-12i
88,1.2764593923969374-1.8700910977075138E-11i,1.277343066846202-1.8713857348347776E-11i
88,1.3035268134589064+1.930705139656488E-11i,1.3044292262938513+1.9320417390118144E-11i
89,0.5430976169288221-2.848594985303493E-14i,0.5434735955854053-2.850567026576259E-14i
89,0.5649940358673785-7.739912217129434E-14i,0.5653851730993631-7.745270446859708E-14i
89,0.5714950138560476-5.301098779578256E-14i,0.5718906516214437-5.304768653898147E-14i
89,0.5902970741037105-2.5413944090334383E-14i,0.5907057282645619-2.5431537797726433E-14i
89,0.7307055105377528-8.188816064304175E-15i,0.7312113674364877-8.194485063701143E-15i
89,0.7491297895078495-3.208207870577439E-14i,0.7496484012695037-3.21042886667026E-14i
89,0.7622004406442768-1.653356911357405E-15i,0.762728101029423-1.6545015065296321E-15i
89,0.7810477896487203+4.7290722024054315E-15i,0.7815884977820758+4.7323460709663E-15i
89,0.7965148844862829+9.64738729138323E-15i,0.7970663002665827+9.654066038629193E-15i
89,0.8411021892507106+6.526956559632315E-15i,0.8416844721797943+6.531475077634189E-15i
89,0.9016322073357744-9.309452342090752E-15i,0.9022563943244105-9.315897141839458E-15i
89,0.9316998951799285+8.471621960647092E-16i,0.9323448975957177+8.477486742492125E-16i
89,0.9860865601014032,0.9867692136218482
89,0.9917125487196267+3.6433361948721353E-16i,0.9923990970309466+3.6458584240356055E-16i
89,1.000126729127557,1.0008191024547626
89,1.0001594273708585+2.3592136473989195E-16i,1.0008518233345867+2.360846897021258E-16i
89,1.009741325750324-1.2388017390231247E-16i,1.010440355124268-1.2396593436214375E-16i
89,1.0182575435547094-3.0525177421549544E-16i,1.0189624685835585-3.0546309562146696E-16i
89,1.0793588462969492,1.0801060708774894
89,1.105807479535882-3.0156604018833774E-16i,1.1065730141242067-3.0177481001373727E-16i
89,1.1228072310398436-4.127588931496502E-16i,1.1235845343112434-4.1304464018536136E-16i
89,1.1284322639100908-1.1205223385038027E-15i,1.1292134613107152-1.1212980599770152E-15i
89,1.1320367789336603+4.176919638177005E-16i,1.1328204716881107+4.179811259471716E-16i
89,1.1621357692261447+3.523924796194652E-15i,1.1629402990779822+3.526364358567004E-15i
89,1.2121303818977278+3.4476620931517493E-16i,1.212969522299718+3.450048859953391E-16i
89,1.234229269156608-2.126531081839723E-15i,1.235083708299901-2.1280032486738436E-15i
89,1.2460097746515144+8.610449650276583E-16i,1.246872369269057+8.616410540531259E-16i
89,1.2679757301053398+4.668809951029835E-13i,1.2688535314374116+4.672042100902186E-13i
89,1.2699645261114898+1.386748786629653E-11i,1.270843704258387+1.387708812837766E-11i
89,1.2805976134658292-1.456429259057243E-11i,1.2814841527459266-1.4574375240526325E-11i
90,0.5480571560387867+3.0621279314186787E-15i,0.5484365681128509+3.0642477984739814E-15i
90,0.5606365200677021-5.0030498066107914E-14i,0.561024640654271-5.006513345920255E-14i
90,0.5753192401434373-8.919683306823937E-15i,0.575717525365602-8.925858275084362E-15i
90,0.5849803265681477+8.425933027574924E-15i,0.585385300021271+8.431766179629765E-15i
90,0.7391273903442551+4.297312497455044E-16i,0.7396390775890583+4.3002874649919084E-16i
90,0.7533629142540756+2.7723506153558564E-15i,0.7538844565470112+2.7742698737496488E-15i
90,0.7705397421671729-4.541454489561209E-15i,0.7710731757306312-4.5445984730822105E-15i
90,0.7865080086724203-9.761402421051447E-15i,0.7870524968367485-9.768160099329229E-15i
90,0.7936019634996221-1.3685028382707717E-15i,0.794151362706685-1.3694502330716788E-15i
90,0.8353935484819194-8.854464068141116E-16i,0.835971879401235-8.860593886062119E-16i
90,0.8972828756993282-4.772271972738281E-15i,0.897904051708327-4.775575747877835E-15i
90,0.9270832370151666-1.6753970764887524E-15i,0.9277250433850138-1.6765569297497993E-15i
90,0.9830203686358483,0.9837008994761117
90,0.9889866846733187+3.4863985503845846E-16i,0.9896713459082269+3.488812133877548E-16i
90,0.9963861759016122,0.997075959697704
90,1.0031565486324114+1.3083557683391854E-16i,1.0038510194600139+1.30926152419003E-16i
90,1.0054760755259775,1.0061721521286344
90,1.0209291686673347-3.0688882744055125E-16i,1.0216359432237632-3.0710128215488787E-16i
90,1.0837910762354552-1.2445036777547941E-15i,1.084541369184933-1.2453652297231515E-15i
90,1.107515719649799-3.147334742908831E-16i,1.1082824368281459-3.1495135974122776E-16i
90,1.1163826884383827+5.005244817378355E-16i,1.1171555440914889+5.008709876262152E-16i
90,1.122021982806825-1.114735964345352E-15i,1.122798742462185-1.1155076799950904E-15i
90,1.1286249600885239+1.2558862000122105E-15i,1.1294062908899367+1.2567556319367552E-15i
90,1.152857194141065-9.472283276360202E-16i,1.153655300569034-9.478840801619034E-16i
90,1.213316657222906+3.957748849300918E-15i,1.214156618866215+3.960488741815764E-15i
90,1.2327110666375731,1.2335644547511329
90,1.2455423842353737+1.014026818769701E-15i,1.2464046552852643+1.0147288149287272E-15i
90,1.269828468136556+2.81776550289812E-12i,1.270707552092477+2.8197162013643317E-12i
90,1.2734460991013479+1.1256806212072531E-11i,1.274327687491072+1.1264599136852732E-11i
90,1.2847032878592741-1.2057241652883295E-11i,1.2855926694386095-1.2065588707588463E-11i
91,0.5532186716131108-2.3005195524616772E-14i,0.5536016569300527-2.302112169007611E-14i
91,0.5562935190703387-4.913555280103424E-14i,0.5566786330598804-4.916956863641403E-14i
91,0.5792008651498324-5.642519552455012E-14i,0.5796018375650721-5.646425787457613E-14i
91,0.5796405854228889-2.0501733393243797E-13i,0.5800418622501393-2.051592644793332E-13i
91,0.7449624335457741-2.3046584027213964E-16i,0.7454781603069287-2.3062538845337425E-16i
91,0.7575875096900399-6.40793842399995E-15i,0.7581119766095382-6.412374547461047E-15i
91,0.7785849535239299-2.6029957509043106E-14i,0.7791239566713147-2.6047977673650917E-14i
91,0.7923351236811498-6.641350417726661E-15i,0.7928836458732558-6.645948128948588E-15i
91,0.793216389065089-1.9297414310200138E-16i,0.7937655213445252-1.9310773632137338E-16i
91,0.8297159229101673,0.8302903232910888
91,0.892955713121229+4.2585128086095255E-15i,0.89357389349791+4.261460915680732E-15i
91,0.9224553050065822-3.0821843670399773E-16i,0.9230939075257678-3.0843181188767372E-16i
91,0.9795265419382242,0.9802046540525955
91,0.9861632977985724+2.8600347209234413E-16i,0.9868460044434197+2.862014681760381E-16i
91,0.9928327180342659,0.9935200418226657
91,1.0014223083691425,1.0021155786071934
91,1.0068591775376567+1.6489909300306828E-16i,1.0075562116419121+1.6501325026969318E-16i
91,1.0239526114450344-1.9216623888956052E-16i,1.0246614790873434-1.9229927280848457E-16i
91,1.0882339626644675+1.693161270643894E-15i,1.0889873313602179+1.6943334218006514E-15i
91,1.1042086649599605+6.319229896249539E-15i,1.1049730927119858+6.323604608074769E-15i
91,1.1091275305122386-2.936485581973608E-16i,1.1098953635240267-2.9385184686403365E-16i
91,1.1205437317933709-1.6235427805221778E-16i,1.1213194680768495-1.6246667358011164E-16i
91,1.1252111164595346-3.5381028443818354E-16i,1.1259900839061814-3.5405522220127046E-16i
91,1.1443278404975932-1.6350572737896295E-16i,1.1451200421769048-1.6361892003863846E-16i
91,1.2125821729777246+2.1468832700624025E-14i,1.2134216261481714+2.1483695264232454E-14i
91,1.232959102032093-4.587805978476947E-16i,1.2338126618569834-4.590982050466007E-16i
91,1.2434354377284478-2.4009704676429585E-15i,1.2442962501696233-2.402632624910422E-15i
91,1.2732463399777796+2.914454099013047E-12i,1.27412779007714+2.916471733601497E-12i
91,1.2769091068506948+8.206798156804825E-12i,1.2777930926307972+8.212479604945391E-12i
91,1.2887834006940884-7.927194362335647E-12i,1.289675606876763-7.932682244797145E-12i
92,0.5519781968370753-1.852327168853661E-13i,0.5523603233911994-1.853609508268878E-13i
92,0.5585554406708862-5.994793351988617E-15i,0.5589421205561677-5.99894346106794E-15i
92,0.5742799076702887+4.218636750177638E-13i,0.5746774733775545+4.221557251628029E-13i
92,0.5831132746244012+6.767018548707914E-16i,0.5835169555443599+6.771703258166601E-16i
92,0.7471780408918831-4.670673734396361E-16i,0.7476953014860865-4.673907174539088E-16i
92,0.7617952540805177+4.479557458990946E-16i,0.7623226339608425+4.482658592089344E-16i
92,0.7860952094817291+9.694039875818764E-14i,0.7866394118711243+9.700750919976876E-14i
92,0.7963975812567028+3.449770904416373E-16i,0.7969489158296664+3.452159131117674E-16i
92,0.7987343890764748-5.0364990311019314E-14i,0.7992873413878291-5.039985726827655E-14i
92,0.8241009346411043+4.900749730886865E-16i,0.8246714478465342+4.904142449327592E-16i
92,0.8886575504065711-2.619203784208719E-13i,0.8892727552271222-2.621017021257472E-13i
92,0.917818619559627+4.92073604235283E-14i,0.9184540121682715+4.924142597029072E-14i
92,0.9760681074421165,0.9767438253321066
92,0.9833991869775817+2.1712716015717788E-16i,0.9840799800683261+2.1727747416231986E-16i
92,0.9894785315629678+4.132347424371534E-16i,0.9901635332963926+4.135208188964714E-16i
92,0.9975833559724134-2.2545613082661936E-16i,0.9982739685590224-2.256122108581724E-16i
92,1.0108028276512306+1.2276138705172813E-16i,1.011502591887649+1.2284637299153948E-16i
92,1.0271653855985914-1.8932935975753724E-16i,1.027876477398165-1.89460429745905E-16i
92,1.0926816603863727+1.6382716342129146E-15i,1.0934381081591846+1.6394057860650862E-15i
92,1.0968920632197283-4.0294062295888686E-15i,1.0976514257937686-4.032195729475825E-15i
92,1.1009398382781983-6.663917129380727E-16i,1.101702003068601-6.668530463212046E-16i
92,1.1217980305919202+1.2341114550382978E-15i,1.122574635208388+1.234965812620574E-15i
92,1.1230330079888873-4.3035154080222794E-14i,1.1238104675624165-4.306494669744773E-14i
92,1.1366756364018071+2.062431153338793E-15i,1.1374625405704573+2.063858944715807E-15i
92,1.2102331705150768+1.749948896275961E-14i,1.2110709975049574+1.7511603606878874E-14i
92,1.2346610515613792-3.421044893052147E-14i,1.235515789621411-3.423413233149594E-14i
92,1.2404277356148106-2.2394097360815932E-14i,1.2412864658671403-2.240960047181967E-14i
92,1.2774882721868746+4.721860503538175E-12i,1.278372658914796+4.7251293795438054E-12i
92,1.2803521544992975+1.127232837412246E-11i,1.2812385238516883+1.1280132044671843E-11i
92,1.2928429920736537-8.346006775341642E-12i,1.29373800865296-8.351784595603445E-12i
93,0.5477060594573043-5.215365712054801E-15i,0.5480852284722629-5.218976234607078E-15i
93,0.5640389686401185-1.0390067157507103E-14i,0.5644294446928199-1.0397260051325676E-14i
93,0.5689012321907064+5.690894428237568E-14i,0.5692950743184203+5.694834152469807E-14i
93,0.5870265330263912+1.2938689164216185E-15i,0.5874329230387689+1.2947646432335717E-15i
93,0.7459453204036111-1.2103614641568992E-16i,0.7464617276031784-1.21119937996262E-16i
93,0.76597659856345-7.443547247201875E-15i,0.766506873128326-7.448700307732766E-15i
93,0.7928856501441923+2.3171540828624033E-15i,0.7934345534578381+2.318758215254104E-15i
93,0.802983191106449+6.135347028023548E-16i,0.8035390848022423+6.139594440388038E-16i
93,0.8058517394890259+6.639435975352381E-15i,0.8064096190395414+6.644032361233431E-15i
93,0.8185838615444258-1.037937646470961E-15i,0.8191505553596272-1.0386561957515566E-15i
93,0.88439666466612-2.026161066559369E-15i,0.8850089197368534-2.0275637486777956E-15i
93,0.9131762497590292+1.5669886333259812E-15i,0.9138084285219368+1.5680734369835093E-15i
93,0.9727947325119761-2.928744010559793E-16i,0.973468184291657-2.9307715378481523E-16i
93,0.9807728134401053+2.4850366960618025E-16i,0.9814517883302839+2.486757051168181E-16i
93,0.9863341904745964+2.0506759299006264E-16i,0.9870170154259815+2.0520955833057946E-16i
93,0.9939605042740571,0.9946486088126243
93,1.0148349239231926+1.6329920783932862E-16i,1.0155374795217758+1.6341225752850185E-16i
93,1.0304819849645255-4.685498606649235E-16i,1.0311953727980627-4.688742309837461E-16i
93,1.0884669970540675-3.813325219930871E-16i,1.0892205270761688-3.815965130047605E-16i
93,1.0918498362292366-1.5794425089705915E-16i,1.0926057081421674-1.5805359342668234E-16i
93,1.097128824615459+2.003467432282034E-15i,1.0978883510960027+2.0048544039243647E-15i
93,1.1183888855451785-1.8328191106236555E-15i,1.1191631300596412-1.8340879448911843E-15i
93,1.1266300105804228-6.277505747796058E-16i,1.1274099603070296-6.281851574594372E-16i
93,1.1298952512713292-5.011302172511168E-16i,1.1306774614770285-5.014771424814664E-16i
93,1.2069471805778222+5.054063602222888E-15i,1.2077827327242057+5.057562457648172E-15i
93,1.2369678997147282+1.7958910397739147E-15i,1.2378242347725055+1.797134309269963E-15i
93,1.2371330338715913+1.1685831159811751E-15i,1.2379894832493665+1.1693921092382935E-15i
93,1.2821085969165016+1.2119014778614548E-11i,1.2829961822286753+1.2127404597964784E-11i
93,1.283771560910758+2.2741564836282283E-11i,1.284660297468949+2.2757308494013828E-11i
93,1.296885594725056-7.1654938782555085E-12i,1.2977834099399417-7.170454446444588E-12i
94,0.5434957421812868-1.5866038943119894E-14i,0.5438719964542472-1.5877022773321293E-14i
94,0.5635086610929154-1.0065541176826196E-14i,0.5638987700213413-1.0072509405983318E-14i
94,0.5696378147015744+2.589033238395696E-15i,0.5700321667547497+2.5908255888102052E-15i
94,0.5909069404714501-7.676611808174904E-16i,0.5913160168340025-7.681926215943935E-16i
94,0.7424191039184548+5.193607399603548E-16i,0.7429330699691465+5.1972028591895535E-16i
94,0.7701201180551795+1.6783379250588726E-15i,0.77065326111891+1.67949981422702E-15i
94,0.7989869237012814+6.000678383135187E-15i,0.7995400508387187+6.004832566336796E-15i
94,0.8118289307347301-3.3373146555899333E-16i,0.8123909482086404-3.3396250304501655E-16i
94,0.8132038880212881-1.2631189729655357E-16i,0.8137668573583209-1.263993412034604E-16i
94,0.8136123717098007-1.4014446843015294E-15i,0.8141756238342066-1.4024148842678984E-15i
94,0.8801833897729244-1.9384607468201106E-15i,0.8807927280541438-1.939802715270553E-15i
94,0.9085321451191005-1.1578182810742113E-15i,0.9091611088352667-1.1586198219911969E-15i
94,0.969766547871149+1.4088608510053371E-16i,0.9704379032822257+1.4098361850770814E-16i
94,0.9783244818389041+2.290427100136669E-16i,0.9790017617843849+2.2920127298232457E-16i
94,0.983409033583001,0.9840898334904087
94,0.9905527274004684,0.991238472784197
94,1.0188907604921411+1.1694662223921452E-16i,1.0195961238879543+1.1702758270111103E-16i
94,1.0338537482043517-2.6688952155809433E-16i,1.034569470261008-2.670742853291803E-16i
94,1.0797784819199943,1.080525997008231
94,1.0820046588540158,1.0827537150924746
94,1.101570001212315,1.1023326022554394
94,1.1149875500050639-4.695578479320229E-16i,1.1157594398239303-4.6988291606591E-16i
94,1.1238658114008702-2.8323877289030897E-16i,1.1246438475122047-2.8343485501257234E-16i
94,1.1305335633248579+4.861073710097559E-16i,1.1313162154247967+4.864438961400648E-16i
94,1.2031856670050645-1.178971474066987E-15i,1.204018615109788-1.1797876590347583E-15i
94,1.233280027224069,1.2341338092208463
94,1.2399067549372114-9.40743605528017E-16i,1.2407651245221232-9.413948687742007E-16i
94,1.2868906178300283+1.005266475529027E-10i,1.2877815136663926+1.0059624070286253E-10i
94,1.287161435629323+1.252994932346905E-10i,1.2880525189489487+1.2538623626884954E-10i
94,1.300913603813894-8.550194681394567E-12i,1.3018142075614463-8.55611385800229E-12i
95,0.5393699794681772-2.5806145699623117E-15i,0.5397433775350451-2.5824010922539402E-15i
95,0.5581078843688496-1.0841230171883392E-14i,0.5584942544173506-1.0848735399357569E-14i
95,0.5753160375850681+5.786113602099667E-16i,0.5757143205901478+5.790119245194287E-16i
95,0.5947165947500131+3.1439494838625827E-16i,0.5951283084813426+3.1461259947999583E-16i
95,0.7376286830001983-4.3006137317812247E-16i,0.738139332711497-4.303590984715057E-16i
95,0.7742116274666531-2.2033708209071983E-15i,0.7747476030234086-2.2048961827857573E-15i
95,0.8045906963057373+1.889891804832999E-15i,0.8051477028542231+1.8912001497045657E-15i
95,0.8080043723578585+3.7140460335924745E-16i,0.8085637421450993+3.7166172141586776E-16i
95,0.8217725318454615+8.096981912204486E-16i,0.8223414331311778+8.102587336140878E-16i
95,0.8219175956428518-1.2684135362657254E-16i,0.8224865973541453-1.269291640684695E-16i
95,0.876030970028451-1.1365889932346608E-15i,0.8766374336492991-1.1373758374214945E-15i
95,0.9038917083688365+9.076981793857922E-16i,0.9045174595774885+9.08326565759495E-16i
95,0.9670140890961079,0.9676835390196252
95,0.9760752198008407+1.8294831952465552E-16i,0.9767509426146144+1.8307497201079237E-16i
95,0.9807113845977533,0.9813903169616295
95,0.987356369656943,0.9880399022482509
95,1.022932605111796,1.0236407666184142
95,1.0372498535302996,1.0379679266617503
95,1.0710886178165597-3.159496476564996E-16i,1.07183011703706-3.1616837504614567E-16i
95,1.071597852982865+2.484382028063246E-16i,1.072339704739535+2.4861019299523995E-16i
95,1.1059990220629168-7.293846871128389E-16i,1.1067646892533733-7.29889629624544E-16i
95,1.1115989860190532+4.821580261726497E-16i,1.1123685299838861+4.824918172284204E-16i
95,1.1184247070792075-3.1592035210013765E-16i,1.1191989763924022-3.161390592088921E-16i
95,1.1345303931504966+6.363704228640964E-16i,1.1353158121981473+6.368109729405832E-16i
95,1.1991820742659878-5.259886103707897E-16i,1.2000122507411322-5.263527447085974E-16i
95,1.2294809847176755-1.033733610925077E-15i,1.2303321366920532-1.0344492498124257E-15i
95,1.2427413943875039-5.580697065951456E-16i,1.2436017263524726-5.584560502137238E-16i
95,1.2905133241269666-3.113908474458988E-11i,1.2914067279107133-3.116064188438311E-11i
95,1.2917291688904546-3.0698931423145714E-11i,1.2926234143860162-3.072018385113515E-11i
95,1.304928544271933-8.85422130182558E-12i,1.3058319275049268-8.860350951682962E-12i
96,0.5353568017193165+3.0269510347900074E-15i,0.5357274215210408+3.0290465493865167E-15i
96,0.5527068502851678-6.678312995386264E-16i,0.5530894812755773-6.682936295268239E-16i
96,0.5810310569757084+1.8291784998432764E-15i,0.5814332964063843+1.830444813768407E-15i
96,0.5984130150928968-2.0115181305020003E-15i,0.5988272878027807-2.012910675526734E-15i
96,0.7321884280937718-5.058609686535241E-16i,0.7326953115949686-5.062111689149206E-16i
96,0.778232938362498+1.830936733267083E-15i,0.7787716978148576+1.832204264391884E-15i
96,0.8030330783244471-9.536681033683074E-16i,0.8035890065564428-9.543283140581614E-16i
96,0.8098806025586528-6.000098063253694E-16i,0.8104412712330336-6.004251844708209E-16i
96,0.830084575862106-1.6089150625979533E-14i,0.8306592314561556-1.610028891318493E-14i
96,0.8326479685721131,0.8332243987660087
96,0.8719567802271072-2.4054917773117814E-15i,0.8725604233450467-2.407157064616797E-15i
96,0.8992628852382062-1.5495791782939908E-15i,0.8998854319792857-1.5506519296365928E-15i
96,0.9645578857021614+1.7994773298593374E-16i,0.9652256352314521+1.8007230820923493E-16i
96,0.9740358358155763+2.4629599321740836E-16i,0.9747101467931953+2.4646650038548504E-16i
96,0.9782486869269904+4.0403337629302606E-16i,0.9789259144007455+4.0431308277911323E-16i
96,0.9843648839527223-2.0967910049654618E-16i,0.9850463455815711-2.0982425831727846E-16i
96,1.0269260555927773,1.0276369817076358
96,1.0406478760421607,1.0413683015756459
96,1.0608159904529613-3.099073827403129E-16i,1.0615503780815205-3.1012192715699963E-16i
96,1.062537110978546+1.8638211416902454E-16i,1.0632726901140512+1.8651114382172803E-16i
96,1.1082298687474315-7.028371935007429E-16i,1.108997080320911-7.033237575650514E-16i
96,1.1104082525311394-9.48790709773092E-16i,1.1111769721683318-9.494475439136215E-16i
96,1.1134280028759274,1.1141988130427827
96,1.1385371296308344+3.1338955246579537E-16i,1.1393253224844313+3.1360650753842045E-16i
96,1.19505435421449-8.818760369319094E-16i,1.1958816731285047-8.824865470083735E-16i
96,1.225640573802251-1.933810109091648E-15i,1.2264890671154753-1.9351488579725858E-15i
96,1.2455112800505679-1.3145740918569048E-15i,1.2463735295674794-1.3154841525635426E-15i
96,1.2938154339685708-1.0922623426431351E-11i,1.294711123755392-1.093018500128314E-11i
96,1.2965708765416792-1.9574601931997172E-11i,1.2974684738817004-1.9588153146931905E-11i
96,1.308931245007181-5.428953141502179E-12i,1.309837399252233-5.432711527555018E-12i
97,0.5314909846104581+3.696515092467593E-15i,0.5318589281626872+3.699074136615797E-15i
97,0.5473168743492911-3.156463020826095E-15i,0.5476957739370059-3.1586481947048462E-15i
97,0.5867306372860857,0.5871368224541049
97,0.6019489186861698-5.954302781537334E-16i,0.6023656392511747-5.958424859578023E-16i
97,0.726449126625237,0.7269520368907048
97,0.7821600734599792-2.136267663723113E-15i,0.7827015516113943-2.137746571052611E-15i
97,0.7983422811803017-2.963719168347654E-16i,0.7988949620410081-2.9657709084339147E-16i
97,0.8149727013064842-3.781748896230203E-15i,0.8155368951674736-3.784366946512914E-15i
97,0.8383502488422556-8.294938091589963E-16i,0.8389306266426378-8.300680557737675E-16i
97,0.8436824250350826-5.447882065074876E-16i,0.8442664942242302-5.451653555348823E-16i
97,0.8679840933705669+1.3491057957943519E-15i,0.8685849862546244+1.3500397623021775E-15i
97,0.8946584586172307+1.5514997982006174E-16i,0.8952778177800897+1.5525738791607133E-16i
97,0.9624173017430722+1.6151674935515917E-16i,0.9630835693769242+1.616285650740011E-16i
97,0.9722115092698553+1.3042762270612E-16i,0.9728845572924872+1.305179158704386E-16i
97,0.976027586807099,0.9767032766452374
97,0.9815688825028114,0.9822484085001345
97,1.03080654133154,1.0315201538507748
97,1.0440283981249177-1.177817696134588E-16i,1.0447511639451426-1.1786330823585175E-16i
97,1.049845157279462-1.8623451338341155E-16i,1.0505719499582562-1.8636344085421742E-16i
97,1.0542387997280724,1.054968634062241
97,1.1048895772831866-2.0950510578713048E-16i,1.1056544764210043-2.096501431538319E-16i
97,1.1087729118123404+1.6866282652657298E-16i,1.109540499326711+1.6877958937169758E-16i
97,1.1147874856591757-3.0502453009462574E-16i,1.1155592369763776-3.0523569418276593E-16i
97,1.1425053332501613+5.696480255220023E-16i,1.1432962732339595+5.700423846439816E-16i
97,1.1908693304771156-2.0915702589543771E-16i,1.1916937521594846-2.0930182229144442E-16i
97,1.2218092013125235-3.5041867370094836E-16i,1.222655042221766-3.506612635007799E-16i
97,1.2481422117886165+1.0948298097374867E-15i,1.2490062826616704+1.095587744643149E-15i
97,1.2970513305870845-3.0578206109447825E-11i,1.2979492605385199-3.0599374961041704E-11i
97,1.3013875962208359+2.3870970126888454E-11i,1.3022885281065035+2.388749565563299E-11i
97,1.3129219302213382+2.2665009100693777E-11i,1.3138308471602758+2.2680699759992404E-11i
98,0.5278157227663648+9.629794581634155E-15i,0.5281811219877633+9.636461149700591E-15i
98,0.5419545674747331,0.5423297548146455
98,0.5923485920274191+9.56493829448763E-16i,0.592758666424576+9.571559963480764E-16i
98,0.6052722840238768-1.6363671954224925E-15i,0.6056913053068301-1.6375000288591238E-15i
98,0.7206360784244615+1.966344704092456E-16i,0.7211349644004001+1.9677059762048342E-16i
98,0.7859606814114719+1.9426189863352518E-15i,0.786504790669022+1.9439638334750086E-15i
98,0.7939886128007684-5.204780254561972E-16i,0.7945382796795725-5.208383448954514E-16i
98,0.8199293972644485+2.581927606569812E-16i,0.8204970225746457+2.5837150378577693E-16i
98,0.8463958674009084-6.263912647835694E-16i,0.8469818150671172-6.268249064326723E-16i
98,0.8548064110060394+3.037526576279318E-16i,0.8553981811704277+3.039629412170854E-16i
98,0.8641446524922234,0.8647428873866699
98,0.8901015294951261-1.385722540812413E-15i,0.8907177339615989-1.3866818565653307E-15i
98,0.9606170197143881,0.9612820410389257
98,0.9706042577242375,0.9712761930697777
98,0.9740539840949028,0.9747283076363142
98,0.9789570607551925-3.3375054439623904E-16i,0.9796347786259444-3.3398159509026646E-16i
98,1.0339958568065484,1.0347116772429428
98,1.0393545314371075+2.406404848452039E-16i,1.040074061606754+2.4080707678630516E-16i
98,1.0463132588663653-4.436621378505104E-16i,1.047037606462767-4.4396927875734994E-16i
98,1.0473710366291273,1.0480961165098361
98,1.1015918522016437-5.506984685796105E-16i,1.1023544683718933-5.510797091962972E-16i
98,1.1043980822146067-1.2306422118973887E-16i,1.1051626410974689-1.2314941677726149E-16i
98,1.1191221291845552+2.500492520920955E-16i,1.1198968813130266+2.502223575872234E-16i
98,1.14639400371593+1.544675719693544E-15i,1.1471876357702733+1.545745076442394E-15i
98,1.1866726793593612-1.993110521714538E-15i,1.187494195760616-1.99449032341688E-15i
98,1.2180321975389459,1.2188754236828856
98,1.2505830602093282-1.7052651236270254E-15i,1.2514488208465817-1.7064456541068406E-15i
98,1.3001978737924929-3.997703715021139E-11i,1.3010979820504618-4.0004712677139514E-11i
98,1.3061641464815876+1.0508716100107344E-10i,1.3070683851041918+1.0515991132879677E-10i
98,1.3169002239655305+4.620575196277392E-11i,1.3178118950199178+4.623773953923876E-11i
99,0.5243843729385457+9.408456117656538E-16i,0.5247473966858889+9.414969456292863E-16i
99,0.5366453752530532+2.8882990449919495E-15i,0.5370168871156724+2.8902985728132787E-15i
99,0.5977987251645184+2.1372589172053227E-15i,0.598212572610334+2.1387385107653272E-15i
99,0.6083268804460187-2.2991937958355615E-16i,0.6087480163820718-2.300785494579281E-16i
99,0.7149247745013544-6.5792265658245435E-16i,0.7154197066238613-6.583781269598726E-16i
99,0.7895903257703628-8.155481219102306E-16i,0.7901369477784155-8.161127141266148E-16i
99,0.790032463836885,0.7905793919307519
99,0.8247793202302626+6.139197790154659E-15i,0.8253503030722632+6.1434478683462995E-15i
99,0.8540296148033594+1.381413567915664E-14i,0.8546208472029266+1.3823699006287182E-14i
99,0.860482371789838+1.7872266271809825E-15i,0.8610780713401115+1.7884638984290083E-15i
99,0.8658471660491016+3.5497884739756263E-16i,0.8664465795691582+3.552245941399526E-16i
99,0.8856411337002018+1.2630801183637054E-15i,0.8862542502989201+1.2639545305342927E-15i
99,0.9591949675911856,0.9598590044495238
99,0.9692143362836079,0.9698853094065574
99,0.9723330623987937+7.700961583735682E-16i,0.9730061945709059+7.706292848503562E-16i
99,0.976519091465754+7.076228015691152E-16i,0.977195121565487+7.081126786409501E-16i
99,1.0268568315103301-1.5296056734379876E-16i,1.0275677097023534-1.530664597410907E-16i
99,1.038897629642397+6.080201785718854E-16i,1.039616843505513+6.084411021826493E-16i
99,1.0390502699347344+1.8378125773011987E-16i,1.039769589468526+1.8390848684737746E-16i
99,1.0506502669875486+1.5125109744105756E-16i,1.0513776170321956+1.5135580639696168E-16i
99,1.0983576900210235+1.5094089392528463E-16i,1.099118067227385+1.5104538813176342E-16i
99,1.1002788830168777-3.2243232766370394E-16i,1.1010405902374745-3.226555429193325E-16i
99,1.1233899923112312+5.419229827471548E-16i,1.1241676990198644+5.422981482214154E-16i
99,1.1501571544764142-1.6427995007198025E-15i,1.1509533917058188-1.6439367871487303E-15i
99,1.182504712948701-8.554588736990403E-16i,1.1833233439268516-8.560510955539518E-16i
99,1.2143594921228265-1.3895893885387137E-15i,1.215200175705714-1.3905513812546082E-15i
99,1.252793230167241-8.694977553513586E-16i,1.253660520873318-8.700996961218002E-16i
99,1.3032220270997454-4.3639988446637603E-11i,1.3041242289354844-4.367019978198144E-11i
99,1.3108920864997995+3.04060587289625E-10i,1.31179959820717+3.0427108405404747E-10i
99,1.320865029226813+3.8522779699234564E-10i,1.3217794450587674+3.8549448464678747E-10i
100,0.521261861161945+3.842731881779569E-16i,0.5216227232393666+3.8453921497046823E-16i
100,0.5314304715302182+1.6661015539973457E-15i,0.5317983731901136+1.667254972102079E-15i
100,0.6029666414864924-1.54593193730961E-15i,0.603384066606331-1.5470021637198189E-15i
100,0.6110534742093452+1.685103016383356E-16i,0.6114764977269826+1.6862695889267727E-16i
100,0.7094824336850043+1.3862286475323982E-16i,0.709973598153364+1.3871883136557074E-16i
100,0.7865367289736809-3.76669702188787E-16i,0.78708123702066-3.7693046519748034E-16i
100,0.7929873569740361-5.45593173962965E-16i,0.7935363306978551-5.459708802577331E-16i
100,0.8295271979429263+7.429631861680792E-16i,0.8301014676722717+7.434775288790746E-16i
100,0.8570584574842838-5.2953208407842525E-15i,0.8576517867080069-5.2989867151203505E-15i
100,0.8609649714646649+6.011811284484541E-15i,0.8615610051117412+6.015973174833378E-15i
100,0.8766194065125142-9.928257256634907E-17i,0.8772262774994636-9.93513044611173E-17i
100,0.8814099315041527-5.358674430206234E-16i,0.8820201189025435-5.362384163319646E-16i
100,0.9582152982541725,0.9588786569015413
100,0.9680410678938222,0.9687112287799668
100,0.9708693059115602-2.4271095060974267E-16i,0.9715414247461422-2.4287897590446655E-16i
100,0.9742522764550331,0.9749267372713889
100,1.0159035174317372-1.8267593779442937E-16i,1.0166068128022125-1.8280240171461824E-16i
100,1.032152394407134+1.3005765369274339E-15i,1.0328669386410654+1.3014769073284363E-15i
100,1.0424749141907297+1.5710722597639881E-16i,1.0431966045564058+1.5721598904572722E-16i
100,1.05382942285002,1.0545589737784733
100,1.0952206025820679,1.095978808027987
100,1.0964258825917297+2.309957398101315E-16i,1.0971849224356367+2.3115565483318283E-16i
100,1.1275552127948598+1.0878332144241118E-15i,1.1283358030256316+1.0885863056876284E-15i
100,1.1537341520460473-2.821738497683527E-16i,1.1545328655793408-2.8236919465967953E-16i
100,1.178412380435191-4.764568914869376E-16i,1.1792281783504948-4.767867357292933E-16i
100,1.2108548222795077-7.567490077359147E-16i,1.2116930796299497-7.572728941725892E-16i
100,1.2547371376862075-4.612035275852262E-16i,1.2556057741314568-4.615228121434858E-16i
100,1.3060760584500264-3.9676321648842E-11i,1.3069802360905554-3.9703788994760495E-11i
100,1.3155659795424077+7.793718237684322E-10i,1.3164767269186013+7.799113716547521E-10i
100,1.324814163832755+1.353072431086279E-9i,1.3257313135937079+1.3540091436385757E-9i
101,0.5185249313615167+7.794886475883733E-15i,0.5188838987018647+7.800282763501408E-15i
101,0.5263810540203988-6.172890320262801E-15i,0.5267454600412919-6.177163723307676E-15i
101,0.6076998544594924-2.870494286340363E-15i,0.6081205563144878-2.8724814881837647E-15i
101,0.6133919088409675-1.821137481843281E-15i,0.6138165512232141-1.8223982290874853E-15i
101,0.7044941762562599-1.1270645380704014E-15i,0.7049818874258602-1.1278447886141299E-15i
101,0.7835646936622249-2.278704791426317E-16i,0.7841071442119717-2.280282305927439E-16i
101,0.7960665080427886-2.6883067754998648E-15i,0.7966176134185355-2.690167851554022E-15i
101,0.8341529135617036,0.8347303856073359
101,0.8539578070817019+6.333615631250808E-15i,0.8545489897698179+6.338000302113145E-15i
101,0.8665072623969466+7.709617578822551E-15i,0.8671071328921955+7.714954836011136E-15i
101,0.8779289934935166+1.4625098796495533E-15i,0.8785367710886675+1.4635223541709844E-15i
101,0.8868708529561524-9.950627933690218E-17i,0.8874848208717969-9.957516610064503E-17i
101,0.9577915810769101,0.958454646390981
101,0.96708335371008+1.1207216624897472E-16i,0.9677528515844919+1.1214975219520836E-16i
101,0.9696665077669527+3.4861491864015374E-16i,0.9703377939217064+3.4885625972634084E-16i
101,0.972173892532245,0.9728469145133514
101,1.005027263823954-1.968382959542092E-16i,1.005723029720735-1.9697456427093558E-16i
101,1.0262601935719275-1.7260425532704764E-16i,1.026970658720101-1.7272374676655237E-16i
101,1.045791500257534,1.0465154866479667
101,1.0568504044326015-1.5921360075777014E-16i,1.0575820467430854-1.5932382204001624E-16i
101,1.0922364642702111-1.6389027529747162E-16i,1.092992603840165-1.6400373417413148E-16i
101,1.092889722857429+1.6649688311854188E-16i,1.0936463146688924+1.666121465122467E-16i
101,1.131556113150506-9.056842747442314E-16i,1.132339473146959-9.063112669207622E-16i
101,1.1570386735675509-1.1644203036418657E-15i,1.1578396747734903-1.1652264150439692E-15i
101,1.1744643871054545+1.4369400030321151E-15i,1.1752774518818492+1.437934775896312E-15i
101,1.2076068365151151+1.7689202272087471E-15i,1.2084428453318012+1.7701448251997859E-15i
101,1.2563821167479277+1.551597874067111E-15i,1.2572518919884845+1.5526720229237164E-15i
101,1.3086907800869714-2.676613986078044E-16i,1.3095967678616232-2.6784669673825255E-16i
101,1.3201801501317953+1.2742971454830173E-15i,1.3210940918318184+1.2751793230398915E-15i
101,1.3287433797465695-1.0280994634746175E-15i,1.3296632496470968-1.028811201922849E-15i
102,0.47904026150226114+1.2358482089775974E-14i,0.4793718941744637+1.2367037688896068E-14i
102,0.5162598880205476-4.1207701356917625E-15i,0.5166172873040197-4.1236228854947665E-15i
102,0.5216297051089238+1.1166949450834387E-15i,0.5219908218394111+1.1174680169073219E-15i
102,0.6117991627999096-8.875292455716521E-15i,0.6122227025470163-8.8814366928302E-15i
102,0.6152841626710648+3.7224126357678294E-16i,0.6157101150333789+3.724989608412193E-16i
102,0.700179948829378+4.855449304335792E-16i,0.7006646733214795+4.858810661943795E-16i
102,0.7811769556657469+4.232092704825516E-16i,0.7817177532188753+4.2350225216394695E-16i
102,0.7987128741291001-1.039398437770828E-15i,0.7992658115459663-1.0401179983361969E-15i
102,0.8385945930978292-2.195333134578338E-15i,0.8391751400542196-2.1968529320824386E-15i
102,0.8512950263875565+1.2212407826995346E-15i,0.8518843656709567+1.2220862301007598E-15i
102,0.8683065057978302-1.172688953395477E-16i,0.8689076218833666-1.1735007890646904E-16i
102,0.8773658386916448-1.96107108853155E-16i,0.8779732264228388-1.9624287097958446E-16i
102,0.8962076028007171-1.0799699194444408E-16i,0.8968280344137781-1.080717567062118E-16i
102,0.9581253410783359+1.9020579615982564E-16i,0.9587886374496477+1.9033747289248913E-16i
102,0.9663399947000166,0.9670089779576942
102,0.9687277731772642-1.759324220557898E-16i,0.9693984094595843-1.760542175371768E-16i
102,0.9703386977712776-3.5096562995043593E-16i,0.9710104492734878-3.5120859840019984E-16i
102,0.9945250130059133-2.8219483433761906E-16i,0.9952135083457436-2.823901937562609E-16i
102,1.0214151185454443,1.022122229517973
102,1.0487705797900144+1.2023625457959464E-16i,1.0494966285542924+1.2031949240657145E-16i
102,1.0596149837699782+2.1736356469637429E-16i,1.0603485399589119+2.1751404236097317E-16i
102,1.089501932547859-7.567088708740984E-16i,1.090256179040894-7.572327295246017E-16i
102,1.0897736331738226,1.0905280677612867
102,1.1352799519719543-1.77793708753143E-15i,1.1360658899283793-1.7791679277649772E-15i
102,1.1599452491700482-4.77909010766614E-16i,1.1607482625564063-4.782398602902285E-16i
102,1.170778021516588,1.1715885342751895
102,1.204742699103345+1.391292208323557E-15i,1.2055767251189604+1.3922553798770583E-15i
102,1.257698259872461+5.430678902518615E-16i,1.2585689462599434+5.434438483290946E-16i
102,1.3109675713385909-3.106898590582272E-16i,1.3118751353030276-3.1090494517199675E-16i
102,1.3247233091151942-2.530894252452909E-16i,1.325640395978735-2.532646354084974E-16i
103,0.48319227779540186+1.0832415162999128E-14i,0.483526784848672+1.083991428796964E-14i
103,0.5145561973265016+6.65043051863437E-15i,0.5149124171694488+6.655034515879352E-15i
103,0.5174400184518414-5.924735960948212E-15i,0.5177982347226107-5.9288375703049326E-15i
103,0.615019926020601-2.1957276244620934E-15i,0.6154456954556884-2.1972476950658576E-15i
103,0.6166782793169794-8.362148807230832E-16i,0.6171051968061645-8.367937802388776E-16i
103,0.6967976662234503+7.901137589841796E-17i,0.6972800492100275+7.906607433575058E-17i
103,0.7794274822577659-1.302565675554481E-16i,0.7799670686756562-1.3034674230075004E-16i
103,0.8007815465120796-2.3523763721657246E-15i,0.8013359160410362-2.3540048884409137E-15i
103,0.8426908142641112+1.958725303154093E-15i,0.8432741969754067+1.960081300464963E-15i
103,0.8492147932544545+1.3475398644396033E-15i,0.8498026924224236+1.3484727468757102E-15i
103,0.8659837527260505-9.71087114881062E-16i,0.8665832608030958-9.71759384501656E-16i
103,0.8799730560620279-1.391026088318528E-15i,0.8805822487322492-1.3919890756409833E-15i
103,0.9039973146205522-1.7027752856274227E-16i,0.9046231389388911-1.7039540924282584E-16i
103,0.9595455179729812+2.4149372265720906E-16i,0.9602097975122988+2.416609052825562E-16i
103,0.9658098968617489,0.9664785131403295
103,0.9680555195998777+3.0791977849764445E-16i,0.9687256904907303+3.081329469245465E-16i
103,0.968853034124233,0.9695237571229023
103,0.9847168762664754-2.8423490527316334E-16i,0.9853985815745324-2.8443167700352557E-16i
103,1.0178018499946158,1.0185064595533777
103,1.0512087316410215,1.051936468302703
103,1.061953373413956+2.014214675135297E-16i,1.0626885484363544+2.015609086939035E-16i
103,1.0871857070625837-4.480946458650828E-16i,1.0879383500660815-4.48404855333368E-16i
103,1.0872503142288499,1.0880030019589584
103,1.138511644681805+1.1763056923733592E-15i,1.139299819892539+1.177120031858866E-15i
103,1.1622778149422943+7.80141851146941E-16i,1.1630824431303348+7.806819321121224E-16i
103,1.1675713096360734-5.752237771796637E-16i,1.1683796024342346-5.756219963141938E-16i
103,1.2024396680068015-8.555206245856336E-16i,1.203272099667165-8.561128891897942E-16i
103,1.2586594540876284-1.7492741530288707E-15i,1.2595308058960193-1.7504851503257669E-15i
103,1.3127736243795156-5.610253770827323E-16i,1.3136824386484554-5.61413766869411E-16i
103,1.3291615865517286-2.427076354454066E-16i,1.3300817459708028-2.428756584450899E-16i
104,0.4862750222595396-2.0252299816236797E-14i,0.4866116634523937-2.0266320191654184E-14i
104,0.513495025885243+1.988882295202389E-15i,0.5138505110944882+1.9902591697644263E-15i
104,0.5143353221843759+3.7568041366866216E-15i,0.514691389118644+3.759404918071643E-15i
104,0.6170991198742156+5.0031758209684115E-16i,0.617526328705256+5.006639447515798E-16i
104,0.6175327608280539-7.7741799720398E-17i,0.6179602698624798-7.779561924843152E-17i
104,0.694618576486272+3.1919082117573626E-16i,0.695099450920415+3.1941179238311884E-16i
104,0.7783592105023057+9.528537302593197E-17i,0.7788980573710488+9.53513377170402E-17i
104,0.8021132241436737+1.6933477923710583E-15i,0.8026685155738711+1.6945200726541207E-15i
104,0.8459956941523618+4.257145246233144E-15i,0.8465813647843954+4.260092406560618E-15i
104,0.847876244619987+8.781084159263177E-16i,0.848463217130019+8.787163177330341E-16i
104,0.8631589477498696+1.0943694162989026E-15i,0.8637565002551227+1.0951270324808197E-15i
104,0.8822802998453496-2.028301104443698E-16i,0.8828910897872049-2.0297052680795237E-16i
104,0.9093289080532589,0.9099584233569267
104,0.9624111737281397+4.224329904883308E-16i,0.9630774371196552+4.2272543476226883E-16i
104,0.9654922015266241,0.9661605978693006
104,0.967651475496395+1.3428934263289178E-16i,0.9683213666733355+1.343823092102855E-16i
104,0.9678655282875037,0.9685355676501078
104,0.976159613407711-3.0056458227276453E-16i,0.9768353946459628-3.0077265880327564E-16i
104,1.0155702403229092,1.016273304970443
104,1.052849107612706,1.053577979883042
104,1.0635914421103532,1.064327751144113
104,1.0855612057844446-1.5977838425128916E-16i,1.0863127241691095-1.598889965250118E-16i
104,1.085563107735907,1.0863146274372655
104,1.1408540534513136+8.868823436595413E-16i,1.1416438502778947+8.874963195300342E-16i
104,1.1638175925154597+1.8572756896519564E-16i,1.1646232866693327+1.8585614548568362E-16i
104,1.1652432223254312-7.612473649243879E-16i,1.1660499034222847-7.617743655089426E-16i
104,1.2009173118334913-3.1021312502227695E-15i,1.2017486895886065-3.104278810999411E-15i
104,1.2592450784214166-2.769689080956164E-15i,1.2601168356490977-2.7716064968080324E-15i
104,1.313952337652524-1.8880782748958435E-16i,1.3148619679276825-1.8893853642867592E-16i
104,1.3333422037098404-2.3747462902026494E-15i,1.334265257309949-2.3763902928498447E-15i
105,0.4874688783093066,0.48780634599150574
105,0.5131342575101848,0.513489492964681
105,0.5131342584331875,0.5134894938883228
105,0.6178206990247364,0.6182484073946279
105,0.6178206994991013,0.6182484078693213
105,0.6938632211550186,0.6943435726675472
105,0.7779999126816297,0.7785385108136673
105,0.8025748424906898,0.803130453492619
105,0.8474123437863718,0.8479989951445394
105,0.8474123530845209,0.8479990044491253
105,0.861857452347547,0.8624541038462818
105,0.8831245437033615,0.8837359181030778
105,0.9112494028161922,0.9118802476507185
105,0.9653863645116428,0.9660546875848784
105,0.9653863666497304,0.9660546897244464
105,0.9675166780852148,0.9681864759438491
105,0.9675166789021034,0.9681864767613033
105,0.9711437823140799,0.9718160911647215
105,1.0148156142446005,1.015518156475371
105,1.0534344493739656,1.0541637268679709
105,1.0641944039655804,1.0649311304211464
105,1.0849628078726707,1.0857139119950816
105,1.084962811660643,1.085713915785676
105,1.14174188781938,1.1425322992809044
105,1.1643600384420385,1.1651661081234124
105,1.1643600613611793,1.1651661310584198
105,1.2003806179496535,1.2012116241593245
105,1.2594418231143498,1.2603137165455476
105,1.3143644958020022,1.3152744114083106
105,1.3359060175736117,1.3368308460651253
