% Model,yuinrods.mph
% Version,COMSOL 5.4.0.388
% Date,"Aug 13 2026, 13:14"
% Table,Table 6 - Global Evaluation 2 (freq*a/c_const)
% U,lambda (THz),freq*a/c_const (1)
0,3.8590469023665645E-7i,3.8617184649454034E-7i
0,8.74467240246652E-7i,8.750726213198985E-7i
0,1.2527180966728894E-6i,1.2535853353651307E-6i
0,1.515207675462275E-6i,1.5162566319086069E-6i
0,1.6959657279181016E-6i,1.6971398205602306E-6i
0,1.8683723462702806E-6i,1.8696657935306837E-6i
0,2.0911410008757E-6i,2.092588667666583E-6i
0,3.791426827742118E-7,3.794051577917398E-7
0,8.790932058841541E-7,8.797017894467719E-7
0,1.2610352615177184E-6,1.2619082580633683E-6
0,1.5302345306008323E-6,1.5312938899225064E-6
0,1.7116860020687339E-6,1.712870977630198E-6
0,1.8581866445505588E-6,1.859473040396392E-6
0,2.1507836841600053E-6,2.1522726407213404E-6
0,0.5819071256747482,0.5823099715951643
0,0.6273676768274141,0.6278019944325092
0,0.6273676770780506,0.6278019946833191
0,0.627377254886849,0.6278115791226966
0,0.8229584747590861,0.8235281970559974
0,0.8229584751275559,0.8235281974247223
0,0.8892230899330138,0.8898386862684321
0,0.9308246347777506,0.9314690312633721
0,0.9713212035406323,0.9719936352174333
0,1.0648861794655484,1.0656233848273275
0,1.0732056864274093,1.0739486512640113
0,1.0732056854295524,1.0739486502654638
0,1.1233097617533128,1.1240874129194864
0,1.1233097634557732,1.1240874146231254
0,1.1281716370897514,1.1289526540621826
0,1.1510063690790169,1.1518031942074574
0,1.1923392414839025,1.1931646807644867
0,1.3106191609298254,1.3115264836947553
0,1.3244493133096338,1.3253662104898254
0,1.3244493185727906,1.3253662157566257
0,1.341045054769617,1.3419734409425508
0,1.3937526805244698,1.3947175554274314
0,1.393752686144474,1.3947175610513263
0,1.4148355153435979,1.4158149855893951
0,1.4294628477836615,1.4304524443209923
0,1.429462841226095,1.4304524377588859
1,6.474357585522903E-8+1.9044774314471721E-6i,6.478839690012717E-8+1.9057958737379296E-6i
1,7.830991446233592E-8+2.799725445202585E-7i,7.83641272880213E-8+2.8016636547967306E-7i
1,1.9121998782683023E-7+1.5615233019767414E-6i,1.9135236666977482E-7+1.5626043220641071E-6i
1,2.2240994849478886E-7-1.5612489295931853E-6i,2.2256391969819552E-7-1.5623297597365029E-6i
1,3.53049210223885E-7-3.09663158140002E-7i,3.532936211062571E-7-3.0987753348351607E-7i
1,8.555032919649436E-7-1.2674603496823685E-6i,8.560955445699807E-7-1.268337794223998E-6i
1,1.2034712710632165E-6+6.236614329246932E-7i,1.2043044168875152E-6+6.240931847505248E-7i
1,1.530619884698718E-6-3.048976357450074E-7i,1.531679510795483E-6-3.0510871198601734E-7i
1,1.63882238603212E-6+8.216019639731477E-8i,1.6399569191618422E-6+8.22170747177183E-8i
1,1.8935186421653913E-6-2.853371942272167E-8i,1.8948294978441962E-6-2.8553472905634276E-8i
1,2.2077691092058078E-5-3.2236706005195536E-5i,2.2092975159559962E-5-3.2259023012375646E-5i
1,0.010111915724647612-4.181674389643293E-15i,0.010118916058236139-4.184569302583949E-15i
1,0.012909034019024204+1.39722512950649E-15i,0.012917970757313917+1.3981924083358592E-15i
1,0.5814430136378861,0.5818455382602247
1,0.6273140559314829-8.222365094683588E-16i,0.627748336415604-8.228057319590997E-16i
1,0.6273835294595675,0.6278178580392114
1,0.6277829597976669,0.6282175648971797
1,0.8224008358490819-2.947769582902385E-16i,0.8229701721006089-2.949810281320404E-16i
1,0.8230123521888735+5.096463238138644E-16i,0.8235821117843534+5.099991446221083E-16i
1,0.889234080770899,0.889849684715116
1,0.9312173905140623,0.9318620588988222
1,0.9712510199344613,0.9719234030241628
1,1.0642662341406017,1.0650030103231631
1,1.0724751786765891+1.3872897582259526E-16i,1.0732176377931988+1.388250158940909E-16i
1,1.073172356247065+3.5417902090926883E-16i,1.0739152980096636+3.5442421394330285E-16i
1,1.1227862782211921+1.9775618019620507E-16i,1.1235635669872575+1.9789308395096957E-16i
1,1.1234354738473287,1.124213212042174
1,1.1291374477665919-4.5640591180585E-16i,1.1299191333558416-4.567218750438178E-16i
1,1.1521091421072012-1.535519379125113E-16i,1.152906730669523-1.5365823970712892E-16i
1,1.1922771078795023+7.335682474448446E-16i,1.193102504145887+7.340760861751011E-16i
1,1.310611860569164+8.860161628905968E-16i,1.3115191782801592+8.866295391166212E-16i
1,1.324273764767502-3.4843701245065093E-16i,1.3251905404179665-3.4867823037494584E-16i
1,1.324449987829022,1.3253668854761735
1,1.341036276523826-3.5506087678380633E-16i,1.3419646566197063-3.553066803139587E-16i
1,1.3920249864320957+2.133529553142004E-16i,1.3929886652773256+2.1350065649169904E-16i
1,1.3929198390907964,1.3938841374296311
1,1.4166286252261733-3.5260461628881606E-16i,1.4176093368161116-3.528487193852115E-16i
1,1.428976707970314+4.3383053041985805E-16i,1.4299659679600552+4.3413086504650296E-16i
1,1.4298609306874162,1.4308508028118068
1,1.440379317840614,1.4413764716929076
2,4.9519321469395134E-8+1.9136172385024496E-6i,4.955360298229564E-8+1.914942008149968E-6i
2,1.2920429828812571E-7+3.2587945267607504E-7i,1.2929374456257238E-7+3.261050543266919E-7i
2,1.8138415498598402E-7+1.556828424735838E-6i,1.815097246235434E-7+1.5579061946273223E-6i
2,1.9746913843532428E-7-1.5542158600222152E-6i,1.9760584347521268E-7-1.5552918212727838E-6i
2,3.6993342249677927E-7-2.9303447072841116E-7i,3.7018952207608163E-7-2.932373342711755E-7i
2,9.680227945730294E-7-1.1362089974479457E-6i,9.686929428088175E-7-1.1369955785691703E-6i
2,1.1511318049626248E-6+6.73953749795336E-7i,1.1519287169285206E-6+6.744203182676488E-7i
2,1.5688124257666567E-6-2.7905310943596447E-7i,1.5698984920094186E-6-2.792462938837152E-7i
2,1.6383255837385083E-6+8.838524056236058E-8i,1.6394597729391595E-6+8.844642839116445E-8i
2,1.8977127272112578E-6-3.4565411395798E-8i,1.8990264863947221E-6-3.4589340532173756E-8i
2,3.922613366160987E-6-8.516532355702321E-6i,3.925328934887001E-6-8.522428228366894E-6i
2,0.020217915773471398+9.596893200441857E-15i,0.020231912345311298+9.603536991356057E-15i
2,0.025816485459266594-3.5109685832429857E-15i,0.02583435784024953-3.513399176215753E-15i
2,0.5800963386465458-9.23224543823225E-17i,0.5804979309851874-9.23863678875362E-17i
2,0.6271230968858869-1.2138276957116033E-16i,0.6275572451718117-1.214668011139496E-16i
2,0.6274309712190874-1.3270440038446188E-15i,0.627865332641978-1.3279626972916895E-15i
2,0.6289836269844213+7.490311437735187E-17i,0.6294190632885314+7.49549687244152E-17i
2,0.8207574385621605-4.1047117203335843E-16i,0.8213256371134198-4.1075533531269667E-16i
2,0.8231737182653276-2.745943441124722E-16i,0.8237435895722176-2.747844418212204E-16i
2,0.8892649401872651-1.1277411376985428E-16i,0.8898805654950116-1.128521856642447E-16i
2,0.9323654108517234-1.04394682255941E-16i,0.9330108739944252-1.044669531906046E-16i
2,0.9710414791217211-9.789980758588621E-16i,0.9717137171493365-9.796758221237796E-16i
2,1.0624422209592324+2.6858088316767428E-15i,1.0631777344037443+2.6876681784403755E-15i
2,1.0704378744018217+1.6477959322865007E-16i,1.0711789231220303+1.6489366776730262E-16i
2,1.0730723248243332,1.0738151973366186
2,1.121486377077618-4.272962546436021E-15i,1.1222627659408475-4.27592065685257E-15i
2,1.1238116239063507-2.5460807415698675E-15i,1.1245896225044634-2.5478433565895786E-15i
2,1.1318806270539783+3.472952179503198E-16i,1.1326642117067318+3.475356454267303E-16i
2,1.1551072318993898-7.698005022002569E-16i,1.1559068959960859-7.703334239985352E-16i
2,1.1920910963207834,1.1929163638140456
2,1.310589957968672-6.005618803181552E-16i,1.3114972605168123-6.009776406564789E-16i
2,1.3237633206860435-3.024817109888313E-15i,1.3246797429634236-3.0269111471993524E-15i
2,1.3244519883106032-2.412190003285658E-15i,1.3253688873426592-2.413859927676024E-15i
2,1.3410128608592078+3.354303521856872E-16i,1.341941224744761+3.3566256578644866E-16i
2,1.3879457378172813-5.600440015795482E-16i,1.3889065926574589-5.604317119741032E-16i
2,1.3906162957822217-2.0950742452853632E-16i,1.3915789994112076-2.0965246350046904E-16i
2,1.420905728546442+1.3801414763555177E-15i,1.4218894011133947+1.3810969284179101E-15i
2,1.427551531394665-1.5221636807367606E-15i,1.4285398047551932-1.5232174527253389E-15i
2,1.4310413869347114-2.0881701754911714E-15i,1.4320320762719567-2.0896157856224367E-15i
2,1.4431607346153783-3.173848689129765E-16i,1.4441598140024374-3.176045898856233E-16i
3,6.632262473152485E-8+1.965006178049526E-6i,6.636853892921302E-8+1.9663665235196066E-6i
3,1.0994819083660129E-7+3.632950960204374E-7i,1.1002430638525398E-7+3.635465999819489E-7i
3,1.5827220907414457E-7+1.5707476171841442E-6i,1.5838177864448935E-7+1.571835023132047E-6i
3,2.42994900753482E-7-1.5053546286395778E-6i,2.4316312262279994E-7-1.506396763963533E-6i
3,3.593491786855848E-7-3.320733097499042E-7i,3.5959795094536844E-7-3.3230319931854743E-7i
3,1.0917658143488462E-6-4.021725877004354E-6i,1.0925216280946394E-6-4.024510059893856E-6i
3,1.100965384819024E-6+7.18249323731316E-7i,1.101727567294929E-6+7.18746557391363E-7i
3,1.3591426607048373E-6-1.1248803544842971E-6i,1.360083575589654E-6-1.1256590929491933E-6i
3,1.5376689326157301E-6-3.663647749209383E-7i,1.5387334386668226E-6-3.666184039769322E-7i
3,1.6251674133917686E-6+8.03320114515392E-8i,1.6262924933806392E-6+8.038762414584079E-8i
3,1.8920527736555675E-6-2.8810033878979902E-8i,1.8933626145347201E-6-2.8829978650410114E-8i
3,0.030312046465268562+9.105036169676494E-15i,0.030333031058374947+9.111339455053762E-15i
3,0.03872076265910545-1.8451045679363855E-15i,0.0387475684853007-1.8463819072490333E-15i
3,0.5779826027049144-2.369778047096502E-16i,0.5783827317346133-2.371418610300565E-16i
3,0.6268002643889214+1.3999804800140632E-16i,0.6272341891825592+1.4009496663328966E-16i
3,0.6275096567160785+5.430695402373875E-16i,0.6279440726118051+5.434454994568818E-16i
3,0.6308556109304889,0.6312923431821178
3,0.8181099751958243+3.6143135157272476E-16i,0.8186763409463332+3.6168156529080337E-16i
3,0.8234417768864519,0.8240118337664637
3,0.8893092926985765,0.8899249487109276
3,0.9341846817826737-4.634732642707345E-16i,0.9348314043804333-4.637941201350046E-16i
3,0.9706955735629784,0.9713675721251583
3,1.0595175618252586-2.2589608670777064E-15i,1.0602510505703835-2.2605247131444243E-15i
3,1.0674527843420332,1.0681917665273952
3,1.072905472368561,1.0736482293712948
3,1.1199108562229605+1.3098545165147342E-15i,1.1206861543757987+1.3107613099273506E-15i
3,1.12443530295468-2.3253420557005417E-15i,1.1252137333168135-2.326951856507886E-15i
3,1.136042090357753,1.1368285559316036
3,1.1593847086160622+1.482362410353635E-15i,1.1601873339482698+1.483388628496086E-15i
3,1.1917823833471843-6.532283022707898E-16i,1.192607437122902-6.536805228143429E-16i
3,1.3105534854103256+1.8670467216287058E-16i,1.3114607627090393+1.8683392511782659E-16i
3,1.322965588875373+4.857792745945043E-15i,1.3238814588945127+4.861155725883913E-15i
3,1.3244552975844701+2.870034628710849E-16i,1.325372198907489+2.872021512339896E-16i
3,1.3409823586976548-4.214756960697294E-15i,1.3419107014670009-4.2176747762253184E-15i
3,1.382897332071481,1.3838546919730856
3,1.3872674366713815,1.3882278219334472
3,1.4252768676943155+1.0702999583662788E-15i,1.4262635663379317+1.0710409116092027E-15i
3,1.4262893673876287-1.9533299986337656E-15i,1.427276766970197-1.9546822608530387E-15i
3,1.4329651943536976+3.4852234695934984E-15i,1.433957215515106+3.487636239594958E-15i
3,1.4473033957545551-2.2841754850065726E-16i,1.4483053430462434-2.2857567867900523E-16i
4,1.1902914955878582E-7+3.881557614791278E-7i,1.1911155172434573E-7+3.884244761212049E-7i
4,1.4179456739657008E-7+1.9618493990701785E-6i,1.4189272973295088E-7+1.963207559147647E-6i
4,1.8422247123424324E-7+1.5740064281011236E-6i,1.843500057972538E-7+1.5750960900768792E-6i
4,2.6162724788638643E-7-1.522052856564242E-6i,2.618083686612153E-7-1.5231065518308421E-6i
4,3.638624417016261E-7-3.3018615682795814E-7i,3.641143384283797E-7-3.3041473994781895E-7i
4,5.205869961808789E-7-2.2459295721799484E-6i,5.209473910589961E-7-2.2474843968689315E-6i
4,1.1205762562835728E-6+6.599738556885146E-7i,1.1213520150832876E-6+6.604307460815254E-7i
4,1.5284651296906727E-6-4.0382566582707117E-7i,1.529523264081586E-6-4.041052285181949E-7i
4,1.5906701065127354E-6-9.344310701055083E-7i,1.591771304513006E-6-9.350779632743544E-7i
4,1.6335041429759254E-6+7.0647638703374E-8i,1.634634994362592E-6+7.069654704593069E-8i
4,1.8950179095074508E-6-2.669814536880669E-8i,1.8963298031074393E-6-2.671662811024421E-8i
4,0.04038827755323534+5.973943289008707E-15i,0.040416237775970344+5.9780789638897845E-15i
4,0.051620255628776236-4.658942143583109E-16i,0.05165599158813018-4.662167462114515E-16i
4,0.5752425870745477,0.575640819230897
4,0.6263386145034343+4.272471548298903E-16i,0.6267722197035066+4.275429318804514E-16i
4,0.6276190118438909,0.6280535034445972
4,0.6332605092415968,0.6336989063696827
4,0.8145753526529769+2.786378819702142E-16i,0.8151392714352175+2.788307789619719E-16i
4,0.8238151976682497+2.385435971474572E-16i,0.8243855130620895+2.387087374434121E-16i
4,0.8893563935289175,0.889972082148495
4,0.9365539672626547+5.076439473177735E-16i,0.9372023300826214+5.079953819096143E-16i
4,0.9702181689419761-2.223904933794002E-16i,0.9708898370038141-2.2254445111431075E-16i
4,1.0556493772174012-7.701192085238011E-16i,1.0563801880740453-7.70652350957876E-16i
4,1.063904451378677-6.222180615341407E-16i,1.0646409771042442-6.226488141347512E-16i
4,1.0726716162478076,1.073414211355318
4,1.1184154197216631+1.206049256712173E-15i,1.119189682605354+1.2068841872387993E-15i
4,1.1253017756441266,1.1260808058528209
4,1.1412372726301476-7.056403087378372E-16i,1.1420273347538459-7.061288133584439E-16i
4,1.1644087962799772-1.6118430930222209E-16i,1.1652148997157-1.6129589487760436E-16i
4,1.1913529581856495,1.192177714676514
4,1.3105026306691807+6.55129862050277E-16i,1.3114098727618897+6.555833990162725E-16i
4,1.3219565313932382+1.9633220248773737E-15i,1.322871702856419+1.9646812044324745E-15i
4,1.3244598781985588+6.323833275032661E-16i,1.3253767826926708+6.328211173710707E-16i
4,1.3409542754153037+1.517351719068074E-15i,1.3418825987429979+1.518402159804908E-15i
4,1.3775079731342155+5.192042094292862E-16i,1.3784616020602647+5.195636470240551E-16i
4,1.3832824415464708,1.3842400680538176
4,1.4222746836129074,1.4232593038877321
4,1.432159822189536,1.4331512858033963
4,1.4355743173929865+5.501248124301847E-16i,1.4365681448126888+5.505056559129829E-16i
4,1.4523940123404897-2.6622044499496666E-16i,1.4533994837927073-2.6640474557398637E-16i
5,1.1823763118607382E-7+4.0084858075071924E-7i,1.1831948539486655E-7+4.0112608244873113E-7i
5,1.2128762978390668E-7+1.8644817139519362E-6i,1.2137159546279177E-7+1.8657724677836319E-6i
5,2.276026507296073E-7+1.5250012920818831E-6i,2.277602167659674E-7+1.5260570285079183E-6i
5,2.9564717203768565E-7-1.5297744640087046E-6i,2.95851844315929E-7-1.5308335048329044E-6i
5,3.218656616613942E-7-1.8445016565992307E-6i,3.220884846223124E-7-1.8457785785250446E-6i
5,3.7964166971302894E-7-3.1853231697370865E-7i,3.7990449017202656E-7-3.187528323081182E-7i
5,1.115776189170389E-6+5.896819085057733E-7i,1.1165486249527888E-6+5.900901367963432E-7i
5,1.3784555433473733E-6-7.095200705562098E-7i,1.3794098282626308E-6-7.100112610800333E-7i
5,1.628649391227497E-6-3.3877491558984494E-7i,1.6297768817394633E-6-3.3900944458367083E-7i
5,1.6348884067482993E-6+5.956924645166285E-8i,1.6360202164408344E-6+5.961048538285394E-8i
5,1.9070973611833233E-6-2.3968062913164035E-8i,1.908417617213696E-6-2.3984655657845834E-8i
5,0.0504404615392172-2.3180007325091817E-14i,0.05047538074411852-2.3196054510242367E-14i
5,0.0645133264797846+2.725501397985403E-16i,0.064557988126357+2.727388223340898E-16i
5,0.5720069414057521,0.5724029335712162
5,0.6257282443497829+7.416950599369746E-16i,0.6261614269993906+7.422085247424481E-16i
5,0.627758236958654,0.6281928249429015
5,0.6360709785502564,0.6365113213257584
5,0.8102864637121946,0.8108474133584053
5,0.8242921118579606+3.5773487040331427E-16i,0.8248627574126236+3.579825251007291E-16i
5,0.8893909569648646-2.9446623854195837E-16i,0.8900066695122109-2.946700932769546E-16i
5,0.9393333773663665-5.64403675524187E-16i,0.9399836643319089-5.647944040582105E-16i
5,0.9696158330126856+1.9420182417243462E-16i,0.9702870840860368+1.9433626729772628E-16i
5,1.051025120296168+2.2107656681969446E-15i,1.0517527298463605+2.2122961494217555E-15i
5,1.0601081568204076+3.381500400422943E-16i,1.0608420544259398+3.383841364437803E-16i
5,1.0723705360661735,1.0731129227402112
5,1.1171593445602745-3.1173423474808534E-15i,1.1179327378812256-3.1195004386810023E-15i
5,1.1264046429245451-1.110079058654372E-15i,1.1271844366323702-1.110847550395386E-15i
5,1.1471509992575095-8.532527842899199E-16i,1.1479451553689615-8.538434789009134E-16i
5,1.1698040725945715+8.152260028181617E-16i,1.1706139111023648+8.157903720361388E-16i
5,1.1908056620359722-5.155198422688738E-16i,1.1916300396415964-5.158767292293328E-16i
5,1.3104379800092754-2.863629670714129E-16i,1.311345177345264-2.865612120283021E-16i
5,1.3208355753234844+2.9154909649242924E-15i,1.321749970764926+2.9175093173200763E-15i
5,1.3244656773649677+1.4661162687113777E-15i,1.3253825858737591+1.4671312398840043E-15i
5,1.3409377419636974-1.8866059791542248E-15i,1.3418660538455216-1.8879120492960083E-15i
5,1.3720383321148395-1.421430387083951E-15i,1.3729881744872043-1.4224144228644513E-15i
5,1.3789568921770832+2.9303454668102696E-16i,1.3799115241689133+2.932374102763722E-16i
5,1.4186745945744694+1.0077032575640166E-15i,1.4196567225595143+1.0084008760127148E-15i
5,1.4382688356183368-1.0972819345280257E-15i,1.4392645284141905-1.0980415670043564E-15i
5,1.4387995623699366+9.468326367606744E-16i,1.4397956225802748+9.474881153554646E-16i
5,1.458130991759952-5.659664216891633E-16i,1.4591404348403776-5.663582320898446E-16i
6,4.769476199312966E-8+1.8341703633973517E-6i,4.7727780389788513E-8+1.83544013311771E-6i
6,1.1025842143601132E-7+4.139777833951751E-7i,1.1033475175283894E-7+4.1426437425104436E-7i
6,1.2561357978282902E-7-1.7456810875486196E-6i,1.2570054025458075E-7-1.7468895974180438E-6i
6,2.3569011520482724E-7+1.4328227598028849E-6i,2.3585328007633924E-7+1.433814682358905E-6i
6,3.2394146770266174E-7-1.435597788447369E-6i,3.2416572771419926E-7-1.4365916321157442E-6i
6,3.8822426289645385E-7-2.8000725355509205E-7i,3.884930249610754E-7-2.802010985430714E-7i
6,1.1247781013665968E-6+5.107754321918106E-7i,1.1255567690431325E-6+5.111290346655191E-7i
6,1.25455849812834E-6-6.064628133445952E-7i,1.2554270109039966E-6-6.068826588138469E-7i
6,1.6393075330333227E-6-2.2107099578279544E-7i,1.640442402023325E-6-2.2122404004852796E-7i
6,1.640645713868931E-6+5.3548443766338795E-8i,1.6417815092622484E-6+5.358551458256377E-8i
6,1.916838832900188E-6-1.710075442804363E-8i,1.918165832811099E-6-1.7112593033988496E-8i
6,0.060462290272016786+9.024929674989933E-15i,0.060504147444579916+9.031177503794907E-15i
6,0.07739829934543674+4.727364840431662E-16i,0.07745188107310898+4.730637527010431E-16i
6,0.5683811767485222-1.2261203605528074E-16i,0.5687746588493452-1.2269691860154874E-16i
6,0.6249561220520122+6.443432587162576E-16i,0.625388770172476+6.447893282721517E-16i
6,0.6279263110123557,0.6283610153518495
6,0.6391857200599973+7.433985377977565E-17i,0.6396282191261768+7.439131818964135E-17i
6,0.8053770490559752-1.550148546158882E-16i,0.8059345999851423-1.551221691666655E-16i
6,0.8248701062029585+3.008866007957042E-16i,0.8254411518947803+3.010949002549999E-16i
6,0.8893929332882269,0.8900086472037534
6,0.942378669208411-2.604625450842661E-16i,0.9430310643856267-2.6064285955212334E-16i
6,0.9688966170371195+4.192294136772696E-16i,0.9695673702076115+4.195196401611306E-16i
6,1.0458373864883634-3.354625912224588E-16i,1.046561404645173-3.3569482714184103E-16i
6,1.0563000034361474-1.7145541763612773E-16i,1.05703126471195-1.715741137518487E-16i
6,1.0720020096072505+1.4016179430424015E-16i,1.0727441411557297+1.402588262953301E-16i
6,1.116180667335754-2.1846823198171215E-16i,1.1169533831325609-2.1861947439155939E-16i
6,1.127736046364378+9.02805938040765E-16i,1.1285167617836247+9.034309375862602E-16i
6,1.1535473375515222-3.973539055267441E-16i,1.1543459217558323-3.9762898791144115E-16i
6,1.1753021343294663+2.669001847690923E-16i,1.176115779066196+2.670849559221656E-16i
6,1.1901442367746946+4.260575722012485E-16i,1.1909681564851387+4.263525257208924E-16i
6,1.3103609531286073+5.083527340912512E-16i,1.3112680971399961+5.08704659365965E-16i
6,1.3197197248105956+3.2243666797575122E-15i,1.3206333477648016+3.2265988623611524E-15i
6,1.3244726265115416,1.325389539831127
6,1.3409406036466327+1.362998820176279E-15i,1.3418689175095586+1.3639424046247475E-15i
6,1.3666190055462133-1.1099163122942822E-15i,1.3675650961968628-1.1106846913683353E-15i
6,1.374483087525256+3.6322986433199107E-16i,1.3754346223665734+3.6348132313454433E-16i
6,1.4145969347086529-8.597024804498131E-16i,1.4155762397885132-8.602976400925466E-16i
6,1.4425678858441242+1.5501286015552914E-15i,1.4435665548105192+1.5512017332557024E-15i
6,1.4445026616482501-8.252048214902349E-16i,1.4455026700320626-8.257760989006282E-16i
6,1.4643138619642369-3.366472795596812E-16i,1.465327585356637-3.368803356217332E-16i
7,6.672918085804568E-9+1.8675023318945907E-6i,6.677537650868356E-9+1.8687951768565744E-6i
7,5.5030569664663845E-8-1.6697672832662677E-6i,5.50686665352974E-8-1.6709232391025669E-6i
7,8.664455734939077E-8+4.2261087770377834E-7i,8.670454012828177E-8+4.2290344512647304E-7i
7,1.9848127317955764E-7+1.3625077848352524E-6i,1.9861867890574915E-7+1.363451029347028E-6i
7,2.875148277679603E-7-1.3719662375335255E-6i,2.877138701414166E-7-1.3729160299958501E-6i
7,3.958836882421734E-7-2.335474385646242E-7i,3.961577528166236E-7-2.3370912009196462E-7i
7,1.1084381684221663E-6+4.278252872396431E-7i,1.1092055241985103E-6+4.281214645229431E-7i
7,1.1504427755758036E-6-5.479695359486197E-7i,1.1512392105365808E-6-5.483488873645577E-7i
7,1.6041574286048556E-6-1.358780415999152E-7i,1.6052679636839186E-6-1.359721080107177E-7i
7,1.6425998091723591E-6+3.86292339162289E-8i,1.6437369573577053E-6+3.865597637839398E-8i
7,1.9164388118843484E-6-7.585708939523145E-9i,1.917765534866472E-6-7.590960416545716E-9i
7,0.07044724758896746-1.004719849813192E-14i,0.07049601720364239-1.0054154028916819E-14i
7,0.09027344958931235-1.2869541921663424E-15i,0.0903359445980249-1.287845132014304E-15i
7,0.5644447987548115,0.5648355557578552
7,0.6240058879959416+5.28679330429612E-16i,0.6244378782830571+5.290453275141552E-16i
7,0.6281219969053118+3.8453435903016214E-16i,0.6285568367153304+3.8480056662749214E-16i
7,0.6425303225021529-1.1393667208870557E-16i,0.6429751369884225-1.1401554880547284E-16i
7,0.7999728817292981+5.100581547624369E-16i,0.8005266914312749+5.104112606753138E-16i
7,0.8255462152008506-2.2940660008576894E-16i,0.8261177289531918-2.295654149702815E-16i
7,0.8893372603927497,0.8899529357667327
7,0.9455492152740035-4.0408197481124604E-16i,0.946203805374587-4.043617149413872E-16i
7,0.9680698069199982+1.276328492692955E-16i,0.9687399877017568+1.27721207652224E-16i
7,1.0402657585971486+2.361672400770557E-15i,1.0409859195962314+2.363307352552435E-15i
7,1.0526578130084685+1.5234987124570026E-15i,1.0533865528483057+1.524553408668809E-15i
7,1.0715658598699083,1.0723076894782073
7,1.1154622481898233-1.4389691940734284E-15i,1.1162344666354047-1.4399653717173514E-15i
7,1.1292868980009867+1.6835436917707388E-16i,1.130068687052481+1.6847091848161888E-16i
7,1.160248236562391-3.0635416493398765E-16i,1.161051459702556-3.0656624950917307E-16i
7,1.1806939960818383-4.510842255621224E-16i,1.1815113735267866-4.513965046733655E-16i
7,1.1893733770839487+2.2075624666364838E-16i,1.1901967631393335+2.2090907303309984E-16i
7,1.3102745497265351,1.3111816339220932
7,1.318737553842622-1.5195264618124672E-15i,1.3196504968540157-1.5205784080923746E-15i
7,1.324480640553653+5.760203910619082E-16i,1.3253975594212444+5.764191616807533E-16i
7,1.3409698582386944-2.481012398868119E-16i,1.3418981923541529-2.4827299680115226E-16i
7,1.3613336889184644+6.918695306167915E-16i,1.3622761206205503+6.923485019260806E-16i
7,1.3699835295143459+3.133092143267197E-16i,1.370931949376471+3.1352611378240843E-16i
7,1.4101449602987695+1.6268105886896407E-15i,1.4111211833408792+1.6279368062250992E-15i
7,1.4468078239863649,1.4478094282008571
7,1.4507994722593125+1.8530000746570927E-15i,1.4518038398344022+1.854282879915304E-15i
7,1.4708094472629456-1.8729465854477747E-16i,1.4718276674554756-1.874243199388066E-16i
8,2.482325874724399E-9-1.8791930146760255E-6i,2.4840443531682165E-9-1.8804939529292882E-6i
8,2.363464020718856E-8+4.394750667055944E-7i,2.365100212813415E-8+4.3977930896339734E-7i
8,2.6204777845786565E-8-1.651234612434092E-6i,2.622291903599512E-8-1.6523777383693474E-6i
8,1.6850423790626617E-7+1.3292588093633533E-6i,1.686208909627735E-7+1.3301790360883794E-6i
8,2.0423778949937035E-7-1.3363085810027125E-6i,2.0437918037888432E-7-1.3372336881830886E-6i
8,3.6628535134608835E-7-1.8209970427820184E-7i,3.665389254182855E-7-1.8222576928022837E-7i
8,1.0456484243413758E-6-3.9149393269274514E-7i,1.0463723116824128E-6-3.917649583026653E-7i
8,1.0697319221527682E-6+3.669058532721362E-7i,1.0704724821524044E-6+3.671598569088781E-7i
8,1.584158107217907E-6-6.084049900243863E-8i,1.5852547970548747E-6-6.088261800345753E-8i
8,1.6299766280816474E-6+1.2534178595017172E-8i,1.6311050374205685E-6+1.2542855826296843E-8i
8,1.9131891400240864E-6-3.1749997509118494E-9i,1.9145136133051946E-6-3.1771977575018075E-9i
8,0.08038855672540487-2.371522343495857E-15i,0.08044420856518499-2.37316411425119E-15i
8,0.10313699206479156-5.633134700962356E-16i,0.10320839231865356-5.637034438967462E-16i
8,0.5602560689946299,0.5606439262004015
8,0.6228576490815856+7.141116256416001E-16i,0.6232888444594415+7.146059948328653E-16i
8,0.6283438480847829+7.480745047801789E-17i,0.6287788414791771+7.48592385983418E-17i
8,0.6460524772113104,0.6464997300345464
8,0.7941883643163614+2.6756131249230344E-16i,0.7947381694802622+2.6774654133457564E-16i
8,0.8263169118534347,0.8268889591479662
8,0.8891936371774488+4.0824455627027207E-16i,0.8898092131231488+4.0852717809559316E-16i
8,0.9487108887073116-3.6600868976552573E-16i,0.9493676675888673-3.6626207230889616E-16i
8,0.9671456614468746+2.677090517665712E-16i,0.967815202456035+2.678943828866147E-16i
8,1.034468673839623,1.0351848216004382
8,1.049323213555183+5.045638457977425E-16i,1.0500496448998557+5.049131480796717E-16i
8,1.0710620136128763,1.0718034944156698
8,1.1149689479398017+5.978589088025703E-16i,1.1157408248807263+5.982727979126516E-16i
8,1.1310471177400945,1.1318301253663572
8,1.1671101359952032+2.491795235616468E-16i,1.1679181095294964+2.49352026956242E-16i
8,1.1858027483595024-4.09450334848051E-16i,1.1866236625200581-4.0973379141651154E-16i
8,1.1884987787921428-3.4532784460037473E-16i,1.1893215593757291-3.455669100925562E-16i
8,1.310184593462579+4.883885739812234E-16i,1.3110916153827117+4.887266783554876E-16i
8,1.3180231132400393+3.803352198802729E-15i,1.3189355616544955+3.805985204740603E-15i
8,1.324489616734439,1.3254065418161112
8,1.3410329281961841+4.477534336660851E-16i,1.3419613059740656+4.480634069180805E-16i
8,1.3562495605693232+8.775368483390798E-16i,1.3571884726025927+8.781443544577894E-16i
8,1.3655373292001094,1.3664826710218065
8,1.4054034443966505+2.3816747811716788E-15i,1.4063763849556055+2.383323580313363E-15i
8,1.4514527182459636+2.1823873274156484E-16i,1.4524575380538394+2.1838981627239415E-16i
8,1.4571195110634654+3.31647895546331E-16i,1.4581282539103755+3.318774906068494E-16i
8,1.4775250436150025-6.194627516711702E-16i,1.4785479129181451-6.198915968104542E-16i
9,5.600738598293816E-10-5.321042044495371E-7i,5.604615908943729E-10-5.32472572525027E-7i
9,3.1003806117996187E-9-1.8866483891070041E-6i,3.1025269606344985E-9-1.8879544886085869E-6i
9,1.6427541716527824E-8-1.6300681171086541E-6i,1.6438914267010502E-8-1.6311965897841106E-6i
9,1.370351536832877E-7+1.3161813301847856E-6i,1.371300211461167E-7+1.3170925035593645E-6i
9,1.5267226003870024E-7-1.3033110136778524E-6i,1.527779528449981E-7-1.3042132771177176E-6i
9,4.0420186993241364E-7-1.29269567313725E-7i,4.0448169306422006E-7-1.2935905877297787E-7i
9,1.005160179857029E-6-2.8740305213018415E-7i,1.0058560377696648E-6-2.8760201712297655E-7i
9,1.010184265285751E-6+2.961710345055767E-7i,1.0108836013003545E-6+2.963760694462601E-7i
9,1.5272492996708547E-6-2.6377128010109768E-8i,1.5283065923601601E-6-2.6395388515854292E-8i
9,1.6536853918981594E-6-9.937061126352453E-9i,1.6548302144727328E-6-9.943940410621456E-9i
9,1.911303456364092E-6-1.3689697767570621E-9i,1.912626624213567E-6-1.3699174948127568E-9i
9,0.09027912098561373-2.6946174949610398E-14i,0.09034161992055223-2.6964829398353708E-14i
9,0.11598706814250324-8.959986307223507E-16i,0.1160673643189215-8.966189176670521E-16i
9,0.5558575930900241+1.3661728675836076E-16i,0.5562424052942894+1.3671186493793725E-16i
9,0.6214878001857067+6.648550817809553E-16i,0.6219180472369055+6.653153513764732E-16i
9,0.6285902164203446-8.109386159651808E-17i,0.6290253803719884-8.115000170870016E-17i
9,0.6497163696721425-4.524499084594164E-16i,0.6501661589553489-4.527631330132558E-16i
9,0.7881265397476052+2.397787157170787E-16i,0.788672148397681+2.399447110678268E-16i
9,0.8271780971008621-2.534256389051206E-16i,0.8277507405815345-2.5360108182420044E-16i
9,0.8889263975474486+2.976043203349038E-16i,0.8895417884870025+2.9781034751871956E-16i
9,0.9517364702593701-5.213670652194293E-16i,0.9523953437074492-5.217280001281047E-16i
9,0.9661351533556986+2.632571198311002E-16i,0.9668039948046644+2.6343936894279727E-16i
9,1.028582876224785+2.5072817892423812E-15i,1.0292949493326997+2.5090175443063155E-15i
9,1.0464169648210417,1.0471413842115818
9,1.070490571688509+3.2762115724473617E-16i,1.0712316568902898+3.278479646523357E-16i
9,1.1146646446110708-1.6541947490570727E-15i,1.1154363108871845-1.65533992425227E-15i
9,1.13300586181825,1.1337902254548209
9,1.1740057968969397-7.149614922097551E-16i,1.1748185441979395-7.154564497514028E-16i
9,1.1875271754487837,1.188349283405372
9,1.1904711371482486+4.146282318930955E-16i,1.191295283167112+4.1491527304508983E-16i
9,1.3101017283815632,1.3110086929353937
9,1.3177086769160804-7.807204731604581E-15i,1.318620907650799-7.81260954697324E-15i
9,1.324499432793584+2.357146455224334E-16i,1.3254163646707722+2.3587782737593086E-16i
9,1.3411394737020335+3.564905856549889E-16i,1.3420679252398338+3.5673737895199704E-16i
9,1.3514297915713598+1.7277912913706407E-15i,1.3523653669479836+1.7289874163918833E-15i
9,1.3611968012455968+1.827026795499681E-16i,1.362139138182319+1.828291619830891E-16i
9,1.4004404978937028+2.415180056563849E-15i,1.4014100026762877+2.4168520509250256E-15i
9,1.4564420596998253,1.4574503335569156
9,1.4634328648443427-1.669459002216949E-16i,1.464445978335128-1.6706147446347186E-16i
9,1.484391324094641-5.712131001287413E-16i,1.4854189468248473-5.71608542729325E-16i
10,2.157956859327599E-9-1.891875503359926E-6i,2.159450781774769E-9-1.8931852215174063E-6i
10,9.515921541028086E-9+6.261156223564921E-7i,9.522509276428915E-9+6.265490731823134E-7i
10,1.4316595801525963E-8-1.6239199289679455E-6i,1.4326506974561011E-8-1.62504414534132E-6i
10,1.2112362579804324E-7+1.3281551654315831E-6i,1.2120747793933152E-7+1.3290746281198136E-6i
10,1.2673682870048014E-7-1.2814172032972232E-6i,1.2682456678127655E-7-1.282304309967554E-6i
10,4.94181942199248E-7-1.4210500737862795E-7i,4.945240572388728E-7-1.4220338462813624E-7i
10,9.526171893663413E-7+2.36194763139549E-7i,9.532766725235709E-7+2.3635827737155646E-7i
10,9.681781205009697E-7-2.1254772148516507E-7i,9.688483762666602E-7-2.126948652108837E-7i
10,1.4943307867284226E-6-1.4996817813050356E-8i,1.495365290405427E-6-1.5007199893985013E-8i
10,1.6627777863359215E-6-1.4225484617735681E-8i,1.6639289034441834E-6-1.4235332715810697E-8i
10,1.910453560331925E-6-1.5793282885763026E-10i,1.91177613981062E-6-1.5804216347994008E-10i
10,0.10011145587476301-5.341316171912695E-16i,0.10018076159350514-5.345013888153946E-16i
10,0.12882173115875603-9.496393577941722E-17i,0.12891091258749016-9.502967794415016E-17i
10,0.5512810114508552,0.5516626553535797
10,0.6198689238903914+8.444022956796683E-16i,0.6202980502168517+8.44986863224893E-16i
10,0.6288592613887459,0.6292946115963457
10,0.6534979751862634,0.6539503824204911
10,0.7818807284299024-4.086608528201894E-16i,0.7824220131947773-4.08943762841615E-16i
10,0.8281250881833369-1.5702116651982267E-16i,0.8286983872522939-1.5712987001142904E-16i
10,0.8884946070984676,0.8891096991157138
10,0.9545062709717527,0.9551670619129644
10,0.9650497259246447,0.965717815947836
10,1.0227265717706349-2.122950443506727E-16i,1.023434590643339-2.1244201315165111E-16i
10,1.0440469191265171+1.0999778532456554E-15i,1.0447696977685645+1.100739352067678E-15i
10,1.0698518911690227,1.0705925342214806
10,1.1145184804168848+4.491514055445822E-16i,1.1152900455056325+4.494623465923704E-16i
10,1.135151728668119-2.0336356095673646E-16i,1.1359375778573977-2.035043466204241E-16i
10,1.180811039512638-2.0397443800891084E-16i,1.1816284979850675-2.041156465739817E-16i
10,1.1864663549961965,1.187287728562067
10,1.1945593812322688,1.195386357483618
10,1.3100444326002194,1.3109513574890062
10,1.3179146284975676+5.607915727880067E-16i,1.3188270018095996+5.611798007153403E-16i
10,1.3245099440777008,1.3254268832316998
10,1.341303932671427,1.3422324980618028
10,1.346939012140273+1.9791594541336703E-15i,1.3478714786149886+1.9805295977128985E-15i
10,1.3569972805512578+2.3536913283641646E-16i,1.3579367102202995+2.3553207549645874E-16i
10,1.3953104872320898-1.843441612791792E-16i,1.396276440582194-1.8447178008645486E-16i
10,1.4617214972930708+3.8930151311377797E-16i,1.4627334260287537+3.8957102094320657E-16i
10,1.4697136939468998+1.6010726476031417E-15i,1.470731155565194+1.602181047132755E-15i
10,1.4913519422738153-5.346951032423704E-16i,1.4923843837397157-5.350652649597712E-16i
11,2.8862775651657987E-9-1.8935670936350864E-6i,2.888275693545765E-9-1.8948779828561458E-6i
11,1.1013428723043222E-8-1.6173125196396712E-6i,1.1021053161093754E-8-1.6184321617987511E-6i
11,2.2066209809616982E-8+7.089239159239374E-7i,2.2081485928792425E-8+7.09414693738497E-7i
11,8.455172574635158E-8+1.3329963188756575E-6i,8.461025968807218E-8+1.3339191330246782E-6i
11,8.916632133625027E-8-1.2394691263787194E-6i,8.9228049896022E-8-1.2403271929996843E-6i
11,5.694012993073315E-7-2.1200907690815976E-7i,5.697954876243064E-7-2.121558477379972E-7i
11,8.63264177542871E-7+2.1977758453442506E-7i,8.638618028971938E-7+2.199297333901826E-7i
11,1.029064086808738E-6-7.553060124638425E-8i,1.0297764930518077E-6-7.558288999356773E-8i
11,1.476072781145776E-6-1.620551651044766E-9i,1.4770946450685321E-6-1.6216735356078563E-9i
11,1.6659401813231612E-6-1.2473781903451613E-8i,1.6670934877119169E-6-1.2482417322971758E-8i
11,1.909660516490206E-6-5.809668546970944E-10i,1.9109825469560736E-6-5.813690496814576E-10i
11,0.10987761052506684-6.755366766435542E-15i,0.1099536772119866-6.760043409533213E-15i
11,0.14163892984972296-7.483980408298792E-16i,0.1417369844404721-7.489161460124648E-16i
11,0.5465505071352437,0.546928876177976
11,0.6179698399916166+1.098736387100059E-15i,0.6183976516096511+1.099497026472953E-15i
11,0.6291489606014892+1.076927469134687E-15i,0.6295845113636805+1.0776730105078433E-15i
11,0.6573815479132344+1.0343828904981392E-15i,0.657836643688916+1.0350989788723829E-15i
11,0.7755365984868922,0.7760734913019982
11,0.829152606269815-1.1064602336508503E-16i,0.8297266166747413-1.1072262201314453E-16i
11,0.8878525549146958+6.333439513128351E-16i,0.8884672024484642+6.337824062066649E-16i
11,0.9569111810148773,0.9575736368406678
11,0.9639010740469451+3.9042691986721423E-16i,0.9645683688749886+3.906972067995261E-16i
11,1.0170033646830703+2.5917699326853704E-15i,1.0177074214619537+2.593564177673913E-15i
11,1.0423092203287851,1.0430307959869876
11,1.0691466788274928,1.0698868336716056
11,1.11450620732841-4.858758605529947E-16i,1.1152777639206752-4.862122254119494E-16i
11,1.1374729319651677,1.138260388090051
11,1.1853251489760193+2.0855259590373577E-16i,1.186145732501402+2.0869697386156633E-16i
11,1.1873949933176828-5.708722420831847E-16i,1.188217009766486-5.712674487126537E-16i
11,1.197950263987583-2.6738190969566E-16i,1.1987795876982166-2.6756701433996045E-16i
11,1.3100430846776037+7.7714421779278905E-16i,1.3109500086332428+7.776822235395817E-16i
11,1.3187350261586641+5.945090216706505E-15i,1.3196479674201784+5.949205917021272E-15i
11,1.32452097895411+1.5542897418299417E-15i,1.3254379257473947+1.5553657542278212E-15i
11,1.3415495678318898+2.095663346453649E-15i,1.3424783032719487+2.0971141439992285E-15i
11,1.3428452572752798+2.5059058535132047E-16i,1.3437748897024753+2.507640656036655E-16i
11,1.352962904460479+3.718114014856334E-16i,1.3538995411890704+3.7206880116273647E-16i
11,1.3900569702116308,1.3910192866275815
11,1.467242008350844-5.624669502643E-15i,1.468257758856806-5.628563380313256E-15i
11,1.475937035451566-3.6514497322314524E-16i,1.4769588053995333-3.653977578279957E-16i
11,1.4983570993094757-3.818012946657157E-16i,1.4993943903446787-3.8206561020195743E-16i
12,1.8023228179378941E-9-1.8945532901092395E-6i,1.803570540061312E-9-1.8958648620599116E-6i
12,1.0352058500652236E-8-1.6001174301664613E-6i,1.0359225081625204E-8-1.6012251684128035E-6i
12,3.456415411547449E-8+1.3904534830612786E-6i,3.4588082381453186E-8+1.3914160739773633E-6i
12,8.122469040694249E-8-1.1061365896146418E-6i,8.128092109002538E-8-1.106902352041133E-6i
12,8.973261287103135E-8+8.223837741353763E-7i,8.979473346627486E-8+8.229530985753247E-7i
12,5.872442294186322E-7-2.8473677257586783E-7i,5.876507701390861E-7-2.84933891741734E-7i
12,7.487582195194123E-7+2.821469489739943E-7i,7.492765740485163E-7+2.823422752422887E-7i
12,1.171772431303592E-6-3.44478336601708E-8i,1.1725836324777644E-6-3.447168139917395E-8i
12,1.4367271920281229E-6+1.5877827092186704E-8i,1.4377218175663274E-6+1.5888819083153892E-8i
12,1.6713271681918573E-6-6.868580649239174E-9i,1.6724842039140195E-6-6.873335668677002E-9i
12,1.9104454789000424E-6-2.514864902670257E-10i,1.9117680527840787E-6-2.5166059074143784E-10i
12,0.11956907577946783-2.8622007178572614E-15i,0.11965185172817239-2.864182178182676E-15i
12,0.15443648921517544-1.4162175544692716E-15i,0.1545434033719175-1.4171979814808463E-15i
12,0.5416853177447236,0.5420603186869266
12,0.6157558973835322+9.060334698205474E-16i,0.6161821763209921+9.066607037397993E-16i
12,0.6294571217066426+1.0406537705740398E-16i,0.6298928858043279+1.0413742001882248E-16i
12,0.661357120495695-7.491474087689071E-17i,0.661814968503005-7.496660327281219E-17i
12,0.7691739878211385-8.059153394741156E-16i,0.7697064758925375-8.064732630539846E-16i
12,0.8302547638110562-6.109536107441805E-16i,0.8308295372237712-6.113765651277796E-16i
12,0.8869508554879925,0.8875648787882373
12,0.9588593123128467-4.811641242450453E-16i,0.9595231168018709-4.814972272368292E-16i
12,0.962700955023576,0.963367419026508
12,1.0115053651144894-1.868656197591635E-15i,1.0122056157074732-1.869949841358219E-15i
12,1.0412835512988599+2.1244376334395744E-16i,1.042004416901168+2.125908351009525E-16i
12,1.0683760949174317,1.0691157162974043
12,1.1146096466167157+7.704434527232174E-16i,1.1153812748185103+7.709768196268808E-16i
12,1.1399574340322334,1.140746610142107
12,1.1841133880886674,1.184933132729444
12,1.1936133017326953-5.050149089017636E-16i,1.1944396230268362-5.053645234481819E-16i
12,1.2005583566822873+2.8360198976005055E-16i,1.2013894859379224+2.8379832333212056E-16i
12,1.3101442614507683+9.911151746184113E-16i,1.3110512554496299+9.918013093762465E-16i
12,1.3202182859931153-1.5218616974159026E-15i,1.3211322540940458-1.522915260345778E-15i
12,1.324532331440329,1.3254492860927765
12,1.339219861974311-1.389262034258416E-15i,1.3401469845925653-1.3902238003516579E-15i
12,1.3419157160764938,1.342844704995708
12,1.349110084859642,1.3500440543367258
12,1.3847152342969677+8.067969517608312E-16i,1.3856738527060954+8.073554856681863E-16i
12,1.472958578984212,1.4739782869896731
12,1.4820766567068777-5.866267227012878E-16i,1.4831026770261955-5.870328359307369E-16i
12,1.50535937580453-6.380866310926393E-16i,1.506401514414879-6.385283692753598E-16i
13,1.16854163919754E-9-1.585770459323164E-6i,1.1693506037408785E-9-1.5868682653682675E-6i
13,1.2032312910562782E-9-1.8961595255003534E-6i,1.2040642707458752E-9-1.897472209424648E-6i
13,8.418401948771203E-9+1.42689320939953E-6i,8.424229887168679E-9+1.4278810270132247E-6i
13,7.9732588660165E-8-1.0229335206501442E-6i,7.978778638270312E-8-1.0236416827905763E-6i
13,9.140649379732529E-8+8.179887127737731E-7i,9.146977319622092E-8+8.185549945760541E-7i
13,5.191680302159634E-7-2.0125851378325025E-7i,5.19527442764384E-7-2.0139784215310403E-7i
13,6.265340200103572E-7+1.7316311536964303E-7i,6.269677604868472E-7+1.7328299369990457E-7i
13,1.2368057620892592E-6-2.4134929087591076E-8i,1.237661984901494E-6-2.4151637351321636E-8i
13,1.4006388534718867E-6+1.9386864347099335E-8i,1.401608495573181E-6+1.9400285594008506E-8i
13,1.6745842063548824E-6-6.697676920327394E-10i,1.6757434968776453E-6-6.702313625575658E-10i
13,1.911456705996876E-6+5.427223486429383E-10i,1.912779979938864E-6+5.430980675066932E-10i
13,0.12917667571258254-4.4454880803180675E-14i,0.1292661028643181-4.448565627676398E-14i
13,0.1672120880865727-1.3473816988614788E-15i,0.16732784660637395-1.3483144718018342E-15i
13,0.5367015187338247,0.5370730694637669
13,0.6131896158903666+7.135610483916232E-16i,0.6136141182281175+7.140550364261897E-16i
13,0.6297813956922289+8.595560860462288E-16i,0.6302173842801231+8.601511443422257E-16i
13,0.6654187513872479-3.874727328339946E-16i,0.6658794112031142-3.8774097462518007E-16i
13,0.7628681222091965-1.5770006666550654E-16i,0.7633962448206717-1.5780924014990384E-16i
13,0.8314250522227096-3.224607849957663E-16i,0.8320006358092333-3.2268401995199586E-16i
13,0.8857383797294812+1.4401066571138079E-16i,0.8863515636502248+1.441103622207008E-16i
13,0.9602854814059061-7.358365487426638E-16i,0.9609502732112488-7.363459577852325E-16i
13,0.9614610310021189-1.5453010586020847E-15i,0.9621266366235125-1.5463708482640528E-15i
13,1.006314754911193-3.5355046873173636E-15i,1.0070114121195066-3.5379522662815257E-15i
13,1.0410243436847524+7.352347503113899E-16i,1.0417450298413635+7.357437427375741E-16i
13,1.0675418653991697+1.4281696834878527E-16i,1.0682809092540642+1.4291583847861703E-16i
13,1.1148156167989176-2.33904799882722E-16i,1.1155873875909024-2.34066728806155E-16i
13,1.1425930356477891-5.936692133967459E-16i,1.1433840363466938-5.940802020410525E-16i
13,1.1828418200890387,1.1836606844416067
13,1.1993051193818278-1.4545587017174265E-15i,1.2001353810393334-1.455565671752916E-15i
13,1.202339039792889-1.0939514803951458E-15i,1.2031714017897899-1.0947088072460572E-15i
13,1.310412372942983+6.782053681086752E-16i,1.3113195525515686+6.786748799150997E-16i
13,1.3223428879877244-2.877144403368809E-14i,1.3232583269200098-2.87913620899243E-14i
13,1.324543749123319-3.5673535308735817E-16i,1.325460711680064-3.5698231583333374E-16i
13,1.3361370759909243+2.1884129832745532E-16i,1.3370620644408515+2.1899279900575948E-16i
13,1.3424715657907378+1.6244860488863075E-15i,1.3434009395167015+1.6256106571763464E-15i
13,1.3454496607065736,1.3463810961247464
13,1.379314352268147+2.71594760761245E-15i,1.3802692317244487+2.7178278190164974E-15i
13,1.4788285846302842+3.320668511974614E-15i,1.4798523563560937+3.322967362949418E-15i
13,1.4881032806515275,1.4891334731157855
13,1.5123108939547076-4.497854292452476E-16i,1.5133578450009315-4.500968092185103E-16i
14,2.7385277488963535E-9-1.8976850131722342E-6i,2.7404235922069328E-9-1.8989987531696683E-6i
14,4.478300935134326E-9+1.5788987700948137E-6i,4.481401198359359E-9+1.5799918189684548E-6i
14,6.003716278208715E-9+1.445287811167985E-6i,6.0078725645013205E-9+1.4462883630994995E-6i
14,9.725104051085448E-8+9.010544400337028E-7i,9.731836600524601E-8+9.016782270423587E-7i
14,1.2663606115168606E-7-9.187366365088168E-7i,1.2672372947256004E-7-9.193726646473711E-7i
14,5.335959571850068E-7-2.1328783547001631E-7i,5.33965357979426E-7-2.1343549156598491E-7i
14,5.902574130191262E-7+2.024074244041956E-7i,5.906660397231802E-7+2.0254754814832158E-7i
14,1.3150753705082123E-6-3.34863138343388E-8i,1.3159857782428393E-6-3.350949592701775E-8i
14,1.3567598814827352E-6+3.9580070625451375E-8i,1.3576991468038218E-6+3.960747133817293E-8i
14,1.6785580319967166E-6+4.2452639162682736E-10i,1.6797200735417265E-6+4.2482028513221703E-10i
14,1.910154150308113E-6+1.1091789634357452E-10i,1.911476522509562E-6+1.1099468320538055E-10i
14,0.13869043864354233+1.7799031214773284E-15i,0.13878645203630402+1.7811353227678546E-15i
14,0.17996323243735823-3.3731275105075597E-16i,0.18008781839070637-3.3754626780913473E-16i
14,0.5316133063270458,0.5319813345608373
14,0.6102317830699516+7.830036293275209E-16i,0.6106542377426503+7.835456914605111E-16i
14,0.6301192916112881+1.170345061793264E-16i,0.6305555141196594+1.1711552748200863E-16i
14,0.6695632966412969,0.6700268256661381
14,0.7566900582869726-2.3327780395844517E-16i,0.7572139039137927-2.3343929882163195E-16i
14,0.832656330686458-1.3839358427808847E-16i,0.8332327666693249-1.3848939216284932E-16i
14,0.8841651533318441+1.3139886413537515E-16i,0.8847772481306158+1.3148982967614395E-16i
14,0.9601927423871234+4.1973074130885976E-16i,0.9608574699905793+4.2002131485461824E-16i
14,0.9611603013668925-2.8481682822559815E-16i,0.9618256987974919-2.850140028128374E-16i
14,1.0015036174401095,1.002196943967259
14,1.0415518068424456,1.0422728581542022
14,1.066646399810158,1.067384823747125
14,1.1151148611171495-3.7088280484084013E-16i,1.115886839071665-3.711395616638629E-16i
14,1.145367420355109-2.258335743431979E-16i,1.1461603417205801-2.2598991567346023E-16i
14,1.181521988817499+1.7281972866463908E-16i,1.1823399394698904+1.729393692732314E-16i
14,1.2032926667060795,1.2041256888851548
14,1.204296244811862-2.8196949472094757E-16i,1.2051299617536029-2.8216469814021893E-16i
14,1.310922118644803+9.911463120504613E-16i,1.3118296511429945+9.91832468364292E-16i
14,1.3245549128003373-4.928329126200959E-16i,1.325471883085535-4.931740937459766E-16i
14,1.3249867922990926-4.344108170823066E-15i,1.3259040615682458-4.3471155343304854E-15i
14,1.333677298012201+5.803142852420869E-16i,1.334600583593268+5.80716028462017E-16i
14,1.3419882892460273+1.9594723756345483E-16i,1.3429173284066012+1.9608288901329347E-16i
14,1.3433418186766686-2.3694695368465396E-16i,1.3442717948661689-2.371109886473401E-16i
14,1.3738788059957683-7.684210680286944E-16i,1.3748299225016876-7.689530348645672E-16i
14,1.4848099322505386-4.967643689146246E-16i,1.485837844777141-4.971082717310634E-16i
14,1.4939828314325196-3.667471448180337E-16i,1.495017094225085-3.670010385831991E-16i
14,1.5191613602170373-6.431536980346385E-16i,1.52021305374237-6.43598944074809E-16i
15,2.469371980254911E-9-1.8989712573613713E-6i,2.4710814909041944E-9-1.9002858878071288E-6i
15,7.96281601192705E-9+1.4968710960514056E-6i,7.968328554743411E-9+1.4979073583479595E-6i
15,1.299397362723128E-8+1.5522572086777296E-6i,1.3002969167988154E-8+1.5533318139821878E-6i
15,1.8169450718926906E-7+9.119153761276526E-7i,1.81820291679188E-7+9.125466820059088E-7i
15,2.0495188234940743E-7-9.296580973960276E-7i,2.050937675851146E-7-9.303016863046244E-7i
15,5.280115170316836E-7-2.8010060325623863E-7i,5.283770517986315E-7-2.8029451286887135E-7i
15,5.695453408753873E-7+2.5077673575421845E-7i,5.699396289102649E-7+2.509503448758058E-7i
15,1.336785516633979E-6-8.236859470988128E-8i,1.3377109539900222E-6-8.242561730143451E-8i
15,1.3608629762429662E-6+9.091342160544952E-8i,1.3618050820774479E-6+9.097635965756968E-8i
15,1.684423305269798E-6+4.1199579756095785E-10i,1.6855894072590024E-6+4.122810163165857E-10i
15,1.910769093971345E-6+1.8770346007435E-11i,1.9120918918894335E-6+1.8783340447578903E-11i
15,0.14809944281076204+1.263076739666765E-13i,0.14820196992156692+1.2639511494983286E-13i
15,0.19268722313478098-1.2946745318535795E-15i,0.1928206177235929-1.295570816381491E-15i
15,0.5264339494308237,0.5267983920704472
15,0.6068430759873137+1.4389417231640721E-15i,0.6072631847069152+1.4399378817902805E-15i
15,0.6304681927385917+3.0953900833330335E-15i,0.6309046567861873+3.097532977296947E-15i
15,0.673789542289408+3.968497844028363E-15i,0.6742559970832303+3.971245177917414E-15i
15,0.7507062988117563-3.684120850315379E-16i,0.7512260019680912-3.6866713141082873E-16i
15,0.8339408170779662,0.8345181422922582
15,0.8821861522670666-1.4602885168578167E-15i,0.8827968770319097-1.4612994535617869E-15i
15,0.9589072097247178+5.915686821298773E-16i,0.9595710473724303+5.919782166066472E-16i
15,0.9614942917216072,0.9621599203689177
15,0.9971322099577784+3.1541600324022456E-16i,0.9978225102225005+3.156343611955287E-16i
15,1.0428476871179266-7.430505116928615E-16i,1.0435696355489303-7.435649148580598E-16i
15,1.0656929109168585-2.3045050644457637E-16i,1.0664306747672003-2.3061004401042306E-16i
15,1.1155011409724735+1.7246819827568274E-15i,1.1162733863429684+1.7258759552485076E-15i
15,1.1482681524863325+9.503405507735857E-16i,1.1490630819868715+9.509984578467136E-16i
15,1.1801660763829653,1.180983088356711
15,1.2034611739707595-5.603656655877564E-16i,1.2042943128049868-5.607535986656706E-16i
15,1.208411467236845-1.7746886542071375E-16i,1.2092480330877886-1.77591724559709E-16i
15,1.31173142675035-2.4593732613088846E-16i,1.3126395195208844-2.4610758499890793E-16i
15,1.324565400868852+1.3576893898063454E-15i,1.3254823784147884+1.3586292986126543E-15i
15,1.3278917686602554+7.624196499629368E-14i,1.3288110490026956+7.629474621035364E-14i
15,1.331940992748942-1.6283443337342133E-15i,1.3328630763108877-1.6294716130592716E-15i
15,1.3387293920595904,1.3396561751325882
15,1.3447453884265068-1.0001362535442078E-14i,1.3456763362871258-1.0008286334650298E-14i
15,1.3684297722827008+1.0984157590357525E-14i,1.3693771165010769+1.0991761764424564E-14i
15,1.4908589276303192-4.012515445457457E-14i,1.491891027789284-4.0152932520978794E-14i
15,1.4996744874542869+2.1928177272643154E-16i,1.5007126904983248+2.1943357833881685E-16i
15,1.5258568606713327-7.506209302052522E-16i,1.5269131893951775-7.511405742621306E-16i
16,1.4168960989089433E-9-1.8998572734871658E-6i,1.417876995667059E-9-1.9011725173091235E-6i
16,2.2604584592454233E-8-1.5085619333737661E-6i,2.262023342073625E-8-1.5096062890685857E-6i
16,3.264543296578891E-8+1.556374706958748E-6i,3.266803292875591E-8+1.5574521627479515E-6i
16,2.0108540067827884E-7+9.081627208424463E-7i,2.0122460920442385E-7+9.087914288115076E-7i
16,2.2244699056962325E-7-9.426511206662479E-7i,2.226009874167247E-7-9.43303704457683E-7i
16,5.389322072933679E-7-2.838218961702521E-7i,5.393053022968656E-7-2.84018381980362E-7i
16,5.43733504728925E-7+2.3835917371472822E-7i,5.441099236014719E-7+2.3852418633699734E-7i
16,1.3280292908347581E-6-9.642185741111692E-8i,1.328948666381819E-6-9.648860887399332E-8i
16,1.3687953215460544E-6+9.463805708308526E-8i,1.3697429188289196E-6+9.47035736466912E-8i
16,1.6853618065735704E-6+3.0365089298326244E-9i,1.6865285582737078E-6+3.0386110612221845E-9i
16,1.912265226442364E-6+4.3371512754454826E-10i,1.9135890601114093E-6+4.3401538227944503E-10i
16,0.1573916308219678+3.2516037088729516E-15i,0.1575005907806738+3.2538547472794843E-15i
16,0.2053811163431501-1.7334852567455018E-15i,0.20552329873136774-1.7346853236169486E-15i
16,0.5211765304796969,0.5215373334839166
16,0.6029861974481627+1.1517850068367583E-15i,0.6034036361063119+1.152582371004902E-15i
16,0.6308253741548828+3.25613134686363E-16i,0.6312620854740275+3.2583855196887203E-16i
16,0.6780975835915017-2.480352513717149E-16i,0.6785670207802575-2.482069626031568E-16i
16,0.7449776389521534-4.927882747786114E-16i,0.745493376239792-4.931294250023575E-16i
16,0.8352700822902033,0.8358483277356529
16,0.8797655921053898+6.917695297207386E-16i,0.8803746411513026+6.922484318008479E-16i
16,0.9576151604714126+3.701582598081474E-16i,0.9582781036520397+3.704145150390815E-16i
16,0.9613340424191561-2.555703880413533E-16i,0.9619995601281831-2.557473157393639E-16i
16,0.9932462256479542+7.129482384183854E-16i,0.9939338357017181+7.134418022134352E-16i
16,1.0448588775054022-1.2147683818699972E-16i,1.0455822182545387-1.2156093485213665E-16i
16,1.0646855311938144+5.378493677898248E-16i,1.0654225976496856+5.38221713159133E-16i
16,1.1159705165054552-5.063758825274044E-16i,1.1167430868178696-5.067264392562581E-16i
16,1.1512826283046116+2.671294193627231E-16i,1.1520796446833343+2.6731434921160334E-16i
16,1.1787867137956385,1.1796027708565353
16,1.2029180116292706,1.203750774440033
16,1.2114973468818364-7.977552745816648E-16i,1.2123360490428043-7.983075490661591E-16i
16,1.3128266605372136+4.628028073750895E-16i,1.3137355115223213+4.631231990917091E-16i
16,1.3245746239404648+4.895066927216491E-16i,1.3254916078714007+4.898455711534101E-16i
16,1.330659925130982-2.605271446146788E-15i,1.3315811218282703-2.607075038038603E-15i
16,1.3310801571009108+5.091685113468246E-16i,1.3320016447187382+5.095210013723807E-16i
16,1.335673836890953,1.3365985046471245
16,1.3470087858388735+1.5639598877796997E-16i,1.3479413006169154+1.5650425946803167E-16i
16,1.3629861729569064,1.3639297486498874
16,1.4969277549585047-6.56135156655326E-16i,1.4979640564792038-6.565893895722947E-16i
16,1.5051284052527285-4.494355202617417E-16i,1.5061703839654916-4.497466579980558E-16i
16,1.532339519069959-8.009930717684737E-16i,1.533400335644827-8.015475877333181E-16i
17,2.05956916436752E-9-1.901346270042572E-6i,2.060994974430798E-9-1.9026625446753951E-6i
17,2.47030220341496E-8-1.5009827281241487E-6i,2.472012358044337E-8-1.5020218368443563E-6i
17,3.501926113693943E-8+1.5510338600519132E-6i,3.5043504466953025E-8+1.5521076184497406E-6i
17,2.2893700675438697E-7+9.074712233255972E-7i,2.290954965462009E-7+9.08099452580889E-7i
17,2.3608950738513953E-7-9.396180012511338E-7i,2.3625294875010447E-7-9.402684852576915E-7i
17,5.428012853280393E-7+2.394745054957355E-7i,5.431770588385241E-7+2.396402902461297E-7i
17,5.444472791797787E-7-2.5834692988382585E-7i,5.448241921880957E-7-2.5852577974175635E-7i
17,1.3470126634718743E-6-1.238633022890979E-7i,1.3479451809343458E-6-1.239490510689544E-7i
17,1.385100232138304E-6+1.1245667695312146E-7i,1.3860591170758912E-6+1.1253452909057651E-7i
17,1.6846488189678236E-6+4.23584022756217E-9i,1.6858150770769125E-6+4.2387726387321286E-9i
17,1.911991789278388E-6+2.379035050019091E-9i,1.913315433650823E-6+2.380682021712925E-9i
17,0.16655358574957385+3.0387527357490087E-15i,0.16666888839769328+3.0408564204930816E-15i
17,0.21804167406645708-1.1364041926492222E-15i,0.2181926211764044-1.1371909089012728E-15i
17,0.5158545596247043,0.5162116783051669
17,0.59862838993764+1.0180922202465497E-15i,0.5990428117484262+1.0187970308244542E-15i
17,0.6311880217370623-9.551617673141809E-16i,0.6316249841119042-9.558230120460676E-16i
17,0.68248837382268+4.0759624009885393E-16i,0.6829608506922613+4.0787841310422887E-16i
17,0.7395574346335431-3.5111971327972834E-16i,0.7400694195918127-3.5136278839916145E-16i
17,0.8366350495187413+1.7936970996788345E-16i,0.8372142399113403+1.7949388503417597E-16i
17,0.8768809499467565-6.863185373098603E-16i,0.8774880019964575-6.867936657464481E-16i
17,0.9563268765692577-1.6075773389050598E-15i,0.956988927889498-1.6086902415387577E-15i
17,0.9607515071372229+2.2134304276786766E-16i,0.961416621565466+2.2149627536780894E-16i
17,0.9898739373465694-7.106131875941962E-15i,0.990559212813722-7.111051348671982E-15i
17,1.0475078734218475,1.0482330480326967
17,1.0636294201526313,1.0643657554780426
17,1.116520785899699+2.7313190712379454E-15i,1.1172937371556881+2.7332099240848268E-15i
17,1.1543979790026098-2.630028858928497E-15i,1.1551971520937427-2.631849590020537E-15i
17,1.1773967683092048,1.1782118631308645
17,1.201755040512569-3.526533591442571E-15i,1.202586998215181-3.5289749598462918E-15i
17,1.2134507935163485-1.6255497582531206E-16i,1.2142908480202814-1.626675102933831E-16i
17,1.3140578546587014,1.3149675579817635
17,1.3245816969792246+4.057106974715271E-15i,1.3254986858067235+4.059915651429033E-15i
17,1.3313341245294492+3.1737971870470355E-16i,1.3322557879652688+3.175994361119353E-16i
17,1.3328204595399276,1.3337431519440635
17,1.3328960308730828+4.291162497870223E-14i,1.333818775594164+4.294133207850968E-14i
17,1.3504368412850993+2.123304222413607E-14i,1.3513717292565437+2.124774155339432E-14i
17,1.3575655974753742-2.0766467115514485E-15i,1.3585054205820355-2.0780843441546303E-15i
17,1.5029613956176144+6.956213739357147E-16i,1.504001874140824+6.961029425920862E-16i
17,1.5102830598763965-3.9094617960343244E-16i,1.5113286070822998-3.9121682601177954E-16i
17,1.538548298929874-5.653780373958179E-16i,1.5396134137535982-5.657694404665289E-16i
18,1.1724165980080136E-9-1.8941529452489806E-6i,1.1732282451295156E-9-1.8954642400466728E-6i
18,1.712233044402531E-9-1.5993117975898693E-6i,1.7134183986735226E-9-1.6004189781083844E-6i
18,9.449877529127604E-9-1.369113695640356E-6i,9.456419543210393E-9-1.3700615133290203E-6i
18,9.654406683421064E-9+1.1533649207598985E-6i,9.661090290091017E-9+1.1541633786796917E-6i
18,5.639221751482631E-8-5.499011771773695E-7i,5.6431257034651254E-8-5.502818658407038E-7i
18,8.518537383743021E-8+1.9616919300815807E-7i,8.524434644459622E-8+1.9630499811455366E-7i
18,8.413832355823695E-7-5.153060543832933E-8i,8.4196571307578E-7-5.1566279334147886E-8i
18,1.1021218425341384E-6+3.5444999211005774E-8i,1.1028848256090603E-6+3.5469537273355056E-8i
18,1.443417269461406E-6-6.558424050955645E-9i,1.4444165264438435E-6-6.562964353448456E-9i
18,1.6678229024869402E-6+1.2169001681948532E-9i,1.6689775122564358E-6+1.2177426106511855E-9i
18,1.9114890603332282E-6-5.629109785625372E-10i,1.9128123566736576E-6-5.633006737239573E-10i
18,0.17557026036151574+7.621874900947738E-15i,0.17569180512357893+7.627151415144411E-15i
18,0.23066530123392667-9.475587328825522E-16i,0.2308249874991118-9.482147141432279E-16i
18,0.510482522809374,0.5108359225061365
18,0.5937440434762973+9.53183766536299E-16i,0.59415508392439+9.538436419267416E-16i
18,0.6315532525109369+4.370398271689975E-16i,0.6319904677297821+4.3734238354555017E-16i
18,0.6869633900826212+4.016188106347394E-16i,0.6874389649414941+4.018968455518044E-16i
18,0.7344896270865253-4.2707627815475037E-16i,0.7349981036746348-4.273719369098508E-16i
18,0.8380260004054944,0.8386061537333547
18,0.8735257715541608-3.598087116557008E-16i,0.8741305008621939-3.6005780204353986E-16i
18,0.9550521587134823,0.9557133275649138
18,0.9598307276256579-3.530506354984628E-16i,0.9604952046115095-3.5329504736753196E-16i
18,0.987024275419321-3.908612316334768E-16i,0.9877075781065722-3.9113181923356806E-16i
18,1.0507058007695125-1.2539978731821533E-16i,1.0514331892593967-1.254865997845236E-16i
18,1.0625308557095186+2.986519234886619E-16i,1.0632664305145914+2.988586759130497E-16i
18,1.1171510434051979+6.154288035496151E-16i,1.117924430979379+6.158548560447258E-16i
18,1.1576009228732198,1.158402313316254
18,1.1760091180103909+3.720380001087657E-16i,1.1768232521817386+3.7229555665683126E-16i
18,1.2000703601636404+2.6084183345121516E-16i,1.2009011515863153+2.6102241049494495E-16i
18,1.2142417147114937-3.0149913051639996E-16i,1.2150823167587759-3.017078540211975E-16i
18,1.3151522282388035,1.31606268918093
18,1.3245851678452294+5.93428018094092E-16i,1.325502159075559+5.938388397623651E-16i
18,1.33016648581276,1.3310873409091164
18,1.3329931365759764+4.090331167604499E-16i,1.3339159485219367+4.093162844948386E-16i
18,1.334462055349577-2.373468629199966E-16i,1.3353858842068438-2.375111747340855E-16i
18,1.352185240854621+1.4159148251774904E-15i,1.353121339217901+1.4168950426139375E-15i
18,1.3550703165883304+8.087305925420388E-16i,1.3560084122479796+8.092904650810516E-16i
18,1.5088937779467126-3.489389396365072E-15i,1.5099383633727497-3.4918050503776237E-15i
18,1.5150622999794126-5.773366832894516E-16i,1.5161111557843918-5.77736365158444E-16i
18,1.5444212864053033,1.545490467013653
19,9.254432008872714E-10-1.8939569326064602E-6i,9.26083871883733E-10-1.8952680917074238E-6i
19,3.5379682666091798E-9-1.5977869014938175E-6i,3.540417551073796E-9-1.5988930263487323E-6i
19,1.0228515360658257E-8+1.1617429954241753E-6i,1.0235596414495115E-8+1.1625472533643678E-6i
19,1.0268275089811477E-8-1.363564585791604E-6i,1.0275383668736066E-8-1.3645085619114581E-6i
19,4.141195471379004E-8-5.303425220520717E-7i,4.144062361347666E-8-5.307096705402158E-7i
19,7.152092930071777E-8+2.0372561508552633E-7i,7.157044220977478E-8+2.0386665139407177E-7i
19,8.564323693693543E-7-4.983387074988795E-8i,8.570252651612946E-7-4.986837002072408E-8i
19,1.088424799636026E-6+3.523457805915966E-8i,1.0891783004454626E-6+3.525897044997676E-8i
19,1.4458327381437095E-6-5.894544008187218E-9i,1.4468336673203194E-6-5.898624716089973E-9i
19,1.6669790431189044E-6+8.894047132011518E-10i,1.6681330686967156E-6+8.900204352717423E-10i
19,1.9117479006122277E-6-7.69528915671086E-10i,1.9130713761440535E-6-7.700616494539225E-10i
19,0.1844246495460528-5.66239684627146E-16i,0.18455232407419617-5.666316842038228E-16i
19,0.2432479640682583-1.5240935319228649E-15i,0.2434163611296635-1.5251486399196188E-15i
19,0.505076408773169,0.5054260658950622
19,0.5883169995093561+1.2342985499826405E-15i,0.58872428289309+1.2351530370880515E-15i
19,0.6319181362978274,0.632355604120462
19,0.6915243800651507+1.0361506138158843E-15i,0.692003112431685+1.0368679259595158E-15i
19,0.7298069653307535,0.7303122001795858
19,0.8394325902857365-1.3995808402241422E-16i,0.8400137173755082-1.4005497498781061E-16i
19,0.8697104880040779+9.61597775278079E-16i,0.8703125760462704+9.62263475565565E-16i
19,0.9538003034668462-3.4654360893202847E-16i,0.9544606056769241-3.46783516080343E-16i
19,0.9586563702607266-8.810029501299112E-16i,0.9593200342558915-8.816128557809593E-16i
19,0.9846866956562261+4.641790512810236E-16i,0.9853683800706815+4.645003957514737E-16i
19,1.0543636412179975-4.997781635496651E-16i,1.055093561978131-5.001241527727142E-16i
19,1.0613973022583751+1.825157424551961E-16i,1.0621320923207231+1.826420954744593E-16i
19,1.1178613176417975,1.1186351969286006
19,1.1608775618858762+9.830664129460311E-16i,1.1616812206988971+9.837469756621073E-16i
19,1.174636425502762,1.175449609378861
19,1.197959426994843,1.1987887570488944
19,1.213917412563892-6.854129373857355E-16i,1.2147577901014694-6.858874388885415E-16i
19,1.3158927943292864+1.0297450363404844E-15i,1.316803767954649+1.0304579139951056E-15i
19,1.3245823742267875+4.154023470239903E-16i,1.3254993635231351+4.1568992408473826E-16i
19,1.3277078875210273,1.3286270405652039
19,1.3354862648135928-4.95069329769508E-15i,1.336410802716317-4.954120591347645E-15i
19,1.3362151510273748+3.791266833105786E-16i,1.337140193527525+3.7938914725190847E-16i
19,1.3468631349782425+4.832738040876922E-16i,1.3477955489242919+4.836083675804401E-16i
19,1.3606856682463424-7.809102396862466E-15i,1.3616276513330523-7.814508525957446E-15i
19,1.5146429830605317+3.311331077323138E-16i,1.5156915485784486+3.313623464126444E-16i
19,1.5193725206719966+6.129524184968304E-16i,1.5204243603806702+6.133767566262427E-16i
19,1.549899624611881-4.077049648130094E-16i,1.5509725977948527-4.079872130869376E-16i
20,1.0227772087137505E-9-1.8936794571691689E-6i,1.023485262641681E-9-1.8949904241778844E-6i
20,4.2159790927112545E-9-1.598862091195588E-6i,4.218897754303667E-9-1.5999689603888446E-6i
20,8.599969340749433E-9-1.358817376832753E-6i,8.605922975636798E-9-1.3597580665282307E-6i
20,1.1975237605448757E-8+1.1679040947764561E-6i,1.1983527889933199E-8+1.1687126179569762E-6i
20,4.288343054641809E-8-5.362560553660114E-7i,4.2913118127626226E-8-5.366272977080812E-7i
20,9.843831099034811E-8+1.7952250601292717E-7i,9.850645841498932E-8+1.796467868577206E-7i
20,8.678713256264919E-7-3.616630937658572E-8i,8.684721404430646E-7-3.6191346791571765E-8i
20,1.0789959160866559E-6+2.7319397199716537E-8i,1.0797428894158397E-6+2.733831002484713E-8i
20,1.4476496648036181E-6-6.01352714292007E-9i,1.448651851812381E-6-6.017690221132984E-9i
20,1.6666914417339528E-6+6.622461865006504E-10i,1.6678452682094685E-6+6.627046499955482E-10i
20,1.911634794738194E-6-9.889717315511638E-10i,1.9129581919684524E-6-9.896563824342408E-10i
20,0.19309739494858363+1.378767485652187E-10i,0.19323107349343355+1.3797219865206082E-10i
20,0.2557850818626986-1.8147924132582488E-15i,0.25596215819014895-1.816048767902876E-15i
20,0.4996542499930405,0.5000001534325195
20,0.5823421368276763+1.1026019788276977E-15i,0.5827452839000469+1.1033652942940587E-15i
20,0.6322797186102953+2.0840730385538804E-12i,0.632717436751156+2.0855158122962658E-12i
20,0.6961731643340604+2.573907551719083E-11i,0.6966551149869757+2.5756894308385996E-11i
20,0.7255298788221479+1.0455524265726768E-16i,0.726032152705604+1.0462762474558417E-16i
20,0.8408438751273885+2.2902288558169824E-16i,0.8414259792293257+2.2918143482618717E-16i
20,0.8654610022159565+4.581271690881332E-11i,0.8660601484003541+4.5844432392772186E-11i
20,0.9525800897940709+2.3580641691101278E-11i,0.9532395472678011+2.3596966229652058E-11i
20,0.9573062523294178,0.9579689816573881
20,0.9828331369487984+6.491236521262484E-11i,0.9835135381712621+6.49573031079636E-11i
20,1.0583994718310328-7.459624399085209E-16i,1.0591321865385612-7.4647885895967495E-16i
20,1.0602374480166334+2.0881732791472284E-16i,1.0609714351285982+2.0896188914271098E-16i
20,1.1186522563198855-6.422473436020491E-11i,1.1194266831621416-6.426919621861025E-11i
20,1.1642131152578863-1.722383117554301E-11i,1.165019083226456-1.7235754985747186E-11i
20,1.1732909227103423,1.1741031751142408
20,1.1955099148912258-1.367454252188558E-10i,1.1963375491833343-1.3684009210684257E-10i
20,1.2125862207323286-1.0548747762061388E-15i,1.2134256767049776-1.0556050508176613E-15i
20,1.3162707160583396-3.2057017865973165E-16i,1.317181951313471-3.2079210477643E-16i
20,1.3245676705750908+4.6143195960267644E-11i,1.325484649692312+4.6175140230113105E-11i
20,1.325439691231417,1.3263572740359768
20,1.3361553321421868+6.992350923665602E-12i,1.3370803332305843+6.997191627481438E-12i
20,1.3408897265044886,1.3418180051459017
20,1.3416204731403323-1.5774058433604204E-10i,1.3425492576671145-1.5784978587023898E-10i
20,1.367008028219292-2.361138572459623E-10i,1.367954388184734-2.3627731546798515E-10i
20,1.5201055494092752-8.718787355141368E-11i,1.521157896583184-8.724823246028458E-11i
20,1.5231009032965677-3.6705430750364447E-16i,1.5241553241108228-3.6730841391311226E-16i
20,1.5549327925889866-5.662138145233321E-16i,1.5560092501616432-5.666057961905087E-16i
21,1.164763971145193E-9-1.894463035889966E-6i,1.1655703204633584E-9-1.8957745453589423E-6i
21,2.483605353840356E-9-1.5955969019384652E-6i,2.485324718049134E-9-1.596701510688236E-6i
21,5.548271780078881E-9+1.1457130890631538E-6i,5.552112768706357E-9+1.146506249730092E-6i
21,5.739227440511349E-9-1.370706762720906E-6i,5.743200624991723E-9-1.371655683266961E-6i
21,2.9304425457575823E-8-5.734034604959191E-7i,2.9324712489173912E-8-5.738004194514317E-7i
21,7.466320377022186E-8+7.947699861587449E-8i,7.471489203062793E-8+7.953201939710686E-8i
21,8.250059135665474E-7-2.897794508092058E-8i,8.255770532758505E-7-2.899800609485704E-8i
21,1.1129995608735344E-6+2.4240207365315963E-8i,1.113770074436163E-6+2.42569885116816E-8i
21,1.4418803621942478E-6-5.4458480111628495E-9i,1.4428785551979239E-6-5.449618093290575E-9i
21,1.667915527614137E-6+1.134752178311207E-9i,1.669070201506674E-6+1.1355377508975295E-9i
21,1.9117154826349985E-6-5.565768718244278E-10i,1.9130389357243254E-6-5.569621819749993E-10i
21,0.20156630839153947-6.454959058777014E-16i,0.20170584984316658-6.459427733946209E-16i
21,0.26827138008359336-1.3755294595644734E-15i,0.26845710049543015-1.3764817187940799E-15i
21,0.4942367056845942,0.4945788586361911
21,0.5758259457956353+1.3621194269712942E-15i,0.5762245818028235+1.3630624026285152E-15i
21,0.6326350442938817+6.563647265295606E-16i,0.6330730084215944+6.568191183744461E-16i
21,0.7009114760444336+8.610779470101637E-16i,0.7013967069622881+8.616740588685826E-16i
21,0.7216663292884792-4.2302603510168685E-16i,0.7221659284922497-4.233188899318676E-16i
21,0.8422483530562146-2.696152665756198E-16i,0.8428314294579898-2.698019173407155E-16i
21,0.8608154673740422+2.67357942701891E-15i,0.8614113975215902+2.6754303075418693E-15i
21,0.9513997723359479-2.7547648957671837E-16i,0.9520584126929048-2.756671979820637E-16i
21,0.9558477983631074,0.9565095180244066
21,0.981421692535425+1.206038331824165E-15i,0.9821011166352541+1.2068732547876485E-15i
21,1.0590612046088377+1.8821542507433684E-16i,1.0597943774244356+1.8834572390177023E-16i
21,1.0627417661211147+5.282737603440923E-16i,1.063477486936427+5.286394766583075E-16i
21,1.1195248270551668-1.476600292945193E-15i,1.120299857965573-1.4776225220567685E-15i
21,1.1675915796143603+1.745765207871455E-15i,1.1683998864451357+1.7469737759761668E-15i
21,1.1719842178679394,1.1727955656588993
21,1.1927996088713624-6.727450267312793E-16i,1.1936253668576569-6.732107584220274E-16i
21,1.2103899151564497,1.2112278506583876
21,1.3164021562633044-4.883811994370564E-16i,1.3173134825125965-4.887192987060298E-16i
21,1.32335624963267+2.377974096670202E-16i,1.3242723901006244+2.379620333881316E-16i
21,1.3245263132890166+1.6819079320583423E-15i,1.3254432637751845+1.6830722926909076E-15i
21,1.3364882759159973-4.436219881210134E-15i,1.3374135074965734-4.439291012327736E-15i
21,1.33660519918613+3.511319882057794E-15i,1.3375305117110017+3.5137507182296697E-15i
21,1.3467486961669466+1.0520193886392025E-15i,1.3476810308886555+1.052747686507046E-15i
21,1.373822347564978-1.465533798886636E-14i,1.3747734249855392-1.4665483668237937E-14i
21,1.525150563442971-2.3093862978537052E-15i,1.5262064032074192-2.3109850527197433E-15i
21,1.5261164649202472-7.711575142132463E-16i,1.5271729733643737-7.716913754513926E-16i
21,1.5594842114309377-2.6453109154243516E-16i,1.5605638198852931-2.6471422260639574E-16i
22,1.170680465488928E-9-1.8945527945108726E-6i,1.1714909107108972E-9-1.8958643661184487E-6i
22,3.2611152330282293E-9+1.1455693639511988E-6i,3.2633728561259157E-9+1.1463624251193123E-6i
22,3.3434486757210224E-9-1.595840656136716E-6i,3.3457632970750274E-9-1.5969454336340068E-6i
22,5.211336372630122E-9-1.3699939782607243E-6i,5.2149441057287595E-9-1.3709424053563659E-6i
22,3.2450058466983526E-8-5.77868884376177E-7i,3.247252317499948E-8-5.78268934680315E-7i
22,1.1942887357735843E-7+3.5752872447692086E-8i,1.1951155246609815E-7+3.577762364624805E-8i
22,8.249979651316627E-7-2.470202191714699E-8i,8.255690993383789E-7-2.471912277107417E-8i
22,1.105990663243998E-6+2.0770123982018586E-8i,1.1067563246477647E-6+2.0784502839646407E-8i
22,1.4403979151133315E-6-4.829936289830054E-9i,1.441395081840249E-6-4.8332799851456445E-9i
22,1.6685083954866944E-6+8.254601142714322E-10i,1.6696634798131189E-6+8.260315684173404E-10i
22,1.9116184935304346E-6-6.983515558134735E-10i,1.9129418794756017E-6-6.988350145354292E-10i
22,0.2098058076983726+8.421857595583072E-16i,0.2099510532366754+8.427687926275054E-16i
22,0.2807006857417416-8.497209195992362E-16i,0.2808950107828346-8.503091691511829E-16i
22,0.4888477091484403,0.4891861313753666
22,0.5687860311027193+1.4716980099271708E-15i,0.5691797934783797+1.4727168452588331E-15i
22,0.6329811828667108,0.6334193866211711
22,0.7057408216167894-1.5217273947556814E-16i,0.7062293958210144-1.5227808647097602E-16i
22,0.7182127380441794-1.0703169779504545E-15i,0.7187099463764822-1.0710579429757913E-15i
22,0.8436340235758141-4.443001394611746E-16i,0.8442180592573286-4.446077220473385E-16i
22,0.8558201332298306-1.0205942743147383E-16i,0.8564126051795112-1.0213008170286309E-16i
22,0.9502670785274191,0.9509249347367694
22,0.9543372781671371-2.1422305398369657E-16i,0.9549979521170645-2.1437135751796985E-16i
22,0.9804011528205827,0.9810798704154685
22,1.0578796627793126+5.539861415829407E-16i,1.0586120176305227+5.543696582082869E-16i
22,1.0673298855109914+1.6005326880965399E-15i,1.068068782615263+1.601640713819965E-15i
22,1.120480005301321,1.1212556974678671
22,1.1707271338075642,1.1715376113373381
22,1.1709953020425463-5.226730763233187E-16i,1.1718059652213262-5.230349153646674E-16i
22,1.1898962911186537-6.427577015850337E-16i,1.1907200391798918-6.432026734825668E-16i
22,1.207477704088637+1.6003521615798143E-16i,1.2083136235088046+1.6014600623273327E-16i
22,1.3163991194625941+1.4782749783567013E-15i,1.3173104436095529+1.4792983668288625E-15i
22,1.3214514805207875,1.3223663023445247
22,1.3244041135058977-6.126509414800344E-16i,1.325320979394916-6.13075070901251E-16i
22,1.3315383204208346,1.3324601252185282
22,1.33691829306614-1.2048252796494235E-15i,1.3378438223413947-1.2056593628343613E-15i
22,1.3535213290514243+3.5925743335621337E-16i,1.3544583523693157+3.595061421020271E-16i
22,1.380976125509001+4.477729272763223E-16i,1.3819321553869786+4.480829140234632E-16i
22,1.528276392762233+2.160914337662416E-16i,1.5293343964932895+2.1624103075292334E-16i
22,1.5296156966605166,1.5306746275723686
22,1.5635355872699765-8.39137772423385E-16i,1.5646180004334629-8.397186954149976E-16i
23,1.2806421138670726E-9-1.8945855027663407E-6i,1.2815286839541565E-9-1.895897097017371E-6i
23,3.415685304362724E-9-1.5964799986668298E-6i,3.4180499340941293E-9-1.5975852187717441E-6i
23,5.0594047022486954E-9+1.1474096012730324E-6i,5.062907255240586E-9+1.1482039364109344E-6i
23,5.165311650672533E-9-1.3689101598137442E-6i,5.168887521519169E-9-1.3698578365974879E-6i
23,3.226016793082012E-8-5.700476599842803E-7i,3.228250118035336E-8-5.704422957674407E-7i
23,8.96410740038506E-8+2.989613307655647E-8i,8.970313122805504E-8+2.9916829738815314E-8i
23,8.256166941391079E-7-1.8247582333842066E-8i,8.261882566830029E-7-1.8260214872225436E-8i
23,1.1054651761379193E-6+1.874536877768461E-8i,1.1062304737545323E-6+1.875834592645217E-8i
23,1.439809420256164E-6-5.362477930756744E-9i,1.4408061795765695E-6-5.366190296978796E-9i
23,1.6679801434913187E-6+6.504010701142398E-10i,1.6691348621164963E-6+6.508513334056987E-10i
23,1.911521444088362E-6-6.736118025544566E-10i,1.9128447628475984E-6-6.740781343016207E-10i
23,0.21778624955357848+1.2298752109852909E-15i,0.21793701983681504+1.2307266358768347E-15i
23,0.29306563406281777-9.39914240116019E-16i,0.2932685191795096-9.405649292044753E-16i
23,0.48351519471007204,0.48384992531407045
23,0.5612497491098432+1.3101262087103035E-15i,0.5616382942260439+1.311033190211513E-15i
23,0.6333152534916983-3.7774854961610546E-16i,0.6337536885184398-3.7801005949533136E-16i
23,0.710662351985057+1.6020837215321337E-15i,0.7111543332938585+1.6031928210136628E-15i
23,0.7151558266489161-7.044655649169914E-16i,0.7156509187254966-7.049532562793739E-16i
23,0.8449884676516308-1.948785328889643E-16i,0.8455734409952675-1.9501344448995208E-16i
23,0.8505252025312947-3.5138323371044073E-15i,0.851114008876729-3.5162649126127183E-15i
23,0.9491892086998731-1.881930079440387E-15i,0.9498463187154692-1.883232912524157E-15i
23,0.9528205877534294-5.530665160556237E-16i,0.9534802117204324-5.53449396037465E-16i
23,0.9797155081320522+1.746445589570159E-15i,0.9803937510649974+1.7476546286933198E-15i
23,1.0567049995584639+3.963988026267486E-16i,1.057436541207248+3.9667322380746675E-16i
23,1.0721129712382544-2.2448703587796335E-16i,1.0728551796038721-2.2464244501904383E-16i
23,1.1215184172619426,1.1222948283061303
23,1.1695295839567645+1.3399637715650277E-16i,1.1703392324400281+1.3408914091811752E-16i
23,1.1744044500921174-5.452585797005174E-16i,1.1752174733749814-5.456360543604976E-16i
23,1.18685874042958-6.008925308569933E-15i,1.1876803856382339-6.013085200999218E-15i
23,1.2039890610908355-9.615099341628284E-16i,1.2048225653737112-9.621755736391759E-16i
23,1.316332332652662+1.4060694192549265E-15i,1.3172436105640741+1.407042820858682E-15i
23,1.3197190759816122+1.5485577882152677E-16i,1.3206326984866432+1.5496298324642318E-16i
23,1.3238260446673393-3.7761428875601236E-15i,1.3247425103676285-3.778757056883789E-15i
23,1.3271651780051514-8.476801520085847E-16i,1.328083955339348-8.482669887665266E-16i
23,1.337143043132272+1.2499407541008118E-15i,1.3380687279987595+1.2508060700787993E-15i
23,1.360988683903793,1.3619308767638774
23,1.3883586092230742+4.584815365797596E-15i,1.3893197498881784+4.5879893674285785E-15i
23,1.5294398912842913+2.4417879950993315E-16i,1.530498700488614+2.443478409753055E-16i
23,1.5333098763137363-7.127085782629858E-16i,1.5343713646529455-7.132019761447626E-16i
23,1.5670884810058108-5.28425353741465E-16i,1.5681733537864493-5.287911750016055E-16i
24,1.2388486701345182E-9-1.8945202001800547E-6i,1.2397063072225634E-9-1.8958317492230452E-6i
24,2.8299257104295215E-9-1.5966240876569898E-6i,2.8318848272322327E-9-1.5977294075126364E-6i
24,4.684216316862285E-9-1.372978948634554E-6i,4.687459132339764E-9-1.373929442182185E-6i
24,6.727907305296833E-9+1.1387497070484257E-6i,6.732564938605126E-9+1.1395380470663063E-6i
24,2.788259584702796E-8-5.983728835439818E-7i,2.79018985664689E-8-5.987871284713724E-7i
24,1.5802794869772985E-7+9.216235015568965E-9i,1.5813734917013472E-7+9.222615282305365E-9i
24,8.011539542701636E-7-1.7219277493012624E-8i,8.017085816116463E-7-1.723119815076798E-8i
24,1.1212960153743062E-6+1.808323380814224E-8i,1.1220722724528708E-6+1.8095752570408797E-8i
24,1.4368738707136272E-6-4.934776786309054E-9i,1.4378685977953726E-6-4.938193061190072E-9i
24,1.668498972238647E-6+3.906075098054219E-10i,1.6696540500414926E-6+3.908779217575466E-10i
24,1.9116507595089195E-6-4.273948932926802E-10i,1.9129741677913585E-6-4.2769077262045076E-10i
24,0.22547316853162785-4.1862655963652182E-16i,0.22562926035813868-4.189163687732149E-16i
24,0.3053572344230407-1.5068524353293563E-15i,0.3055686288375947-1.5078956075633058E-15i
24,0.4782719083649547,0.4786030091173488
24,0.5532523894723476+1.2816757692426181E-15i,0.5536353981316776+1.2825630549144282E-15i
24,0.6336344512036372,0.6340731072063566
24,0.7124750228129395+4.3483264472850994E-16i,0.7129682590076427+4.3513367310445467E-16i
24,0.7156767272700585-7.203309892349751E-16i,0.716172179958635-7.208296640020627E-16i
24,0.8449813832222424-1.179032883285402E-15i,0.8455663516614308-1.1798491107658907E-15i
24,0.8462989516531578,0.8468848322259906
24,0.9481728368739786+1.3413521023629808E-16i,0.9488292432700011+1.3422807011005403E-16i
24,0.9513346736270167-7.324850369240359E-16i,0.9519932689170751-7.329921257632531E-16i
24,0.9793077495865694+3.9657406252544403E-16i,0.9799857102341475+3.968486050360653E-16i
24,1.0555503340836616+2.441578821078228E-16i,1.0562810763741712+2.44326909092379E-16i
24,1.0770480917292133-5.834026990581072E-16i,1.0777937166076539-5.838065803424319E-16i
24,1.1226398986861097-1.5217845301915865E-15i,1.1234170861157318-1.5228380396997044E-15i
24,1.1684004893701947,1.1692093561975412
24,1.1777963617733729,1.1786117332278312
24,1.1837382548782036,1.1845577398196623
24,1.2000459168823028,1.200876691383246
24,1.3162402697306435-1.906671073584537E-15i,1.317151483908221-1.907991034502146E-15i
24,1.3181526833888388-2.257835451660808E-16i,1.3190652215028427-2.259398518618645E-16i
24,1.320852858740315,1.321767266146817
24,1.3253303318523715,1.3262478389490087
24,1.337308491830025+4.881447645707283E-16i,1.3382342912342629+4.884827001592498E-16i
24,1.368982567291131+2.4420264708785323E-16i,1.3699302942015283+2.443717050625602E-16i
24,1.395884223920497+1.9363845364264464E-15i,1.3968505744602457+1.9377250675463418E-15i
24,1.5294892263203523+4.1145690657499634E-16i,1.5305480696786096+4.117417522641577E-16i
24,1.536029868261118,1.5370932396115693
24,1.570162511369617-7.830085845019022E-16i,1.571249512257193-7.835506500652884E-16i
25,1.3832837645850355E-9-1.894569256439616E-6i,1.3842413920083025E-9-1.8958808394435484E-6i
25,3.0732581916764372E-9-1.5970311244676701E-6i,3.075385764050579E-9-1.598136726109037E-6i
25,4.485985820162748E-9-1.3671902355894655E-6i,4.489091403522981E-9-1.368136721694445E-6i
25,8.73940688528148E-9+1.1481993821265191E-6i,8.74545705077225E-9+1.1489942640183288E-6i
25,3.1828455320999125E-8-5.706196919337119E-7i,3.185048970211164E-8-5.710147237263505E-7i
25,9.371113569992299E-8+1.2048921445050766E-9i,9.377601056920817E-8+1.2057262739795908E-9i
25,8.257176707814607E-7-1.380413274002574E-8i,8.262893032300305E-7-1.3813689142265618E-8i
25,1.109161439813476E-6+1.6807451407345858E-8i,1.1099292963001852E-6+1.6819086963834685E-8i
25,1.4406870002249858E-6-4.6322579025629125E-9i,1.4416843670813618E-6-4.6354647479786625E-9i
25,1.6675073892352295E-6+5.52839760409824E-10i,1.668661780579446E-6+5.532224834119984E-10i
25,1.9115295375856082E-6-6.92074751040528E-10i,1.912852861947856E-6-6.925538644209601E-10i
25,0.23282643647780793-2.7691001536017E-15i,0.23298761886579006-2.7710171617476447E-15i
25,0.3175642048126486-9.691073916973947E-17i,0.31778404993695525-9.697782907841477E-17i
25,0.473156286972247-6.059799984620584E-17i,0.4734838462536442-6.063995096855223E-17i
25,0.5448354041066875+1.2922830707322613E-15i,0.5452125858083002+1.2931776996860886E-15i
25,0.6339360729967366+7.489996626019579E-17i,0.6343749378078783+7.495181842786297E-17i
25,0.7101450262052966-4.520780367608893E-16i,0.7106366493769132-4.523910038733089E-16i
25,0.7207839577522495-2.9143847283418134E-16i,0.7212829461029164-2.9164023149059474E-16i
25,0.8392374549984855-1.279982142677741E-16i,0.839818446998909-1.2808682558762777E-16i
25,0.8475525576499073-4.317644550846117E-16i,0.8481393060761128-4.32063359397065E-16i
25,0.9472241118706686-4.693590453501069E-16i,0.9478798614780382-4.696839758558304E-16i
25,0.9499090779849906+1.1016186511401653E-16i,0.9505666863557226+1.1023812858629338E-16i
25,0.9791226777045211-4.591336456313569E-16i,0.9798005102295012-4.594514972401576E-16i
25,1.0544295315031333+6.014899506082803E-16i,1.055159497878162+6.019063534362966E-16i
25,1.0820980948984908-8.973756514762952E-16i,1.0828472158213776-8.979968917126278E-16i
25,1.1238429145048214-3.033939379716527E-16i,1.1246209347649647-3.0360397322435577E-16i
25,1.1673477369784993-2.388097404403948E-16i,1.1681558750005303-2.3897506498351743E-16i
25,1.1805803922749454-7.444264420835761E-16i,1.1813976910736146-7.449417977855627E-16i
25,1.1811447629757292-3.24221757931161E-16i,1.1819624524801045-3.24446211983586E-16i
25,1.1957514460092649-5.551898601168613E-16i,1.196579247509887-5.555742100592084E-16i
25,1.316142616398125,1.3170537629717072
25,1.316500679469677,1.3174120739251654
25,1.3167460596867828+3.741715494030917E-16i,1.3176576240154607+3.744305829765988E-16i
25,1.3250434278039125,1.32596073628101
25,1.3374326846613662-5.862796844705198E-16i,1.338358570042512-5.86685557450401E-16i
25,1.3773736248537105-2.981213797066817E-16i,1.3783271607723804-2.98327764843252E-16i
25,1.4034817634696655-3.662300451466937E-15i,1.4044533736765974-3.664835809312057E-15i
25,1.52835271158707-4.921177370548257E-16i,1.5294107681525497-4.924584230749651E-16i
25,1.5375964498852193+9.347076007317562E-16i,1.5386609057575615+9.353546853387714E-16i
25,1.5727908722215793-2.0644539216266035E-16i,1.5738796926855103-2.065883113336964E-16i
26,1.2184209472705866E-9-1.8947486388852647E-6i,1.2192644425403655E-9-1.8960603460730802E-6i
26,3.3712846966844796E-9-1.59658641100804E-6i,3.3736185885148046E-9-1.5976917047806854E-6i
26,4.014034154929528E-9-1.364868937995402E-6i,4.01681301295064E-9-1.3658138170994967E-6i
26,9.800902742960834E-9+1.149459328950197E-6i,9.807687766742451E-9+1.1502550830850424E-6i
26,3.221224383268356E-8-5.773203072200023E-7i,3.2234543905054036E-8-5.777199777520777E-7i
26,1.1038429555334343E-7-1.880780913795771E-9i,1.1046071301100918E-7-1.8820829513287195E-9i
26,8.238129620660687E-7-8.860543494044575E-9i,8.243832759122333E-7-8.866677520664554E-9i
26,1.1084780483621107E-6+1.4834302811381436E-8i,1.1092454317467625E-6+1.4844572385521554E-8i
26,1.4419972646226376E-6-5.167837113128592E-9i,1.4429955385561808E-6-5.171414732316507E-9i
26,1.6669603778975678E-6+6.289670162321206E-10i,1.6681143905537152E-6+6.294024410368461E-10i
26,1.9114082483074203E-6-7.397112279764544E-10i,1.912731488702848E-6-7.4022331940364E-10i
26,0.23979939447946969+1.2201211688759432E-15i,0.2399654041458271+1.2209658411846468E-15i
26,0.3296719098248712-2.5125792425187907E-15i,0.32990013693893977-2.514318664933316E-15i
26,0.4682133579318859+7.923631556061339E-16i,0.4685374952947141+7.929116972043378E-16i
26,0.5360451966146204+1.3626064780584515E-15i,0.536416292982214+1.3635497908941238E-15i
26,0.6342175438340139+1.7259970800021634E-16i,0.6346566035033615+1.7271919629167221E-16i
26,0.7081381911252614-1.4543979757921183E-16i,0.7086284249938617-1.4554048345593652E-16i
26,0.7259831906562566+6.400098247413465E-16i,0.7264857783609652+6.404528943233252E-16i
26,0.8333388705585573-3.4863575934349394E-16i,0.8339157790539452-3.4887711485739967E-16i
26,0.8487363416470708-2.0274985692151804E-16i,0.8493239095898845-2.0289021772674285E-16i
26,0.94634865794458-3.9676829352052465E-16i,0.9470038014878078-3.970429704944658E-16i
26,0.9485673544684528-1.673101051854562E-15i,0.9492240339833227-1.6742593156108302E-15i
26,0.9791087333057402-2.6692321379754684E-16i,0.9797865561772139-2.671080008932848E-16i
26,1.0533569568714667+7.895761430522364E-16i,1.0540861807185289+7.901227552417976E-16i
26,1.0872292893650248-9.437654871627239E-16i,1.087981962539923-9.444188424140314E-16i
26,1.125123756934291+1.1003798377078853E-15i,1.1259026639031968+1.1011416148179604E-15i
26,1.1663781763815313,1.1671856431907282
26,1.1774268274989392-1.9117374333306273E-16i,1.1782419431301427-1.9130609016161047E-16i
26,1.1844188533456597,1.185238809455633
26,1.1911925125218292+3.69650881574065E-16i,1.1920171579384722+3.6990678555435673E-16i
26,1.3121410786645997-7.842985090532895E-16i,1.3130494550312533-7.848414676128605E-16i
26,1.315493200665537,1.3164038976579626
26,1.3160490427151461-9.325552476396913E-16i,1.3169601245090157-9.332008422036667E-16i
26,1.3249631567996363,1.3258804097062735
26,1.3375272574890813-1.3240607510720004E-15i,1.3384532083416334-1.3249773792561523E-15i
26,1.3860607491169585+8.441503931093192E-16i,1.3870202990066132+8.447347862660231E-16i
26,1.4110868890166086-5.155352041627326E-16i,1.4120637641424008-5.158921017580095E-16i
26,1.5260202949919097+1.6334923893741781E-15i,1.5270767368589802+1.6346232326239955E-15i
26,1.5379042935387837+5.621299235279052E-16i,1.5389689625268528+5.625190779761762E-16i
26,1.5750146803971117,1.5761050403714076
27,1.1026398157340716E-9-1.8943487589567627E-6i,1.103403157394378E-9-1.8956601893134643E-6i
27,2.937370420085655E-9-1.3672086445174944E-6i,2.9394039193130618E-9-1.3681551433667095E-6i
27,3.3290547083794273E-9-1.5964894983933916E-6i,3.331359364997194E-9-1.5975947250748298E-6i
27,1.0008698804319958E-8+1.14618851950118E-6i,1.0015627682321439E-8+1.1469820093017617E-6i
27,2.653930298073937E-8-5.903004986542287E-7i,2.655767575787984E-8-5.907091551858473E-7i
27,1.327929010185367E-7-2.033192564975521E-8i,1.3288483163095787E-7-2.034600114899009E-8i
27,8.127761341854832E-7-6.336956088133229E-9i,8.133388073946975E-7-6.341343071545744E-9i
27,1.1153735718165238E-6+1.375167135546901E-8i,1.1161457288727295E-6+1.3761191439448098E-8i
27,1.439375734487085E-6-4.093905347239244E-9i,1.44037219357308E-6-4.096739498936204E-9i
27,1.6674331927066326E-6+4.446588144122829E-10i,1.6685875326856614E-6+4.4496664530394835E-10i
27,1.911578051378975E-6-6.727489228005755E-10i,1.912901409326623E-6-6.732146571885162E-10i
27,0.24633806032107725-1.2772053410856398E-15i,0.24650859661160376-1.2780895319444357E-15i
27,0.34166058749952816-1.3515767794253347E-15i,0.3418971142024475-1.3525124565595324E-15i
27,0.4634955580210366-8.871749543397771E-16i,0.46381642931894895-8.877891327804287E-16i
27,0.5269330057602372+1.3092800568533376E-15i,0.5272977938893684+1.310186452575806E-15i
27,0.6344764421844077,0.6349156810853537
27,0.7064265107636823+5.565173649640031E-16i,0.7069155596606259+5.569026339188323E-16i
27,0.7312723882636908-2.5112557385699795E-16i,0.7317786376037093-2.512994244741786E-16i
27,0.827327263632236-5.519148276280784E-16i,0.8279000103787494-5.522969103126121E-16i
27,0.8498375199596604,0.8504258502323568
27,0.9455515746347996,0.9462061663687346
27,0.947328263564247-1.1188740547500005E-15i,0.9479840852743335-1.1196486351401145E-15i
27,0.9792190359181222,0.9798969351505055
27,1.0523471835862905,1.0530757083818538
27,1.0924088153982563-1.8182036239990376E-15i,1.0931650742844132-1.8194623401757197E-15i
27,1.1264753921358608-6.573691175349395E-16i,1.1272552348223457-6.578242047052492E-16i
27,1.1654976501867975,1.1663045074203944
27,1.1743173835284386+3.157049886043538E-16i,1.1751303465363747+3.159235466200625E-16i
27,1.1864439085199117-1.961456700120996E-15i,1.18726526654641-1.962814588338639E-15i
27,1.1875822938036136,1.1884044399178448
27,1.307968251052754,1.3088737386309635
27,1.3143884472922196,1.3152983794797997
27,1.3159640317615393+1.5493038129531204E-15i,1.3168750547035502+1.5503763736642637E-15i
27,1.324931124654708+3.843217090100977E-16i,1.325848355385953+3.845877693928821E-16i
27,1.3375999712582678+1.6687230982742688E-15i,1.3385259724495149+1.6698783312363404E-15i
27,1.3949631384382446,1.3959288513237826
27,1.4186358884680168+3.1675083388309353E-15i,1.4196179896573817+3.1697011592242275E-15i
27,1.522544146459313+1.8212155300224242E-15i,1.5235981818388302+1.8224763312982586E-15i
27,1.5369621719168183+3.27494548574276E-16i,1.5380261886876603+3.2772126833251686E-16i
27,1.576877666553104,1.5779693162458783
28,1.0187004419823562E-9-1.8944792711204012E-6i,1.0194056736234066E-9-1.8957907918287939E-6i
28,2.1819269658474926E-9-1.3689586148573207E-6i,2.1834374824541043E-9-1.369906325185793E-6i
28,3.3259972607848514E-9-1.5949588926773408E-6i,3.328299800775693E-9-1.5960630597424909E-6i
28,9.36481212892212E-9+1.1417508443746044E-6i,9.371295253453761E-9+1.142541262036623E-6i
28,2.5419567446375785E-8-5.983923513955374E-7i,2.543716504673622E-8-5.988066098002413E-7i
28,1.3561002678316483E-7-1.991471953343013E-8i,1.3570390765117062E-7-1.9928506206880754E-8i
28,8.005338624553682E-7-3.793769383746369E-9i,8.010880605162205E-7-3.7963957556394256E-9i
28,1.1214890274084688E-6+1.426142925664713E-8i,1.1222654181064843E-6+1.4271302238677863E-8i
28,1.4391737627171443E-6-4.773934015693153E-9i,1.4401700819809925E-6-4.777238941441101E-9i
28,1.6686471703776888E-6+2.126368694562458E-10i,1.6698023507759713E-6+2.127840748978206E-10i
28,1.911634637537803E-6-6.140404186479945E-10i,1.9129580346592336E-6-6.144655099842382E-10i
28,0.25238059355008247+3.5104402327563434E-15i,0.25255531299931744+3.5128704599596795E-15i
28,0.3535022314027033-7.478309453810181E-16i,0.35374695590511146-7.483486579715938E-16i
28,0.45906329048887623+2.7728820685507263E-16i,0.4593810933918253+2.774801694861909E-16i
28,0.5175566011093988+1.3135202952815086E-15i,0.5179148980886625+1.3144296264599577E-15i
28,0.6347105247231103-2.1987246894036378E-16i,0.6351499256760258-2.2002468348322866E-16i
28,0.7049831211626698+3.7313046352859196E-16i,0.7054711708217855+3.733887763733455E-16i
28,0.7366477863192452-1.1840034865395947E-15i,0.737157756969902-1.1848231550971118E-15i
28,0.8212407403074524-2.5044976656399098E-15i,0.8218092734415476-2.506231493295181E-15i
28,0.8508436820367715-5.978296866771134E-16i,0.8514327088609794-5.982435555571381E-16i
28,0.9448374357152316-5.827174685094528E-16i,0.94549153306108-5.831208754185399E-16i
28,0.9462067370157399+8.376327940520211E-16i,0.9468617823091532+8.382126751687873E-16i
28,0.9794118643876348,0.9800898971123898
28,1.0514146636349515,1.0521425428603859
28,1.097601276710709,1.0983611302630325
28,1.1278857472422879-1.5518018145649737E-15i,1.1286665662972961-1.552876104606648E-15i
28,1.164711051246781,1.165517363929263
28,1.1712924301743604+1.7191989277562987E-15i,1.1721032990506655+1.7203891044079886E-15i
28,1.181573704252508+3.7513282812429163E-16i,1.18239169070675+3.7539252717720967E-16i
28,1.190592192429309,1.1914164222529997
28,1.3040551654825696-1.1899162206746988E-15i,1.3049579440880092-1.1907399825328814E-15i
28,1.3134265714788838-7.121941106751286E-16i,1.3143358377736944-7.126871523984053E-16i
28,1.3158894192963466-2.85800035385521E-15i,1.3168003905852226-2.8599789063291346E-15i
28,1.324916737933344,1.3258339587048689
28,1.3376561537908729,1.3385821938764777
28,1.4040144562463752+1.6740462335114786E-15i,1.4049864352288426+1.6752051516033919E-15i
28,1.4260591139578764+4.217101327451097E-15i,1.4270463541393124+4.220020765950453E-15i
28,1.5180244897046753-4.490404122973935E-15i,1.5190753961909294-4.493512765061557E-15i
28,1.534898314510205+2.1035610503409007E-15i,1.5359609025022953+2.1050173153531104E-15i
28,1.5784221230939581-1.3176760319100721E-15i,1.5795148419917469-1.3185882400451234E-15i
29,1.0243200806107498E-9-1.8944058357289806E-6i,1.0250292026466687E-9-1.8957173055991093E-6i
29,1.6736124685609676E-9-1.373309707105258E-6i,1.6747710863636544E-9-1.3742604296322138E-6i
29,2.777013641940665E-9-1.594511948381068E-6i,2.778936128480589E-9-1.5956158060331202E-6i
29,8.00749790561174E-9+1.136815143880631E-6i,8.013041381059434E-9+1.137602144628299E-6i
29,2.6761428557021606E-8-6.046951040726571E-7i,2.6779955108498695E-8-6.051137257822448E-7i
29,1.3878471489160618E-7-1.4715572902791116E-8i,1.3888079355045633E-7-1.4725760281925887E-8i
29,7.958998713324509E-7-2.3684203573375537E-9i,7.964508613480039E-7-2.3700599806325552E-9i
29,1.1290586250197315E-6+1.428499093252761E-8i,1.129840256041129E-6+1.4294880225967135E-8i
29,1.4370530181062825E-6-3.6912985411653697E-9i,1.438047869209187E-6-3.6938539739702553E-9i
29,1.668471144857111E-6+2.082008049518031E-10i,1.6696262033954612E-6+2.0834493936982538E-10i
29,1.9116831353847306E-6-5.47629258036799E-10i,1.9130065660805224E-6-5.480083738832406E-10i
29,0.25785730558264014-8.220489764344264E-17i,0.25803581648072027-8.226180690987492E-17i
29,0.3651547701872693+2.9504714939706656E-16i,0.36540756157441684+2.952514062882795E-16i
29,0.45498493380160066-1.5746066821951285E-15i,0.45529991331696607-1.5756967597181464E-15i
29,0.5079851314881+1.2373013804519465E-15i,0.5083368022768271+1.238157946373634E-15i
29,0.6349177498149627+3.0239447162203627E-16i,0.6353572942268242+3.0260381495858335E-16i
29,0.703783343795536+6.830161039341079E-16i,0.7042705628660638+6.83488946143643E-16i
29,0.7421028830889498+8.732683957498137E-16i,0.7426166302245166+8.738729468802849E-16i
29,0.8151149895046802-2.0830417600142878E-16i,0.8156792818697395-2.084483819817396E-16i
29,0.851743025708393+9.193444956981946E-16i,0.8523326751352693+9.19980944648909E-16i
29,0.9442102872896899+2.1372058116436187E-16i,0.9448639504697177+2.1386853684394073E-16i
29,0.9452146347311678+7.486861167885807E-16i,0.9458689932064612+7.492044214020028E-16i
29,0.9796507912687673,0.9803289893991602
29,1.050573369631028-1.6792804019576545E-15i,1.0513006664407425-1.680442943588982E-15i
29,1.1027637299647146+1.0665898895208868E-14i,1.1035271574090577+1.0673282743365944E-14i
29,1.1293351102547127-1.1553399993904903E-15i,1.1301169326828553-1.1561398246287673E-15i
29,1.1640223992258025-7.416901031348291E-16i,1.1648282351644108-7.422035645087801E-16i
29,1.1683959926120935-1.0027431973585578E-15i,1.169204856326399-1.003437382029028E-15i
29,1.1766501087600445-1.028573566842928E-15i,1.1774646866800542-1.0292856335060917E-15i
29,1.1933982966231436+1.885307158183346E-16i,1.194224469072344+1.8866123291700814E-16i
29,1.300461308367503-2.4347069028265114E-16i,1.3013615989974332-2.436392415342061E-16i
29,1.312602843868933-1.2508827240890797E-15i,1.3135115399089856-1.2517486921793205E-15i
29,1.3158257197347745-9.153265314853056E-15i,1.3167366469253614-9.159601988572764E-15i
29,1.3249102845634475-2.7872798571923586E-16i,1.3258275008673974-2.7892094508852107E-16i
29,1.3376995476348146+3.3370875158245715E-15i,1.3386256177613527+3.3393977334392164E-15i
29,1.4131584716361785-2.4771334103588046E-15i,1.4141367808887757-2.478848294134342E-15i
29,1.433272474320429+4.9572791194257165E-15i,1.4342647082073314+4.9607109723477936E-15i
29,1.5125882784930245+5.792491292727315E-15i,1.5136354215685683+5.7965013510052825E-15i
29,1.5319314267903528-2.067650663185936E-16i,1.5329919608488143-2.0690820679544273E-16i
29,1.5796863365333853-2.2712576154968567E-15i,1.5807799306279264-2.2728299744253636E-15i
30,9.068050679514859E-10-1.375063841598879E-6i,9.074328360370086E-10-1.3760157784878754E-6i
30,1.21192995469378E-9-1.8928875812684996E-6i,1.2127689563429043E-9-1.8941980000729367E-6i
30,2.80101553169288E-9-1.5956846181529707E-6i,2.802954634395319E-9-1.596789287627413E-6i
30,7.458247136268319E-9+1.1294446388688168E-6i,7.46341037332065E-9+1.1302265371220414E-6i
30,1.2719218308172466E-8-5.99665416530939E-7i,1.2728023639779957E-8-6.000805562602968E-7i
30,1.6007164603855661E-7-4.894446851129904E-9i,1.6018246133319E-7-4.897835206177772E-9i
30,7.856904926304623E-7-5.2873534509685795E-9i,7.862344148402115E-7-5.291013809595483E-9i
30,1.1353839441768956E-6+1.4593818551856146E-8i,1.1361699541256259E-6+1.4603921642207701E-8i
30,1.4358777883230744E-6-2.680555351301736E-9i,1.4368718258313302E-6-2.6824110611565844E-9i
30,1.6677112343358816E-6-8.701749836646256E-11i,1.668865766799125E-6-8.707773932704726E-11i
30,1.91211164841951E-6-5.138010580186736E-10i,1.9134353757687026E-6-5.141567550895563E-10i
30,0.2626916165833153+2.0243288596825806E-15i,0.2628734742052603+2.0257302733905804E-15i
30,0.37655042220631046-2.7432287164551317E-15i,0.37681110263919027-2.7451278141778315E-15i
30,0.45133590084020603-3.526973121926229E-16i,0.4516483541826186-3.5294147946105723E-16i
30,0.4983101740116687+9.539062787428666E-16i,0.4986551469667079+9.545666543181014E-16i
30,0.6350962993949514-5.669149555243873E-16i,0.6355359674141149-5.673074225813785E-16i
30,0.7028053426962488+2.2626512683708326E-15i,0.7032918847107044+2.2642176692492036E-15i
30,0.7476263341061156+6.116421192027486E-16i,0.7481439050472533+6.120655502308352E-16i
30,0.8089856733241316+2.5104416460156275E-16i,0.8095457224518953+2.5121795886028866E-16i
30,0.852524608181363+1.0900278335758125E-15i,0.8531147986865263+1.0907824441425533E-15i
30,0.9436736451927562+2.5906562790629747E-16i,0.9443269368631909+2.592449753085157E-16i
30,0.9443613280878689+9.014716386157683E-15i,0.9450150958312656+9.020957144449927E-15i
30,0.9799046308411314+3.4801555987764974E-16i,0.9805830047010036+3.482564860363996E-16i
30,1.0498364212030142+6.439704578955853E-15i,1.0505632078339484+6.4441626936684175E-15i
30,1.107837161146841+5.794551791793917E-15i,1.1086041008545062+5.798563276525706E-15i
30,1.1307921704952342-1.7212566488141927E-15i,1.1315750016251915-1.7224482499965284E-15i
30,1.163434928679978-3.3800978416214766E-16i,1.1642403579211902-3.382437834665083E-16i
30,1.1656800686821107-3.1752187911538374E-16i,1.166487052201404-3.1774169493821997E-16i
30,1.1717515366739328-8.15251340029055E-15i,1.1725627233830538-8.158157267876182E-15i
30,1.1959427684394304+4.482530226465127E-16i,1.196770702389815+4.485633417567622E-16i
30,1.2972481173369954-3.651200278553207E-16i,1.298146183521063-3.6537279519085237E-16i
30,1.3119130862823978+4.832956026282169E-15i,1.3128213048132094+4.836301812117804E-15i
30,1.315772821429493+1.0404349082209325E-14i,1.3166837119993455+1.041155186319863E-14i
30,1.3249077361591362,1.3258249506988626
30,1.3377328247958284+6.102589443078883E-16i,1.3386589179596655+6.106814177839206E-16i
30,1.422345698212943-1.6348008478409696E-16i,1.4233303676501525-1.6359325969177345E-16i
30,1.4401648077363938+2.1023650295404175E-15i,1.4411618130864323+2.1038204665646565E-15i
30,1.506369435732538+3.319446644405307E-14i,1.5074122735928244+3.321744649498794E-14i
30,1.5283343668212324,1.5293924106868948
30,1.5807032829812169-3.099452730486299E-15i,1.5817975810931342-3.1015984369623124E-15i
31,1.0044093614890522E-9-1.89462613179389E-6i,1.005104699620948E-9-1.8959377541718108E-6i
31,1.1715278869610514E-9-1.3776135871420904E-6i,1.1723389188406982E-9-1.378567289183196E-6i
31,2.381987171936098E-9-1.593269903665233E-6i,2.3836361873414085E-9-1.594372901467621E-6i
31,6.067537251162133E-9+1.1286969847465765E-6i,6.071737719794939E-9+1.1294783654096225E-6i
31,1.6524212843680925E-8-6.098540439194517E-7i,1.6535652318192332E-8-6.102762370887779E-7i
31,1.4060639992840867E-7-8.732771688058878E-9i,1.4070373971356744E-7-8.738817260098195E-9i
31,7.807408732652828E-7-5.898577716816304E-9i,7.812813689248474E-7-5.902661217197436E-9i
31,1.1375792509421478E-6+1.5008407743287996E-8i,1.1383667806701271E-6+1.50187978477644E-8i
31,1.4334665740448834E-6-3.729368727660046E-9i,1.4344589423042292E-6-3.73195051590662E-9i
31,1.6692862584354458E-6+1.7488592814439738E-10i,1.6704418812651841E-6+1.7500699915312484E-10i
31,1.9117801424861993E-6-4.5092359083976534E-10i,1.91310364033861E-6-4.512357587459041E-10i
31,0.2668024339807524-1.3582571968049747E-15i,0.2669871374623631-1.3591974986958892E-15i
31,0.3875704684422927-1.3937031061827472E-15i,0.38783877789443194-1.3946679467661061E-15i
31,0.4481962740266115+2.5291970107271074E-16i,0.448506553850609+2.530947937383175E-16i
31,0.4886706453768256+1.1224211333288492E-15i,0.4890089450250535+1.1231981693103659E-15i
31,0.6352445988648793+3.7312053788044734E-16i,0.6356843695496295+3.7337884385381767E-16i
31,0.7020304920211373-7.960008780785397E-16i,0.7025164976176325-7.965519380196078E-16i
31,0.7531969715791422+6.286135847816031E-16i,0.7537183989923544+6.290487649108268E-16i
31,0.8028937656270634-5.300853149983804E-16i,0.8034495974148855-5.304522854257866E-16i
31,0.8531786034121132-2.1427925239397962E-16i,0.8537692466687535-2.1442759483360281E-16i
31,0.9432304919329397+4.944260523432026E-16i,0.9438834768147566+4.947683363767637E-16i
31,0.9436541430903667+2.573554177323664E-15i,0.9443074212597768+2.5753358118071775E-15i
31,0.9801473071777448,0.9808258490389489
31,1.0492157105767104+4.978149500648061E-16i,1.0499420674986197+4.981595801834408E-16i
31,1.112730474496368+2.4731191504695915E-15i,1.113500801774374+2.474831255230835E-15i
31,1.1322081966281334-5.847891841232713E-16i,1.1329920080525844-5.851940252512335E-16i
31,1.1629511811474342-4.791914948786549E-16i,1.1637562754971984-4.795232322475452E-16i
31,1.1632106880175577+5.683826282579077E-16i,1.1640159620201895+5.687761113635897E-16i
31,1.1669838324687538+5.365591035150258E-16i,1.1677917185649351+5.369305556529635E-16i
31,1.198161126045925+3.24301355677464E-16i,1.198990595733324+3.245258648342621E-16i
31,1.2944816695636845-2.3811642167491797E-16i,1.2953778205758109-2.382812662434469E-16i
31,1.311353711384633-5.803567942656681E-16i,1.3122615426682611-5.80758566913983E-16i
31,1.31573035331202+3.875354927472137E-15i,1.3166412144818065+3.87803777986183E-15i
31,1.3249071259908798+2.6715422198960787E-16i,1.3258243401081955+2.6733916900898937E-16i
31,1.3377579080392676,1.3386840185678728
31,1.431530629014663+2.5529030129231008E-15i,1.4325216570471524+2.554670350902991E-15i
31,1.4465780777733799+6.691184668718549E-16i,1.4475795229378783+6.695816879474548E-16i
31,1.499495479028816-9.178067231402894E-16i,1.5005335581478996-9.184421075132144E-16i
31,1.524417266225538,1.525472598338886
31,1.5815002008542316-7.910990083091402E-16i,1.5825950506609123-7.916466747563811E-16i
32,1.0137437814812726E-9-1.8942181411376779E-6i,1.0144455816976613E-9-1.895529481069545E-6i
32,1.2626887842715816E-9-1.3809311142228785E-6i,1.2635629255272141E-9-1.3818871129401912E-6i
32,2.157127928578892E-9-1.5942298179448345E-6i,2.158621277169246E-9-1.5953334802820498E-6i
32,5.745920848461902E-9+1.124991374063323E-6i,5.7498986666921765E-9+1.1257701893854744E-6i
32,1.5408528466551565E-8-6.105848238893614E-7i,1.5419195568840725E-8-6.110075229671336E-7i
32,1.452805612688876E-7-4.614582710531413E-9i,1.4538113690860855E-7-4.61777731966634E-9i
32,7.781947865804758E-7-7.338541664050811E-9i,7.787335196209062E-7-7.343622030729148E-9i
32,1.1449221960607074E-6+1.7045546248139434E-8i,1.1457148092038132E-6+1.7057346634256656E-8i
32,1.433582429713382E-6-2.4472540054992645E-9i,1.4345748781779378E-6-2.4489482041932467E-9i
32,1.6684340797881189E-6+1.651579872835003E-10i,1.6695891126668557E-6+1.65272323778906E-10i
32,1.9118852413331093E-6-3.871188769170614E-10i,1.913208811943937E-6-3.873868737388931E-10i
32,0.27010836524242965+7.375415358975424E-16i,0.27029535737262905+7.380521252781573E-16i
32,0.39798572306120167-1.8098950637163436E-15i,0.3982612428440761-1.8111480279964316E-15i
32,0.44564660395487704-9.595358199252538E-16i,0.44595511867901333-9.602000927507527E-16i
32,0.47931220458586543+1.0127558740990517E-15i,0.47964402552034713+1.0134569904013912E-15i
32,0.6353613346423761,0.6358011861416234
32,0.7014435461039737-5.813617064246861E-16i,0.7019291453662657-5.817641747592123E-16i
32,0.7587699483380262-6.761887189455164E-16i,0.7592952338427669-6.766568346547761E-16i
32,0.7968997682549701+1.7868892328771631E-16i,0.7974514504847584+1.7881262705519726E-16i
32,0.8536965540856882+3.719235866617231E-16i,0.8542875559121186+3.721810640030075E-16i
32,0.9428832734547833+3.438364272851697E-16i,0.9435360179622496+3.440744602906284E-16i
32,0.943098692196669-2.6532191024093164E-15i,0.943751585835427-2.6550558877728498E-15i
32,0.9803577053871556-1.8220307584416205E-16i,0.9810363929040092-1.8232921240883457E-16i
32,1.0487215439199058+1.1951405291502442E-15i,1.0494475587373573+1.1959679077219255E-15i
32,1.1172887321922866-9.127257307588788E-16i,1.1180622150864314-9.133575976339724E-16i
32,1.133509502629759-4.885842635114176E-16i,1.1342942149296087-4.889225033587244E-16i
32,1.1610755918717839-2.1317285695216196E-16i,1.1618793877781115-2.1332043345015898E-16i
32,1.1625129494211677,1.1633177403894206
32,1.1625730944715955+4.138574858128595E-16i,1.1633779270774003+4.141439933884455E-16i
32,1.199985080189384,1.2008158125739614
32,1.2922310102093433-5.668916156873383E-16i,1.2931256031224208-5.672840665864965E-16i
32,1.3109217519535992-4.667208164770301E-16i,1.3118292841979358-4.6704392057491E-16i
32,1.3156978786902878+6.526427537206195E-16i,1.3166087173783614+6.530945688973464E-16i
32,1.3249073892934378-5.824434246619668E-16i,1.325824603593034-5.828466418544459E-16i
32,1.3377761758057927+1.654860016010734E-15i,1.3387022989809096+1.6560056517606595E-15i
32,1.440669079915449+1.4836003199334279E-15i,1.4416664343658527+1.4846273950628483E-15i
32,1.452277459818988+3.1505407188523233E-15i,1.453282850583574+3.152721792806732E-15i
32,1.4920811783477346-2.5837555278703426E-15i,1.4931141246532638-2.5855442246018834E-15i
32,1.5205395086961708+3.456014387424449E-16i,1.5215921562938426+3.4584069363990957E-16i
32,1.5820986736482021+5.401748055083754E-16i,1.5831939377689768+5.405487607447169E-16i
33,1.0779610703208744E-9-1.8943813853863982E-6i,1.0787073272412418E-9-1.895692838329907E-6i
33,1.5332467466141602E-9-1.380763466029434E-6i,1.5343081912495879E-9-1.3817193486863175E-6i
33,2.076266106781359E-9-1.5935023132255673E-6i,2.0777034758973407E-9-1.5946054719217457E-6i
33,5.266195474923576E-9+1.124205524163554E-6i,5.269841186188455E-9+1.1249837954531404E-6i
33,1.4715822929128618E-8-6.106689990583593E-7i,1.472601048135302E-8-6.110917564093883E-7i
33,1.4495474092198843E-7-4.413583659496288E-9i,1.4505509100097685E-7-4.416639119883684E-9i
33,7.757779511101885E-7-8.365858963330134E-9i,7.763150110102387E-7-8.371650526975698E-9i
33,1.1465316239119277E-6+1.638547178986465E-8i,1.1473253512387502E-6+1.639681521594314E-8i
33,1.4320510496567443E-6-2.788850439194778E-9i,1.4330424379689474E-6-2.790781120178925E-9i
33,1.6689435872983325E-6+1.7656025862129698E-10i,1.6700989729017788E-6+1.7668248874489394E-10i
33,1.911844802820815E-6-3.2725612781790446E-10i,1.9131683454366434E-6-3.274826825208903E-10i
33,0.2725338612467391,0.27272253251288175
33,0.40730626769331163-6.423809793176705E-16i,0.4075882399549674-6.428256904158049E-16i
33,0.44376177529860106,0.4440689851830105
33,0.4707375046186629+8.60795461147616E-16i,0.47106338941188064+8.613913774451418E-16i
33,0.6354454690277267-1.3575009549189148E-16i,0.635885378771997-1.3584407332744654E-16i
33,0.7010326887167855+6.833976724614345E-16i,0.701518003548427+6.838707788253643E-16i
33,0.764228681259778+1.3565010853398465E-15i,0.7647577457666844+1.3574401715000912E-15i
33,0.7911320890187533,0.791679778367293
33,0.8540716047456687-3.241242273198569E-16i,0.8546628662142681-3.2434861385324467E-16i
33,0.9426338960060804,0.9432864678731314
33,0.9426991179074503+7.766277383694151E-16i,0.943351734926684+7.771653865649432E-16i
33,0.9805195386358102,0.9811983381874904
33,1.048362315893463+1.3998553426452858E-16i,1.0490880820225266+1.4008244423333215E-16i
33,1.1212320601533476,1.1220082729566343
33,1.1345912922451076,1.1353767534523242
33,1.15862671796426-2.0056335727243027E-15i,1.1594288185504587-2.0070220439544572E-15i
33,1.1593904695152981+3.5124043584138394E-16i,1.1601930988356932+3.5148359453530737E-16i
33,1.1623020835617128-2.6974772170249925E-16i,1.1631067285505687-2.6993446416437124E-16i
33,1.201347865863996+1.6066206960001257E-16i,1.2021795416854641+1.6077329363637218E-16i
33,1.2905632718883384-1.179661137759271E-15i,1.2914567102502008-1.1804778001712814E-15i
33,1.3106148818467604-6.931347671749719E-16i,1.3115222016493426-6.936146143893037E-16i
33,1.315674997307298+5.494158821196053E-16i,1.3165858201549199+5.497962348201621E-16i
33,1.3249079155621557,1.3258251302260802
33,1.337788594455034-2.398650809072652E-16i,1.338714726227403-2.4003113604739037E-16i
33,1.4497142754022951,1.4507178917112333
33,1.4569155805060654-3.6350887666629977E-16i,1.4579241821747884-3.6376052862507275E-16i
33,1.484228616424151+2.120612104893535E-15i,1.4852561265141806+2.122080174105182E-15i
33,1.5171410252886492,1.5181913201652149
33,1.5825149466362236-6.843269768078758E-16i,1.5836104989367912-6.848007265158176E-16i
34,1.0715105436699982E-9-1.8945527358273907E-6i,1.0722523349836887E-9-1.8958643073943414E-6i
34,1.4607376872533736E-9-1.3799906825806208E-6i,1.4617489349115384E-9-1.380946030250655E-6i
34,2.1699749123708914E-9-1.593162872350397E-6i,2.1714771547430573E-9-1.5942657960565476E-6i
34,5.193669929367401E-9+1.1239026363153667E-6i,5.197265432241862E-9+1.124680697920059E-6i
34,1.322717640613569E-8-6.094693296750932E-7i,1.3236333389816987E-8-6.098912565122901E-7i
34,1.5255905392538325E-7-7.474610645675788E-9i,1.5266466836071963E-7-7.479785210949958E-9i
34,7.777752723215348E-7-7.095911875526044E-9i,7.783137149382871E-7-7.100824273097001E-9i
34,1.1465479863567103E-6+1.562596551583763E-8i,1.1473417250110176E-6+1.5636783146663712E-8i
34,1.431779704545134E-6-1.8992527171378233E-9i,1.432770905009025E-6-1.900567542434129E-9i
34,1.6684526048669717E-6+1.0044968599171515E-10i,1.6696076505703537E-6+1.0051922586229486E-10i
34,1.91181245920522E-6-3.2054310549995364E-10i,1.9131359794300294E-6-3.2076501287429347E-10i
34,0.27401675681147575-7.986835265675264E-16i,0.2742064546648559-7.992364436674985E-16i
34,0.41442580087404557-6.375536651621545E-16i,0.4147127018859616-6.379950343802389E-16i
34,0.4426034734863865-5.1572800065325855E-17i,0.4429098814951374-5.160850317187685E-17i
34,0.464061883647921+6.35117248989604E-16i,0.4643831470049066+6.3555693151187E-16i
34,0.635496252095144-6.846100739599754E-16i,0.6359361969958003-6.850840196519973E-16i
34,0.7007895196958811-5.271699345372427E-16i,0.7012746661851124-5.275348866887531E-16i
34,0.7691601193128134+2.145357380164036E-15i,0.7696925977832437+2.146842580173284E-15i
34,0.7860120345973999+1.8532292326611688E-16i,0.7865561794060207+1.854512196562165E-16i
34,0.8542987020492705+5.755121973488227E-16i,0.8548901207340618+5.759106161524809E-16i
34,0.9424582657186495-2.8485081750808724E-16i,0.9431107159993826-2.850480156256171E-16i
34,0.9424837233800838+4.239504506846795E-16i,0.9431361912847893+4.2424394547445166E-16i
34,0.980621244365375,0.9813001143264667
34,1.04814423457457-3.4150564945714793E-16i,1.0488698497290783-3.4174206889869247E-16i
34,1.1240696024807162+9.499680279721742E-16i,1.1248477796736798+9.506256771531331E-16i
34,1.1353233489758736-5.561977627595114E-16i,1.136109316975419-5.565828104583385E-16i
34,1.1558213673548792+4.350720910870302E-15i,1.1566215258372634+4.3537328522823956E-15i
34,1.158293306705467-5.491967698585645E-16i,1.1590951764758541-5.4957697087085935E-16i
34,1.1621391078990762,1.1629436400622288
34,1.202191992375771,1.203024252573863
34,1.2895361221922377-2.062749241582451E-16i,1.2904288494731624-2.0641772531673737E-16i
34,1.3104314304356206-1.6858315822487215E-16i,1.3113386232374338-1.6869986591677915E-16i
34,1.3156613984008663-2.851324207077095E-16i,1.3165722118341612-2.853298137750778E-16i
34,1.3249083531417163-1.7060180503964018E-16i,1.3258255681085707-1.7071991021165733E-16i
34,1.337795803203912+1.7868857222454376E-16i,1.3387219399667938+1.7881227574898874E-16i
34,1.458601110422745-8.993005824316446E-15i,1.4596108789595483-8.99923155269948E-15i
34,1.4600257307052562-4.95923141814263E-16i,1.4610364854861588-4.962664622612984E-16i
34,1.4760419708993953+1.097749406590695E-14i,1.4770638134926615+1.0985093626912006E-14i
34,1.514750936873312+2.092029609368371E-16i,1.5157995771260981+2.0934778913301122E-16i
34,1.582760297157849+4.44052853823752E-16i,1.5838560193110482+4.443602652176313E-16i
35,3.7274483924291514E-11-1.70202847887346E-6i,3.7300288512553084E-11-1.7032067686707381E-6i
35,5.0268721966600324E-11-2.171604647991131E-6i,5.030352227866952E-11-2.173108018605789E-6i
35,1.7038386541972247E-10-2.0208138862184176E-6i,1.7050181971528027E-10-2.022212866560923E-6i
35,1.0824790075847686E-9+9.360445098142467E-7i,1.0832283922080206E-9+9.366925199441609E-7i
35,1.7053453782537204E-9+1.4095963193058523E-6i,1.7065259642926576E-9+1.410572162531706E-6i
35,2.9029620915305725E-9+2.901000140106068E-7i,2.9049717703677914E-9+2.9030084607125786E-7i
35,7.079300273205736E-7+1.3848497831726747E-9i,7.084201170803705E-7+1.3858084947280507E-9i
35,1.2495741930096009E-6-2.379302280325865E-10i,1.2504392552226256E-6-2.3809494370193913E-10i
35,1.582125687053715E-6-6.53628931641281E-10i,1.5832209698754813E-6-6.540814295347759E-10i
35,1.8692568620092793E-6-7.582477642104994E-11i,1.8705509216071866E-6-7.587726882146909E-11i
35,2.1010933958259735E-6-5.7175351920701266E-11i,2.1025479525165106E-6-5.7214933593193926E-11i
35,0.2745158705656747+2.7336563737345206E-15i,0.2747059139483169+2.73554884466225E-15i
35,0.41727834311903284+8.803565357388068E-17i,0.4175672189048526+8.80965993886484E-17i
35,0.4422125899766642,0.4425187273823921
35,0.4613567146084058-7.233633379109047E-17i,0.46167610521583485-7.238641119292982E-17i
35,0.6355132303675096-5.189652756630958E-16i,0.6359531870219793-5.193245478474602E-16i
35,0.700709019745572+4.614066087656398E-15i,0.7011941105058472+4.617260339140751E-15i
35,0.7716999754787637+1.1288884229339658E-15i,0.7722342122550296+1.1296699361269114E-15i
35,0.7834087687215439-1.2173118263352215E-16i,0.7839511113267003-1.2181545537765543E-16i
35,0.8543747489612468-9.1504835936945E-16i,0.8549662202922197-9.156818341668722E-16i
35,0.9423777991917859-8.044330643987444E-16i,0.9430301937667016-8.049899618209318E-16i
35,0.9424335747651779-2.7346080638681803E-16i,0.9430860079527195-2.7365011936372796E-16i
35,0.9806559125602136+1.6166746629794372E-16i,0.9813348065215973+1.6177938635595398E-16i
35,1.0480711122615556+2.206517539663617E-15i,1.0487966767945398+2.2080450799702408E-15i
35,1.1251370550673163-3.728250733399962E-15i,1.1259159712423281-3.7308317476752155E-15i
35,1.135584575110651-2.256412387960585E-16i,1.1363707239532868-2.2579744697519224E-16i
35,1.154764306777036-1.8185351231886894E-14i,1.1555637334716096-1.8197940688574854E-14i
35,1.1579098608183263-7.188286139485202E-16i,1.1587114651346493-7.193262486428396E-16i
35,1.1620847222206838-2.7902195784026796E-15i,1.1628892167334146-2.792151207222177E-15i
35,1.2024780595486342+3.816715641696134E-16i,1.2033105177869092+3.819357898953015E-16i
35,1.289189039903262-9.814639311313215E-16i,1.2900815269041177-9.821433844723219E-16i
35,1.310370391906461-1.173352240544511E-15i,1.3112775424521799-1.1741645353978627E-15i
35,1.3156568874389283-8.280489457226836E-15i,1.316567697749349-8.28622192079312E-15i
35,1.324908518114645,1.325825733195708
35,1.3377981666206555,1.3387243050196969
35,1.4611338994070189-2.905013997621974E-15i,1.4621454213571496-2.9070250969642206E-15i
35,1.4662238530891472+1.2353460201730956E-14i,1.4672388987408886+1.2362012324270302E-14i
35,1.4686500808487946-3.920721762680248E-15i,1.469666806143063-3.923436021876422E-15i
35,1.513878930526423,1.514926967101777
35,1.5828413523156917-3.708350419582979E-16i,1.5839371305822092-3.7109176571576506E-16i
36,1.0784367430630922E-9-1.3978314218739387E-6i,1.079183329284847E-9-1.39879912043078E-6i
36,1.373840187892472E-9-1.891032981510234E-6i,1.3747912776636346E-9-1.8923421164019747E-6i
36,2.7436381634749923E-9-1.6104575039015012E-6i,2.745537544651966E-9-1.611572400431936E-6i
36,4.49724354644873E-9+1.1388201594604924E-6i,4.500356923370698E-9+1.139608548251563E-6i
36,1.3007767145736983E-8-6.326621643748696E-7i,1.3016772235548016E-8-6.331001472774239E-7i
36,1.0814803812594886E-7-1.0112314489512E-8i,1.0822290745481215E-7-1.0119315099159698E-8i
36,7.608324849567483E-7-1.0325066455392869E-8i,7.613591983258781E-7-1.0332214350161738E-8i
36,1.1433017922390313E-6+1.617973028780577E-8i,1.1440932835999143E-6+1.6190931282006207E-8i
36,1.4280070028976748E-6-2.0956614125218086E-9i,1.4289955915745634E-6-2.0971122087285553E-9i
36,1.6674053245493133E-6+1.0877039318744668E-10i,1.6685596452356181E-6+1.0884569336375368E-10i
36,1.911941810774006E-6-2.124935795533422E-10i,1.9132654205470434E-6-2.126406857973814E-10i
36,0.2746007183110598-1.811304195563077E-15i,0.27479082043257386-1.8125581353648438E-15i
36,0.41750469696225956,0.4177937294495843
36,0.44237188157448937-2.9216446914774424E-16i,0.4426781292554958-2.9236673040094714E-16i
36,0.46146701162661785,0.4617864785910836
36,0.6352796112313118,0.635719406154619
36,0.7005582287893289-1.0399789835009377E-15i,0.7010432151591975-1.0406989459697524E-15i
36,0.7716147442077739+5.881319590142037E-16i,0.7721489219796589+5.885391142970685E-16i
36,0.783677820928223+1.2472022832155482E-16i,0.7842203497943463+1.248065703389591E-16i
36,0.8544873162609201+7.382573756001959E-16i,0.855078865520613+7.387684605463248E-16i
36,0.9420221281558225,0.9426742765048035
36,0.9423976311723381-7.750575559043141E-16i,0.9430500394766483-7.75594117085141E-16i
36,0.9806592406885563+2.0355148276548596E-16i,0.9813381369539552+2.0369239852473465E-16i
36,1.0470846955523119+1.4267477738205515E-16i,1.047809577203218+1.4277354907512898E-16i
36,1.1264021754800906+2.480070384791661E-16i,1.1271819674797394+2.4817873017922895E-16i
36,1.135277137070588-1.4337634158865193E-15i,1.1360630730782975-1.4347559896451958E-15i
36,1.1519617570506708-5.880783699352323E-16i,1.1527592435804415-5.884854881191498E-16i
36,1.1562918942845364-5.059460261063769E-16i,1.157092378505936-5.062962852518227E-16i
36,1.1647188435376061,1.1655251616145788
36,1.204152782597923+2.285879409974446E-16i,1.2049864002228399+2.287461891360635E-16i
36,1.2894464996104342+7.629457817095573E-16i,1.2903391648469364+7.634739580835859E-16i
36,1.3104595079565633-2.038882100023208E-16i,1.3113667201960395-2.0402935887298485E-16i
36,1.3159085072146979+8.347529005573843E-16i,1.3168194917178648+8.353307879653706E-16i
36,1.3249247334857295,1.3258419597924602
36,1.3379239686532676+1.6646888799754054E-16i,1.3388501941432436+1.6658413201062635E-16i
36,1.461153200652116+1.9915471286302404E-15i,1.4621647359642207+1.9929258480180716E-15i
36,1.4662467868766136-1.6890121937506449E-15i,1.4672618484050857-1.6901814725612392E-15i
36,1.4687232960828829,1.469740072063003
36,1.5139341510500959,1.514982225853823
36,1.5827554810180202,1.5838511998370755
37,1.0482672155657767E-9-1.8939896439893934E-6i,1.0489929158582534E-9-1.8953008257359764E-6i
37,2.0236951740494285E-9-1.5979874248897273E-6i,2.025096149065993E-9-1.5990936885641005E-6i
37,2.2731953771240147E-9-1.3863063218986521E-6i,2.2747690775369817E-9-1.3872660417948062E-6i
37,4.8017828619445766E-9+1.1278277250063586E-6i,4.805107067047607E-9+1.1286085038934088E-6i
37,1.2601843719884352E-8-6.193689267730752E-7i,1.2610567794755216E-8-6.19797706958734E-7i
37,1.4385520631693653E-7-1.4021034101769357E-8i,1.4395479520395724E-7-1.403074066169739E-8i
37,7.707489473394856E-7-9.137328155161235E-9i,7.712825257326709E-7-9.143653795814873E-9i
37,1.1437667997023996E-6+1.6556628431613183E-8i,1.1445586129812506E-6+1.656809034696915E-8i
37,1.430885399012327E-6-3.0969135197125876E-9i,1.431875980361381E-6-3.0990574683295604E-9i
37,1.6688880332078336E-6+3.1749259607580953E-10i,1.6700433803519836E-6+3.177123916264193E-10i
37,1.9117154160074893E-6-2.345892924311557E-10i,1.913038869050691E-6-2.3475169521891944E-10i
37,0.274854753080701+4.979562850549087E-15i,0.27504503106682654+4.98301013017721E-15i
37,0.41818295255626486,0.4184724545901667
37,0.4428490989309557+5.609636723306018E-17i,0.4431556769826634+5.613520193999695E-17i
37,0.4617975900469976-7.915185917280509E-17i,0.46211728586614165-7.920665486468484E-17i
37,0.6345844006615785,0.6350237143006231
37,0.7001071453686747+4.656659417745028E-16i,0.7005918194599892+4.659883155978221E-16i
37,0.7713587382486577-9.762948150586586E-16i,0.7718927387913052-9.769706898950658E-16i
37,0.7844795146598029+1.883754323776288E-16i,0.7850225985269479+1.8850584197581328E-16i
37,0.8548238470609714-2.0594006028709199E-16i,0.8554156292960893-2.0608262962415016E-16i
37,0.9409460146728041-2.760201304764372E-16i,0.9415974180439229-2.762112152365459E-16i
37,0.9422899007339144,0.942942234457994
37,0.9806691975065153,0.9813481006648758
37,1.0443416289526402,1.0450646116180549
37,1.1299877270750835+5.068405879678315E-16i,1.1307700013004498+5.071914664055673E-16i
37,1.1343619290992184+1.1580694742165097E-15i,1.1351472315216333+1.1588711890308891E-15i
37,1.1470377979380646+2.777678162925506E-15i,1.1478318756818737+2.779601109503735E-15i
37,1.1520245398127953-1.6057323192101978E-16i,1.1528220698061677-1.6068439445633395E-16i
37,1.169138191202608+1.1803406791095956E-15i,1.1699475687303058+1.1811578119582936E-15i
37,1.2085866632363218+1.9099072326358242E-16i,1.209423350372932+1.9112294338997254E-16i
37,1.2902095822334902+1.2604809088538849E-15i,1.2911027757410998+1.2613535216291714E-15i
37,1.3107297205916093,1.3116371198954004
37,1.3166624791811679+1.693997542191624E-15i,1.317573985648266+1.6951702722871275E-15i
37,1.3249757201718206-2.662254428652194E-16i,1.3258929817758995-2.664097469041927E-16i
37,1.3383053081429201,1.3392317976287316
37,1.4612111793357185+5.157596913181511E-16i,1.4622227547856308+5.161167443226517E-16i
37,1.4663156325763835-2.958003859113993E-16i,1.4673307417657417-2.960051642574003E-16i
37,1.4689428071943433+2.0822644575912576E-16i,1.4699597351388438+2.083705979279096E-16i
37,1.5140986154666163-4.15666791266108E-16i,1.5151468041266898-4.159545513977953E-16i
37,1.582498215744807+4.635498774084808E-16i,1.5835937564628195+4.638707863109226E-16i
38,1.1173483159879913E-9-1.893842765822537E-6i,1.1181218401311395E-9-1.895153845887481E-6i
38,2.059784425733273E-9-1.598654811238723E-6i,2.061210384818893E-9-1.5997615369350515E-6i
38,3.324287955020163E-9-1.3854049422216542E-6i,3.326589311683247E-9-1.3863640381056423E-6i
38,4.971446099819125E-9+1.131017511845993E-6i,4.974887760337645E-9+1.1318004989765214E-6i
38,1.2208639567356706E-8-6.192112822284796E-7i,1.2217091432657093E-8-6.196399532790911E-7i
38,1.277319750226E-7-1.6423225215923928E-8i,1.2782040202885954E-7-1.6434594778155422E-8i
38,7.702762145010937E-7-1.1309885798210054E-8i,7.708094656281449E-7-1.1317715469223099E-8i
38,1.141999889653431E-6+1.7786906044866858E-8i,1.1427904797259085E-6+1.779921966369166E-8i
38,1.431491976943577E-6-3.809736616325675E-9i,1.4324829782177945E-6-3.812374042103829E-9i
38,1.6691843832765377E-6+7.984885837105386E-11i,1.6703399355795711E-6+7.99041365854379E-11i
38,1.911925642130995E-6-2.273361638924187E-10i,1.9132492407107132E-6-2.2749354544378034E-10i
38,0.2752764517098225+2.4215787210993692E-15i,0.2754670216318342+2.4232551451638274E-15i
38,0.4193107038016414,0.41960098656148453
38,0.44364227269092965,0.4439493998454054
38,0.46234751322310563-1.0907857827736936E-16i,0.4626675897461425-1.0915409180577453E-16i
38,0.6334440012481243+1.2753244292145673E-16i,0.6338825254050829+1.2762073179451704E-16i
38,0.6993595795120308-9.579937408144531E-17i,0.6998437360742717-9.58656946080798E-17i
38,0.770931032883133+1.3668744977283098E-16i,0.7714647373315172+1.3678207652525166E-16i
38,0.7857979998921141,0.7863419965275918
38,0.8553808860320172-6.278158980033817E-16i,0.8559730538971903-6.282505259055399E-16i
38,0.9391239346275222,0.9397740765988738
38,0.9421106896631256+3.72960799999041E-16i,0.9427628993219624+3.732189953881771E-16i
38,0.9806857004818303,0.981364615064963
38,1.0403511378699526-7.910390148623207E-16i,1.041071357975876-7.915866397769625E-16i
38,1.1328594950330153+1.8152276363617234E-16i,1.1336437573419695+1.8164842923050352E-16i
38,1.1354017326844068+5.527108851512724E-16i,1.1361877549478645+5.530935189349616E-16i
38,1.1416576893674664-6.623620732806133E-16i,1.1424480425396153-6.628206170022594E-16i
38,1.1461642510123824+1.699914548089154E-16i,1.1469577240122388+1.7010913744426025E-16i
38,1.1736796425659606+1.7547029462362706E-15i,1.1744921640750154+1.7559177018084999E-15i
38,1.2147118322379549,1.2155527597408284
38,1.2914508448316468-4.3471696250440066E-16i,1.292344897647472-4.3501791079520813E-16i
38,1.311189717761844-5.170522987008527E-16i,1.3120974355150494-5.174102465588236E-16i
38,1.3179160237402938-1.83953162350925E-15i,1.318828398018232-1.8408051047527514E-15i
38,1.3250688272260507+1.7570372880178963E-16i,1.3259861532868022+1.758253659621313E-16i
38,1.3389541495287098-6.999736052945203E-16i,1.3398810881980658-7.004581869379653E-16i
38,1.461308066097162,1.4623197086203836
38,1.4664305241219002+2.5502935653710258E-15i,1.4674457128490204+2.5520590968679663E-15i
38,1.4693082120676284+8.418915285125946E-16i,1.4703253929766589+8.424743578898785E-16i
38,1.5143686753716286-6.201317304525637E-16i,1.515417050990284-6.205610387162213E-16i
38,1.5820706353879144+6.403271846884161E-16i,1.5831658800982054+6.407704739741145E-16i
39,1.2912023786743338E-9-1.8929366322140366E-6i,1.2920962594806174E-9-1.8942470849757366E-6i
39,3.0449767761407435E-9-1.6047655487690147E-6i,3.047084769698319E-9-1.6058765048409068E-6i
39,3.07105301118195E-9-1.3912166328214397E-6i,3.0731790569414024E-9-1.3921797520551097E-6i
39,5.441069589592178E-9+1.136663974177071E-6i,5.444836363687486E-9+1.1374508702721311E-6i
39,1.2790596280666814E-8-6.249878563026561E-7i,1.2799451026216423E-8-6.254205263922845E-7i
39,1.1402456655998553E-7-2.8098572441329432E-8i,1.141035041248291E-7-2.8118024678255344E-8i
39,7.692802761112292E-7-1.3090402663011733E-8i,7.698128377644802E-7-1.3099464960200966E-8i
39,1.1404573603915368E-6+1.8735802578306517E-8i,1.1412468825932271E-6+1.874877310453205E-8i
39,1.429740893316511E-6-3.5709123610327265E-9i,1.4307306823407589E-6-3.5733844522193344E-9i
39,1.6682117118429034E-6+2.520323737626217E-10i,1.669366590779515E-6+2.5220685214431414E-10i
39,1.91182053136201E-6-2.2599756899008922E-10i,1.9131440571750576E-6-2.2615402385148317E-10i
39,0.27586328293174905+4.240750091335115E-16i,0.27605425910856213+4.2436859015330347E-16i
39,0.4208839790441597+3.225679849613126E-16i,0.42117535095978936+3.2279129413053406E-16i
39,0.4447481302132171+3.7409018452883966E-16i,0.445056022936925+3.7434916177461643E-16i
39,0.4631152241987203-2.2175212982102658E-16i,0.46343583219700635-2.2190564562604163E-16i
39,0.6318840784451143-8.618367366175307E-17i,0.632321522689988-8.62433373775064E-17i
39,0.6983216936252228-2.4415049415259215E-16i,0.6988051316740157-2.4431951602257336E-16i
39,0.7703301262670758-4.037732563548133E-16i,0.770863414716466-4.040527827636144E-16i
39,0.7876085344591807-1.0126247007010185E-15i,0.7881537845016574-1.0133257261939041E-15i
39,0.8561528607499956-5.104832662733226E-16i,0.8567455630421451-5.108366664847746E-16i
39,0.9365193515210136+2.0188000197455488E-16i,0.937167690377001+2.0201976059173063E-16i
39,0.9418605256148203,0.9425125620886904
39,0.9807086126207932+1.1486008959397153E-16i,0.9813875430656697+1.1493960557937536E-16i
39,1.0356683035349314-7.807694737371626E-16i,1.0363852817821033-7.81309989196422E-16i
39,1.130801684267954-3.560100614701926E-16i,1.1315845219841596-3.5625652210722983E-16i
39,1.1360765785395783-6.105252004597561E-16i,1.1368630679891003-6.109478582610868E-16i
39,1.1394808591128585,1.1402697052967807
39,1.142111538996524-2.9051360915819894E-16i,1.1429022063622332-2.9071472754481256E-16i
39,1.1780919719353538+1.0225551666501596E-15i,1.178907548036469+1.0232630668615682E-15i
39,1.2217388416879438+7.573275364727013E-16i,1.2225846338882318+7.578518234164863E-16i
39,1.2931257824986926-4.790521595488472E-16i,1.294020994849736-4.793838004578959E-16i
39,1.3118542885257312,1.312762466351703
39,1.3196641434807732-3.0855281472706515E-15i,1.3205777279568252-3.0876642139582956E-15i
39,1.3252174577491393,1.3261348867046607
39,1.339890952628401-1.4745412864430712E-15i,1.3408185398330477-1.4755620901341066E-15i
39,1.4614442652770645-2.8354750442691562E-16i,1.462456002089016-2.837438002795744E-16i
39,1.4665916878992202+3.6182981357615984E-16i,1.4676069881977019+3.620803031437434E-16i
39,1.4698188459729973+4.1577935299116244E-16i,1.4708363803865243+4.160671910477105E-16i
39,1.51473805666295+3.155574425682392E-16i,1.5157866879989519+3.1577589843995264E-16i
39,1.581474643197693,1.5825694753111763
40,1.0522162521588179E-9-1.8942834473229146E-6i,1.0529446863124399E-9-1.8955948324653129E-6i
40,2.3036728368772927E-9-1.5976201643158089E-6i,2.305267636396603E-9-1.5987261737409772E-6i
40,3.5495071347333106E-9-1.383820161526826E-6i,3.5519644073901056E-9-1.384778160289969E-6i
40,5.63555352583536E-9+1.1289412417460341E-6i,5.639454938358082E-9+1.1297227915046823E-6i
40,1.3388973494380138E-8-6.156053226391657E-7i,1.3398242487854851E-8-6.160314973358992E-7i
40,1.262815512327386E-7-1.2191315309828429E-8i,1.2636897413150258E-7-1.2199755181794896E-8i
40,7.719065872333778E-7-1.4136191273599324E-8i,7.724409670439852E-7-1.4145977555178513E-8i
40,1.145923554701167E-6+1.8099565191779238E-8i,1.1467168610704346E-6+1.8112095260027426E-8i
40,1.431221497536025E-6-3.6228439466374383E-9i,1.4322123115612452E-6-3.625351989312658E-9i
40,1.6684433750839347E-6+3.5763419352628593E-10i,1.669598414397671E-6+3.578817785265491E-10i
40,1.911610288187296E-6-1.8283553048209366E-10i,1.912933668452022E-6-1.8296210488600115E-10i
40,0.2766117180277211+1.6953728412714773E-16i,0.2768032123353695+1.6965465234667217E-16i
40,0.42289729707869517+3.375620694845939E-16i,0.42319006278539717+3.3779575884253285E-16i
40,0.4461621091782634+1.231598246710198E-16i,0.44647098077923963+1.232450864434553E-16i
40,0.46409855166010217-2.1171192163067384E-16i,0.4644198404018244-2.1185848674419338E-16i
40,0.6299374289518498+2.2604021827515887E-16i,0.6303735255593219+2.2619670266203845E-16i
40,0.6970017433091201+3.051186508542103E-16i,0.6974842675753238+3.0532988010079655E-16i
40,0.7695539994331115-4.1205646974816664E-16i,0.7700867505810752-4.123417305062757E-16i
40,0.7898796190640819-1.2432661585821789E-16i,0.7904264413457144-1.2441268538338403E-16i
40,0.8571323390296867+6.818011974028636E-16i,0.8577257194005393+6.822731985501086E-16i
40,0.9330936796525579-2.134028838136353E-16i,0.9337396469652594-2.1355061955591487E-16i
40,0.9415401835728916,0.9421919982785807
40,0.9807377432985827,0.9814166939102077
40,1.030751609381392-1.5723955087127668E-16i,1.031465183872029-1.5734840554722361E-16i
40,1.128228656349093-2.2579540855085495E-16i,1.129009712795136-2.259517234594891E-16i
40,1.1303713977686647-1.021791931117554E-15i,1.1311539376037252-1.0224993029519982E-15i
40,1.132409348318374,1.1331932989972422
40,1.1496768580372343+2.7737561512606597E-16i,1.1504727627643332+2.775676382686711E-16i
40,1.18230440243454+1.4893138533245742E-16i,1.1831228947406076+1.4903448838508545E-16i
40,1.229204115474258,1.2300550757760467
40,1.2951738672053108,1.296070497415893
40,1.3127447627155011,1.313653557003927
40,1.3218991650485388-6.337205736847958E-16i,1.3228142967978254-6.341592893088682E-16i
40,1.3254430222473987,1.3263606073579728
40,1.3411453363891404-1.7382279343644623E-16i,1.3420737919855945-1.739431284523304E-16i
40,1.4616203871158848-3.6571664165760706E-16i,1.4626322458544483-3.6596982202027948E-16i
40,1.4667994478320092+2.3996384267299893E-15i,1.4678148919596996+2.401299661844718E-15i
40,1.4704737895559448-4.613487647873502E-16i,1.4714917773774796-4.616681498912327E-16i
40,1.5151975569365161+2.0869137117969499E-16i,1.5162465063779382+2.0883584520964998E-16i
40,1.5807131074668457-3.4189393142573647E-16i,1.581807412380113-3.4213061966929446E-16i
41,1.0432649969562282E-9-1.8922258763876422E-6i,1.0439872342848213E-9-1.8935358371033224E-6i
41,3.7941283533132E-9-1.6059611617822641E-6i,3.796754973715717E-9-1.6070729455598221E-6i
41,3.974988251368879E-9-1.3866334893374844E-6i,3.9777400784734335E-9-1.387593435726943E-6i
41,6.6997074304877604E-9+1.1458001942042431E-6i,6.704345541428957E-9+1.1465934151728156E-6i
41,1.7846321139679445E-8-6.162453969210995E-7i,1.7858675890718483E-8-6.166720147320378E-7i
41,9.25860932319013E-8-1.598777785382033E-8i,9.265018925049272E-8-1.5998845962115896E-8i
41,7.757057643510489E-7-1.5370125465497804E-8i,7.762427742772456E-7-1.538076598194255E-8i
41,1.1339079634319068E-6+1.718415538796823E-8i,1.1346929515804298E-6+1.719605173119622E-8i
41,1.431449507828164E-6-4.07357983935805E-9i,1.432440479701625E-6-4.076399919998704E-9i
41,1.6682302267471935E-6+6.440110357383824E-11i,1.669385118501407E-6+6.444568753010948E-11i
41,1.912095423423551E-6-2.2253813158306938E-10i,1.9134191395404128E-6-2.226921915257815E-10i
41,0.27751724503382186-3.9927840010708293E-16i,0.2777093662247719-3.9955481479165456E-16i
41,0.4253437421319785+3.1227616763768415E-16i,0.4256382014773485+3.124923519300317E-16i
41,0.44787837501935374-3.7011715082021685E-16i,0.44818843476644804-3.703733775919908E-16i
41,0.46529471780760523-2.6807041031898297E-16i,0.4656168346379199-2.682559916023467E-16i
41,0.6276416090138448+4.75596019672802E-16i,0.6280761162582464+4.75925267946002E-16i
41,0.6954097546857684+3.0070627445467396E-16i,0.6958911768411816+3.009144490766415E-16i
41,0.7686002021388342,0.769132292986671
41,0.7925753734589058+5.299405308198238E-16i,0.7931240619724721+5.303074010152287E-16i
41,0.8583103488611472-2.0107555659270836E-16i,0.8589045447512363-2.0121475830393473E-16i
41,0.9288177645926924+2.309701874821861E-16i,0.9294607717509947+2.311300848157288E-16i
41,0.9411507218720603+3.550503503975211E-16i,0.9418022669590244+3.5529614664040793E-16i
41,0.9807728494017444,0.9814518243168188
41,1.0259322086803022-3.555387764868397E-16i,1.02664244676926-3.5578491086007206E-16i
41,1.1245814168758315,1.1253599483905277
41,1.1251856267448554+4.341644701619069E-16i,1.12596457654534+4.344650359702246E-16i
41,1.1251894002674603,1.1259683526803002
41,1.1577684524013345+2.3316627308482517E-16i,1.1585699588226477+2.333276907367948E-16i
41,1.1862865233935689-7.859920009382854E-16i,1.1871077724646115-7.865361318778927E-16i
41,1.2368295997965737-3.1998439973175103E-16i,1.23768583911131-3.20205920322136E-16i
41,1.2975186526302385-2.783773727345227E-16i,1.2984169061019923-2.7857008937948935E-16i
41,1.3138895649291344-1.5110848308384003E-16i,1.3147991517476412-1.5121309330987907E-16i
41,1.3246102567740492-1.9423181909910695E-15i,1.3255272653730827-1.9436628298945427E-15i
41,1.3257780840757654,1.3266959011448165
41,1.3427567231168327+1.43580748123126E-15i,1.3436862942531056+1.4368014700669287E-15i
41,1.461837297751337+9.606332589432196E-16i,1.4628493066540087+9.612982915099413E-16i
41,1.4670542332142835,1.4680698537262236
41,1.4712718796257773+2.20037486601915E-16i,1.4722904199535705+2.2018981538412982E-16i
41,1.5157345980245045-5.604685035414418E-16i,1.5167839192517358-5.6085650781259E-16i
41,1.579790026668114+3.501237944537313E-16i,1.5808836925458416+3.503661801129079E-16i
42,8.709507023114231E-10-1.8945852701325663E-6i,8.715536489361147E-10-1.8958968642225477E-6i
42,3.5925317941040158E-9-1.5965094348095168E-6i,3.5950188521126994E-9-1.5976146752926488E-6i
42,5.802277829143612E-9-1.380450101308386E-6i,5.806294662499759E-9-1.3814057670273872E-6i
42,1.054091417457842E-8+1.1281545463471684E-6i,1.0548211497613878E-8+1.1289355514879249E-6i
42,1.567137193099206E-8-6.058642600835631E-7i,1.568222099602525E-8-6.062836911830149E-7i
42,1.478617541424005E-7+5.995991769755763E-9i,1.479641167047643E-7+6.000142708482442E-9i
42,7.752219841860313E-7-1.6088773242600516E-8i,7.757586591981891E-7-1.609991126854884E-8i
42,1.149441399118028E-6+1.5502858390896935E-8i,1.1502371408403088E-6+1.5513590796433847E-8i
42,1.4334567654523375E-6-4.087095080790544E-9i,1.4344491269213356E-6-4.089924517838148E-9i
42,1.6674428737166385E-6+1.251420009153755E-9i,1.6685972203976907E-6+1.2522863491987063E-9i
42,1.9119013738632473E-6-6.275235218918756E-11i,1.9132249556423938E-6-6.279579473862636E-11i
42,0.27857438585834327+3.358819190467825E-16i,0.2787672388926574+3.361144452607768E-16i
42,0.42821505463147735+4.781525842974012E-16i,0.4285115017451279+4.784836024434622E-16i
42,0.449889840594869-1.7513544250712046E-16i,0.45020129285060495-1.7525668625104684E-16i
42,0.46670034767888896-2.743462773486054E-16i,0.4670234376065147-2.745362033243065E-16i
42,0.6250366833705134+3.424818341705613E-16i,0.6254693872624175+3.427189294107205E-16i
42,0.6935571694966247,0.694037309133999
42,0.7674659661676592+1.0509218623974138E-15i,0.7679972718002723+1.0516494004636504E-15i
42,0.7956577927673965+6.794731099958687E-16i,0.7962086151954461+6.799434994417391E-16i
42,0.8596767295343842-1.147721524943199E-15i,0.8602718713501301-1.1485160760213645E-15i
42,0.9236832787996482-4.1420204284140044E-16i,0.9243227314274011-4.144887889488538E-16i
42,0.9406935279098697-2.0718627215666015E-16i,0.9413447564880398-2.0732970422824326E-16i
42,0.9808136367613773+3.7202552143704713E-16i,0.9814926399129533+3.72283069346308E-16i
42,1.0214274193945634-2.736953831817255E-16i,1.0221345388827927-2.7388485855277135E-16i
42,1.1179606548532595+3.779507101610769E-16i,1.118734602909783+3.782123599931359E-16i
42,1.118733542842125-8.923872715634748E-16i,1.1195080259578694-8.93005058416254E-16i
42,1.1217198736369975+6.134030709334822E-16i,1.1224964241465316+6.138277210430845E-16i
42,1.166142655125751+8.100557048681532E-16i,1.1669499588869754+8.106164947633403E-16i
42,1.1900233625566619+6.104910820604276E-16i,1.190847198587626+6.109137162420819E-16i
42,1.2444270693847284,1.2452885683182144
42,1.300066229729956,1.3009662468526368
42,1.3153247884465662+4.63188503353434E-16i,1.3162353688496387+4.635091620818232E-16i
42,1.3262708929126348+2.34988769492913E-16i,1.3271890511461446+2.351514488328919E-16i
42,1.3277830391833283+1.764909131111025E-16i,1.3287022442539183+1.7661309522780171E-16i
42,1.344774553576123-1.9214584362921665E-16i,1.3457055216273548-1.9227886342879576E-16i
42,1.4620961928192646,1.4631083809512624
42,1.4673565900909795,1.4683724199202297
42,1.4722117223768116,1.4732309133442028
42,1.5163326136217363-6.111568878612365E-16i,1.5173823488465505-6.115799829706555E-16i
42,1.5787106922044039+2.8353600154813425E-16i,1.5798036108744307+2.837322894375157E-16i
43,9.531040016894225E-10-1.8945608318925611E-6i,9.537638218598106E-10-1.8958724090643011E-6i
43,2.9249085666377722E-9-1.5966726674829315E-6i,2.926933438703557E-9-1.5977780209696919E-6i
43,3.6165663758614724E-9-1.3753942737380034E-6i,3.6190700726648754E-9-1.3763464393804096E-6i
43,9.607446315520414E-9+1.1394488867388306E-6i,9.614097412204159E-9+1.1402377107887388E-6i
43,2.170993921355265E-8-5.995626087387814E-7i,2.172496869172671E-8-5.999776772957858E-7i
43,1.0810957523998628E-7-7.938789229070654E-9i,1.0818441794154768E-7-7.944285138491362E-9i
43,7.853615686922671E-7-1.6855723809415043E-8i,7.859052631927121E-7-1.686739278419243E-8i
43,1.1358326543663003E-6+1.9142405970080805E-8i,1.136618974950631E-6+1.9155657981977124E-8i
43,1.435343929487906E-6-4.493350052916657E-9i,1.4363375974133805E-6-4.4964607344291396E-9i
43,1.6679244153495962E-6+1.3815738337310885E-10i,1.6690790953949843E-6+1.382530277393858E-10i
43,1.911505189893905E-6-3.8315860699421147E-10i,1.9128284974005967E-6-3.834238621782254E-10i
43,0.2797767155518873-2.1494109498359854E-16i,0.27997040094172815-2.1508989560731234E-16i
43,0.4315017339522358+6.756984895281269E-16i,0.4318004563866337+6.761662658586229E-16i
43,0.4521881861134258-5.801148813200928E-17i,0.45250122948065535-5.805164864955603E-17i
43,0.468311479310897-2.780236197253358E-16i,0.4686356846017424-2.782160914721902E-16i
43,0.622163340170362+8.566914502554774E-16i,0.6225940548881607+8.57284525405383E-16i
43,0.6914564882378696-2.5965656147685854E-16i,0.6919351736038698-2.59836317973875E-16i
43,0.7661483478095743-2.164414424220277E-16i,0.7666787412739793-2.1659128171465978E-16i
43,0.7990886381926238-3.03465370101686E-16i,0.799641835745538-3.036754548058237E-16i
43,0.8612204834901146-7.435158321800732E-16i,0.8618166940244852-7.440305574799414E-16i
43,0.9177103671982935-5.857007224755474E-16i,0.9183456848653878-5.861061946483797E-16i
43,0.940170372667767-2.98206709734704E-16i,0.9408212390730993-2.9841315394402347E-16i
43,0.9808597618473223,0.9815387969306307
43,1.0173618332079464-4.079594354887233E-16i,1.0180661381494258-4.0824185992903453E-16i
43,1.110810943295321,1.1115799417095285
43,1.112849131230868+1.5404690782412434E-15i,1.113619540653222+1.5415355227928147E-15i
43,1.1178783290401044+5.20747125571033E-16i,1.1186522201036535+5.211076313044202E-16i
43,1.1746121729162724-2.3622750056443663E-16i,1.175425340002655-2.3639103746009177E-16i
43,1.1935087488663685-1.456271960044436E-15i,1.194334997780066-1.4572801161439852E-15i
43,1.2518504951876945+3.279070632090637E-16i,1.2527171332519256+3.2813406854524373E-16i
43,1.3027022671741972-1.416254086809387E-15i,1.3036041091876274-1.4172345391117745E-15i
43,1.3170946189371293+4.030932556568409E-16i,1.3180064245683554+4.0337231131095456E-16i
43,1.3269907494724846-1.0332143838150456E-15i,1.3279094060523209-1.0339296632489456E-15i
43,1.3313993868482705+1.333589362795462E-15i,1.332321095464253+1.3345125875002453E-15i
43,1.3472574019302463+4.46365467581647E-16i,1.348190088821627+4.466744799647165E-16i
43,1.462398703598216+3.4630701536800376E-16i,1.4634111011540685+3.465467587260021E-16i
43,1.4677071973491813+1.96913877204237E-15i,1.4687232698987855+1.97050197844774E-15i
43,1.4732917086114707,1.474311647237774
43,1.5169702550987139-2.226553080045328E-16i,1.5180204317535368-2.2280944906679354E-16i
43,1.5774818212872646-7.097556864744344E-16i,1.578573889227658-7.10247040111764E-16i
44,1.0868609841064916E-9-1.892773170477973E-6i,1.0876134023089646E-9-1.8940835100774678E-6i
44,3.50042503289927E-9-1.3841662866868E-6i,3.5028483267240202E-9-1.3851245250674052E-6i
44,3.6224553528111118E-9-1.6076155142508725E-6i,3.624963126468423E-9-1.6087284433128125E-6i
44,9.94733253642218E-9+1.1517311111804345E-6i,9.95421893144041E-9+1.1525284380373916E-6i
44,2.5850734590180164E-8-6.094174813819872E-7i,2.5868630681343052E-8-6.098393723253576E-7i
44,1.2073582858343647E-7-1.4174048063076915E-8i,1.208194122582995E-7-1.418386055236611E-8i
44,7.819163613570538E-7-8.860766699003673E-9i,7.824576707900907E-7-8.86690088014523E-9i
44,1.1234168031061878E-6+1.5285633372567234E-8i,1.1241945283755482E-6+1.52962153963532E-8i
44,1.4340296006293948E-6-4.551877960392372E-9i,1.435022358663934E-6-4.555029159932074E-9i
44,1.6675542160280542E-6+1.3757473245005116E-9i,1.6687086397897849E-6+1.3766997345548748E-9i
44,1.9116264938331445E-6-3.977111238299208E-10i,1.912949885316806E-6-3.9798645351170316E-10i
44,0.281116882915164-7.980756747092344E-17i,0.2813114960835646-7.986281710021215E-17i
44,0.43519314888943883+6.866544799292627E-16i,0.43549442683722095+6.871298409340864E-16i
44,0.45476387694139997-6.382797041267372E-16i,0.4550787034222855-6.387215759711378E-16i
44,0.47012357396971766-4.690188671145217E-16i,0.4704490337475911-4.693435621197533E-16i
44,0.6190614829115995-1.0344758999444728E-15i,0.6194900502583018-1.0351920527078163E-15i
44,0.6891209368921977-2.6581983207231233E-16i,0.6895980053896461-2.660038553127767E-16i
44,0.7646444011225366+4.1345554938851E-16i,0.7651737534263152+4.137417787092996E-16i
44,0.8028308504350483,0.8033866386675894
44,0.8629301030919994+1.8223121806650585E-15i,0.8635274971713924+1.8235737411363347E-15i
44,0.9109487039675176+9.584838571482902E-16i,0.9115793406325626+9.591474017151125E-16i
44,0.9395834725138653+6.596683215186374E-16i,0.9402339326166756+6.601250003947438E-16i
44,0.980910833683534,0.9815899041231392
44,1.0137879027739902-6.001967345740106E-16i,1.0144897335349146-6.006122421271959E-16i
44,1.103799815364565-1.804034877821657E-16i,1.1045639600759052-1.8052837851794694E-16i
44,1.1069463728151978+1.8711453219176267E-15i,1.107712695842933+1.872440688869124E-15i
44,1.113705869644819-1.4420847238913946E-16i,1.1144768721748353-1.4430830583717297E-16i
44,1.1830244265705343+2.5499463726481003E-16i,1.183843417338939+2.55171166378852E-16i
44,1.196742844511117-9.025755115573603E-16i,1.1975713323426402-9.032003515819204E-16i
44,1.2589750572732399-4.948468957629423E-16i,1.2598466275691698-4.951894711403403E-16i
44,1.3052905251028444+3.940575254286828E-16i,1.3061941589299533+3.943303257769241E-16i
44,1.3192513291909205+1.583730516003705E-16i,1.3201646278815864+1.5848269098254349E-16i
44,1.3280311983923874,1.3289505752600228
44,1.3354374776507532+1.148664337240449E-15i,1.3363619817788275+1.149459541013986E-15i
44,1.3502700716647507+4.990106638842771E-16i,1.3512048441839895+4.993561217783642E-16i
44,1.4627470493193495+2.1834707853183194E-15i,1.4637596880299266+2.184982370688911E-15i
44,1.4681068891687272-2.6320025222015484E-15i,1.4691232384192205-2.6338246196322408E-15i
44,1.4745100304986043-1.9487312810992005E-15i,1.4755308125515996-1.9500803596925713E-15i
44,1.5176204158464033-9.475858897843566E-16i,1.5186710425981462-9.482418898453642E-16i
44,1.5761116364015557+5.972908347626251E-16i,1.577202755782691+5.977043306032319E-16i
45,1.0435186763509945E-9-1.8938019112178486E-6i,1.0442410892981784E-9-1.8951129629997382E-6i
45,3.1515624343940563E-9-1.5985792323268487E-6i,3.1537442156674162E-9-1.5996859057009851E-6i
45,3.861595648187062E-9-1.3676405206277487E-6i,3.864268975225916E-9-1.3685873184585735E-6i
45,1.2206879911697872E-8+1.1501545683223305E-6i,1.2215330558813994E-8+1.1509508037613778E-6i
45,2.0598027586493447E-8-5.878848032531815E-7i,2.0612287304265787E-8-5.882917874336734E-7i
45,1.2174108637422093E-7-2.3839504992763094E-8i,1.2182536597457122E-7-2.3856008738648545E-8i
45,8.143887334841823E-7+2.3002325570927905E-9i,8.149525230726608E-7+2.3018249749559648E-9i
45,1.1117551480671954E-6+8.717165571285367E-9i,1.1125248001407647E-6+8.723200339434859E-9i
45,1.4393222874693736E-6-4.1815579364969634E-9i,1.4403187095547683E-6-4.184452768818784E-9i
45,1.6672668727309242E-6+1.4387395175188102E-9i,1.6684210975690297E-6+1.4397355361609632E-9i
45,1.9117154877608666E-6-5.739130740998452E-10i,1.9130389408537422E-6-5.743103858535144E-10i
45,0.28258663163129616-3.4547850172039304E-16i,0.28278226228556036-3.4571767151032834E-16i
45,0.43927765132027774+5.065382973484103E-16i,0.4395817569102533+5.068889665147049E-16i
45,0.45760617655778535+1.9692357569584215E-16i,0.45792297072175037+1.9705990305050516E-16i
45,0.4721315254980429-3.532718769088945E-16i,0.4724583753518338-3.53516441940205E-16i
45,0.6157693009074023+4.686647359986893E-16i,0.6161955891239289+4.689891858440507E-16i
45,0.6865641760133052+2.0156790713583116E-16i,0.6870394745020287+2.0170744969424596E-16i
45,0.762951383165084+1.8471412248843608E-16i,0.7634795634169196+1.848419974145274E-16i
45,0.8068494834639199-1.6178018163656327E-16i,0.8074080537382163-1.6189217972577874E-16i
45,0.8647938532693953+8.391438048169924E-16i,0.8653925375961878+8.397247319847444E-16i
45,0.9034718679408481-7.757378503325822E-16i,0.9040973285000199-7.762748824714418E-16i
45,0.9389355558961787-1.8505522982704007E-16i,0.9395855674556483-1.8518334089682808E-16i
45,0.9809664159315425,0.9816455248499372
45,1.010706005365782-2.98668659313123E-16i,1.011405702573527-2.9887542332348103E-16i
45,1.0969703312716204+2.715394194268049E-16i,1.0977297480295054+2.7172740225520103E-16i
45,1.1010413238907721+9.146137788936744E-16i,1.1018035589382025+9.152469528372936E-16i
45,1.109244268592659-1.5032582420194737E-16i,1.1100121824205387-1.5042989260451712E-16i
45,1.191247930325954-2.8349525281526214E-16i,1.1920726141075444-2.836915124948828E-16i
45,1.1997307740662522+5.230821148544512E-16i,1.200561330398364+5.234442370672827E-16i
45,1.2656907274461628-1.6740582538764448E-16i,1.2665669469038103-1.675217180289884E-16i
45,1.3076806231601077-4.159906024671386E-16i,1.3085859116176708-4.1627858676865567E-16i
45,1.3218544379085573-4.517794997444164E-16i,1.3227695386938894-4.5209226018396E-16i
45,1.32950330801343-3.306202555423957E-16i,1.3304237040013493-3.308491391825431E-16i
45,1.3398720906324437-1.1094883922540175E-15i,1.3407996647792024-1.1102564750851911E-15i
45,1.3538777584302897-4.948370214988489E-16i,1.3548150284991054-4.951795900404361E-16i
45,1.4631442564737245-5.873673510285368E-16i,1.4641571701650924-5.877739769843077E-16i
45,1.4685566861420312+7.240829652669119E-16i,1.4695733467804895+7.245842374729572E-16i
45,1.4758646993952904-1.2151919587219676E-15i,1.476886419266048-1.2160332186094898E-15i
45,1.5182491194648975,1.5193001814590985
45,1.5746098759525404-1.5997501964630794E-15i,1.5756999556865507-1.600857680478819E-15i
46,1.1944243792545283E-9-1.893597924772047E-6i,1.1952512620459533E-9-1.894908835337059E-6i
46,3.005053606873573E-9-1.367140951042584E-6i,3.0071339621961802E-9-1.3680874030285817E-6i
46,3.539795772849877E-9-1.6009957274560324E-6i,3.542246322470738E-9-1.602104073734936E-6i
46,1.3056495810834124E-8+1.155955441533098E-6i,1.306553463479804E-8+1.1567556928331044E-6i
46,1.6272331297491264E-8-5.915243425185118E-7i,1.6283596398036732E-8-5.919338462996075E-7i
46,1.278538465926406E-7-2.9280888915278163E-8i,1.2794235796883247E-7-2.9301159652867075E-8i
46,8.116322663911673E-7+8.243996336855426E-9i,8.121941477171856E-7+8.249703536760179E-9i
46,1.1094397347831214E-6+8.072592125599099E-9i,1.1102077839294289E-6+8.07818066483757E-9i
46,1.4387786774451727E-6-5.446965124103626E-9i,1.4397747231971787E-6-5.450735979592547E-9i
46,1.6677856599256733E-6+9.59578933772119E-10i,1.6689402439126803E-6+9.602432364447131E-10i
46,1.911464794847222E-6-5.485886092621909E-10i,1.9127880743890044E-6-5.489683892536657E-10i
46,0.2841768211771353+1.8925011999035994E-16i,0.2843735526967145+1.8938113512217836E-16i
46,0.4437426883613487+5.752273194575113E-16i,0.44404988503214654+5.756255410443093E-16i
46,0.4607031515634621+8.143432655773238E-17i,0.46102208971861+8.149070236890254E-17i
46,0.47432966761691514-4.695572457580144E-16i,0.47465803921282945-4.698823134750251E-16i
46,0.6123227524690688-1.3770106932143726E-16i,0.6127466546897608-1.377963977880697E-16i
46,0.6838000636435758-7.194489745345356E-16i,0.6842734485771244-7.199470386955521E-16i
46,0.7610669916866352+3.5387036869944067E-16i,0.7615938674013958+3.5411534805799615E-16i
46,0.8111122232672349,0.8116737445748899
46,0.866799998204685-1.7553549963749744E-15i,0.8674000713567167-1.7565702033521215E-15i
46,0.8953677511182828+2.31145151619364E-16i,0.8959876013141225+2.313051700780584E-16i
46,0.9382299314841209+2.6799717424948886E-16i,0.9388794545499749+2.681827048325767E-16i
46,0.9810260290717122+1.1026551957970262E-16i,0.9817051792594249+1.1034185481047287E-16i
46,1.008083343923254-3.6126480680412267E-16i,1.008781225500263-3.615149052256571E-16i
46,1.090355213466476-1.5092462252031154E-16i,1.091110050673599-1.5102910546233106E-16i
46,1.0951484465194343,1.0959066020127506
46,1.104531687185023-3.2407632887280144E-16i,1.1052963385606813-3.243006822467843E-16i
46,1.1991651387139155-1.0705359895211202E-15i,1.199995303464821-1.0712771061650125E-15i
46,1.2024815321075608+1.5058246069889012E-15i,1.2033139927498382+1.506867067672097E-15i
46,1.2719045759743564-1.8593242657914788E-16i,1.2727850971898262-1.8606114491961088E-16i
46,1.3097350057538633-1.8091192912214623E-16i,1.3106417164309017-1.8103717184454274E-16i
46,1.3249685287664068,1.3258857853919792
46,1.3315092161411097-3.445338460172636E-16i,1.3324310007903297-3.4477236183566394E-16i
46,1.3446751013031115-5.556372353892525E-16i,1.3456060005049675-5.560218950430558E-16i
46,1.35813700153499,1.3590772202164505
46,1.4635944773352028,1.4646077027079873
46,1.469057838287567+7.868855218333702E-16i,1.470074845866436+7.874302713446215E-16i
46,1.4773535642917373+8.091803216809112E-16i,1.4783763148822147+8.097405055609283E-16i
46,1.5188144109540371,1.5198658642913927
46,1.5729877315899818-5.480696501277264E-16i,1.5740766883368178-5.484490708512683E-16i
47,1.4884944680116007E-9-1.890984020427054E-6i,1.4895249312892326E-9-1.8922931214237424E-6i
47,1.6251981665900599E-9-1.381580599935582E-6i,1.6263232678689264E-9-1.3825370482824974E-6i
47,4.49399751135729E-9-1.6117279660508971E-6i,4.497108641095924E-9-1.6128437421039762E-6i
47,1.1479697437593429E-8+1.1637754411046631E-6i,1.148764466675819E-8+1.1645811060777215E-6i
47,1.899926105126624E-8-6.073354757630622E-7i,1.9012413965997343E-8-6.07755925363935E-7i
47,6.350050013548049E-8-1.1696885514847143E-8i,6.354446061696505E-8-1.1704983100189073E-8i
47,7.951415929431693E-7+2.2149351633310126E-9i,7.956920580135167E-7+2.2164685310372404E-9i
47,1.1143582820710048E-6+1.2299695680063422E-8i,1.1151297362567454E-6+1.2308210582198924E-8i
47,1.4343510720259458E-6-3.914434052533321E-9i,1.4353440526105021E-6-3.917143958838337E-9i
47,1.6668677194518084E-6+8.091041188640721E-10i,1.6680216679618486E-6+8.096642499899767E-10i
47,1.9115294790050057E-6-5.049855065039931E-10i,1.912852803326699E-6-5.053351006955549E-10i
47,0.28587744690679057+3.231515035774734E-16i,0.28607535574506404+3.2337521670822693E-16i
47,0.44857490824384294+6.669619587718218E-16i,0.44888545019085463+6.674236869279297E-16i
47,0.46404166528560387+8.558169896864675E-17i,0.46436291464570845+8.564094594599182E-17i
47,0.4767117777538565-5.320940803135952E-16i,0.47704179845030303-5.324624413802917E-16i
47,0.6087553670769186+1.280690730412401E-16i,0.6091767996480937+1.281577334156019E-16i
47,0.6808424770619079+2.8995994468231806E-16i,0.6813138145008717+2.901606797749909E-16i
47,0.758989634790041,0.7595150723805476
47,0.8155895836913889,0.816154204611167
47,0.8689369666740693-1.5651690443757138E-16i,0.8695385192185882-1.5662525883580236E-16i
47,0.8867286418493266-4.397861972658425E-16i,0.8873425113142706-4.4009065491485025E-16i
47,0.9374705531610056+3.667304556493617E-16i,0.9381195505201858+3.669843378608561E-16i
47,0.9810891525884846,0.9817683464756987
47,1.0058698693068153-1.0445617722960562E-15i,1.006566218527234-1.0452849073635361E-15i
47,1.0839801735541943-1.3384459268974805E-16i,1.084730597413022-1.33937251373163E-16i
47,1.0892809498750997-1.918906891229889E-15i,1.0900350433850137-1.92023532282779E-15i
47,1.0996025623105217,1.1003638013240362
47,1.2050069608373757+2.0073457824058074E-15i,1.2058411697975828+2.008735438974059E-15i
47,1.2066703979154407-1.271924299857955E-15i,1.2075057584491742-1.2728048347279852E-15i
47,1.2775477415257805-5.681160008939569E-16i,1.2784321694234686-5.685092994173558E-16i
47,1.3113705069659551,1.3122783498769222
47,1.3286592675890416-1.1023828632098899E-15i,1.3295790792599342-1.1031460269856654E-15i
47,1.3341006847628278+3.1393232997126607E-16i,1.335024263448443+3.141496608009392E-16i
47,1.3498160868279316+4.632383859676895E-16i,1.3507505450600077+4.63559079229094E-16i
47,1.3630846249377517+2.1112244563252743E-16i,1.3640282687876206+2.1126860266030517E-16i
47,1.464103458281863-3.7579837428839713E-16i,1.465117036014825-3.76058534089337E-16i
47,1.4696118844519928-3.63688640867559E-15i,1.4706292755890402-3.639404172744989E-15i
47,1.4789743305118825,1.4799982031354664
47,1.5192655574479972,1.5203173231075717
47,1.5712577191583281,1.5723454782424793
48,1.1949655063528673E-9-1.8934917971039906E-6i,1.1957927637587874E-9-1.8948026341983464E-6i
48,2.705145201518321E-9-1.3728272480643137E-6i,2.7070179345722447E-9-1.3737776365918254E-6i
48,3.571305880875763E-9-1.5999719934352406E-6i,3.57377824449049E-9-1.6010796309978288E-6i
48,9.453223141062192E-9+1.151055660932431E-6i,9.459767471263928E-9+1.1518525201849116E-6i
48,1.9499864950688256E-8-5.950609212289483E-7i,1.9513364426287457E-8-5.954728733325388E-7i
48,1.0350440093476663E-7-4.0005335157729594E-9i,1.0357605554049658E-7-4.003303027496068E-9i
48,7.984403430060093E-7-6.068165197402848E-9i,7.98993091753505E-7-6.07236610075379E-9i
48,1.119004391273173E-6+1.4197615773381516E-8i,1.1197790618933845E-6+1.420744457825705E-8i
48,1.4358312603854296E-6-5.306021804264039E-9i,1.4368252656830643E-6-5.3096950867230006E-9i
48,1.6684063722862967E-6+5.671668394746733E-10i,1.6695613859835292E-6+5.675594809072948E-10i
48,1.9120388961083924E-6-5.458417884225251E-10i,1.913362573092208E-6-5.462196668295021E-10i
48,0.28767765891443337+1.8322498463822635E-16i,0.28787681401354664+1.8335182865563582E-16i
48,0.4537602550438337+4.968063895715692E-16i,0.4540743867317372+4.971503214783033E-16i
48,0.4676073561245019,0.4679310739610085
48,0.4792710756274264-4.954347047509996E-16i,0.47960286808892266-4.957776870600924E-16i
48,0.6050982720700157+2.792850418984713E-16i,0.6055171728869999+2.7947838690972467E-16i
48,0.677705193419226+1.0280713960233236E-16i,0.6781743589619181+1.0287831150408628E-16i
48,0.7567187309196775-1.025190509338174E-16i,0.7572425963961482-1.0259002339593618E-16i
48,0.8202548716300454+1.6453273306677204E-16i,0.8208227222614574+1.6464663670769068E-16i
48,0.8711934555475765-2.391146030619846E-15i,0.8717965702268365-2.3928013865710846E-15i
48,0.8776435568590478-8.600913291264181E-16i,0.8782511368505286-8.606867579634888E-16i
48,0.936662076158265,0.9373105138204626
48,0.9811552270331616,0.981834466662762
48,1.0040098854871335-3.9426488925959214E-16i,1.004704947067548-3.9453783316282637E-16i
48,1.077865759132508+1.330259050682522E-16i,1.078611950070313+1.3311799698602044E-16i
48,1.0834510441035354-7.987634494675957E-16i,1.0842011016536666-7.993164218970401E-16i
48,1.09448775797613-2.5099731669898795E-16i,1.0952454560842853-2.5117107852558584E-16i
48,1.2073207813178026+1.1947334561067103E-15i,1.2081565921025965+1.1955605528675876E-15i
48,1.2136719020060087+1.163057513195514E-15i,1.2145121095801636+1.1638626811574233E-15i
48,1.282582675592262+4.076545294112184E-16i,1.2834705891022733+4.079367427694445E-16i
48,1.3125827661838805,1.313491448324441
48,1.3329874813869487+1.2967359436978837E-15i,1.3339102894179031+1.297633655311519E-15i
48,1.3372545456754292+2.522422687629113E-16i,1.3381803077335213+2.524168924518888E-16i
48,1.355262939313895-1.8574146305519114E-15i,1.3562011683234823-1.858700491943574E-15i
48,1.3687276388608804,1.3696751892879977
48,1.464679238670405+5.259704633837169E-16i,1.4656932150078354+5.263345851586268E-16i
48,1.4702207343695903+1.5245468097061159E-15i,1.4712385470046652+1.5256022315005495E-15i
48,1.4807245784279182+1.2960624404771807E-15i,1.481749662722921+1.2969596858342387E-15i
48,1.51954311329855,1.5205950711060414
48,1.569433499901006-5.000363097050993E-16i,1.5705199961044445-5.003824776390132E-16i
49,1.2405098265755403E-9-1.8930100937345188E-6i,1.2413686136582599E-9-1.8943205973525714E-6i
49,1.876138456034446E-9-1.3814018845133198E-6i,1.8774372796607633E-9-1.382358209138123E-6i
49,2.672247737566044E-9-1.6031650487813227E-6i,2.6740976961795784E-9-1.6042748968501295E-6i
49,7.669108296392009E-9+1.147774299820044E-6i,7.674417509587924E-9+1.1485688874334964E-6i
49,1.6218776753040797E-8-6.090849323817474E-7i,1.623000477854663E-8-6.095065931062355E-7i
49,1.104014143862029E-7-1.2723997817536303E-8i,1.1047784369499003E-7-1.2732806457929273E-8i
49,7.845042586555895E-7-9.064728387440364E-9i,7.850473596526463E-7-9.071003768320645E-9i
49,1.126629953452367E-6+1.4070507267493745E-8i,1.1274099031394246E-6+1.408024807698172E-8i
49,1.4329735572256428E-6-4.782294697390039E-9i,1.4339655841765465E-6-4.785605411117486E-9i
49,1.6683321792986015E-6+3.0361133716244994E-10i,1.6694871416330973E-6+3.0382152291748105E-10i
49,1.9117154598983226E-6-4.720653592078951E-10i,1.913038912971909E-6-4.723921632557165E-10i
49,0.2895657795772568+9.8308213869406E-16i,0.2897662417951056+9.837627122968448E-16i
49,0.4592840472232051+5.976219204814435E-16i,0.4596020029528612+5.980356455279239E-16i
49,0.47138459635006025-8.548190760519913E-17i,0.4717109291155619-8.554108549842083E-17i
49,0.48200021436135854-5.48785019624626E-16i,0.48233389616628564-5.491649355881655E-16i
49,0.6013803629480149+2.1374261212629415E-16i,0.6017966899100725+2.1389058305759058E-16i
49,0.6744018261970313+6.426301095921465E-16i,0.6748687048661823+6.430749931595808E-16i
49,0.75425503631427-8.329890434584218E-16i,0.7547771962104564-8.335657097735478E-16i
49,0.8250839994592422-1.6861339526810895E-16i,0.825655193226284-1.6873012389268537E-16i
49,0.8681936601743301+1.1794940133848747E-16i,0.8687946981384668+1.1803105600990885E-16i
49,0.8735584740503706-4.002222832556095E-16i,0.8741632259978708-4.0049935137688765E-16i
49,0.9358098977638614+1.4667521264441847E-16i,0.9364577454752326+1.4677675378119598E-16i
49,0.9812236557915065,0.9819029427933504
49,1.0024492749983327-4.799753455662145E-16i,1.0031432561905869-4.80307625583644E-16i
49,1.0720283961592627+2.346092338026025E-16i,1.0727705459747716+2.347716503954904E-16i
49,1.0776701544684602-2.2228260025111602E-15i,1.0784162099919739-2.224364832931681E-15i
49,1.0892148774317092+1.6690541588632698E-16i,1.0899689252006224+1.670209621013818E-16i
49,1.2094377167046826-3.6876525884284875E-15i,1.2102749930133492-3.690205497192815E-15i
49,1.2200963234243185,1.220940978532874
49,1.2870063121719866-8.008251391536912E-16i,1.2878972881018773-8.013795388612056E-16i
49,1.3134290545354328+1.9147833830466523E-16i,1.3143383225492278+1.9161089599992393E-16i
49,1.3380018543752021,1.3389281337843417
49,1.3408895821694604+5.016668501937074E-16i,1.3418178607109525+5.020141469273126E-16i
49,1.360982391594541-1.516898410486275E-15i,1.3619245800985502-1.5179485374041079E-15i
49,1.3750376544071476+2.2140585031109454E-16i,1.3759895731671283+2.2155912639179322E-16i
49,1.465333211323391-2.5467784784246406E-16i,1.4663476403966684-2.548541576477525E-16i
49,1.4708867821191252+2.659967740848555E-15i,1.4719050558494622+2.6618091981972622E-15i
49,1.4826017821436457-2.08543723537292E-15i,1.4836281659997388-2.086880953529111E-15i
49,1.5195806698031271-7.904399741925361E-16i,1.5206326536104458-7.909871843999518E-16i
49,1.5675296747194456+6.770483494899386E-16i,1.5686148529321362+6.775170603090408E-16i
50,1.0995988954493859E-9-1.8942671531450616E-6i,1.1003601319243853E-9-1.8955785270072352E-6i
50,2.6099667586613722E-9-1.3784680988019317E-6i,2.6117736010504026E-9-1.3794223924091497E-6i
50,2.940324506681619E-9-1.5961498047030847E-6i,2.9423600509806207E-9-1.5972547962194746E-6i
50,7.605499832598701E-9+1.134062270815587E-6i,7.610765010571447E-9+1.134847365788889E-6i
50,1.8998693077277332E-8-6.013757410196085E-7i,1.9011845598808224E-8-6.017920647819716E-7i
50,1.491163028264444E-7-1.1413833972657148E-8i,1.4921953389478968E-7-1.1421735605493933E-8i
50,7.825066410913863E-7-8.629092714197472E-9i,7.830483591665801E-7-8.635066510776736E-9i
50,1.137741582385627E-6+1.495355350289416E-8i,1.1385292244933263E-6+1.4963905632570145E-8i
50,1.4329614119533548E-6-4.35653761631679E-9i,1.4339534304962618E-6-4.359553584550272E-9i
50,1.6691751851274045E-6+4.6506414452492603E-10i,1.6703307310626918E-6+4.653861017326787E-10i
50,1.9117639443176993E-6-3.1968215106760034E-10i,1.913087430956351E-6-3.1990346241558913E-10i
50,0.2915293200565543+1.5574519626171055E-15i,0.29173114160519104+1.5585301641748827E-15i
50,0.4651310345341602+7.506361107171448E-16i,0.4654530380489027+7.511557652832728E-16i
50,0.475356426551818,0.4756855089581519
50,0.4848912612754723-6.48531297798719E-16i,0.48522694451053094-6.48980266673739E-16i
50,0.5976285547181477-1.5282517104453096E-16i,0.5980422843574147-1.5293096970891538E-16i
50,0.6709458130564062+1.1882481328988448E-15i,0.6714102991774458+1.18907073996389E-15i
50,0.751600995990136+1.396776289776537E-15i,0.7521213185324388+1.3977432578806273E-15i
50,0.8300552031896158+1.844166451849367E-16i,0.8306298384493873+1.8454431417177612E-16i
50,0.8584503667275296-1.6489142493459174E-16i,0.8590446595499707-1.6500557689272326E-16i
50,0.8760213327642442-2.0073605685986268E-16i,0.8766277897133531-2.008750235403147E-16i
50,0.9349201756886497+1.2996982660781846E-15i,0.9355674074582453+1.3005980284649302E-15i
50,0.9812938063161118,0.9819731418821533
50,1.0011392245602864-7.459244539925822E-16i,1.0018322988234942-7.464408467466338E-16i
50,1.066480986212325+1.7753375118163546E-15i,1.067219295635841+1.7765665524010826E-15i
50,1.0719491191289752+7.078898757401362E-16i,1.072691214062138+7.083799377035724E-16i
50,1.0838086630260502-8.360977423752336E-16i,1.0845589681506098-8.366765607978373E-16i
50,1.2113727478336564,1.2122113637364984
50,1.225894196264193-1.8810146177801925E-15i,1.226742865156594-1.8823168171030428E-15i
50,1.290846832500197-5.411728912793147E-16i,1.291740467166986-5.415475374760575E-16i
50,1.3139894827697391-6.473699250772145E-16i,1.3148991387599276-6.478180899506296E-16i
50,1.343731684222601-1.3846104044007104E-15i,1.3446619303104024-1.3855689502376112E-15i
50,1.3449049511572315+1.1554446233821647E-15i,1.3458360094808302+1.156244521050124E-15i
50,1.36694037867517+1.7791801257213193E-15i,1.367886691807807+1.7804118264922986E-15i
50,1.3819515772186655-4.0051380217079925E-15i,1.3829082823878098-4.007910721064229E-15i
50,1.4660817602334677-3.3128122881037743E-15i,1.4670967075163721-3.3151057003279653E-15i
50,1.4716130631426494+4.411981554586591E-16i,1.4726318396668765+4.4150359058598365E-16i
50,1.4846033284056002+1.790776304112425E-15i,1.485631097903337+1.7920160327506556E-15i
50,1.519309176645792-5.644094164262241E-16i,1.5203609725023088-5.648001489345914E-16i
50,1.5655615763107742+2.187722775040075E-15i,1.566645392037288+2.1892373040018986E-15i
51,1.100886104599001E-9-1.3858141760703752E-6i,1.1016482321903517E-9-1.3867735552610618E-6i
51,1.212840154555872E-9-1.8930917340364891E-6i,1.2136797863232488E-9-1.8944022941729464E-6i
51,2.811611355000916E-9-1.6021235723194289E-6i,2.813557793039192E-9-1.6032326993890843E-6i
51,7.397611439614919E-9+1.136171727338401E-6i,7.402732699447948E-9+1.1369582826580656E-6i
51,1.514765493746611E-8-6.181769006825696E-7i,1.5158141440769106E-8-6.186048556457376E-7i
51,1.5225244319834534E-7-1.8259545050161003E-8i,1.523578453714923E-7-1.827218587016055E-8i
51,7.731714112211958E-7-4.564602712831803E-9i,7.737066666512296E-7-4.567762721534311E-9i
51,1.1390003573429365E-6+1.354069899650365E-8i,1.1397888708824054E-6+1.3550073027357795E-8i
51,1.4319786513543537E-6-4.104054623320827E-9i,1.432969989546255E-6-4.106895801215413E-9i
51,1.6685267463244242E-6+2.924017886458505E-10i,1.669681843354869E-6+2.926042141919232E-10i
51,1.911836706661708E-6-2.580710939535244E-10i,1.9131602436726823E-6-2.5824975285421393E-10i
51,0.29355499649956324+1.7092293660189658E-15i,0.29375822039482047+1.710412640886682E-15i
51,0.4712854270529471+5.942568178474565E-16i,0.471611691164973+5.946682132818597E-16i
51,0.4795044603716386,0.4798364144020313
51,0.4879356646264873-5.663072668334651E-16i,0.4882734554581296-5.666993131963297E-16i
51,0.5938680693093731,0.5942791956187634
51,0.667350450798683,0.6678124479022248
51,0.7487611136185004+1.7565242048814837E-16i,0.7492794701511474+1.7577402212848365E-16i
51,0.8351487057364725-1.0497773025518515E-16i,0.8357268671546826-1.050504048255795E-16i
51,0.8484752680734005+1.366238604583609E-16i,0.84906265527874+1.3671844318881521E-16i
51,0.8785715812717163-4.429530043328489E-16i,0.8791798037211292-4.432596543167696E-16i
51,0.9339998175917708-5.896653424277903E-16i,0.9346464122107141-5.90073559249903E-16i
51,0.9813650104841588,0.9820443953438203
51,1.0000376099674946,1.0007299215987895
51,1.061233261499974+6.984501950944492E-16i,1.0619679379992681+6.989337221029581E-16i
51,1.0662983842204121+1.915088794422876E-15i,1.0670365672311999+1.916414582807359E-15i
51,1.078291437856725+9.772293637151507E-16i,1.0790379234857788+9.7790588552613E-16i
51,1.2131405243045894+4.968193850698454E-16i,1.2139803640136162+4.971633259731758E-16i
51,1.2310437377814831-3.3561706852928513E-15i,1.2318959716272948-3.3584941139108157E-15i
51,1.2941550346260673-4.1137525891742543E-16i,1.2950509595135318-4.1166004808308955E-16i
51,1.3143386430539497+2.9674091618999273E-16i,1.315248540762773+2.9694634565155675E-16i
51,1.3492081420411177+2.3734181178044393E-15i,1.3501421794017756+2.3750612009770166E-15i
51,1.3501817156985256,1.3511164270502016
51,1.37310217976987-3.448997098291921E-16i,1.3740527586286408-3.4513847892983894E-16i
51,1.3893770208764202+6.868564598580182E-16i,1.3903388665732412+6.873319606906371E-16i
51,1.4669488323234348+1.30585262761726E-15i,1.4679643798678566+1.3067566505798421E-15i
51,1.4724034716627996-4.721909908078928E-15i,1.4734227953754588-4.725178818286612E-15i
51,1.4867265364739737-1.5547831633001795E-15i,1.4877557758380702-1.5558595172866351E-15i
51,1.5186642095090845-1.710418877904581E-15i,1.5197155588641438-1.7116029762542402E-15i
51,1.5635450823799646+1.4411354322894124E-15i,1.5646275021167788+1.4421331095888465E-15i
52,1.0920010413016407E-9-1.3854906454436887E-6i,1.092757017891665E-9-1.386449800658783E-6i
52,1.2932127241496684E-9-1.8936061531080174E-6i,1.2941079966891647E-9-1.8949170693693877E-6i
52,2.5285248622638296E-9-1.5985877954484973E-6i,2.530275323601199E-9-1.5996944747507598E-6i
52,5.843871235669672E-9+1.128914915043014E-6i,5.847916863541983E-9+1.1296964465760648E-6i
52,1.0355808215004215E-8-6.193023390176133E-7i,1.0362977391850412E-8-6.197310731055282E-7i
52,1.6466378299038967E-7+5.195302627224469E-10i,1.6477777735528258E-7+5.198899260392136E-10i
52,7.686647189224503E-7-1.1011269043275097E-8i,7.691968544343269E-7-1.1018891986210436E-8i
52,1.1423070122041977E-6+1.463227943103077E-8i,1.1430978148931929E-6+1.464240914729493E-8i
52,1.429209540333487E-6-2.9248650140458747E-9i,1.4301989615097188E-6-2.9268898559608272E-9i
52,1.6683136280548607E-6+1.6286857838280267E-10i,1.6694685775465979E-6+1.6298132995340662E-10i
52,1.9118205518937084E-6-3.5997325704104544E-10i,1.9131440777209695E-6-3.602224613412844E-10i
52,0.29562874723905314-4.207767758964455E-16i,0.29583340676207387-4.2106807359688023E-16i
52,0.47773088870889596+8.224148954043522E-16i,0.4780616149211758+8.229842413891067E-16i
52,0.4838087535141283,0.48414368734465785
52,0.4911242013330715-6.949879699953603E-16i,0.4914641995427432-6.954691001553084E-16i
52,0.5901227284693809+4.2600630736052916E-16i,0.5905312619332613+4.263012253902623E-16i
52,0.6636289745795761+5.276691311942146E-16i,0.6640883953587413+5.280344289323794E-16i
52,0.7457423355615791-4.606027209349269E-16i,0.7462586022376644-4.609215895633975E-16i
52,0.8383210720362587-6.163986971711439E-16i,0.8389014296379584-6.168254211096369E-16i
52,0.8403463482843392,0.8409281079556102
52,0.8811988971313572+1.5638708491560896E-15i,0.8818089384336919+1.56495349441655E-15i
52,0.9330564366410331-3.839403473256135E-16i,0.9337023781709343-3.842061436971975E-16i
52,0.9814365635908668,0.9821159979857133
52,0.9991090369480503,0.9998007057416204
52,1.056292018630817-3.8884195905631377E-16i,1.057023274378854-3.891111487430885E-16i
52,1.0607282063340537-2.4600997691585922E-15i,1.061462533190932-2.4618028607897055E-15i
52,1.0726835646289794+9.381947350105762E-16i,1.0734261680081818+9.388442337104186E-16i
52,1.2147549339261348-2.0626028139769096E-15i,1.2155958912676863-2.06403072419211E-15i
52,1.2355512210928072-1.045777766321573E-15i,1.2364065754043825-1.0465017432041998E-15i
52,1.2969936560324808-3.9365252471572474E-16i,1.2978915460566531-3.939250446878067E-16i
52,1.3145353970840792,1.315445431002883
52,1.3537247883017662-5.185376310979323E-16i,1.3546619524715657-5.188966072301249E-16i
52,1.3573307486544537+1.844992101662349E-15i,1.3582704091786595+1.8462693631162148E-15i
52,1.3794323028319666-2.969903572380143E-15i,1.3803872639437444-2.9719595938402253E-15i
52,1.397198393993041+1.0820144125266947E-15i,1.3981656543137995+1.0827634755174808E-15i
52,1.4679700274034835+4.226378004323641E-16i,1.468986281906548+4.2293038649327606E-16i
52,1.4732630615240014+1.2234915407333308E-15i,1.4742829803183388+1.2243385463019194E-15i
52,1.488968680441965-2.311135750532728E-15i,1.4899994720100311-2.3127357165196543E-15i
52,1.5175951995758017-1.054364465345374E-15i,1.5186458088706838-1.0550943866760389E-15i
52,1.561496469148165+1.517311630478744E-15i,1.5625774706595503+1.5183620434628252E-15i
53,1.333962548838126E-9-1.893744954578441E-6i,1.3348860318942306E-9-1.8950559669300693E-6i
53,1.4554639215402305E-9-1.383794032920535E-6i,1.4564715182463634E-9-1.38475201359522E-6i
53,2.225021521095954E-9-1.5988580809138095E-6i,2.2265618714423636E-9-1.599964947330806E-6i
53,6.4714424697652864E-9+1.1321043197492036E-6i,6.475922556162456E-9+1.1328880592611877E-6i
53,1.8844322134980262E-8-6.103266993663052E-7i,1.8857367787731597E-8-6.107492197481884E-7i
53,1.5810581497762204E-7-6.908101910685608E-9i,1.582152693557308E-7-6.9128842901234105E-9i
53,7.770475732521464E-7-9.955687814943142E-10i,7.775855120933159E-7-9.96257999420033E-10i
53,1.1419766985479196E-6+1.1821147687410031E-8i,1.1427672725655287E-6+1.1829331297663964E-8i
53,1.4299016534424947E-6-2.9526837504942596E-9i,1.430891553758662E-6-2.9547278509197114E-9i
53,1.6680170880896272E-6+5.955898930200459E-11i,1.6691718322910182E-6+5.960022113231873E-11i
53,1.911545609912013E-6-3.023294970194957E-10i,1.912868945400901E-6-3.0253879537506145E-10i
53,0.2977357529280722+4.041600988853388E-17i,0.2979418711007788+4.0443989309965105E-17i
53,0.48445048533040197+7.386743566453276E-16i,0.4847858634226235+7.391857302614274E-16i
53,0.48824763038505736,0.48858563718610026
53,0.4944468989428949-7.37722722674788E-16i,0.4947891974082565-7.382334374883986E-16i
53,0.5864152321912353+3.443810969595635E-16i,0.5868211990088509+3.446195070319916E-16i
53,0.6597946810336512+3.10332321030533E-16i,0.6602514473866297+3.1054715962587656E-16i
53,0.7425544450061677+5.838126110839798E-16i,0.7430685047515448+5.84216776144495E-16i
53,0.8280329900972512+1.4651622193963403E-15i,0.8286062254080299+1.4661765300943698E-15i
53,0.8456311992893057+9.800177310137972E-16i,0.8462166175867963+9.806961831712895E-16i
53,0.8838929268003725+4.861828134715593E-16i,0.884504833140638+4.865193908295979E-16i
53,0.9320982703671887+7.776663067854099E-16i,0.9327435485723814+7.782046739668913E-16i
53,0.9815077212577994,0.9821872049140735
53,0.9983242290033858+9.085306507515236E-16i,0.9990153544857213+9.091596134331608E-16i
53,1.0516613061387452+1.0105360925211718E-15i,1.0523893561112319+1.0112356721007021E-15i
53,1.0552488717079416+6.046707281304418E-15i,1.055979405300391+6.0508933296491575E-15i
53,1.067003913419199+3.703880703469734E-16i,1.0677425848576874+3.70644484672433E-16i
53,1.2162288173894404-4.20405193548792E-15i,1.2170707950792814-4.206962340081204E-15i
53,1.2394473562212387+4.530771160368718E-15i,1.2403054077710374+4.533907747974818E-15i
53,1.2994279668090827-6.989043768347987E-16i,1.300327542071538-6.993882182667838E-16i
53,1.3146230871047726-4.700566412365948E-16i,1.3155331817301146-4.703820546779013E-16i
53,1.358398068715579-8.740730017041028E-16i,1.3593384681300877-8.746781098516857E-16i
53,1.365134435775693+2.986687848063513E-15i,1.3660794986800762+2.988755489035864E-15i
53,1.3858940813737781-2.0158292551789682E-14i,1.386853515881755-2.0172247847332118E-14i
53,1.4052793612943553-1.4874688054568894E-15i,1.4062522159523658-1.48849855868311E-15i
53,1.4691991149127273-5.028948729489696E-16i,1.4702162202953688-5.032430198250381E-16i
53,1.474198461208061-1.6012661118580388E-14i,1.4752190275661248-1.602374645320169E-14i
53,1.4913270167358623+7.335946488027921E-15i,1.4923594409461716+7.341025058103284E-15i
53,1.5160739054992844+1.8260777473681927E-15i,1.5171234616241922+1.8273419146870524E-15i
53,1.5594323196737914-1.979184396527966E-15i,1.560511892204231-1.9805545573744545E-15i
54,1.3246951721948526E-9-1.8941612066796208E-6i,1.3256122395796086E-9-1.8954725071965826E-6i
54,1.9674365997195446E-9-1.3792966285415718E-6i,1.9687986277355364E-9-1.380251495727993E-6i
54,2.5257784338293604E-9-1.596071614934076E-6i,2.527526993853888E-9-1.5971765523208152E-6i
54,6.267047582894239E-9+1.1335359871223755E-6i,6.271386169655648E-9+1.1343207177570579E-6i
54,1.1448078946739129E-8-6.119393036008429E-7i,1.1456004286878153E-8-6.123629403654072E-7i
54,1.5516577101464336E-7-4.824120494131179E-9i,1.5527319004266946E-7-4.8274601632551866E-9i
54,7.680066198280435E-7-8.269329307319937E-9i,7.685382997473974E-7-8.275054044875209E-9i
54,1.1390563066793612E-6+1.6729902869224033E-8i,1.1398448589517497E-6+1.6741484739977045E-8i
54,1.4309861944926964E-6-4.450264426218966E-9i,1.4319768456210094E-6-4.453345280172757E-9i
54,1.6686934961455358E-6-2.586376482652982E-10i,1.66984870861448E-6-2.5881669938337627E-10i
54,1.911626490303628E-6-3.803681137333526E-10i,1.912949881784846E-6-3.806314370990806E-10i
54,0.2998604622686892-4.998304161825244E-16i,0.30006805134706477-5.001764415793185E-16i
54,0.4914265734309559+6.428321822495159E-16i,0.4917667809684751+6.4327720570894E-16i
54,0.4927974611685359,0.4931386177518874
54,0.49789292252567063-6.469039904860662E-16i,0.4982376066235168-6.473518327996759E-16i
54,0.5827674099463946+3.88076880363276E-16i,0.583170851429219+3.883455403970929E-16i
54,0.6558610985580732-7.621920760354341E-16i,0.6563151417485691-7.62719730629882E-16i
54,0.7392104636125857+6.806729022651805E-16i,0.7397222083678159+6.811441223099553E-16i
54,0.8176502466992076-3.1097304748770435E-15i,0.8182162941863009-3.111883296487442E-15i
54,0.8509871395301881+2.334541256494885E-16i,0.8515762656679522+2.336157425776419E-16i
54,0.8866430763989019-1.0345982069906637E-14i,0.8872568866281172-1.0353144444254136E-14i
54,0.9311340633066884+6.457089096053172E-16i,0.931778674005223+6.461559245816489E-16i
54,0.981577693172043+2.243727889887568E-16i,0.9822572252688655+2.2452811903836166E-16i
54,0.997659176309061+6.032755318633939E-16i,0.9983498413849966+6.036931708235908E-16i
54,1.047342612310466+3.7335685710579224E-16i,1.0480676725134286+3.7361532667955793E-16i
54,1.0498709421311148+1.2504305259693202E-14i,1.0505977526603902+1.251296181009317E-14i
54,1.0612703427539116,1.0620050449240237
54,1.2175738055779513+4.945908992362564E-15i,1.2184167143837399+4.9493329739094674E-15i
54,1.2427807124979333+3.1344466579837572E-15i,1.2436410716822637+3.13661659025167E-15i
54,1.3015193382195445+1.462508205467113E-15i,1.3024203613082999+1.4635206788295318E-15i
54,1.3146329600530664+1.9734009878947388E-16i,1.3155430615133081+1.9747671449707438E-16i
54,1.3631849108193097,1.36412862409565
54,1.3735311445960594-1.1328461340770913E-14i,1.3744820204209998-1.1336303871364482E-14i
54,1.3924489517297576-3.076357419952115E-14i,1.3934129240800555-3.078487137877346E-14i
54,1.4134587205329625-2.030023488329429E-16i,1.414437237643546-2.0314288443468069E-16i
54,1.470718175945074-1.0658883410906092E-15i,1.4717363329517854-1.0666262402344448E-15i
54,1.4752184422181245+1.750992026114496E-14i,1.4762397146943482+1.7522042126701827E-14i
54,1.4937988216273685-1.407485417701467E-14i,1.4948329570325967-1.4084597995805487E-14i
54,1.5140987327967743+1.5386194690186732E-15i,1.5151469215380737+1.5396846331124246E-15i
54,1.5573694975724353-3.4430661620232713E-15i,1.55844764204085-3.4454497471279993E-15i
55,1.3001449702143535E-9-1.8941856726212482E-6i,1.3010450418479376E-9-1.895496990075629E-6i
55,2.052593716567065E-9-1.5946562652923151E-6i,2.0540146976283155E-9-1.5957602228528859E-6i
55,2.241311011916578E-9-1.3806524745102164E-6i,2.2428626392428237E-9-1.3816082803292699E-6i
55,6.226771998553677E-9+1.1334675768259386E-6i,6.231082703108239E-9+1.1342522601011583E-6i
55,1.147420818616159E-8-6.092562241015677E-7i,1.148215161519666E-8-6.096780034088459E-7i
55,1.6801648868624755E-7+5.793671012612528E-9i,1.6813280408099614E-7+5.7976818875935775E-9i
55,7.681460583148999E-7-9.852958148461088E-9i,7.686778347655095E-7-9.859779209450047E-9i
55,1.1396641754935784E-6+1.5584845841910794E-8i,1.1404531485847903E-6+1.559563500617897E-8i
55,1.4313653112993294E-6-4.784149470856496E-9i,1.432356224884746E-6-4.787461468616895E-9i
55,1.6695177543626388E-6-1.8484047641486499E-10i,1.6706735374536725E-6-1.849684388139594E-10i
55,1.911893326905528E-6-3.881514688093431E-10i,1.9132169031138816E-6-3.8842018047966675E-10i
55,0.30198662677071947-9.591687587497028E-16i,0.3021956877621512-9.598327774640376E-16i
55,0.4974323819496666,0.4977767472219063
55,0.49864060989637693+8.384558054020769E-16i,0.498985811607419+8.390362562777447E-16i
55,0.501450413414305-7.543588487686909E-16i,0.5017975603118456-7.54881080532744E-16i
55,0.5792004365292635,0.5796014086477753
55,0.6518422128675466+2.2525458604122625E-15i,0.6522934738413732+2.254105265462278E-15i
55,0.7357270601806113+3.1215080407536086E-16i,0.7362363934258259+3.1236690158032007E-16i
55,0.807207560618053-1.1036305513336785E-15i,0.8077663787840048-1.1043945788659684E-15i
55,0.8563984116001849+2.5140656739078773E-16i,0.8569912838836508+2.5158061253574405E-16i
55,0.8894382469778362+8.99823790469394E-15i,0.8900539922633772+9.004467255170849E-15i
55,0.9301729176363035+2.9562703910936793E-16i,0.9308168629475362+2.958316974498751E-16i
55,0.9816456319907071,0.9823252111205951
55,0.9970942647725601-2.4044566101842127E-15i,0.9977845387683769-2.4061211808579382E-15i
55,1.0433350803115629+4.535305505507719E-16i,1.0440573661578532+4.538445232175639E-16i
55,1.0446055391825295+5.529853332835548E-15i,1.0453287045491946+5.533681570637325E-15i
55,1.0555002094185164-1.1667938649557868E-15i,1.0562309170084423-1.1676016195401954E-15i
55,1.2188002534182565+4.683768880599765E-15i,1.2196440112762175+4.687011386323565E-15i
55,1.245610106320602+2.461919172895036E-14i,1.2464724242535166+2.4636235240731462E-14i
55,1.303321858304489+7.5324873212273545E-16i,1.3042241292519328+7.537701953690264E-16i
55,1.3145876203572384+7.624620616030298E-16i,1.3154976904294622+7.629899031045968E-16i
55,1.3680521758762714-8.626346087421629E-16i,1.3689992586900948-8.632317982550744E-16i
55,1.3824488835243984+3.2304643923742465E-14i,1.3834059329715342+3.2327007963364904E-14i
55,1.3990553712691391-5.2440872202599905E-14i,1.4000239171485152-5.2477176262986483E-14i
55,1.4215388520563572-5.394083904320209E-15i,1.4225229629255953-5.397818150902457E-15i
55,1.4726520925785835-4.28090429001156E-15i,1.4736715884079212-4.28386789838278E-15i
55,1.4763346861506619-3.889216884224413E-14i,1.4773567313864797-3.891909333047078E-14i
55,1.4963814472220933+6.9385183786643615E-15i,1.4974173705418163+6.9433218149847796E-15i
55,1.5116930614753732-8.943686466853475E-16i,1.5127395848050718-8.94987805215581E-16i
55,1.5553251947793412-1.3609967434093208E-14i,1.5564019240063816-1.3619389418488846E-14i
56,1.2764390858022655E-9-1.8938183789830187E-6i,1.277322746193567E-9-1.8951294421653046E-6i
56,2.4930885813464205E-9-1.3837843423105843E-6i,2.4948145106569895E-9-1.3847423162766E-6i
56,2.5911304745855925E-9-1.5981526871880877E-6i,2.592924276886505E-9-1.5992590652711693E-6i
56,5.666762813591275E-9+1.1360529250193327E-6i,5.670685831854323E-9+1.1368393980938634E-6i
56,1.1178809120687919E-8-6.136496964364716E-7i,1.1186548049205344E-8-6.140745172813569E-7i
56,1.6383736926676162E-7+2.6536377199428837E-9i,1.6395079151733857E-7+2.6554747951093054E-9i
56,7.637865339954551E-7-1.4840611513458089E-8i,7.643152924101798E-7-1.4850885455021775E-8i
56,1.141395413275036E-6+1.8093209030723188E-8i,1.1421855848772247E-6+1.810573469869264E-8i
56,1.4314792651771638E-6-3.006211801870443E-9i,1.4324702576512085E-6-3.008292958994762E-9i
56,1.6675999985267113E-6-3.441074246979495E-11i,1.6687544539830064E-6-3.443456453110133E-11i
56,1.9118043849677926E-6-3.828781031142969E-10i,1.913127899602924E-6-3.831431641095156E-10i
56,0.30409734877268807+5.537168324547197E-16i,0.30430787098655565+5.54100162641236E-16i
56,0.5021239510426921,0.5024715642206303
56,0.5051062611761277-7.107954674045062E-16i,0.5054559389644094-7.11287540867195E-16i
56,0.5060728530850317+7.412726536976223E-16i,0.5064232000309677+7.417858260773415E-16i
56,0.5757350068839024,0.5761335799353923
56,0.6477527625304109+7.703036882028342E-16i,0.6482011924366797+7.708369583495335E-16i
56,0.7321249679883471-1.178006200152889E-15i,0.7326318075570271-1.1788217168754347E-15i
56,0.7967365612111665+1.841236372648184E-15i,0.7972881304550695+1.842511034064957E-15i
56,0.8618491118478951+1.44743073205593E-16i,0.8624457575726222+1.4484327675007054E-16i
56,0.8922665053294183-4.528376393420248E-15i,0.8928842085774735-4.531511323163689E-15i
56,0.9292241196239295+5.624067955378689E-16i,0.9298674080959664+5.62796141660644E-16i
56,0.981710614794092,0.9823902389106386
56,0.9966134854644612+6.739868191406414E-16i,0.9973034266236889+6.744534105063857E-16i
56,1.0394646807118306+2.376983658840772E-15i,1.0401842871362335+2.3786292103860448E-15i
56,1.0396357630039734+2.5042840027533967E-16i,1.0403554878661825+2.5060176824929297E-16i
56,1.0497109337124324+1.3218911748418622E-16i,1.0504376334701846+1.322806301059644E-16i
56,1.219917244927283+3.1735086760148534E-15i,1.2207617760623748+3.1757056503551393E-15i
56,1.247997741299548+3.784446646271404E-15i,1.2488617121577634+3.787066564167605E-15i
56,1.304881219125656-7.364728618887223E-16i,1.305784569596133-7.369827114417158E-16i
56,1.314503675423966+2.713675282444764E-16i,1.3154136873823215+2.715553920750832E-16i
56,1.3729736490502031+1.7905209422009972E-15i,1.3739241389290082+1.791760494055855E-15i
56,1.3918114300433806+5.931755795484949E-15i,1.392774961046599+5.935862264571995E-15i
56,1.4056673336513703-5.297620755459864E-15i,1.4066404568970545-5.301288221993761E-15i
56,1.4292705313161327+4.153181747208209E-15i,1.4302599947155437+4.1560569351029595E-15i
56,1.4751843145025494-4.0840485013554475E-16i,1.476205563352647-4.0868758292999963E-16i
56,1.477562791158858-1.349271355200202E-14i,1.4785856865940816-1.3502054363224193E-14i
56,1.4990724108152191+3.730392555111847E-15i,1.500110197050273+3.732975052139417E-15i
56,1.5088986860063953-2.077243063826253E-16i,1.5099432748302113-2.0786811092755237E-16i
56,1.553317063041582-4.540557452159558E-15i,1.5543924020679485-4.543700814674489E-15i
57,1.1984219708714926E-9-1.893867302458196E-6i,1.1992516211380067E-9-1.8951783995094994E-6i
57,2.4002611765999535E-9-1.5960423652839916E-6i,2.401922842835446E-9-1.5971472824216195E-6i
57,2.7921940658387217E-9-1.3814705725483569E-6i,2.7941270615674273E-9-1.3824269447248972E-6i
57,6.626347405196338E-9+1.133810742344515E-6i,6.630934730048816E-9+1.13459566318828E-6i
57,1.2469654398340733E-8-6.173162795136256E-7i,1.247828696044855E-8-6.177436386811562E-7i
57,1.6991715516372838E-7+5.1591059783835256E-9i,1.7003478636249918E-7+5.1626775531326325E-9i
57,7.706844059016972E-7-1.301938051062559E-8i,7.71217939613775E-7-1.3028393640201839E-8i
57,1.1418611541947593E-6+1.7569516131252618E-8i,1.1426516482226772E-6+1.758167925417185E-8i
57,1.43122081760201E-6-3.3434602385266335E-9i,1.4322116311565215E-6-3.3457748678854018E-9i
57,1.6693047700892074E-6+1.2258883250398633E-11i,1.670460405734297E-6+1.2267369898677003E-11i
57,1.9117882133880135E-6-3.825426454233132E-10i,1.913111716827793E-6-3.828074741860049E-10i
57,0.3061751477067149+1.4354211769257333E-15i,0.3063871083508527+1.4364148983284961E-15i
57,0.5068407367235624,0.5071916152642797
57,0.5088457819905383-7.437867777993593E-16i,0.5091980485952101-7.443016906709767E-16i
57,0.5137019103986726+8.5033063499134E-16i,0.5140575388310862+8.509193066404691E-16i
57,0.5723914655416791,0.5727877239076632
57,0.6436086283469586+1.2956162117602242E-15i,0.6440541893288309+1.2965131481995696E-15i
57,0.7284294137041468-1.560397702561059E-16i,0.7289336948938323-1.5614779434121645E-16i
57,0.7862671728084601-3.2981935676077907E-16i,0.7868114942455892-3.300476859502373E-16i
57,0.8673225902547015,0.8679230251896812
57,0.8951146775657147+1.3239048576676765E-15i,0.8957343525623798+1.3248213779290702E-15i
57,0.9282969526226759+1.1053639837277378E-16i,0.9289395992303541+1.106129211290303E-16i
57,0.9817716128845433,0.9824512792291893
57,0.9962037593994214-1.996619920020082E-15i,0.9968934169111965-1.998002151228316E-15i
57,1.034461686172878+8.234245288535838E-16i,1.0351778290962321+8.239945737930309E-16i
57,1.0362399186233924+1.3473415788102268E-15i,1.0369572925914559+1.348274323976049E-15i
57,1.0439206607459839,1.0446433519811735
57,1.2209326472900928-1.5122022750520435E-15i,1.2217778813736129-1.5132491509029655E-15i
57,1.2500041071885806-3.280908873949826E-15i,1.250869467024998-3.2831801998999845E-15i
57,1.3062349652922578,1.3071392529417045
57,1.3143935810426863,1.3153035167842877
57,1.3779278074823391-3.903386525795803E-16i,1.3788817270536595-3.906088784057205E-16i
57,1.4015425661609135-6.24456481980471E-15i,1.402512833889484-6.248887842073108E-15i
57,1.4122324563099842+1.4784477606585795E-14i,1.4132101244955106+1.4794712687454394E-14i
57,1.4363504797018911-7.935068865361788E-16i,1.4373448444475787-7.940562199228295E-16i
57,1.478558365322088+2.33959877887899E-15i,1.4795819499789629+2.341218449410415E-15i
57,1.4789235228586888+8.32331664412673E-15i,1.479947360308866+8.329078756337555E-15i
57,1.5018695441153709,1.5029092667655142
57,1.5057674705719062+1.4835114346574218E-15i,1.5068098917003838+1.484538448252846E-15i
57,1.5513634439409922-1.7204040543641996E-15i,1.5524374305049982-1.7215950653076795E-15i
58,1.2369613759959034E-9-1.8933367032065843E-6i,1.2378177065374039E-9-1.894647432931669E-6i
58,2.749130661327385E-9-1.3840305684082378E-6i,2.751033844881499E-9-1.3849887128330336E-6i
58,3.2553543127656874E-9-1.600048610507525E-6i,3.2576079476612656E-9-1.6011563011110088E-6i
58,6.314139602866116E-9+1.1366140887569096E-6i,6.318510790754564E-9+1.1374009503170118E-6i
58,1.0616037920881621E-8-6.218475228582913E-7i,1.0623387251004447E-8-6.222780189403142E-7i
58,1.7241003910282824E-7+8.727299196593858E-9i,1.7252939608923874E-7+8.733340980106168E-9i
58,7.652648029792114E-7-1.3883864911213792E-8i,7.657945847782582E-7-1.38934765108872E-8i
58,1.141425987583291E-6+1.8311925683869607E-8i,1.1422161803516327E-6+1.83246027662273E-8i
58,1.431976714159145E-6-3.360836761809992E-9i,1.4329680510099538E-6-3.3631634206855116E-9i
58,1.6685915761164924E-6+1.17131679709323E-10i,1.6697467180276687E-6+1.1721276828384023E-10i
58,1.9117235195612573E-6-3.4905177448889533E-10i,1.9130469782144324E-6-3.492934180040933E-10i
58,0.308202050191212-1.2839391940240734E-15i,0.3084154140307412-1.284828046632254E-15i
58,0.5115478362889737,0.5119019734869118
58,0.512652264426254-6.939450285186676E-16i,0.5130071662038815-6.944254366652556E-16i
58,0.5215040623361489+6.438725193855514E-16i,0.5218650920859546+6.443182630553881E-16i
58,0.5691898868000926,0.5695839287592344
58,0.6394273534173222+7.242534908250231E-16i,0.6398700197627941+7.247548810834558E-16i
58,0.7246705595514719+1.6482092391384315E-16i,0.7251722385405758+1.6493502706513365E-16i
58,0.7758290512053208-3.556554008466212E-16i,0.7763661464812308-3.559016159572178E-16i
58,0.8728007068311936-4.324619401849762E-16i,0.873404934187364-4.327613273563168E-16i
58,0.8979678491357682+1.544856903250879E-16i,0.8985894993420095+1.5459263854304957E-16i
58,0.9274005089722196-5.64466154236227E-16i,0.9280425349848722-5.648569260233628E-16i
58,0.9818274430283477,0.9825071480233978
58,0.9958543802542624-4.9379172069390835E-16i,0.9965437958958884-4.941335655888064E-16i
58,1.0296116700554023+1.350671646568124E-15i,1.0303244553824655+1.3516066970918835E-15i
58,1.033141340198059-3.6487987177711227E-16i,1.0338565690649149-3.6513247285605057E-16i
58,1.0381490776805227-3.517792956421106E-16i,1.0388677733318987-3.520228273809115E-16i
58,1.2218531959665586+1.595893378012806E-15i,1.2226990673326663+1.5969981920086918E-15i
58,1.2516848238939196-3.7656314858123714E-16i,1.2525513472663008-3.76823837824403E-16i
58,1.3074133975719384,1.3083185010330765
58,1.3142668857584663,1.3151767337907474
58,1.3828961363007297+8.980529886321632E-16i,1.3838534953745198+8.986746977792514E-16i
58,1.4115681124839594+2.3417841715827086E-16i,1.4125453207538257+2.343405355030021E-16i
58,1.4186896999809018+1.0477440395278488E-14i,1.4196718384232019+1.048469377633091E-14i
58,1.4424675825146929-7.286449100816177E-16i,1.4434661820425376-7.291493404563409E-16i
58,1.4804442042003236-6.25860887157056E-15i,1.4814690943962876-6.2629416163336834E-15i
58,1.4830297593163813-7.645570968445474E-16i,1.4840564394549056-7.65086388708832E-16i
58,1.50235414654893-2.4506683747326524E-16i,1.5033942046823574-2.452364937145269E-16i
58,1.5047712502385764+2.5572252866628867E-16i,1.5058129816980683+2.5589956168906224E-16i
58,1.5494837230836431-6.522549982454019E-16i,1.550556408343978-6.527065449845991E-16i
59,1.0894539444077226E-9-1.8927731719686687E-6i,1.0902081576792596E-9-1.8940835115691953E-6i
59,1.9853367834164927E-9-1.5999305924200669E-6i,1.9867112034717958E-9-1.601038201321329E-6i
59,2.1014232311456217E-9-1.385982642097959E-6i,2.1028780161763993E-9-1.3869421379152497E-6i
59,6.38026128751305E-9+1.1358117557476137E-6i,6.384678250491261E-9+1.1365980618641317E-6i
59,9.754802472564004E-9-6.259711464112564E-7i,9.761555581792524E-9-6.26404497218462E-7i
59,1.7046919139364913E-7+1.2356726669580921E-8i,1.7058720475914954E-7+1.2365281053448903E-8i
59,7.63602125646454E-7-1.4725157757858304E-8i,7.641307563979351E-7-1.4735351772450163E-8i
59,1.1413205543915963E-6+1.84927681113023E-8i,1.1421106741700582E-6+1.8505570388267375E-8i
59,1.4320625124442613E-6-3.11316141088942E-9i,1.4330539086919874E-6-3.1153166076873953E-9i
59,1.6685730490901503E-6+1.387764019247788E-10i,1.669728178175333E-6+1.388724748286818E-10i
59,1.9118286302468677E-6-3.18953299663357E-10i,1.9131521616666566E-6-3.191741064380182E-10i
59,0.3101597098550023-8.118503771162406E-16i,0.31037442895411566-8.124124094371719E-16i
59,0.5162063356429171,0.5165636978528496
59,0.5165063255847677-7.653589311463803E-16i,0.5168638954734155-7.658887781090012E-16i
59,0.5294522518341934+8.785413885956074E-16i,0.5298187840010906+8.791495901430656E-16i
59,0.566150101979085,0.5665420395389849
59,0.6352288494284102+7.755147440300627E-16i,0.6356686092100524+7.76051621715643E-16i
59,0.7208839544528083+1.3685350156305692E-16i,0.7213830120297505+1.369482432707399E-16i
59,0.7654532069482065-1.0482127794320454E-15i,0.765983119176607-1.0489384420391709E-15i
59,0.8782628688701741-4.3631384386962186E-16i,0.8788708776024386-4.3661589765839457E-16i
59,0.9008087527163539+4.71542873566103E-16i,0.9014323696392192+4.718693159046412E-16i
59,0.9265435132221977-1.0730630750942939E-15i,0.9271849459490382-1.0738059412031242E-15i
59,0.9818766885637633,0.9825564276507883
59,0.995556563556367+4.660035382366175E-16i,0.9962457730237833+4.663261457731042E-16i
59,1.0249321441576116-1.4933735770714533E-15i,1.025641689916307-1.4944074180860012E-15i
59,1.0303327062003704-6.247192248697439E-16i,1.03104599069037-6.25151708989701E-16i
59,1.0324184754360228-2.8198772701988376E-16i,1.0331332038740175-2.8218294306111306E-16i
59,1.2226845970258684-1.5445813386405247E-15i,1.2235310439589526-1.5456506300507313E-15i
59,1.253089107422658-1.0379860757508771E-15i,1.2539566029602964-1.0387046585583656E-15i
59,1.3084406897469392-4.1087229585567357E-16i,1.3093465043876513-4.1115673682725553E-16i
59,1.3141310631160532,1.3150408171202757
59,1.3878617553984602+9.740491841711238E-16i,1.388822552098819+9.74723504389617E-16i
59,1.4218158960875287-3.2342645076193847E-16i,1.422800198750359-3.2365035423466705E-16i
59,1.4249670079002386+4.46904738917693E-15i,1.425953492032383+4.472141246305399E-15i
59,1.4474179876976807+6.629578476814318E-16i,1.4484200143197203+6.634168038491133E-16i
59,1.4821598709706716,1.4831859488980255
59,1.4887483899955267-1.2287455464482762E-15i,1.4897790290596904-1.2295961892893343E-15i
59,1.4987116852342675-1.5198936016241473E-15i,1.4997492217441983-1.5209458020696578E-15i
59,1.5077769565215626-6.762606934153992E-15i,1.5088207687882154-6.767288589515476E-15i
59,1.5476988534768017-1.0393587266672765E-15i,1.54877030309762-1.0400782597412205E-15i
60,1.1035314252018547E-9-1.8931406604121061E-6i,1.1042953841105515E-9-1.8944512544195884E-6i
60,1.5286647289385068E-9-1.5981319723818943E-6i,1.529723001509104E-9-1.599238336124414E-6i
60,2.265793003028266E-9-1.3836722364676173E-6i,2.2673615788842818E-9-1.3846301328243726E-6i
60,5.683172174959525E-9+1.1322366254688263E-6i,5.687106553187062E-9+1.133020456574154E-6i
60,1.1264552276293291E-8-6.224304091507782E-7i,1.1272350563562167E-8-6.228613087565847E-7i
60,1.7662981510113952E-7+8.064559937328003E-9i,1.767520933776855E-7+8.070142915998242E-9i
60,7.643806205610144E-7-1.5215939827754976E-8i,7.649097902533102E-7-1.522647360370384E-8i
60,1.1457096171611657E-6+1.735158397968202E-8i,1.1465027754245562E-6+1.736359623131215E-8i
60,1.431973915198585E-6-1.810839275593597E-9i,1.432965250111714E-6-1.8120928935379658E-9i
60,1.6672106212108316E-6+1.9276655317132266E-11i,1.66836480710682E-6+1.929000026791761E-11i
60,1.9116102977945517E-6-2.6487636699555556E-10i,1.9129336780659287E-6-2.6505973708873845E-10i
60,0.3120295626555409+6.641251986762116E-16i,0.31224557622681176+6.645849629841705E-16i
60,0.5203849942837457-5.489699676138027E-16i,0.5207452493188595-5.493500116141708E-16i
60,0.5207727351773188,0.5211332586398676
60,0.5375145587914864+6.002564353072093E-16i,0.5378866723773481+6.00671984190352E-16i
60,0.5632916703997675,0.5636816291086623
60,0.6310363715011217+9.83535320522475E-16i,0.6314732288906897+9.842162078565114E-16i
60,0.7171109760965815-1.8158247256274386E-16i,0.7176074216949596-1.8170817949270476E-16i
60,0.7551740204853074-2.307461704508615E-16i,0.7556968165809967-2.309059127006406E-16i
60,0.8836847379557266-2.733436476116824E-16i,0.884296500169854-2.7353287948126006E-16i
60,0.9036170267268678+8.280321378987873E-16i,0.9042425877773761+8.286053726196014E-16i
60,0.9257341675490867,0.9263750399775768
60,0.9819175706029036,0.9825973379919754
60,0.9953030862915514-1.380240494761101E-15i,0.9959921202803088-1.3811960153725092E-15i
60,1.020443747535104+4.48401715583729E-16i,1.0211501860414753+4.48712137631957E-16i
60,1.0267551867576015,1.027465994582427
60,1.027805937361851,1.028517472606183
60,1.2234316366323212-5.50255492598891E-16i,1.2242786007301638-5.506364265496876E-16i
60,1.2542593630320071+1.424231237389825E-15i,1.2551276687207458+1.4252172121586443E-15i
60,1.3093359841569745-1.614979646317458E-16i,1.3102424185971095-1.6160976734619435E-16i
60,1.3139920704000347,1.3149017281816022
60,1.3928081402203034,1.393772361231619
60,1.430979633648936-3.4077774189268668E-15i,1.4319702802352712-3.410136574143103E-15i
60,1.4322138382530596+6.270624985841138E-16i,1.4332053392614628+6.274966049187073E-16i
60,1.4512080670962109+1.1950084131803716E-15i,1.4522127175356199+1.1958357002900702E-15i
60,1.4841132750234711+3.1037290839922706E-15i,1.485140705264311+3.105877750926213E-15i
60,1.4948893067392286-3.49489849920993E-16i,1.4959241970715904-3.497317967095019E-16i
60,1.4956523718719408,1.4966877904633018
60,1.5108879276303813-5.546890938445678E-15i,1.5119338935775175-5.5507309711363825E-15i
60,1.5460321256525502-2.2204939010070093E-15i,1.5471024214217057-2.222031116947254E-15i
61,1.2410291175929208E-9-1.8929529312171195E-6i,1.241888264173331E-9-1.8942633952623844E-6i
61,2.3385644666281E-9-1.3852020691732037E-6i,2.3401834211200534E-9-1.3861610246111032E-6i
61,2.622379152567036E-9-1.5987136514977266E-6i,2.62419458787756E-9-1.5998204179283186E-6i
61,4.541136211470138E-9+1.1311523704275946E-6i,4.544279974651802E-9+1.1319354509187764E-6i
61,4.857771101538129E-9-6.285264366238963E-7i,4.861134066492889E-9-6.289615564217058E-7i
61,1.7557305784048276E-7-1.4179434667957872E-9i,1.7569460453920032E-7-1.418925088631603E-9i
61,7.628388970891547E-7-1.2837673427836117E-8i,7.633669994685003E-7-1.284656076421654E-8i
61,1.1428356023791005E-6+1.8437060666681217E-8i,1.1436267710034588E-6+1.844982437818487E-8i
61,1.4304519562820765E-6-2.455711198784032E-9i,1.431442237564972E-6-2.4574112522710948E-9i
61,1.6684340832326184E-6+1.9690353541585165E-10i,1.6695891161137398E-6+1.970398488969175E-10i
61,1.9115455952333903E-6-1.878441121672672E-10i,1.9128689307121164E-6-1.87974153940124E-10i
61,0.3137930226511023-2.3835312937028867E-16i,0.3140102570403245-2.3851813780814526E-16i
61,0.5242604009551548-7.104500863901196E-16i,0.5246233388784799-7.109419207505076E-16i
61,0.5251983951525084,0.525561982435704
61,0.5456518627480074+4.497748120403488E-16i,0.5460296096721758+4.500861846634736E-16i
61,0.560633791491698,0.5610219101893129
61,0.626877881335653+2.685271896532401E-16i,0.6273118598623849+2.687130871583568E-16i
61,0.7133992204043983-1.9592555186759284E-16i,0.7138930964077804-1.9606118830473662E-16i
61,0.7450319690919042-2.325973112878097E-16i,0.7455477439915157-2.3275833505572347E-16i
61,0.8890364446208672,0.8896519117444246
61,0.9063683365098291+2.9150406292456553E-15i,0.9069958022524659+2.9170586698805364E-15i
61,0.9249800274035967+2.0906081962104588E-16i,0.9256203777517278+2.0920554941483468E-16i
61,0.98194773518342,0.9826275234549963
61,0.9950880007853683-5.503800816155056E-16i,0.9957768858735282-5.507611018174835E-16i
61,1.0161711132109945-1.2714186898512677E-15i,1.0168745938341728-1.2722988746947741E-15i
61,1.0211915976870696+1.5792116641242897E-16i,1.021898553919328+1.58030492960996E-16i
61,1.0255525445560523,1.0262625198090063
61,1.224098290649601-1.2991074020930803E-15i,1.2249457162624162-1.3000067554332006E-15i
61,1.255231449462176,1.256100428112347
61,1.3101143625767653,1.3110213358770673
61,1.3138547272998498,1.3147642900007677
61,1.3977177112485002-7.789827456667191E-16i,1.3986853310851137-7.79522024199874E-16i
61,1.4366307136390877+1.0030519806444219E-15i,1.4376252723866931+1.0037463790811126E-15i
61,1.442686090187896-6.802298821980038E-16i,1.4436848409854552-6.80700795546368E-16i
61,1.4540233428265703+5.996700044040708E-16i,1.4550299422408122+6.000851473095471E-16i
61,1.4863519288281957-9.76505186475675E-16i,1.4873809088568155-9.771812069491838E-16i
61,1.4909325785079983+1.67883533896673E-16i,1.4919647296544047+1.6799975724873603E-16i
61,1.5034948848445557,1.5045357326946718
61,1.5141087497696326-2.1047634536516045E-16i,1.515156945445538-2.106220551070305E-16i
61,1.5445103138580387-2.1895023813812565E-16i,1.5455795560988115-2.1910181423389142E-16i
62,1.1673025406951357E-9-1.8940794910161566E-6i,1.1681106474284311E-9-1.8953907349625417E-6i
62,1.974701016415576E-9-1.5935991896327916E-6i,1.9760680734825984E-9-1.5947024153951111E-6i
62,2.826682464695948E-9-1.3791860434521626E-6i,2.8286393362463584E-9-1.3801408340821195E-6i
62,4.172523835502213E-9+1.124695841846968E-6i,4.175412413646056E-9+1.1254744525764232E-6i
62,4.71348573685679E-9-6.216753106081084E-7i,4.71674881513209E-9-6.221056874700714E-7i
62,1.843321630961753E-7+9.80408576985333E-10i,1.844597735972817E-7+9.810872997198612E-10i
62,7.705209611157205E-7-1.1576646900124717E-8i,7.710543816773274E-7-1.1584661246005778E-8i
62,1.1462684110217063E-6+1.8578352931743828E-8i,1.1470619561300368E-6+1.8591214457847195E-8i
62,1.4314349811320695E-6-2.433605919815106E-9i,1.4324259429489078E-6-2.435290670135977E-9i
62,1.6687861260096133E-6+2.2538255687776496E-10i,1.6699414026048778E-6+2.2553858597513312E-10i
62,1.911828610940328E-6-1.67061709061696E-10i,1.9131521423467507E-6-1.6717736347626464E-10i
62,0.3154317215179977-6.018581306390772E-16i,0.31565009035483904-6.0227478835282505E-16i
62,0.5280979060731585-6.866374247441073E-16i,0.5284635006459953-6.871127739418721E-16i
62,0.529429095954598,0.5297956120910132
62,0.5538141965147283+3.638419870725733E-16i,0.5541975941049807+3.640938696388819E-16i
62,0.5581951569464385,0.5585815874124876
62,0.6227879665488446+4.349431626405203E-16i,0.623219113686487+4.352442675264235E-16i
62,0.709802753736915,0.7102941399582323
62,0.735077582325354,0.7355864659464054
62,0.8942800794490017-2.3211698733465422E-16i,0.8948991766654133-2.3227767858121456E-16i
62,0.909033375526412-3.061300493689969E-16i,0.9096626862371687-3.063419787922052E-16i
62,0.9242879118219841-1.1923053511925182E-15i,0.9249277830284683-1.1931307670113417E-15i
62,0.9819638977433357,0.9826436972040193
62,0.9949064084783443,0.9955951678527659
62,1.012143855071311,1.012844547681694
62,1.0157690228827085-1.7669582410913882E-16i,1.0164722251445448-1.7681814808277013E-16i
62,1.0235639546118296-2.7168835994577975E-16i,1.0242725531926118-2.718764458835516E-16i
62,1.2246878296749344+6.126193806975223E-16i,1.225535663417124+6.130434882696638E-16i
62,1.2560352765616207+2.015775562761245E-16i,1.2569048116897132+2.017171055145001E-16i
62,1.3107876612538998+1.812015278313986E-16i,1.3116951006691766+1.813269710388097E-16i
62,1.3137229755517457,1.3146324470428261
62,1.4025699994233658+1.3672261586950026E-15i,1.4035409784291828+1.3681726696690309E-15i
62,1.441816417675066+7.5492374113973E-16i,1.442814566410873+7.554463639706339E-16i
62,1.453146632606632+8.29023313815082E-16i,1.454152625087018+8.295972347127045E-16i
62,1.4561040908277307+2.848984216779076E-16i,1.4571121307138393+2.850956527511185E-16i
62,1.4868850932174023-1.1769019616473921E-15i,1.4879144423480484-1.1777167139215277E-15i
62,1.4889194469520535-6.34886236798612E-16i,1.4899502044364838-6.35325759394466E-16i
62,1.5119625835087283-2.0121669313538188E-16i,1.513009293424648-2.013559925534036E-16i
62,1.5174500733179566+2.604785715742444E-16i,1.5185005821440207+2.606588971370098E-16i
62,1.5431654013495861,1.5442337125268035
63,1.2272418274684725E-9-1.8938428338469908E-6i,1.2280914293065429E-9-1.895153913959027E-6i
63,1.6208579883329803E-9-1.5966998556684112E-6i,1.6219800849689622E-9-1.5978052279771603E-6i
63,2.385039090028895E-9-1.3830801967895318E-6i,2.3866902182331363E-9-1.3840376832857466E-6i
63,3.4306100058805217E-9+1.1248582557165108E-6i,3.43298496776779E-9+1.1256369788827483E-6i
63,4.299415543969461E-9-6.276855923768094E-7i,4.302391967415131E-9-6.281201300702595E-7i
63,1.8542571301257704E-7-1.8421730696789587E-9i,1.855540805625374E-7-1.8434483795575923E-9i
63,7.666544669804203E-7-1.1248709695838288E-8i,7.671852108238362E-7-1.1256497015516935E-8i
63,1.1476201990396584E-6+1.7102902101668458E-8i,1.1484146799713603E-6+1.7114742194416834E-8i
63,1.4299975273665195E-6-2.1583225432661444E-9i,1.430987494054823E-6-2.1598167188710374E-9i
63,1.6681468363304155E-6+1.7892900609371887E-10i,1.6693016703546444E-6+1.7905287606706788E-10i
63,1.9114404564463087E-6-8.638733934144172E-11i,1.912763719138967E-6-8.644714405201118E-11i
63,0.31692779241090074,0.3171471969560696
63,0.531853449667941-6.260030452458431E-16i,0.5322216441495079-6.264364181361526E-16i
63,0.5334048677289422,0.5337741362348838
63,0.5559937443138705-6.856600152241554E-17i,0.5563786507736667-6.861346877753897E-17i
63,0.5619349524472407,0.5623239719198413
63,0.6188105335693683+7.890358947486539E-16i,0.619238927187456+7.895821329320971E-16i
63,0.7063820841612632-1.6654165595259072E-16i,0.70687110230231-1.6665695034188355E-16i
63,0.7253774803908999-1.2441216425193885E-15i,0.7258796487711174-1.2449829300102558E-15i
63,0.8993661501095107-1.881167297661418E-16i,0.8999887683393729-1.8824696026823507E-16i
63,0.911576818427377-3.684462751154808E-16i,0.9122078899270144-3.687013451640742E-16i
63,0.9236638490665354-3.237665377710556E-16i,0.9243032882433639-3.239906766811214E-16i
63,0.9819612490362808,0.9826410466633027
63,0.9947542815429382,0.9954429356020739
63,1.0083976035933289-8.482278362507929E-16i,1.0090957027277805-8.48815052162646E-16i
63,1.0105418516460238,1.0112414352125134
63,1.0218318041446108-2.8068004696140024E-16i,1.0225392035825773-2.808743577145629E-16i
63,1.2252029165365217-1.0739399223908119E-15i,1.2260511068659257-1.0746833955283943E-15i
63,1.2566955193389133+2.4247846404245034E-16i,1.257565511543569+2.4264632839007272E-16i
63,1.3113651338425756-1.4604008538776634E-16i,1.3122729730338067-1.4614118683509343E-16i
63,1.3136000591344865+1.5000907251899211E-16i,1.314509445532302+1.501129216389347E-16i
63,1.407338925797767,1.4083132062626142
63,1.4464376180484235-3.075637899222193E-15i,1.447438965974678-3.077767119033588E-15i
63,1.45765576605977-1.591004711019873E-15i,1.458664880148289-1.5921061406620238E-15i
63,1.4634889593394609+1.6540316027858119E-15i,1.464502111663657+1.6551766650371958E-15i
63,1.482791596643006,1.4838181119049425
63,1.4918385985193827+2.185098569502649E-16i,1.4928713768903914+2.1866112817647823E-16i
63,1.5207561745446134,1.5218089721369308
63,1.5209336933946882+1.7626913777430013E-15i,1.5219866138807483+1.763911663591285E-15i
63,1.542037160132422-1.4482932949385571E-15i,1.5431046902444978-1.4492959275231904E-15i
64,1.2057329497870893E-9-1.893997899445733E-6i,1.2065676613389879E-9-1.8953090869074493E-6i
64,1.6671964274878134E-9-1.593802530646723E-6i,1.668350603557692E-9-1.5949058971790974E-6i
64,2.9034714252756035E-9-1.3821196553189984E-6i,2.9054814567172366E-9-1.3830764768461905E-6i
64,3.2988945389078134E-9+1.1207413324736542E-6i,3.3011783160747293E-9+1.1215172055532375E-6i
64,4.359953921875039E-9-6.259844080169364E-7i,4.362972255167646E-9-6.264177680049606E-7i
64,1.8814147221959176E-7-5.3459993153236906E-9i,1.8827171985052915E-7-5.3497002736376616E-9i
64,7.692507201962704E-7-1.2522084035074213E-8i,7.697832613883871E-7-1.2530752893464263E-8i
64,1.1486910212827481E-6+1.843780433988846E-8i,1.149486243529263E-6+1.8450568566226367E-8i
64,1.4308734571723074E-6-2.5165144352090116E-9i,1.4318640302541973E-6-2.5182565819007473E-9i
64,1.66882319860596E-6+3.436402077457318E-10i,1.6699785008660489E-6+3.4387810491123007E-10i
64,1.911650712452405E-6-5.2489571002154556E-11i,1.9129741207022677E-6-5.2525908776018524E-11i
64,0.31826419500030956+1.2398135123666788E-15i,0.31848452471773947+1.2406718174011023E-15i
64,0.5354698931918062-7.988168100047275E-16i,0.5358405912851277-7.993698193749031E-16i
64,0.537060316243164,0.5374321153634531
64,0.554046556966382-1.0709493622412103E-16i,0.554430115416428-1.0716907650570818E-16i
64,0.5699215427977438+2.7451112322357896E-16i,0.5703160912717927+2.747011633197046E-16i
64,0.6150025028926209+1.7321702748135027E-16i,0.615428260265928+1.733369431341901E-16i
64,0.7032036350691888,0.7036904528157164
64,0.7160239069037921-1.2437759346865665E-16i,0.7165195999398277-1.244636982848881E-16i
64,0.9042286480940459,0.904854632561216
64,0.9139563997196696+5.270042997107477E-16i,0.9145891185691564+5.273691371956538E-16i
64,0.923113054871863,0.9237521127418051
64,0.9819324926157638,0.9826122703351301
64,0.9946283225838484,0.9953168894434111
64,1.004974916999247-3.4208067600098063E-16i,1.0056706466570755-3.423174935251179E-16i
64,1.00558345111317+2.302366089907553E-16i,1.0062796020503992+2.30395998478476E-16i
64,1.0203481952413371-1.235191269054282E-16i,1.0210545675982319-1.2360463741762463E-16i
64,1.2256456945003311+2.359023823712369E-16i,1.2264941913585408+2.3606569419225036E-16i
64,1.2572323245406272-1.125804203164224E-15i,1.258102688367791-1.1265835811962525E-15i
64,1.311853980071113,1.3127621576835462
64,1.3134886507449244,1.3143979600163165
64,1.4119883779720883-1.490905199003225E-15i,1.4129658771856979-1.4919373311951945E-15i
64,1.4504167672570374+2.003357985602557E-15i,1.451420869890967+2.004744881476528E-15i
64,1.4588256524373013+5.948859986831033E-16i,1.4598355764213065+5.952978296903351E-16i
64,1.473569388382217-2.9159257133158543E-16i,1.4745895192422254-2.9179443666816865E-16i
64,1.4787030234495395+3.837066121282381E-16i,1.4797267082511523+3.83972246688312E-16i
64,1.495086474679687+1.0155210347086007E-15i,1.4961215015085738+1.0162240652917967E-15i
64,1.5246017632369508,1.5256572230749221
64,1.5295998211030357,1.5306587410244679
64,1.5411767954827944-4.632788024104827E-16i,1.542243729976817-4.635995236516083E-16i
65,1.256133448681725E-9-1.8940795478448212E-6i,1.257003051772962E-9-1.895390791830548E-6i
65,1.4944805873958559E-9-1.5952759289849015E-6i,1.4955151947777043E-9-1.5963803155297201E-6i
65,1.647964250944307E-9+1.121564962753028E-6i,1.6491051128554143E-9+1.1223414060199884E-6i
65,2.100776612115617E-9-1.3850789269216568E-6i,2.102230949501355E-9-1.3860377971099493E-6i
65,5.803434037620309E-9-6.252795912446204E-7i,5.807451671402929E-9-6.257124632981464E-7i
65,1.806159121500573E-7-8.17850344431324E-9i,1.8074094994416832E-7-8.184165304431946E-9i
65,7.679508275288184E-7-1.0312796015237705E-8i,7.684824688239672E-7-1.0319935415357617E-8i
65,1.1463635177664768E-6+1.7772643400515044E-8i,1.1471571287158366E-6+1.7784947145516627E-8i
65,1.4301508957995215E-6-3.237577205075559E-9i,1.4311409686625821E-6-3.239818533135572E-9i
65,1.6687398244105396E-6+3.181175744554294E-10i,1.669895068951874E-6+3.183378026695682E-10i
65,1.911683057357081E-6-3.9617213864658675E-11i,1.9130064879988548E-6-3.964464029110966E-11i
65,0.31942507382320756,0.31964620720032344
65,0.5388722700132857-6.334737750281679E-16i,0.5392453235230678-6.339123197970856E-16i
65,0.540325740349371,0.5406998000757287
65,0.5523693198173695-9.287142281875325E-17i,0.5527517171402986-9.293571636690731E-17i
65,0.5776403027420437+5.305387332077441E-16i,0.5780401948024092+5.309060175300448E-16i
65,0.6114385905814196+7.10605612032342E-16i,0.6118618807095736+7.110975540608917E-16i
65,0.7003384346717466,0.7008232688813137
65,0.7071499776843052-1.3285258369851084E-15i,0.7076395274269759-1.3294455562839158E-15i
65,0.9087785026733229,0.9094076369392752
65,0.9161224571633867+9.243082189628082E-16i,0.9167566755432385+9.249481042276335E-16i
65,0.9226399379505582+1.52179488307573E-16i,0.9232786682884712+1.5228483997510002E-16i
65,0.9818664738616678,0.9825462058772017
65,0.994525854689653+2.237260686146849E-16i,0.9952143506121688+2.2388095094909115E-16i
65,1.0009940893826115-1.4632913738051275E-16i,1.0016870631708268-1.4643043893437047E-16i
65,1.0019257288736974-1.3164291372010868E-16i,1.0026193476225114-1.3173404821288932E-16i
65,1.0191059104618108+4.141419988993551E-16i,1.0198114228028485+4.144287034392523E-16i
65,1.2260178652511216+1.2391288998205766E-15i,1.2268666197577807+1.2399867309075968E-15i
65,1.2576619476502282-9.249411557520718E-16i,1.258532608899282-9.255814791899186E-16i
65,1.3122597615513933,1.3131682200804997
65,1.3133909414058278,1.3143001830344523
65,1.416464561438908+1.1211753777027539E-15i,1.4174451594498496+1.1219515512655965E-15i
65,1.453713108785927-2.6707816060774768E-15i,1.4547194934296115-2.672630549709303E-15i
65,1.4597117593551094-6.699343943862815E-16i,1.4607222967781692-6.703981803167457E-16i
65,1.4746847736606414-1.1540950742493719E-15i,1.4757056766858103-1.1548940376439075E-15i
65,1.483180862785925+2.993758213696154E-16i,1.4842076475312047+2.9958307493807804E-16i
65,1.4985677706542395+4.646504206269446E-16i,1.4996052075341797+4.649720914196026E-16i
65,1.5285322116165874+6.283018632259167E-16i,1.5295903924473515+6.28736827554798E-16i
65,1.5382109996209485-6.005443661718097E-16i,1.53927588093722-6.009601143853422E-16i
65,1.5406511260750222-2.053846471858946E-15i,1.5417176966556865-2.055268320184638E-15i
66,1.122036908567321E-9-1.8941529147356427E-6i,1.1228136785555702E-9-1.8954642095122112E-6i
66,1.7458727055479042E-9-1.5938123138755904E-6i,1.747081348071709E-9-1.5949156871807532E-6i
66,2.604287950444318E-9-1.3838962530583308E-6i,2.6060908614762264E-9-1.3848543044985449E-6i
66,3.1278999974281047E-9+1.1188081632029108E-6i,3.1300653975372235E-9+1.119582697977256E-6i
66,5.169856467584504E-9-6.25644758921668E-7i,5.173435484742418E-9-6.260778837755164E-7i
66,1.8776598947905383E-7-3.3315907208415727E-9i,1.8789597716869895E-7-3.3338971331042348E-9i
66,7.632241057112734E-7-1.2854663115366258E-8i,7.637524747649989E-7-1.2863562213462612E-8i
66,1.1511327736263847E-6+1.725711499420159E-8i,1.1519296862628725E-6+1.726906184631395E-8i
66,1.4279858408065744E-6-2.4054712627096842E-9i,1.428974414833252E-6-2.4071365358127364E-9i
66,1.6692862606853333E-6+1.951832472734174E-10i,1.6704418835166292E-6+1.9531836982378394E-10i
66,1.9116183661675333E-6-2.750195400171127E-11i,1.912941752024529E-6-2.752099320828605E-11i
66,0.3203961368373403+2.6493258661422657E-16i,0.32061794246739217+2.651159956274416E-16i
66,0.5419624534689474-6.320198141063916E-16i,0.5423376462682201-6.324573523191082E-16i
66,0.5431293618044901,0.5435053624375935
66,0.5509761451985374+6.295937947915045E-17i,0.5513575780467473+6.300296535059976E-17i
66,0.5848927169088803+5.854071071674374E-16i,0.5852976297110986+5.858123760746216E-16i
66,0.6082166672972469+9.209576253846836E-17i,0.6086377269343248+9.21595191081842E-17i
66,0.6978597079416924,0.6983428261644516
66,0.6989535727759466-6.683991956200029E-16i,0.699437448265573-6.688619187544767E-16i
66,0.9128959009347706+1.3370939977532794E-16i,0.9135278856162257+1.3380196486663576E-16i
66,0.9180184988270228-6.764429857078933E-16i,0.918654029809205-6.769112774423697E-16i
66,0.9222481257409418-6.088997501583659E-16i,0.9228865848329064-6.093212826838686E-16i
66,0.9817471502568186,0.9824267996663397
66,0.9944447358017736,0.995133175566852
66,0.9969096502078578+1.1702369399320387E-16i,0.9975997963976709+1.1710470781076538E-16i
66,0.999306773393393,0.9999985790770557
66,1.0180985876638904-1.3736594351582407E-16i,1.0188034026498662-1.3746103997968893E-16i
66,1.2263207562402934+5.648934932584042E-16i,1.227169720434021+5.652845608861889E-16i
66,1.2579972951028129+1.5613902791110997E-16i,1.2588681885080772+1.562471207108652E-16i
66,1.3125867249282654,1.3134954098094074
66,1.3133087043507752,1.314217889047871
66,1.4206823304880394+2.7099057655377617E-16i,1.4216658483997344+2.7117817942615766E-16i
66,1.4563270090775629-1.119682586266002E-15i,1.4573352032867648-1.1204577263908372E-15i
66,1.4603775351131494+8.286604999383441E-16i,1.4613885334431755+8.292341696651461E-16i
66,1.4708309399567576-6.126674206453238E-16i,1.47184917502837-6.130915614748291E-16i
66,1.492017469319287,1.4930503715199734
66,1.5020959718182407+6.309551157447486E-16i,1.5031358512210211+6.313919168821271E-16i
66,1.5328587353925536+1.3066171075103207E-15i,1.5339199114134021+1.30752165971132E-15i
66,1.5405435998572077+5.674100065871429E-16i,1.5416100959990202+5.678028163608534E-16i
66,1.5462568311856673+5.018419030564802E-16i,1.5473272825152264+5.021893209766607E-16i
67,1.0598312714333292E-9-1.8943568947341401E-6i,1.0605649773550966E-9-1.895668330723123E-6i
67,1.6871976230108043E-9-1.5921528649377649E-6i,1.6883656456202154E-9-1.5932550894303333E-6i
67,2.3494486982274313E-9-1.3851128078114172E-6i,2.351075187716128E-9-1.3860717014549616E-6i
67,2.6400711172852284E-9+1.1156937970244738E-6i,2.6418988004880645E-9+1.1164661757679777E-6i
67,5.193304307960404E-9-6.251011448750652E-7i,5.196899557720432E-9-6.255338933927402E-7i
67,1.8235371801760616E-7-4.182419857156523E-9i,1.8247995886968527E-7-4.1853152861735995E-9i
67,7.603648365920549E-7-1.2966784769333894E-8i,7.608912262149586E-7-1.2975761487636115E-8i
67,1.1519271997096366E-6+1.7416580911273717E-8i,1.1527246623158576E-6+1.7428638159343273E-8i
67,1.4290687640877719E-6-2.8448972410826298E-9i,1.430058087806637E-6-2.846866722460339E-9i
67,1.669888071423321E-6+8.715642524777709E-11i,1.6710441108795214E-6+8.721676238544042E-11i
67,1.9117881760593604E-6-6.008259233963047E-11i,1.9131116794732975E-6-6.012418665278477E-11i
67,0.32116503593557433+4.457803190122952E-16i,0.3213873738633955+4.460889263054395E-16i
67,0.5446153389000544-5.145465094523808E-16i,0.5449923682536947-5.149027225885523E-16i
67,0.5454009064300236,0.5457784796207484
67,0.5498791882215548,0.5502598616622518
67,0.5913815220007634+2.098008452736992E-16i,0.591790926909272+2.099460873765869E-16i
67,0.6054615986703232+5.061321043734332E-16i,0.605880751013079+5.064824923381828E-16i
67,0.6917313253149425-2.0838510240399005E-16i,0.692210200946692-2.0852936440848357E-16i
67,0.6958391377028915,0.696320857113982
67,0.9164240211694811-1.9580884710467765E-16i,0.9170584483177503-1.9594440274879525E-16i
67,0.9195835427575593+3.8470178913632312E-16i,0.9202201571971093+3.8496811264310367E-16i
67,0.9219405026667701-2.5553920470188316E-16i,0.9225787487957119-2.55716110812117E-16i
67,0.9815571432644709+1.816484180149387E-16i,0.9822366611348882+1.8177417059798618E-16i
67,0.9935043517812926-1.7179976458284596E-16i,0.9941921405320603-1.7191869908499763E-16i
67,0.994383292752209,0.9950716899811494
67,0.9971792392257501-4.2557324626664574E-16i,0.9978695720481567-4.2586786449442205E-16i
67,1.017320857366556-3.350504000260844E-16i,1.0180251339410504-3.352823505914392E-16i
67,1.2265553773115214-1.0635767041097859E-15i,1.227404503930037-1.0643130029406403E-15i
67,1.2582483664712825,1.2591194336896385
67,1.3128380495434893-2.701340110118735E-16i,1.313746908413042-2.7032102089626963E-16i
67,1.3132433406221242,1.3141524800688522
67,1.4245010768741801+5.734809048046822E-16i,1.4254872384489874+5.738779173737741E-16i
67,1.458290215263581+3.4853569924448173E-15i,1.4592997685721443+3.4877698548822238E-15i
67,1.4608636252187042+8.497714088861119E-16i,1.4618749600619079+8.503596933910644E-16i
67,1.4672888782063152,1.468304661159603
67,1.499647883894551-5.050998662292013E-16i,1.5006860685213277-5.054495395903534E-16i
67,1.5053917445637037-3.635517781189083E-16i,1.5064339055824785-3.638034597777389E-16i
67,1.5377757818331281,1.5388403618543947
67,1.5409382369932658-4.777915921872116E-16i,1.5420050063366828-4.78122360423635E-16i
67,1.5533156403633726+2.0536195911014177E-16i,1.5543909784048393+2.0550412823608299E-16i
68,1.114251758251742E-9-1.8939570342750475E-6i,1.1150231386925768E-9-1.8952681934463946E-6i
68,1.866513248656056E-9-1.5935505572262033E-6i,1.867805408889962E-9-1.5946537493210085E-6i
68,2.0662947834655155E-9+1.1136123439595363E-6i,2.0677252495780084E-9+1.1143832817430682E-6i
68,2.205720533012458E-9-1.3885902299490351E-6i,2.2072475215628584E-9-1.3895515309618315E-6i
68,3.533241793637764E-9-6.361206189139311E-7i,3.53568780603323E-9-6.365609960547417E-7i
68,1.7555250288196525E-7-5.070486202498123E-9i,1.7567403535078113E-7-5.073996427053001E-9i
68,7.509006867655115E-7-1.2197578356952957E-8i,7.514205244938264E-7-1.2206022564736726E-8i
68,1.1561832743683945E-6+1.7185369016550193E-8i,1.1569836833937906E-6+1.7197266199955763E-8i
68,1.4268601193972867E-6-2.7120887356647274E-9i,1.4278479141032494E-6-2.713966275627315E-9i
68,1.6696103496311046E-6+2.350517746883283E-10i,1.670766196824509E-6+2.3521449764589634E-10i
68,1.911723489975763E-6-9.33732975382406E-11i,1.9130469486084566E-6-9.343793852703319E-11i
68,0.32172172703412727-7.125946760117001E-16i,0.32194445035117647-7.130879950405889E-16i
68,0.5466816902695366-3.2864912694227493E-16i,0.5470601501284631-3.288766459984876E-16i
68,0.5470765177892262,0.5474552509815568
68,0.5490883148945442,0.5494684408250299
68,0.5966762082076924+2.022895794321662E-16i,0.5970892785511892+2.0242962159391566E-16i
68,0.6033224166453541+1.7452181835868108E-16i,0.6037400880632101+1.7464263729944908E-16i
68,0.6859131893081037-1.2650908883155456E-15i,0.6863880371281091-1.2659666925132043E-15i
68,0.6943418178232742,0.6948225006613817
68,0.9191710484566866,0.9198073773323743
68,0.9207569214469007-6.719989283057561E-16i,0.9213943481996143-6.724641434833121E-16i
68,0.9217192532985236-2.6182650022137453E-16i,0.9223573462597149-2.6200775893572463E-16i
68,0.9812988503631364,0.9819781894210992
68,0.9909676223103439,0.9916536549198417
68,0.9943402714401126+6.719755738206924E-16i,0.9950286388860182+6.72440772830275E-16i
68,0.9956039598906523,0.996293202169868
68,1.0167684466592546+1.2576005830781941E-16i,1.0174723408077744+1.2584712018454387E-16i
68,1.2267224666898395+1.4024661323367048E-16i,1.2275717089819247+1.403437039436834E-16i
68,1.2584226008654662+3.786990019956012E-16i,1.2592937887037834+3.7896116985931764E-16i
68,1.313016033361086,1.3139250154462718
68,1.3131959113722915,1.3141050179844331
68,1.4276874749887187+2.0733883670339783E-16i,1.4286758424610388+2.074823743932189E-16i
68,1.4596481938901102+3.0500179840755522E-15i,1.4606586873077143+3.0521294675887597E-15i
68,1.4611957191909237-2.476392025307178E-16i,1.4622072839380007-2.478106395832524E-16i
68,1.4642968196432395-2.925242269087967E-16i,1.4653105312374863-2.927267372171151E-16i
68,1.5055532144460517-4.734267108437826E-16i,1.5065954872480998-4.737544573357304E-16i
68,1.5081097882774601,1.509153830958743
68,1.5418474272790632-8.737013178048366E-16i,1.5429148260418177-8.743061686410102E-16i
68,1.5434717403642761-5.541267107402575E-15i,1.5445402636155803-5.545103246796063E-15i
68,1.558880073022995-1.5175446070303654E-13i,1.5599592632410335-1.518595181300757E-13i
69,1.0569620103019086E-9-1.8945772055471545E-6i,1.0576937298755279E-9-1.8958887940541397E-6i
69,1.2613132412435813E-9+1.1114296477022834E-6i,1.262186430230591E-9+1.112199074436639E-6i
69,1.650365194776418E-9-1.5894125111140527E-6i,1.6515077188263533E-9-1.5905128384991453E-6i
69,2.9298998630573797E-9-1.3841202888427587E-6i,2.931928190525773E-9-1.385078495379719E-6i
69,6.862137119188196E-9-6.252408680103E-7i,6.866887677862993E-9-6.256737132562887E-7i
69,1.7804757758306525E-7-3.374306403121218E-9i,1.781708373561538E-7-3.37664238683538E-9i
69,7.59446190858963E-7-1.3933231474023505E-8i,7.599719445166592E-7-1.3942877249457193E-8i
69,1.1541676975829572E-6+1.752311214967623E-8i,1.1549667112535805E-6+1.753524314778749E-8i
69,1.428908053316295E-6-3.5405297585778016E-9i,1.4298972657774083E-6-3.542980816326408E-9i
69,1.6702768347790543E-6+2.061996893179476E-10i,1.6714331433705255E-6+2.0634243839244372E-10i
69,1.911804346933088E-6-3.4144038517561903E-11i,1.913127861541888E-6-3.416767594356416E-11i
69,0.32205878515545167-1.2414712216097924E-15i,0.3222817418129828-1.2423306742524445E-15i
69,0.5480058926337721-1.309619017804972E-16i,0.5483852692189195-1.310525648185224E-16i
69,0.5481045346582653,0.5484839795318652
69,0.5486108082742986,0.5489906036338299
69,0.6002221520650657,0.6006376772144137
69,0.6019545807395945+4.3480497749042385E-16i,0.6023713052243573+4.3510598671273823E-16i
69,0.6820533572370023-6.778338680514869E-16i,0.6825255329508679-6.783031226737735E-16i
69,0.6934203700504119,0.6939004149835002
69,0.9209323740673753,0.9215699222834104
69,0.9214856220659701+2.2182896693723635E-16i,0.9221235532876249+2.2198253593548007E-16i
69,0.9215859035686151,0.9222239042137095
69,0.9810418305974091,0.9817209917242905
69,0.9894345174814198-1.5078867679998177E-16i,0.9901194887445297-1.5089306562873749E-16i
69,0.9943148005212+1.394683052370351E-16i,0.9950031503339553+1.3956485713563393E-16i
69,0.9946340695717737+3.7363257293441347E-16i,0.9953226404098935+3.738912333822755E-16i
69,1.0164382541076433,1.017141919668616
69,1.2268225264961548+9.277291721702657E-16i,1.2276718380582023+9.28371425711716E-16i
69,1.258525135231059+3.1969884234741996E-16i,1.2593963940524402+3.199201652505414E-16i
69,1.3131222276620809,1.3140312832640513
69,1.3131671602137784+1.5187297973210495E-16i,1.3140762469219074+1.519781192081606E-16i
69,1.4298852470743657+1.7868737170747398E-16i,1.4308751360326406+1.7881107440081828E-16i
69,1.4604435635110455-7.800191674992555E-16i,1.4614546075515804-7.805591635323149E-16i
69,1.461389421271363+1.2414962902676367E-15i,1.4624011201155998+1.2423557602649596E-15i
69,1.4622143688298948,1.4632266387734423
69,1.5092711162885966-2.9550329161750246E-16i,1.5103159629405318-2.9570786428940363E-16i
69,1.5099069159288794+4.0187351542481093E-16i,1.5109522027357465+4.021517266703329E-16i
69,1.543008577379223-4.218249522400444E-16i,1.544076779989465-4.2211697557786235E-16i
69,1.5499378401835489-1.0238901383154582E-14i,1.5510108398226103-1.0245989627085197E-14i
69,1.5592121993863601+9.781083455031678E-14i,1.5602916195306955+9.787854758205769E-14i
70,8.455954241611364E-12+2.1751046878328264E-6i,8.461808176920213E-12+2.176610481474647E-6i
70,4.130923544668372E-11+2.054338226871045E-6i,4.1337833235301444E-11+2.055760415631648E-6i
70,2.4129385665185726E-10+5.6123708744675E-7i,2.414609009128481E-10+5.616256237974639E-7i
70,4.103936595485417E-10-1.8076589056558362E-6i,4.1067776916710333E-10-1.8089103218759121E-6i
70,5.287612217485004E-10+1.3936963673056594E-6i,5.291272755252238E-10+1.394661203223791E-6i
70,5.921938378478315E-10-1.0605518810077615E-6i,5.926038051108993E-10-1.0612860857971564E-6i
70,2.0814951434856193E-9+1.624888549010033E-6i,2.082936132588385E-9+1.6260134359451093E-6i
70,3.6929335252037525E-7-2.3776251134679863E-9i,3.695490089884535E-7-2.3792711090830574E-9i
70,9.13420943895401E-7-2.209356313341678E-9i,9.140532920565343E-7-2.210885818890425E-9i
70,1.2802718769503916E-6+6.395614863451435E-10i,1.2811581907277915E-6+6.400042455489091E-10i
70,1.5489153444364918E-6+1.7289990358657546E-9i,1.549987636216477E-6+1.7301959969911128E-9i
70,1.7373356163175943E-6-5.784225117282862E-10i,1.7385383487375062E-6-5.788229453006649E-10i
70,1.8943161471754892E-6-1.337707642954347E-10i,1.8956275549555244E-6-1.3386337186851581E-10i
70,2.1025133997957775E-6-3.927730583892141E-12i,2.103968939534607E-6-3.930449695194275E-12i
70,0.32217165049100055+1.7497387554431737E-15i,0.3223946852835776+1.7509500743776286E-15i
70,0.5484511373044106,0.5488308221260295
70,0.5484511371919515,0.5488308220134925
70,0.5484634678456556+1.5326024093602995E-15i,0.5488431612035305+1.5336634079303285E-15i
70,0.601482471879202-2.9198640125208647E-15i,0.6018988695298018-2.9218853923145036E-15i
70,0.6014824720165138+4.897844463773788E-16i,0.6018988696672086+4.901235170939945E-16i
70,0.6806884389455015-4.016897012669988E-15i,0.6811596697460962-4.019677852606274E-15i
70,0.6931092212671577-8.25541490419828E-17i,0.6935890507964256-8.261130009012715E-17i
70,0.9215413541976427-6.070001238343247E-16i,0.9221793240018492-6.074203412758882E-16i
70,0.9215413567283951,0.9221793265343536
70,0.921732920370093+2.9575649970780913E-14i,0.9223710227928013+2.959612476720237E-14i
70,0.9809284511122247,0.9816075337481218
70,0.9889293145556974+2.4499340199317155E-16i,0.9896139360740998+2.451630073961082E-16i
70,0.9943063668972666-2.4224710518710813E-15i,0.9949947108715456-2.424148093683279E-15i
70,0.9943063662536253-1.2428792817093945E-15i,0.9949947102274588-1.2437397091317697E-15i
70,1.0163283998312762-3.307913697360046E-16i,1.017031989341716-3.310203718360432E-16i
70,1.2268558479624903-2.1747812497987123E-15i,1.227705182592509-2.176286819529041E-15i
70,1.2585589824000116+2.940754334511306E-15i,1.2594302646533004+2.9427901763739226E-15i
70,1.313157527826472,1.3140666078662377
70,1.3131575281547747,1.3140666081947676
70,1.4306847274448244-1.0225883642738228E-15i,1.4316751698718428-1.023296287467468E-15i
70,1.4607053061532569-5.69343060264378E-14i,1.4617165313944522-5.697372082633025E-14i
70,1.461453119200093,1.4624648621414882
70,1.461453108313769,1.4624648512476277
70,1.5105353283973595+6.994172080660911E-16i,1.5115810502451261+6.999014045237499E-16i
70,1.5105353318947226+3.987466014898302E-15i,1.5115810537449104+3.9902264801787985E-15i
71,1.0227688782929453E-9-1.894609823477729E-6i,1.0234769264538455E-9-1.8959214345656373E-6i
71,1.5861809939090215E-9-1.5892762786309026E-6i,1.5872790841613047E-9-1.5903765117042097E-6i
71,2.3872733543703385E-9+1.1111811150621587E-6i,2.388926029323598E-9+1.111950369740948E-6i
71,2.5577879397473084E-9-1.3850238913568493E-6i,2.559558659491669E-9-1.3859827234448133E-6i
71,7.138886106209241E-9-6.273419578096123E-7i,7.143828254221032E-9-6.277762576098018E-7i
71,1.7707188624549968E-7-5.99154528654298E-9i,1.771944705615306E-7-5.995693147033385E-9i
71,7.572333276413957E-7-1.2083496384949848E-8i,7.577575493657639E-7-1.2091861615427812E-8i
71,1.1564291170663808E-6+1.753215029955922E-8i,1.1572296962851355E-6+1.7544287554651445E-8i
71,1.4282365095690932E-6-3.2663956094975514E-9i,1.429225257130144E-6-3.268656888123801E-9i
71,1.6703138597989737E-6+2.4779701525430634E-10i,1.671470194022333E-6+2.479685615583161E-10i
71,1.912071159205081E-6-9.499348181352834E-11i,1.9133948585241736E-6-9.505924443255508E-11i
71,0.32194519092253177-1.7145102911706292E-15i,0.3221680689404119-1.7156972219467533E-15i
71,0.5475222739187632-4.878855864308564E-16i,0.547901315701641-4.882233425940852E-16i
71,0.5479267171491249,0.5483060389222248
71,0.5486039545452573,0.5489837451600507
71,0.5996795536206785+1.175542551088376E-15i,0.6000947031369399+1.1763563622621647E-15i
71,0.6017746967666504,0.6021912967203301
71,0.6833783322646337+1.8899342936940736E-16i,0.6838514252396241+1.8912426679800663E-16i
71,0.6937292971506804,0.6942095559495499
71,0.9205781325442193-3.0978445331145044E-16i,0.9212154355239508-3.0999891262586444E-16i
71,0.9212409113889035+1.253800872419742E-15i,0.9218786732008817+1.2546688607020347E-15i
71,0.9213833784440654+2.1198703934637188E-16i,0.9220212388839334+2.1213379491992277E-16i
71,0.9811719210757718,0.9818511722624175
71,0.9899096491265522,0.9905949493164556
71,0.9942743056403757+1.944571132200226E-16i,0.9949626274191083+1.9459173307824432E-16i
71,0.9950081461257325,0.9956969759316618
71,1.0165542987011167,1.0172580445980899
71,1.226788990513259+8.498520817098709E-16i,1.2276382788588287+8.504404220634572E-16i
71,1.2584914891708123+1.0692763596745199E-15i,1.2593627246995107+1.070016604294815E-15i
71,1.3130718338971357,1.3139808546122287
71,1.313191882934541+1.5923289839305E-16i,1.3141009867578533+1.59343133034771E-16i
71,1.4291224543015566+1.783647023842936E-16i,1.4301118151893832+1.784881816983137E-16i
71,1.460184764452587-2.1785318715728589E-16i,1.4611956293302617-2.1800400378046126E-16i
71,1.461318266958813-4.806914582496867E-16i,1.462329916543944-4.81024234021611E-16i
71,1.4629464865149973,1.4639592632930718
71,1.5072035689940866+3.0096580944621383E-16i,1.5082469843128141+3.0117416374051726E-16i
71,1.5102370322791447+5.580212406071398E-16i,1.5112825476208058+5.584075506734126E-16i
71,1.542092766092209+1.5146707253436094E-15i,1.5431603346994895+1.5157193100671092E-15i
71,1.547566948123666+3.018664296666069E-15i,1.5486383064283082+3.02075407447315E-15i
71,1.5593119373466142-4.1497654738007797E-13i,1.5603914265381027-4.152638296658663E-13i
72,1.1252527150088347E-9-1.8938835821070734E-6i,1.126031711253558E-9-1.895194690428543E-6i
72,2.3185317810586385E-9+1.11847454086758E-6i,2.320136867210954E-9+1.1192488446799885E-6i
72,2.388113746789798E-9-1.5945888742608263E-6i,2.389767003534623E-9-1.595692785167557E-6i
72,2.5533607241752234E-9-1.3871985803802985E-6i,2.5551283790220197E-9-1.3881589179741455E-6i
72,5.664156728676821E-9-6.238923291117078E-7i,5.668077942784825E-9-6.243242407836434E-7i
72,1.7988003976722405E-7-1.0524983769443136E-8i,1.8000456812748507E-7-1.0532270064088605E-8i
72,7.611774335907212E-7-1.1702821530225863E-8i,7.617043857628211E-7-1.171092322498573E-8i
72,1.15432762888458E-6+1.7471704721763975E-8i,1.1551267532733394E-6+1.748380013125344E-8i
72,1.4289044925939363E-6-1.5360579226111584E-9i,1.4298937025900127E-6-1.537121313383232E-9i
72,1.668406309960419E-6+3.372068285980356E-10i,1.6695613236145043E-6+3.3744027202782623E-10i
72,1.911658799978628E-6-8.504766063273997E-11i,1.912982213827368E-6-8.510653790303821E-11i
72,0.32126019875658035-4.595943647927728E-16i,0.32148260256425165-4.59912535350812E-16i
72,0.5445059249352815-1.134032803699743E-15i,0.5448828785432102-1.134817878273385E-15i
72,0.5464011298859405,0.5467793955169551
72,0.549061295254277,0.549441402479455
72,0.5952785135075898+1.3107157161704003E-15i,0.5956906162471802+1.3116231057791323E-15i
72,0.6026502879868404,0.6030674940997085
72,0.6906312976109887-6.383267529020203E-16i,0.6911094117094053-6.387686573176104E-16i
72,0.6955398914416479,0.6960214036888625
72,0.917888532571361+7.776681789412254E-16i,0.9185239735797767+7.782065474187734E-16i
72,0.9198196460324224-5.798160897452349E-16i,0.9204564239228682-5.802174880715994E-16i
72,0.9209179336498227-1.359540912231713E-16i,0.9215554718689646-1.3604821028203248E-16i
72,0.9818940075575564,0.9825737586342711
72,0.9925775072497568,0.9932646543594068
72,0.994178060428071+1.3126302337359412E-16i,0.9948663155776297+1.313538948737604E-16i
72,0.9970594677430888-2.0098178780297102E-16i,0.9977497176494234-2.0112092459941506E-16i
72,1.017311579962276,1.0180158501141574
72,1.2265856412191285,1.2274347887889112
72,1.258289444592208-1.6139956361635085E-15i,1.2591605402483552-1.6151129820919396E-15i
72,1.3128138621462866,1.3137227042712527
72,1.3132949248008292,1.3142040999585414
72,1.4251043262048346-1.4690812684474125E-15i,1.4260909054004633-1.4700982922466438E-15i
72,1.4586356852797984-1.9527356888044425E-15i,1.4596454777522772-1.954087539591582E-15i
72,1.4609143079231282+1.2338475943370728E-15i,1.4619256778532381+1.2347017692523867E-15i
72,1.4667517374166152,1.467767148515072
72,1.4989074859098659,1.4999451579697838
72,1.5089743932226607+5.492163354103358E-16i,1.5100190344574917+5.495965499675804E-16i
72,1.5375293483246846+1.26995979784441E-15i,1.5385937577435833+1.2708389727179961E-15i
72,1.5397835316218107-7.051380313719136E-16i,1.540849501579333-7.056261882731355E-16i
72,1.5548842569672678-4.7697063595995275E-15i,1.5559606809394126-4.773008358602064E-15i
73,1.1690478827522819E-9-1.8941937480885128E-6i,1.1698571977607407E-9-1.8955050711334231E-6i
73,1.384496483357887E-9+1.117643432195819E-6i,1.3854549503288909E-9+1.1184171606436668E-6i
73,1.6259958394665542E-9-1.5932107381313575E-6i,1.6271214929628622E-9-1.5943136949742986E-6i
73,1.7582601715964822E-9-1.3840512928803787E-6i,1.7594773897845846E-9-1.385009451652428E-6i
73,7.517983604800006E-9-6.253225760324684E-7i,7.523188196548967E-9-6.257554778437438E-7i
73,1.7945120098107805E-7-8.963629967777334E-9i,1.7957543246242511E-7-8.969835359678063E-9i
73,7.655251838046946E-7-9.83279499619279E-9i,7.66055145861636E-7-9.839602098521894E-9i
73,1.148181546977339E-6+1.681529185532991E-8i,1.1489764165221318E-6+1.682693283964793E-8i
73,1.4297718807716113E-6-2.9343695775414346E-9i,1.430761691248028E-6-2.936400999328777E-9i
73,1.6695733102390056E-6+2.011676583971619E-10i,1.6707291317905723E-6+2.0130692386914073E-10i
73,1.9116183710520255E-6-1.3939485627562227E-10i,1.9129417569124025E-6-1.3949135732656318E-10i
73,0.32010015941604636+6.158690457164434E-16i,0.3203217601451932+6.162954029848643E-16i
73,0.5389752003969803-1.3532939491992802E-15i,0.5393483251639843-1.3542308151053754E-15i
73,0.544006776722214,0.5443833847770252
73,0.5498198330259074,0.5502004653758575
73,0.5902844112380862+2.259792456783904E-15i,0.5906930566326183+2.2613568785481965E-15i
73,0.604106007504336-8.078831208161746E-17i,0.6045242213908555-8.084424066627199E-17i
73,0.6984020485398619,0.6988855422172047
73,0.7008761286906063-4.938605977296621E-16i,0.7013613351379969-4.942024903071397E-16i
73,0.9139408067311658-3.342441835062106E-16i,0.9145735147858515-3.3447557593948268E-16i
73,0.9176111318831665-2.093222376740831E-16i,0.9182463808510818-2.0946714844382415E-16i
73,0.9201688884950827+4.0990905004345486E-16i,0.9208059081610546+4.101928241738371E-16i
73,0.983071325023223,0.9837518911398595
73,0.9940174341240344-3.388094177820715E-16i,0.9947055780743166-3.390439706612681E-16i
73,0.9962215321521316-5.694291850344895E-16i,0.9969112019677275-5.698233926563519E-16i
73,1.0003206137662763,1.0010131213170241
73,1.0188632030980835-1.677158602140856E-16i,1.0195685474163096-1.6783196748807365E-16i
73,1.2262373702605853-5.802944085707319E-16i,1.2270862767274004-5.806961380303289E-16i
73,1.2579541421990184,1.258825005730149
73,1.3123809118969778,1.313289454296723
73,1.313466581673785+2.635705466655527E-16i,1.3143758756670771+2.6375301275813215E-16i
73,1.4196987724018018,1.4206816094104024
73,1.4560818861683809+1.5570079590922451E-15i,1.4570899106825237+1.558085853272778E-15i
73,1.4602422961680332+1.0141708943039298E-15i,1.4612532008740857+1.0148729902043729E-15i
73,1.4717806669605034+3.4497440706611275E-16i,1.472799559514439+3.4521322787858066E-16i
73,1.488055919424119,1.4890860791008813
73,1.5058307529332027+8.368581203651533E-16i,1.5068732178711473+8.374374651864857E-16i
73,1.5313745674941142-8.326044638107755E-16i,1.5324347160469067-8.331808638869515E-16i
73,1.534598934165984+1.0099832953654005E-15i,1.535661314901375+1.0106824922514233E-15i
73,1.5459193240735054-7.496370824247569E-16i,1.5469895417517527-7.501560453779897E-16i
74,1.0915961881275233E-9-1.894275309079119E-6i,1.092351884443527E-9-1.8955866885875284E-6i
74,1.465719488287533E-9+1.1202407781256804E-6i,1.466734184774788E-9+1.1210163046786991E-6i
74,1.8180966819144622E-9-1.5927839733116954E-6i,1.81935532405668E-9-1.5938866347114997E-6i
74,2.2599169296824706E-9-1.3807868549405218E-6i,2.2614814376175574E-9-1.3817427537892113E-6i
74,5.5194239779924115E-9-6.217813968469178E-7i,5.523244995702071E-9-6.222118471508557E-7i
74,1.863403706719422E-7-1.6780912417785993E-8i,1.8646937142622396E-7-1.6792529601714655E-8i
74,7.692589178302533E-7-8.75584453402051E-9i,7.69791464697474E-7-8.76190607905871E-9i
74,1.147204826196708E-6+1.725447893086644E-8i,1.1479990195717743E-6+1.7266423958070125E-8i
74,1.4305382086885525E-6-2.3376698242807915E-9i,1.4315285496827466E-6-2.3392881594247358E-9i
74,1.6691010816034062E-6+4.139482257244539E-10i,1.6702565762378915E-6+4.1423479611797356E-10i
74,1.911780096425685E-6-1.6497555161924284E-10i,1.9131035942462084E-6-1.650897618170663E-10i
74,0.3184386544264792-1.7116360697352396E-15i,0.3186591049196566-1.7128210107292687E-15i
74,0.5306584226440374-1.989361965744449E-15i,0.5310257898256107-1.9907391723754927E-15i
74,0.5409343311814584,0.5413088122264821
74,0.5508740467526295,0.551255408919556
74,0.5862187829506402+1.3901466533864013E-15i,0.5866246137692765+1.391109031888722E-15i
74,0.6061364973207363+8.279784577619386E-17i,0.6065561168861056+8.285516553207671E-17i
74,0.7021119428127681+1.7701497512785915E-16i,0.702598004796473+1.7713752004514316E-16i
74,0.7128537797757176-4.602470243258293E-16i,0.7133472781784099-4.605656467106613E-16i
74,0.9092434049775657+1.1921669579096008E-16i,0.909872861088686+1.1929922779207482E-16i
74,0.9147963239357448+4.523283000839484E-16i,0.9154296242526669+4.5264144045006135E-16i
74,0.9191713926464147+1.7074515373456948E-16i,0.91980772176038+1.7086335814482313E-16i
74,0.9846695285388702,0.9853512010687776
74,0.9937920765436147-9.867860269580667E-16i,0.9944800644820905-9.874691647093405E-16i
74,0.9999108220217856-3.6476237643762766E-16i,1.000603045879612-3.65014896176235E-16i
74,1.0046146424146165+3.9150796711469395E-16i,1.00531012265954+3.9177900244044224E-16i
74,1.0216657500568855,1.022373034537999
74,1.2257298003988992+1.7646516842721392E-15i,1.2265783554824108+1.7658733272123934E-15i
74,1.257487696856567-1.7974656640796762E-15i,1.2583582374743065-1.7987100236654477E-15i
74,1.3117683717129889,1.312676490059989
74,1.3137067233325934+1.640267077766194E-16i,1.3146161835724968+1.6414026110351922E-16i
74,1.4135634418666443+7.746368402589243E-16i,1.4145420314742982+7.751731101843706E-16i
74,1.4525287756155632+6.454169716524744E-15i,1.4535343403624548+6.458637845243668E-15i
74,1.4593016086147457+1.0164452324623706E-15i,1.4603118620963562+1.017148902854358E-15i
74,1.4759656779435641+5.807544066665437E-16i,1.476987467720316+5.811564545761958E-16i
74,1.4773379187240339+6.215253123745453E-16i,1.4783606584833102+6.219555853948921E-16i
74,1.5003915530991327-1.1418396317404544E-15i,1.501430252557387-1.1426301108686873E-15i
74,1.5246975914160628+1.0136827262501186E-15i,1.5257531175945018+1.0143844841988503E-15i
74,1.5325774902668283+3.937225893506479E-15i,1.5336384715857276+3.939951578274672E-15i
74,1.5355016005106072-3.122285943621104E-16i,1.5365646061489049-3.124447457201646E-16i
75,1.1162242345918118E-9-1.8940794602258222E-6i,1.1169969805496025E-9-1.8953907041508916E-6i
75,2.023414042089636E-9+1.1199794331703562E-6i,2.024814822482595E-9+1.1207547787980272E-6i
75,2.1053039335907427E-9-1.5943267099023554E-6i,2.1067614051759196E-9-1.5954304393164773E-6i
75,2.1847292737270827E-9-1.3820288533206789E-6i,2.1862417303310705E-9-1.3829856119869555E-6i
75,4.334988504299635E-9-6.240550971222373E-7i,4.337989554393295E-9-6.244871214761219E-7i
75,1.8345325759492013E-7-2.048687099595808E-8i,1.8358025964240916E-7-2.050105376162406E-8i
75,7.682370220577784E-7-9.069330174413794E-9i,7.687688614812769E-7-9.075608741044908E-9i
75,1.1444414526537909E-6+1.7405548953556567E-8i,1.1452337329851614E-6+1.7417598564360713E-8i
75,1.4307554367023992E-6-2.947045305410621E-9i,1.431745928080418E-6-2.949085502421766E-9i
75,1.6693326554578787E-6+5.910767979460966E-10i,1.6704883104076072E-6+5.914859918985318E-10i
75,1.9117720159392108E-6-2.1838909051950084E-10i,1.9130955081657298E-6-2.1854027814085386E-10i
75,0.3162410765540363-1.955897793649623E-15i,0.31646000569571-1.957251833516395E-15i
75,0.5197982984570182-1.7433650949630968E-15i,0.5201581473310628-1.7445720015042172E-15i
75,0.5374020353081723,0.5377740709956474
75,0.5522162544534986,0.5525985458114813
75,0.5835990816536655+1.975746618695428E-15i,0.5840030988908321+1.9771143996178465E-15i
75,0.6087343357254166+3.2521520643870654E-16i,0.6091557537368901+3.254403482412221E-16i
75,0.7064283342765848,0.7069173844359201
75,0.7257906426543786-4.0608209332511444E-16i,0.7262930970608793-4.0636321810849E-16i
75,0.9042248855453099-3.511841768720142E-16i,0.9048508674077216-3.514272966186636E-16i
75,0.9115531610133886+1.3167242764009766E-15i,0.912184216135339+1.3176358256493996E-15i
75,0.917966768943284-5.553244541350326E-16i,0.9186022641136129-5.557088972548794E-16i
75,0.9866484226883336+2.8311325604110907E-16i,0.9873314651781536+2.8330925126986593E-16i
75,0.9935014492313525-6.069407382335806E-16i,0.9941892359727266-6.073609145633482E-16i
75,1.002837546576213-1.3954942700039548E-16i,1.0035317965632873-1.3964603505842246E-16i
75,1.0097697220237196,1.0104687710559945
75,1.026148304198017+2.7602001642996717E-16i,1.0268586918867888+2.7621110111112316E-16i
75,1.2250421266936076+1.6555336392396125E-15i,1.2258902057105194+1.6566797413291953E-15i
75,1.2568929770063537+1.8889451924786303E-15i,1.2577631059081082+1.8902528820241E-15i
75,1.3109695485020143-1.5622902020652036E-16i,1.311877113835213-1.5633717530664533E-16i
75,1.3140151439437042+1.777975409347408E-16i,1.3149248176987536+1.7792062761105963E-16i
75,1.4070195120471025+1.7366477380701813E-15i,1.4079935713864113+1.737849994281892E-15i
75,1.4479435118006019+1.5803751215575847E-15i,1.4489459022354074+1.5814691924880758E-15i
75,1.4580854973439736-1.2411198467922223E-15i,1.4590949089292702-1.2419790561831502E-15i
75,1.4632772766062336+1.369153175691297E-15i,1.464290282385523+1.3701010207114318E-15i
75,1.4830374232185008+4.976725897928144E-16i,1.4840641086626343+4.980171213574836E-16i
75,1.4935340863055429+1.0718346109142236E-15i,1.4945680384383213+1.0725766265749988E-15i
75,1.5178946220469332,1.5189454386276786
75,1.5243134288835876,1.5253686891118396
75,1.5329650596446311-1.7106781165538082E-15i,1.5340263092722275-1.7118623943706495E-15i
76,1.0867603693645769E-9-1.8936550033111716E-6i,1.0875127179129137E-9-1.8949659533908336E-6i
76,2.180233940484536E-9-1.5965552936748214E-6i,2.1817432850340774E-9-1.597660565905385E-6i
76,2.4759030104654645E-9-1.383951867009408E-6i,2.47761704245288E-9-1.384909956950359E-6i
76,2.7399965149539123E-9+1.1222422522483405E-6i,2.7418933750700748E-9+1.123019164393062E-6i
76,4.674796219059127E-9-6.216501523796133E-7i,4.6780325131385996E-9-6.220805118248972E-7i
76,1.7091017030791828E-7-2.2795750924065443E-8i,1.7102848895676849E-7-2.2811532094044982E-8i
76,7.6286237560484E-7-8.772713852785924E-9i,7.633904942380238E-7-8.778787076210493E-9i
76,1.1452436082509437E-6+1.6871234166827114E-8i,1.1460364439030787E-6+1.6882913879201507E-8i
76,1.430366023193198E-6-2.7431178819377558E-9i,1.431356244985854E-6-2.7450169029313163E-9i
76,1.6693604072496989E-6+5.041553729847344E-10i,1.6705160814115931E-6+5.045043924868194E-10i
76,1.9116183876628752E-6-2.879898213397157E-10i,1.9129417735347515E-6-2.881891925443792E-10i
76,0.3134670984332869+1.6514791317346889E-15i,0.3136841071898682+1.6526224269471337E-15i
76,0.5069897740898677-1.5665389909718407E-15i,0.5073407558070067-1.5676234833484443E-15i
76,0.5336301940692904-7.662092312958118E-17i,0.5339996185654113-7.667396669089771E-17i
76,0.5538366598501372,0.554220072991433
76,0.582264816602701+2.3603215336909037E-15i,0.5826679101473937+2.3619555502869626E-15i
76,0.6118901120589159,0.6123137147688843
76,0.7110938666153473-1.8650902981634004E-16i,0.7115861466555113-1.8663814733091787E-16i
76,0.7392337464520845-4.1241357372675945E-16i,0.739745507325689-4.126990817028086E-16i
76,0.8992218559745825-3.507948249841538E-16i,0.8998443743116937-3.510376751881001E-16i
76,0.9080357753624909+2.9155794157635444E-15i,0.9086643954490251+2.9175978293925703E-15i
76,0.9165978710052496,0.9172324185072557
76,0.9889666043545455,0.9896512516881384
76,0.9931447756535613+1.0728324583002941E-15i,0.9938323154749555+1.0735751647564402E-15i
76,1.004743770272054,1.005439339910333
76,1.0156406208018243,1.0163437341727497
76,1.0322992304837233,1.0330138763701553
76,1.224146476329523-3.8999731796666246E-15i,1.22499393530059-3.902673074917673E-15i
76,1.2561734966044114-4.479177502770693E-16i,1.257043127420248-4.482278372830874E-16i
76,1.3099754167485929,1.3108822938586995
76,1.3143915337240584-1.622487732182563E-16i,1.3153014680483306-1.6236109570667347E-16i
76,1.4002254018526614+3.526045528986885E-16i,1.4011947577273554+3.5284865595119985E-16i
76,1.442268818537002+2.0795212447671156E-14i,1.4432672804634084+2.0809608673682334E-14i
76,1.4503423268317435+4.626167629117694E-15i,1.451346377931639+4.629370258324872E-15i
76,1.4565724842970085-1.1777609294398978E-15i,1.4575808484451684-1.1785762763650623E-15i
76,1.486398357453718-5.063076652952534E-15i,1.4874273696242062-5.0665817479829995E-15i
76,1.4886103871126628+1.4833440283335507E-15i,1.4896409306394187+1.4843709260359885E-15i
76,1.5111138217097553-2.7811139732991492E-15i,1.5121599440401086-2.783039298439405E-15i
76,1.5127816171713766,1.5138288940925024
76,1.534734300896316+1.9775354657841465E-15i,1.535796775344144+1.9789044850996346E-15i
77,1.2138318663348527E-9-1.8931243969786556E-6i,1.2146721846500081E-9-1.8944349797271974E-6i
77,1.654105876344874E-9-1.5962738505361813E-6i,1.655250990014773E-9-1.5973789279277146E-6i
77,3.5874478918431854E-9-1.3848810746192739E-6i,3.5899314303395702E-9-1.3858398078372675E-6i
77,4.2960960685554785E-9+1.1218889379097301E-6i,4.2990701939761384E-9+1.1226656054600248E-6i
77,1.3769133378634716E-8-6.252312051941112E-7i,1.3778665551320889E-8-6.256640437506715E-7i
77,1.488087776555844E-7-1.7801850650548655E-8i,1.4891179582868396E-7-1.7814174615308687E-8i
77,7.620521188361391E-7-6.865646301125671E-9i,7.625796765402341E-7-6.870399289156571E-9i
77,1.1473883944579014E-6+1.6914449414056468E-8i,1.1481827149146307E-6+1.6926159043723973E-8i
77,1.4285398217758562E-6-3.3909600194342396E-9i,1.4295287793155786E-6-3.39330753220707E-9i
77,1.6682488212047335E-6+4.592270822737118E-10i,1.669403725831622E-6+4.595449985673541E-10i
77,1.911998415322794E-6-2.847783058391216E-10i,1.913322064282345E-6-2.8497545375786765E-10i
77,0.3100738625308517-3.0112956180514483E-15i,0.31028852219909914-3.013380294628474E-15i
77,0.4928202531207157-1.2267723905365414E-15i,0.49316142548260733-1.2276216673901863E-15i
77,0.529824270878761,0.5301910605890836
77,0.5557234109455041,0.5561081302574037
77,0.5818806014944241+1.9529948345047355E-15i,0.5822834290525322+1.95434686469471E-15i
77,0.6155925163167555-1.7064294840632792E-16i,0.6160186821478565-1.7076108206130515E-16i
77,0.7158474987154896+1.0205144439710353E-16i,0.7163430696266778+1.0212209314195307E-16i
77,0.7529060403969425-2.2868222734818344E-15i,0.7534272664026882-2.288405407598847E-15i
77,0.8945056504231368-4.0695073834342163E-16i,0.8951249037990843-4.0723246447723007E-16i
77,0.9043713981604035+1.0423777193394941E-14i,0.904997481451388+1.0430993424185749E-14i
77,0.9151057282733015-5.660335971432997E-16i,0.9157392427863894-5.6642545404858025E-16i
77,0.9915848175792862+1.5536070055565042E-16i,0.9922712774641776+1.554682545305897E-16i
77,0.9927209747893896-1.8720105574315858E-15i,0.9934082212195507-1.8733065233731656E-15i
77,1.0058525431028353-6.952138027325971E-16i,1.0065488803285725-6.95695089233296E-16i
77,1.0221131024280108-6.170244615657958E-16i,1.0228206966047264-6.174516187119649E-16i
77,1.0397094138127378+1.612709800467236E-16i,1.0404291896623408+1.6138262562301376E-16i
77,1.2230071667692002+8.52507725852827E-15i,1.223853837012671+8.530979046705974E-15i
77,1.2553332515624107+5.275023442929875E-15i,1.256202300688709+5.278675265669834E-15i
77,1.3087742790425976,1.3096803246223736
77,1.3148354336904746,1.315745675320299
77,1.393265991514613+1.2445150037057383E-15i,1.394230529489784+1.245376563514888E-15i
77,1.435476868724787+2.1352433885300532E-14i,1.4364706286821802+2.13672158676859E-14i
77,1.4373859074076951+2.960122084241138E-16i,1.4383809889650674+2.9621713341178894E-16i
77,1.4547090033639134,1.4557160774510678
77,1.4796848533250027-1.5263256913765024E-15i,1.4807092178332943-1.5273823446650906E-15i
77,1.493780914323687+9.578848855947512E-16i,1.4948150373319469+9.585480155021957E-16i
77,1.5012194413587603+1.7820026761562311E-16i,1.5022587139521304+1.7832363309382165E-16i
77,1.5044179977157126-1.5737106144775538E-15i,1.5054594846235718-1.5748000716657992E-15i
77,1.5372461390940968+1.7508226645274804E-15i,1.538310352451325+1.7520347338365802E-15i
78,1.1754652830821433E-9-1.8944793619020844E-6i,1.1762790407644043E-9-1.8957908826733235E-6i
78,2.809405596420365E-9-1.594376273516754E-6i,2.811350507443751E-9-1.5954800372430522E-6i
78,4.986670620372507E-9-1.381801214305069E-6i,4.990122820607288E-9-1.3827578153801343E-6i
78,5.590733386926411E-9+1.1247569735567167E-6i,5.594603771112625E-9+1.125535626606774E-6i
78,9.953396336785073E-9-6.10572797514837E-7i,9.960286929684941E-9-6.109954882669233E-7i
78,1.483084335019333E-7-3.6961922411989676E-9i,1.4841110529398304E-7-3.6987510618418897E-9i
78,7.69809936245283E-7-1.3517425137357036E-8i,7.703428645746147E-7-1.3526783056053766E-8i
78,1.1457168785313564E-6+1.8671716596059767E-8i,1.1465100418216887E-6+1.8684642756482984E-8i
78,1.4303992155024459E-6-3.1193246437596516E-9i,1.4313894602736595E-6-3.1214841072749583E-9i
78,1.668591698398517E-6+6.494592806071661E-10i,1.6697468403943476E-6+6.499088919113163E-10i
78,1.9119579855753565E-6-2.503939537201668E-10i,1.9132816065459758E-6-2.505672978472662E-10i
78,0.30601973150063044+6.525179063491008E-15i,0.30623158455236765+6.529696350957909E-15i
78,0.4777179775056309-1.1887679178470075E-15i,0.4780486947796707-1.1895908847516844E-15i
78,0.526165474766582+4.1224318425200134E-16i,0.5265297315450631+4.1252857426987174E-16i
78,0.5578626698177445+1.0594341689467618E-16i,0.5582488701077442+1.0601675999601983E-16i
78,0.5821695623147402+1.5754443779760121E-15i,0.5825725899162614+1.5765350354237517E-15i
78,0.6198284390691535-1.0863947750407406E-16i,0.6202575373685553-1.0871468704933936E-16i
78,0.7204305394414667+2.038642679708444E-15i,0.7209292831257283+2.0400540026678492E-15i
78,0.7666219537808135-6.37613708522153E-16i,0.7671526751158098-6.380551193073905E-16i
78,0.8903093028697132+1.294698812166315E-15i,0.8909256511747002+1.2955951135031373E-15i
78,0.9006668859491478+1.2576016951587283E-15i,0.901290404659694+1.2584723146958502E-15i
78,0.9135276054780713-3.4527831195412903E-16i,0.9141600274794817-3.45517343155573E-16i
78,0.9922285762255041+3.418285562527817E-16i,0.9929154817752327+3.4206519923804924E-16i
78,0.9944678930351495,0.9951563488316467
78,1.006462260872345-7.466794602469479E-16i,1.0071590201969107-7.471963756809532E-16i
78,1.0290998458152085,1.0298122768137232
78,1.0479501718287318-1.1673681980010807E-15i,1.0486756526363967-1.168176350187983E-15i
78,1.221579979368138-1.5808926720047327E-15i,1.2224256615903306-1.5819871012279427E-15i
78,1.2543764778493256+1.2921712526217475E-15i,1.2552448646149652+1.2930658041655077E-15i
78,1.3073513308850901,1.308256391378355
78,1.3153461622706224+7.691138025752188E-16i,1.3162567574704853+7.69646248981239E-16i
78,1.3861921799182233-1.1848422909033776E-14i,1.3871518207955285-1.1856625401530724E-14i
78,1.424573943146957+1.8055133924276229E-16i,1.4255601551660353+1.806763323339798E-16i
78,1.4276308658049501-3.8892292539443625E-15i,1.4286191940875477-3.891921711330405E-15i
78,1.4523726606780265+5.644109683073798E-15i,1.4533781173487959+5.648017018900921E-15i
78,1.4736958145808448-2.5690348874027967E-15i,1.4747160329638893-2.5708133932470006E-15i
78,1.4899311167505669,1.490962574599425
78,1.4978374570644275,1.4988743883587898
78,1.4981649241301054-7.671188273103451E-15i,1.4992020821252001-7.676498926237281E-15i
78,1.540154120365722-6.129935977885179E-16i,1.5412203468764933-6.134179644257606E-16i
79,1.2690675253276693E-9-1.8935898098442015E-6i,1.2699460824938456E-9-1.8949007147913654E-6i
79,3.336018108763004E-9-1.5988310077320471E-6i,3.3383275860425452E-9-1.59993785540667E-6i
79,5.387852704683009E-9-1.3830662811379274E-6i,5.391582637495511E-9-1.384023758000537E-6i
79,7.384522444846291E-9+1.1349464758748644E-6i,7.389634643356796E-9+1.1357321829705914E-6i
79,1.4559957533671943E-8-6.05300464822225E-7i,1.4570037182528395E-8-6.05719505614339E-7i
79,1.3161414648596147E-7-6.315292468042869E-9i,1.3170526106360034E-7-6.319664454043272E-9i
79,7.764342354243835E-7-1.3859928023508164E-8i,7.769717496606104E-7-1.3869523052019036E-8i
79,1.141016888538405E-6+1.8140577755833946E-8i,1.1418067980933713E-6+1.8153136216489423E-8i
79,1.4315214864426099E-6-2.500054428563344E-9i,1.4325125081458285E-6-2.5017851802295947E-9i
79,1.6677947587685964E-6+5.95042878846331E-10i,1.6689493490546012E-6+5.9545481845944E-10i
79,1.9117881867259536E-6-2.1069991061707009E-10i,1.9131116901472755E-6-2.1084577512994345E-10i
79,0.30126827074522844-1.2543712046602172E-15i,0.3014768344291321-1.255239587775304E-15i
79,0.46196376546801493-9.925436545183938E-16i,0.4622835763280091-9.932307781922856E-16i
79,0.5228062911463054,0.523168222410357
79,0.5602386928590732,0.5606265380355965
79,0.582944824224842+1.7159662326197162E-15i,0.5833483885290155+1.7171541713231317E-15i
79,0.6245830765110546+1.90536966876749E-16i,0.6250154663774642+1.9066887287412912E-16i
79,0.724591005298486+1.7258556032967727E-16i,0.7250926292133265+1.7270503882690465E-16i
79,0.7802391862937093-1.114379518707466E-15i,0.7807793346426105-1.1151509875950242E-15i
79,0.8868436411080439+4.3402289801827833E-16i,0.887457590185318+4.3432336581824046E-16i
79,0.8970200072652003-2.1186651146752676E-15i,0.8976410012941689-2.120131836013634E-15i
79,0.9118961945556566-1.2882969362643258E-16i,0.9125274871547868-1.2891888056746834E-16i
79,0.9916656143237115,0.9923521301430253
79,0.9975855534852324,0.9982761675931477
79,1.006777184797213,1.007474162139075
79,1.036533868448667-9.04944727093796E-16i,1.03725144591396-9.05571207292142E-16i
79,1.0567222523325022-1.9917144534994617E-16i,1.057453805925133-1.9930932887238894E-16i
79,1.2198116623849866+2.309170120116009E-16i,1.2206561204268052+2.3107687253253136E-16i
79,1.2533072973851005-3.115677579221473E-16i,1.254174943972507-3.117834517926538E-16i
79,1.3056881307740031,1.3065920398577904
79,1.3159226914001743+1.5369717729548002E-16i,1.3168336857228486+1.5380357963723023E-16i
79,1.3790392316104825-1.1280639449222309E-15i,1.379993920604716-1.1288448873409257E-15i
79,1.4120440797090268-7.682236487720429E-16i,1.4130216174841466-7.687554789374082E-16i
79,1.418897722597452-1.924004879612596E-15i,1.4198800050508127-1.9253368404744147E-15i
79,1.4492970272354897,1.450300354689533
79,1.4684763741614815-1.690488533872668E-16i,1.4694929792011124-1.6916588347322613E-16i
79,1.4793223485346585,1.480346462086106
79,1.4913888063920075-1.06163791019208E-15i,1.492421273378406-1.0623728668238344E-15i
79,1.5011815976352625,1.502220844029968
79,1.543255096911577-8.445607343569289E-16i,1.5443234701837398-8.451454115869675E-16i
80,1.3264730641960784E-9-1.8929121574946516E-6i,1.3273913623898554E-9-1.8942225933128558E-6i
80,1.7318019365660992E-9-1.6030769732368094E-6i,1.733000838099235E-9-1.6041867603321856E-6i
80,3.97292559850923E-9-1.3809810275799036E-6i,3.9756759976689244E-9-1.3819370608515144E-6i
80,8.533864970069646E-9+1.1442463440200907E-6i,8.539772841853459E-9+1.1450384892805649E-6i
80,1.8362829888151658E-8-6.028450796623834E-7i,1.837554221075667E-8-6.032624206267224E-7i
80,1.1848630756500717E-7-1.6886186787401884E-9i,1.1856833392887471E-7-1.6897876851260097E-9i
80,7.832217245150697E-7-1.430927061853461E-8i,7.837639376322166E-7-1.4319176720450996E-8i
80,1.128981788900664E-6+1.9252140705028546E-8i,1.129763366729523E-6+1.926546868470108E-8i
80,1.4336599708020193E-6-3.449881644822785E-9i,1.434652472947154E-6-3.452269948188075E-9i
80,1.6680171361125947E-6+4.046647201454607E-10i,1.6691718803472313E-6+4.0494486370180197E-10i
80,1.911966072330564E-6-2.63053092027391E-10i,1.9132896988995275E-6-2.632351998935787E-10i
80,0.29579198415279434-1.0668099374390276E-15i,0.2959967566823789-1.0675484745907392E-15i
80,0.4457384370832859-7.562899237913891E-16i,0.44604701538217406-7.568134924108622E-16i
80,0.5198688778543065,0.520228775589451
80,0.5628339207974408,0.5632235626128801
80,0.584085157159609+1.6020368654103762E-15i,0.5844895108998462+1.6031459324540873E-15i
80,0.6298400349224655+4.134248483895007E-16i,0.6302760641054541+4.1371105645643092E-16i
80,0.7280910440435037-2.748071042238191E-16i,0.7285950909847475-2.7499734922332745E-16i
80,0.7936258960094658-5.921728169258036E-16i,0.7941753117846605-5.925827696363899E-16i
80,0.8843007284147827,0.8849129170702313
80,0.8935351904043911+2.3576967019599347E-16i,0.8941537719448476+2.3593289014227983E-16i
80,0.9102395442743311,0.9108696899983364
80,0.9910294984550544-4.284970571150328E-16i,0.9917155739005159-4.287936994549404E-16i
80,1.000912479220602,1.0016053965112777
80,1.0069182144979314-3.311725829117469E-16i,1.0076152894726238-3.3140184892017547E-16i
80,1.044362154561342-1.2783948526268701E-15i,1.04508515143634-1.2792798669673706E-15i
80,1.0658313654105518-1.624094492058859E-16i,1.066569225110945-1.625218829279747E-16i
80,1.2176400184148428+5.844309966884536E-16i,1.2184829730588247+5.848355898484146E-16i
80,1.2521292016368628-6.592116865209483E-16i,1.2529960326455538-6.596680492752239E-16i
80,1.3037619954351929,1.3046645710832319
80,1.3165634245438902,1.3174748624368895
80,1.3718362790067844+6.72465709496688E-16i,1.372785981500693+6.729312478201383E-16i
80,1.399920963058643+8.183273871277179E-16i,1.4008901081747456+8.188939033893753E-16i
80,1.4095015123365895-4.570726950210902E-15i,1.4104772899289442-4.573891198634725E-15i
80,1.444970719756054-2.053576817778098E-15i,1.445971052169752-2.0549984794261545E-15i
80,1.4639400626706687-7.071943333781741E-16i,1.4649535272872027-7.076839138276528E-16i
80,1.4700202747648679-4.580736128390649E-16i,1.471037948624646-4.5839073060243395E-16i
80,1.4850823802092659-5.862386681768736E-16i,1.4861104813476653-5.866445127617656E-16i
80,1.5021170651507796+5.958605206422585E-16i,1.5031569591561702+5.9627302629700415E-16i
80,1.5450182157952206,1.546087809649188
81,1.486199818600482E-9-1.8916542292395146E-6i,1.4872286933253825E-9-1.8929637942121092E-6i
81,2.3589077132503376E-9-1.607420838225982E-6i,2.3605407510788723E-9-1.6085336325165145E-6i
81,3.6951010183766065E-9-1.384524121282154E-6i,3.6976590835816886E-9-1.3854826073864946E-6i
81,8.542613539722558E-9+1.15393233101024E-6i,8.548527468015114E-9+1.1547311817399752E-6i
81,2.2515308243340524E-8-6.040104313474451E-7i,2.253089526689213E-8-6.044285790679681E-7i
81,9.079641986349152E-8+1.5381177480340927E-8i,9.08592769169912E-8+1.5391825647936338E-8i
81,7.862342230529872E-7-1.805989791046978E-8i,7.867785216794753E-7-1.8072400517630546E-8i
81,1.1233034052480463E-6+2.2460190870878498E-8i,1.124081052013703E-6+2.2475739737467143E-8i
81,1.4343275207706215E-6-3.0975938968780316E-9i,1.4353204850509828E-6-3.099738316510315E-9i
81,1.6669788320744664E-6+2.956813810978469E-10i,1.6681328575061746E-6+2.9588607705852983E-10i
81,1.9116588261581823E-6-3.276062551504348E-10i,1.912982240025046E-6-3.2783305224152916E-10i
81,0.2895752629178944+3.3151137010457184E-15i,0.2897757317009233+3.3174087065049362E-15i
81,0.42916051894196156-7.379759151575388E-16i,0.4294576205869344-7.384868052526579E-16i
81,0.5174452000134894,0.5178034198713791
81,0.5656290780321442,0.5660206548946713
81,0.5855100334445492+1.4931735327074319E-15i,0.5859153736061123+1.4942072352341485E-15i
81,0.635581428370868+4.638475397025881E-16i,0.6360214322378329+4.641686546723481E-16i
81,0.7307204580040587-3.90800432501734E-16i,0.7312263252507093-3.9107097801146214E-16i
81,0.806628056105149-3.595116158347508E-16i,0.8071864730884748-3.5976050054743285E-16i
81,0.882845404047562+5.346800289651152E-16i,0.8834565852029159+5.350501802468111E-16i
81,0.8903482942968731+9.680335326527537E-16i,0.8909646695950635+9.687036883223596E-16i
81,0.9085813878898377+5.865415787909391E-16i,0.9092103856960647+5.869476330764856E-16i
81,0.9903168557124552-7.947510616397794E-16i,0.9910024378056119-7.953012563509314E-16i
81,1.0044279722552216+1.530552620623004E-16i,1.0051233232710826+1.5316122001538184E-16i
81,1.0069581538013448+8.93442879502377E-16i,1.0076552564254417+8.940613971373257E-16i
81,1.0525402844986693-2.1084949528363038E-16i,1.0532689429752125-2.109954633518136E-16i
81,1.0751438342439132-2.7421997782897714E-16i,1.0758881408323284-2.744098163693402E-16i
81,1.214995103092724-3.0773946036824406E-16i,1.2158362266999296-3.079525039635027E-16i
81,1.2508442989583788-7.148951998939204E-16i,1.2517102404474554-7.153901115423528E-16i
81,1.301545377048537+2.261449410950221E-16i,1.3024464181635986+2.2630149798000133E-16i
81,1.3172657667825545+4.939957282790459E-16i,1.3181776908969682+4.943377144054563E-16i
81,1.3646121465808434+7.728748721235168E-16i,1.365556847911941+7.734099222638051E-16i
81,1.3883235488982268+3.843595662460998E-16i,1.3892846652915731+3.8462565283690336E-16i
81,1.399666397621014-4.84070683340095E-15i,1.400635366505131-4.8440579850086984E-15i
81,1.4387753787143724+1.2560027400105597E-15i,1.4397714221827147+1.2568722526140664E-15i
81,1.4599630571876203,1.4609737685805493
81,1.4627462568847682-8.126286047927105E-16i,1.4637588950467542-8.131911758694515E-16i
81,1.4789254641046246-6.238767107684725E-16i,1.4799493028986983-6.243086116280541E-16i
81,1.5005897191369548-1.2654650846760272E-15i,1.5016285557827023-1.2663411479244355E-15i
81,1.5449901703161815-1.736797873852602E-16i,1.5460597447546673-1.738000234001152E-16i
82,1.6904973740705777E-9-1.8931655896987246E-6i,1.6916676810501126E-9-1.8944762009643928E-6i
82,3.4647665719240474E-9-1.6036196928570585E-6i,3.4671651799099434E-9-1.6047298556694093E-6i
82,4.570754458024198E-9-1.3774635682533926E-6i,4.573918725491284E-9-1.3784171664385825E-6i
82,8.97068025580738E-9+1.1510249393323819E-6i,8.976890528520947E-9+1.1518217773167414E-6i
82,2.1657514211819337E-8-5.969768709588814E-7i,2.1672507396919907E-8-5.973901494468697E-7i
82,1.3336111975666944E-7+6.248044224815222E-9i,1.3345344373873752E-7+6.252369655825586E-9i
82,7.915451106503961E-7-1.6288843916842158E-8i,7.920930859278615E-7-1.630012044883613E-8i
82,1.1230150939838378E-6+2.3830734805953528E-8i,1.1237925411557595E-6+2.3847232480364993E-8i
82,1.4365236802113996E-6-2.7290852214565802E-9i,1.437518164861305E-6-2.7309745278414377E-9i
82,1.6667840662729099E-6+1.8390803725929857E-10i,1.6679379568710597E-6+1.8403535414419786E-10i
82,1.9117801153841786E-6-3.157623699799307E-10i,1.9131036132178266E-6-3.1598096771993915E-10i
82,0.28261609208127003+3.656313060499722E-15i,0.2828117431305794+3.6588442733603275E-15i
82,0.41231011847598453-6.354972528614285E-16i,0.412595554831454-6.35937198454901E-16i
82,0.5155984693237882,0.5159554107166247
82,0.5686032810810899+1.77259952827164E-16i,0.5689969169415429+1.773826673389802E-16i
82,0.5871631160996302+1.6759570404200044E-15i,0.587569600666502+1.6771172813360143E-15i
82,0.6417879630606282+1.7654222975857316E-16i,0.6422322636221505+1.7666444740104818E-16i
82,0.7323157196305158-1.4048454251721044E-16i,0.7328226912538097-1.4058179794223888E-16i
82,0.8190200198889899-7.776602755678677E-16i,0.8195870156503302-7.78198638574024E-16i
82,0.8825981590166584+1.6391413773143247E-16i,0.8832091690078391+1.6402761312771162E-16i
82,0.8876724218580306,0.8882869446882788
82,0.9069416351349752+1.9852513789825858E-16i,0.9075694977639915+1.9866257399136295E-16i
82,0.989523342004992,0.9902083747600401
82,1.0069446535089015,1.0076417467869403
82,1.0081154519025557-6.411247367000332E-16i,1.0088133557074563-6.415685781195001E-16i
82,1.0610280642848928,1.0617625987291108
82,1.0845573640560442+6.288578878943363E-16i,1.0853081874955413+6.292932371510857E-16i
82,1.2118022039982714+3.5485013114060985E-16i,1.2126411172074296+3.5509578877458935E-16i
82,1.249452217359537-3.8595054018531634E-16i,1.2503171951305765-3.862177281844591E-16i
82,1.2990053437939721,1.2999046264806022
82,1.3180252049557486-3.0384041553960196E-16i,1.3189376548182694-3.0405075988229356E-16i
82,1.3573999646767911-2.792583908628988E-16i,1.3583396731182522-2.794517174240242E-16i
82,1.377367217881193+5.330998870524371E-16i,1.3783207493644083+5.334689444246497E-16i
82,1.3895870758293016-6.062910440287822E-16i,1.3905490669441407-6.067107705846111E-16i
82,1.4306937339111523+1.5502914217253693E-15i,1.4316841825732176+1.5513646661438386E-15i
82,1.4564328661766324-7.117339148831218E-16i,1.4574411336691788-7.122266380194812E-16i
82,1.4576141764574178+1.6003562403153674E-15i,1.4586232617540542+1.6014641438865357E-15i
82,1.472923817319109+4.7114534049341625E-16i,1.4739435012595705+4.71471507625535E-16i
82,1.4969857090129886-5.311731634594021E-16i,1.4980220506544448-5.315408869886267E-16i
82,1.5471804993341562+7.732128844815505E-16i,1.5482515901058687+7.737481686229249E-16i
83,1.7476018080821638E-9-1.8925123025520455E-6i,1.7488116476387447E-9-1.8938224615564333E-6i
83,3.1731386399765343E-9-1.602481207452245E-6i,3.175335358146202E-9-1.6035905821075509E-6i
83,4.1583700899489205E-9-1.3655261119728576E-6i,4.161248869658609E-9-1.36647144602903E-6i
83,1.0125590967132585E-8+1.168878883255905E-6i,1.0132600767894486E-8+1.169688081268447E-6i
83,3.298828140087798E-8-5.768819946070682E-7i,3.3011118712877674E-8-5.772813617016358E-7i
83,7.839413264311684E-8+3.962294297983613E-8i,7.844840377183555E-8+3.965037337247103E-8i
83,8.259338212212456E-7-1.3287573939430506E-8i,8.265056033076512E-7-1.3296772735454045E-8i
83,1.10290295808881E-6+2.4457023818557357E-8i,1.1036664819187777E-6+2.4473955063830213E-8i
83,1.4433933033952107E-6-2.178088781607914E-9i,1.4443925437862855E-6-2.1795966410948676E-9i
83,1.6662460854808939E-6-3.043430958241921E-10i,1.6673996036426912E-6-3.0455378816520336E-10i
83,1.9117559027236448E-6-5.211911346331725E-10i,1.9130793837952168E-6-5.215519477476373E-10i
83,0.27492628828289517-5.315064071861678E-15i,0.27511661579181074-5.318743614152238E-15i
83,0.3952432245130103-4.748685332088095E-16i,0.39551684570364704-4.751972778536105E-16i
83,0.5143657235216508+7.115988013129392E-17i,0.5147218115023268+7.120914309121204E-17i
83,0.5717341562562326+7.476435739819129E-17i,0.5721299595764672+7.481611568579682E-17i
83,0.5890023866522185+1.3270226957638322E-15i,0.5894101445195982+1.3279413744596257E-15i
83,0.6484390012388684+2.716283870264036E-16i,0.6488879062183095+2.7181643144578734E-16i
83,0.7327789692695603+1.0932937261369911E-15i,0.733286261593906+1.094050597634105E-15i
83,0.8304120918427917,0.8309869741714366
83,0.8836163797004879+5.080200008922456E-16i,0.88422809459118+5.083716958205588E-16i
83,0.8858887162594858+1.899849652426323E-16i,0.8865020042560434+1.9011648909723302E-16i
83,0.9053368908605532,0.9059636425482257
83,0.9886434171547119,0.989327840750462
83,1.0069126848823717,1.007609756028991
83,1.0119619181679267-2.450924701011717E-16i,1.0126624848260124-2.4526214408753245E-16i
83,1.069785911754976-5.028716058772027E-16i,1.070526509130836-5.032197366458124E-16i
83,1.093983844147002+7.995598501788664E-16i,1.0947411934028726+8.001133739450507E-16i
83,1.2079872451004285-7.749641635102657E-16i,1.208823517268498-7.755006600368836E-16i
83,1.2479485076738326+2.5873839104203613E-16i,1.248812444448318+2.589175119028873E-16i
83,1.2961033851323494+1.8107570362628276E-16i,1.2970006588348022+1.8120105972740923E-16i
83,1.3188330676660334+2.991555178938824E-16i,1.319746076800271+2.993626189494224E-16i
83,1.3502424392248356-6.182949170286177E-15i,1.3511771926145344-6.18722953692802E-15i
83,1.367161649480858+9.175769306920162E-16i,1.3681081157960866+9.182121559829396E-16i
83,1.3794261124452454-9.851639089128518E-16i,1.3803810692715077-9.858459236951702E-16i
83,1.4214747045743232+2.2391315802132803E-15i,1.4224587710351837+2.2406816987503537E-15i
83,1.4532625198942561,1.4542685926017418
83,1.4539690509924637,1.4549756128212505
83,1.46708245472431,1.4680980947735949
83,1.4920885052099742+6.661626754221284E-16i,1.4931214565877846+6.666238502458875E-16i
83,1.5507620500194863+1.4294533209913378E-15i,1.551835620247144+1.4304429109334075E-15i
84,1.97220401559772E-9-1.892488018686902E-6i,1.9735693440270467E-9-1.8937981608799195E-6i
84,2.27345006867493E-9-1.606843600669757E-6i,2.2750239454071887E-9-1.6079559953470447E-6i
84,5.22276539973018E-9-1.3727331724533315E-6i,5.226381044979636E-9-1.373683495853653E-6i
84,1.0150240113378346E-8+1.1574497979749752E-6i,1.0157266978389108E-8+1.1582510837964194E-6i
84,2.826605567563849E-8-5.894372867782921E-7i,2.8285623858794832E-8-5.89845345720764E-7i
84,7.102742842975664E-8+3.1540704061366924E-8i,7.107659969526983E-8+3.156253923642761E-8i
84,8.045132294243675E-7-5.712848795704353E-9i,8.050701823436474E-7-5.716803718628924E-9i
84,1.1167939031546126E-6+2.2697911502514565E-8i,1.1175670434857428E-6+2.2713624939671994E-8i
84,1.4380406320564919E-6-2.9626992629011856E-9i,1.439036166870307E-6-2.9647502969215975E-9i
84,1.6678966065656877E-6-6.225333431146096E-11i,1.6690512673594553E-6-6.229643139801163E-11i
84,1.911780130711693E-6-3.978838388979532E-10i,1.9131036285559517E-6-3.981592881478891E-10i
84,0.2665303435512636-3.737221288812167E-15i,0.26671485866858957-3.739808513273706E-15i
84,0.37800026606559606-3.625621381146509E-16i,0.3782619502044938-3.628131346599629E-16i
84,0.513761349877958-7.757092115197185E-17i,0.5141170194594669-7.762462238323404E-17i
84,0.5749979670266638-4.2665802649033054E-16i,0.5753960298360778-4.269533956958288E-16i
84,0.590994356887967+1.363249034704415E-15i,0.5914034937676454+1.364192792372797E-15i
84,0.655512596883519+3.5787422124516666E-16i,0.655966398811326+3.5812197241316188E-16i
84,0.7320884124647183-7.94748826537461E-15i,0.7325952267265359-7.952990197012838E-15i
84,0.8400990485012705-1.093602428044628E-15i,0.8406806369704641-1.0943595132516255E-15i
84,0.8856971423938746+4.0430337409209063E-16i,0.8863102977666047+4.0458326749376456E-16i
84,0.8858833412943814-9.964733742821794E-16i,0.8864966255699283-9.971632184444539E-16i
84,0.9037809304579695-2.8002081212818556E-16i,0.9044066049766696-2.802146665025698E-16i
84,0.9876700798475537-1.6988259222540436E-16i,0.9883538296159073-1.7000019949675088E-16i
84,1.006891347069107-1.7669889272348198E-15i,1.0075884034438654-1.768212188214708E-15i
84,1.0159574513878986+1.2109148867570742E-15i,1.0166607840960749+1.2117531856892886E-15i
84,1.0787717305642937+6.031851687749551E-16i,1.0795185486930698+6.036027451780877E-16i
84,1.1033385801520736,1.1041024055569206
84,1.2034848726498177-7.7090107023584E-16i,1.2043180278902992-7.71434753941515E-16i
84,1.2463223363826097+3.8494237755950453E-16i,1.2471851473821363+3.8520886762218465E-16i
84,1.2927958958127188-2.1716216371051538E-16i,1.2936908797879618-2.1731250194811308E-16i
84,1.3196700243752448-3.3400985402047278E-15i,1.3205836129225554-3.3424108423081755E-15i
84,1.343201275538381-9.264228982139842E-16i,1.3441311544318912-9.27064247440792E-16i
84,1.3578050029840136+2.246327800088919E-16i,1.35874499182766+2.247882900465347E-16i
84,1.3693240232855595+1.1484388628215754E-15i,1.3702719865810227+1.1492339105024202E-15i
84,1.4118727408467886-6.584338920673535E-16i,1.412850160006482-6.588897163657334E-16i
84,1.4503889770336649+1.8085490073497673E-16i,1.451393060428823+1.8098010397744232E-16i
84,1.451149429620093-4.3475889805267795E-15i,1.452154039465622-4.3505987537486145E-15i
84,1.4614060865704643,1.4624177969518475
84,1.486543104119776+1.1795821683361928E-14i,1.4875722164962963+1.1803987760788093E-14i
84,1.5550321256057453-3.0602399203854646E-16i,1.5561086519452187-3.0623584803979265E-16i
85,1.979556030092328E-9-1.892316485297607E-6i,1.980926448215379E-9-1.8936265087405302E-6i
85,2.684823581441142E-9-1.6060070514199776E-6i,2.68668224613023E-9-1.6071188669662705E-6i
85,5.821804546887605E-9-1.3658378062829463E-6i,5.825834898309154E-9-1.3667833561205995E-6i
85,1.001759176404035E-8+1.1695918804118539E-6i,1.0024526798509738E-8+1.1704015720220557E-6i
85,3.637762505756337E-8-5.615546488693124E-7i,3.640280876335125E-8-5.619434050632245E-7i
85,4.07715223618495E-8+1.0692041264634333E-7i,4.079974789944465E-8+1.0699443210777171E-7i
85,8.291875610474063E-7-5.2740667087005946E-9i,8.297615956510217E-7-5.277717869107229E-9i
85,1.1006070738580914E-6+2.3401654510393118E-8i,1.1013690082804797E-6+2.3417855138697104E-8i
85,1.4440893404354685E-6-2.226538707092216E-9i,1.4450890626829596E-6-2.228080107764635E-9i
85,1.6672477170531014E-6+1.6840487412109243E-10i,1.668401928630007E-6+1.6852145838948265E-10i
85,1.911634616760322E-6-5.455343535257203E-10i,1.912958013867369E-6-5.45912019099947E-10i
85,0.2574632152585858-2.0028480230791365E-15i,0.2576414533336117-2.004234565913399E-15i
85,0.36061133348822816-4.573495328632315E-16i,0.36086097951959967-4.576661493564639E-16i
85,0.5137812170787371,0.5141369004140228
85,0.5783697518605637-8.563676783645099E-17i,0.5787701489080459-8.569605293717993E-17i
85,0.5931106462933811+1.4821314663484946E-15i,0.5935212482497285+1.4831575246117377E-15i
85,0.662985494370989+3.4959770102988885E-16i,0.6634444696780755+3.498397224821668E-16i
85,0.7302939754964706,0.7307995474954249
85,0.8470356184813157-3.1129521721743414E-16i,0.8476220090379815-3.1151072241193687E-16i
85,0.8881407361122658-2.250807882956038E-16i,0.888755583149726-2.252366084829296E-16i
85,0.8893114736757858,0.8899271311979959
85,0.9022851037185408,0.9029097426979373
85,0.9865945595360903-3.766563151827733E-16i,0.9872775647372259-3.7691706892383527E-16i
85,1.006907893233869-2.3184265914880133E-16i,1.007604961063299-2.320031604819105E-16i
85,1.0200947748187346+1.947530131241442E-16i,1.0208009717363213+1.9488783782960696E-16i
85,1.0879380472336817-1.4448840523495007E-16i,1.0886912110714424-1.4458843247646018E-16i
85,1.1125325532819812-6.247264701778413E-16i,1.1133027435419818-6.251589593136209E-16i
85,1.1982485824118447-2.658619590750944E-16i,1.1990781126440258-2.6604601147947597E-16i
85,1.2445532128660226-5.224033476836624E-16i,1.2454147991268238-5.227649999957594E-16i
85,1.2890358226133378,1.289928203544071
85,1.320481749357098,1.32139589984992
85,1.3363846725238664-1.6367824984253124E-15i,1.3373098323813066-1.6379156193702302E-15i
85,1.3493754795495143+6.177422577144033E-16i,1.3503096327555186+6.181699117805058E-16i
85,1.3594127433236471-4.697849290023655E-16i,1.3603538451827704-4.701101543412064E-16i
85,1.4023498154597984,1.4033206420354292
85,1.4477673303977743-2.416592132636946E-16i,1.4487695988647329-2.4182651045580463E-16i
85,1.4487852203913356-1.7917151970134664E-16i,1.4497881935288734-1.7929555756337268E-16i
85,1.4558993929456105,1.4569072911223242
85,1.4807459083875052+7.320323395576029E-16i,1.4817710074489316+7.325391150009546E-16i
85,1.559518625551749,1.5605982578305044
86,1.7507481117784423E-9-1.8908125675528634E-6i,1.7519601294757478E-9-1.8921215498551968E-6i
86,2.9772997346029647E-9-1.6118491310121134E-6i,2.979360876319608E-9-1.6129649909459496E-6i
86,4.7429684486651105E-9-1.387917339879856E-6i,4.746251937397081E-9-1.3888781750605509E-6i
86,6.405700787624893E-9+1.1569421080991485E-6i,6.410135362002561E-9+1.1577430424542051E-6i
86,1.808158675345321E-8-6.06313947635854E-7i,1.8094104375487535E-8-6.067336900475201E-7i
86,3.388924389951363E-8+6.813267164087041E-8i,3.391270493487227E-8+6.81798389079592E-8i
86,7.849845507370455E-7-1.3665026528994858E-8i,7.855279842333913E-7-1.3674486630008743E-8i
86,1.1259406147579562E-6+2.2365003903215246E-8i,1.1267200872257661E-6+2.2380486873237392E-8i
86,1.432741229616436E-6-2.516957540760896E-9i,1.433733095730283E-6-2.5186999942082224E-9i
86,1.6668860863659149E-6+2.2834907207501264E-10i,1.6680400475911054E-6+2.2850715484811758E-10i
86,1.9115941161042773E-6-1.937157359945272E-10i,1.912917485173303E-6-1.9384984260797566E-10i
86,0.24776754504238593-1.7387458641729336E-15i,0.24793907094459253-1.7399495728871207E-15i
86,0.3430994474672585-1.0624513915270908E-15i,0.34333697027220594-1.0631869113202548E-15i
86,0.5144069853687103+5.91399540279164E-17i,0.5147631019143687+5.918089576614673E-17i
86,0.5818234736172176,0.5822262616265192
86,0.5953259225438374+1.0787225639000023E-15i,0.5957380581040207+1.0794693479914048E-15i
86,0.6708330797403756+5.381523125906282E-16i,0.6712974878177645+5.385248676842579E-16i
86,0.7274993920772272+1.972604968502782E-15i,0.7280030294263379+1.973970574506029E-15i
86,0.8505541739956853-9.720549382705086E-16i,0.8511430003976469-9.727278779012933E-16i
86,0.8937588778830268,0.8943776142791025
86,0.8938878124486124+1.3203605337334851E-15i,0.8945066381042305+1.3212746003104771E-15i
86,0.9008586616370785-2.959236072990137E-16i,0.9014823131111708-2.961284709494063E-16i
86,0.9854059655097466-4.858183577922186E-16i,0.98608814786436-4.861546828428405E-16i
86,1.0069904661428355+7.777362506625172E-16i,1.0076875911363008+7.782746662651371E-16i
86,1.0243688837926954+3.194917958832824E-16i,1.0250780396143542+3.1971297545111926E-16i
86,1.097229250224643,1.0979888462283893
86,1.1214659066846464-1.8173488843305135E-15i,1.1222422813765178-1.8186070087832364E-15i
86,1.1922610186018552-4.848070482172351E-16i,1.1930864037298647-4.851426731528067E-16i
86,1.2426065267130495+1.7629496774265445E-16i,1.24346676531107+1.764170142091978E-16i
86,1.2847759903414804-5.927942505754832E-16i,1.285665422251697-5.93204633495633E-16i
86,1.3210439827130385+3.3024621438512255E-16i,1.3219585224319137+3.3047483908196503E-16i
86,1.3300858620368081-6.590689345332231E-15i,1.3310066613184859-6.595251984623539E-15i
86,1.3419223824081747+2.320033487985953E-16i,1.3428513759423941+2.3216396137483417E-16i
86,1.3498291526945485+1.3179155027703087E-15i,1.3507636199719357+1.318827876687587E-15i
86,1.3931722408563785+3.526025822964019E-15i,1.3941367139293193+3.5284668398469374E-15i
86,1.4453653147219265+6.825333012743304E-16i,1.446365920308035+6.830058092465391E-16i
86,1.4466985568887567-7.466360520264838E-16i,1.4477000854592112-7.471529374096033E-16i
86,1.4505672163276087+3.6980913407317284E-16i,1.4515714231152623+3.7006514760938996E-16i
86,1.4749239616055325-5.306884527927457E-16i,1.47594503021707-5.310558407637584E-16i
86,1.5615810266029289+3.6625536987644186E-16i,1.562662086652222+3.6650892319289954E-16i
87,1.724830734321535E-9-1.8918914006233576E-6i,1.7260248097917808E-9-1.8932011297862843E-6i
87,3.024348469303915E-9-1.6098435719580345E-6i,3.0264421821818294E-9-1.6109580434722288E-6i
87,6.565820638725667E-9-1.3763601828404975E-6i,6.570366061769639E-9-1.3773130171678608E-6i
87,8.457099367528197E-9+1.1657933687601888E-6i,8.46295409559122E-9+1.1666004307154939E-6i
87,2.6875046160067683E-8+1.1236179836652751E-7i,2.6893651367374637E-8+1.1243958482090383E-7i
87,2.722832655876519E-8-5.801627532424534E-7i,2.7247176337002972E-8-5.805643915589632E-7i
87,8.100166242263407E-7-1.5180796107375346E-8i,8.105773870665625E-7-1.5191305553832858E-8i
87,1.1097163371242561E-6+2.5457295034419686E-8i,1.11048457775838E-6+2.5474918753045832E-8i
87,1.4391904320744736E-6-2.9895904892588095E-9i,1.440186762878278E-6-2.9916601396878466E-9i
87,1.6673868509751694E-6+4.894654910945025E-10i,1.668541158872485E-6+4.898043410029707E-10i
87,1.911375784520845E-6-3.341851189978377E-10i,1.9126990024420613E-6-3.344164705416015E-10i
87,0.23749078609191662+8.176192997521268E-15i,0.2376551975419441+8.181853258150945E-15i
87,0.32548266301155243-8.503370281911597E-16i,0.3257079899704005-8.50925704266209E-16i
87,0.5156101788707819+1.0579630662548603E-16i,0.515967128369969+1.0586954788450952E-16i
87,0.5853321817442664+1.5961676069863803E-16i,0.5857373987816595+1.5972726108270347E-16i
87,0.5976166395965938+9.279766431725443E-16i,0.5980303609871938+9.286190680346044E-16i
87,0.6790292717550962+1.0192913842889166E-15i,0.6794993539381462+1.019997025030813E-15i
87,0.7238382622872451+1.0462743827914695E-15i,0.7243393650889427+1.0469987034745245E-15i
87,0.8512509926521049-1.3170904903950582E-15i,0.8518403014515844-1.3180022931681538E-15i
87,0.8990515799859254,0.8996739804434226
87,0.8995090120114594-5.331413909757869E-16i,0.9001317291425582-5.335104770805678E-16i
87,0.9023456376395951+6.509797644698952E-16i,0.9029703185257533+6.514304283831201E-16i
87,0.9840908997444108-5.377714164952924E-16i,0.9847721716979392-5.381437079000423E-16i
87,1.0071703202079836+1.058709454687492E-15i,1.0078675697118273+1.0594423839916865E-15i
87,1.0287767334301086+7.342942522693389E-16i,1.0294889407425738+7.348025936022769E-16i
87,1.106578852528016-6.16274830876008E-16i,1.107344921126751-6.167014690636494E-16i
87,1.1300218120353975+1.4748235917154002E-15i,1.1308041098572907+1.4758445908423087E-15i
87,1.1855416769479492-6.131167763006174E-16i,1.1863624103725277-6.135412282125698E-16i
87,1.2404279370057982+4.761691845367235E-16i,1.2412866673975482+4.764988296037023E-16i
87,1.2799743965604777+3.2121438222031484E-16i,1.2808605043964891+3.2143675430985813E-16i
87,1.3199824316420294-3.691696552325121E-15i,1.3208962364643904-3.694252260667399E-15i
87,1.3257672765023751-5.002276212403543E-15i,1.3266850860894992-5.00573921616488E-15i
87,1.3354595886086393+4.853561101339272E-16i,1.3363841080438112+4.856921151771541E-16i
87,1.3407280088338343,1.3416561755204337
87,1.3845058690611407+5.65242534647202E-16i,1.3854643425297315+5.656338439113122E-16i
87,1.4431591848178829+1.5205048785216307E-15i,1.4441582631320393+1.5215575021453316E-15i
87,1.4448040270577558-1.0782022716981957E-15i,1.4458042440725-1.0789486955988022E-15i
87,1.4454147135725792,1.4464153533568005
87,1.4692102782482337-1.3660681150822514E-15i,1.4702273913590918-1.3670138243593686E-15i
87,1.562726342903853+2.9717560312414037E-16i,1.5638081958391223+2.97381333513207E-16i
88,1.579637222050812E-9-1.8929041853923907E-6i,1.5807307821441046E-9-1.8942146156916233E-6i
88,1.903277826201061E-9-1.6032989391016232E-6i,1.904595438022388E-9-1.60440887986077E-6i
88,3.389692931156701E-9-1.376124049701349E-6i,3.39203956674257E-9-1.3770767205571416E-6i
88,4.805903044202337E-9+1.1531334614888695E-6i,4.809230101648192E-9+1.1539317591727435E-6i
88,1.7842694819253014E-8-5.98531770055499E-7i,1.7855047059842658E-8-5.989461249777327E-7i
88,3.4038981109059147E-8+4.9569658365904214E-8i,3.406254580533091E-8+4.9603974726313034E-8i
88,8.003733455789514E-7-1.5877224867895235E-8i,8.009274325162823E-7-1.588821644195122E-8i
88,1.1192826948449979E-6+2.7050797964481255E-8i,1.1200575581307631E-6+2.706952484223061E-8i
88,1.4373413993154545E-6-2.7924535679015166E-9i,1.438336450060516E-6-2.7943867432797623E-9i
88,1.6678967069369244E-6+5.819735186204433E-10i,1.6690513678001775E-6+5.823764105037391E-10i
88,1.9114728159477913E-6-2.2017837948830122E-10i,1.9127961010424663E-6-2.2033080580863165E-10i
88,0.22668260645748128+7.300475003178471E-16i,0.22683953556044556+7.305529016855858E-16i
88,0.3077754606730241+1.5947634118975716E-16i,0.3079885291907751+1.595867443634194E-16i
88,0.5173557100376109,0.5177138679428795
88,0.5888681885787541,0.5892758535427406
88,0.5999602543332299+1.2510979648597184E-15i,0.6003755981745509+1.251964081958044E-15i
88,0.6875463363121979+1.104985386143128E-16i,0.6880223147363479+1.1057503516080394E-16i
88,0.7194523662050484+1.841585551457446E-16i,0.7199504327140694+1.8428604546056787E-16i
88,0.8502821473370494+1.3320153303413074E-16i,0.8508707854188741+1.3329374653660974E-16i
88,0.8982419146172053,0.8988637545550314
88,0.9050032101420123,0.9056297308273301
88,0.9123644309028608+2.0651217139845742E-16i,0.912996047655269+2.0665513679979641E-16i
88,0.9826330520377491-5.746516625607591E-16i,0.9833133147443113-5.750494856285801E-16i
88,1.0074839564420341,1.0081814230717245
88,1.0333169715652781-1.3203546845804093E-16i,1.0340323220191996-1.321268747108117E-16i
88,1.1159068252944786-1.1208657914140487E-15i,1.116679351514385-1.1216417506547633E-15i
88,1.1380606288913706,1.1388484918703696
88,1.1781495307095782-7.006861862255729E-16i,1.1789651466578035-7.011712611785313E-16i
88,1.2379374753528112-4.315257273818536E-16i,1.2387944816338354-4.3182446642655725E-16i
88,1.2746011263944839,1.2754835143929644
88,1.315533679021014-1.3005302680724225E-15i,1.316444404036022-1.3014306064421632E-15i
88,1.3253038296619397-2.7590118469973862E-16i,1.3262213184114922-2.760921871153996E-16i
88,1.329963997115793,1.3308847120321414
88,1.332293658567145,1.3332159862745563
88,1.376459214758739,1.3774121176444727
88,1.4404474886363832-3.869228513483854E-16i,1.4414446896823367-3.8719071246453977E-16i
88,1.4411308741749038-8.706890905196345E-16i,1.4421285483188209-8.712918560342514E-16i
88,1.4430591717369698-3.259767370808043E-16i,1.4440581808135111-3.2620240608001316E-16i
88,1.4636876562678887+2.6592297583288605E-16i,1.464700946147106+2.6610707047829005E-16i
88,1.563223675092739,1.5643058723239183
89,1.7459528713869225E-9-1.8914991796031708E-6i,1.7471615694083826E-9-1.8928086372371356E-6i
89,2.3084739579492313E-9-1.3784451324823074E-6i,2.310072081215497E-9-1.379399410190273E-6i
89,2.4753117955543715E-9-1.6095737450628695E-6i,2.477025418252221E-9-1.6106880297797912E-6i
89,6.140292916929052E-9+1.1622330304071376E-6i,6.144543753261182E-9+1.1630376275914896E-6i
89,2.2019384623852465E-8-6.100276703347306E-7i,2.2034628326626342E-8-6.104499837031229E-7i
89,8.37387488901463E-8+7.245639861510597E-8i,8.379672001970071E-8+7.250655913609337E-8i
89,7.913820015306098E-7-2.0975450413517735E-8i,7.919298638899812E-7-2.098997141567624E-8i
89,1.11739622047428E-6+2.845559526376796E-8i,1.118169777781014E-6+2.8475294662450736E-8i
89,1.4363519573704361E-6-2.9623888604029685E-9i,1.4373463231390923E-6-2.9644396795362027E-9i
89,1.6673775121540794E-6+1.1595988096511895E-10i,1.6685318135862638E-6+1.1604015832024595E-10i
89,1.911440464200869E-6-1.9263315862319716E-10i,1.9127637268988956E-6-1.927665157839266E-10i
89,0.2153927807847118+1.497015556781528E-15i,0.21554189410399888+1.4980519190861644E-15i
89,0.2899896902605926+1.753317015984298E-16i,0.29019044594570087+1.7545308120969787E-16i
89,0.5196046895910273+1.3758838312373765E-16i,0.5199644044324431+1.3768363357933873E-16i
89,0.5924032609124524+6.8760157321566E-17i,0.5928133731560908+6.880775898795225E-17i
89,0.6023347394864292+7.114984436746694E-16i,0.6027517271496161+7.119910037977034E-16i
89,0.6963546022859836+9.362521297546592E-17i,0.6968366785457792+9.369002836168671E-17i
89,0.7144767745343965+1.2387714961730819E-15i,0.7149713965129801+1.2396290798347052E-15i
89,0.8484701849683941-6.974349198551887E-16i,0.8490575686547732-6.979177440032751E-16i
89,0.8970616283966883+1.6940531821631963E-16i,0.8976826512393667+1.6952259507774505E-16i
89,0.9114275356049777+1.1640786799438637E-16i,0.9120585037582676+1.1648845548448023E-16i
89,0.9231304907801505,0.9237695607207208
89,0.981012816657333-2.9748316899030944E-16i,0.9816919576982817-2.9768911230279456E-16i
89,1.007975396244611,1.0086732030909973
89,1.037989701246864-6.881982050998533E-16i,1.038708286564231-6.886746348033744E-16i
89,1.1251172620803958-2.3160818628990267E-16i,1.125896164553008-2.317685253008293E-16i
89,1.1454152410978162+6.45655610702702E-16i,1.1462081955688985+6.461025887809713E-16i
89,1.1701797879670617-1.375842553621082E-16i,1.170989886577195-1.3767950296011934E-16i
89,1.2350260126753072+2.1901789304417853E-16i,1.2358810033926608+2.1916951597646116E-16i
89,1.2686455584190963,1.2695238234636606
89,1.3103896795654344-9.815963067493865E-15i,1.3112968434637213-9.822758517321203E-15i
89,1.3247480569942325+1.8256189460068418E-15i,1.3256651609903731+1.8268827957041287E-15i
89,1.3253797824884255,1.3262973238190254
89,1.3261416053697772,1.3270596740993836
89,1.369099016464314+2.4107605932702683E-15i,1.3700468239907961+2.412429528100672E-15i
89,1.4356717170768332,1.4366656119249335
89,1.4392660977349943+1.258301881731135E-15i,1.4402624809210454+1.2591729859973345E-15i
89,1.4414421276198852+1.9399095603324564E-15i,1.4424400172400786+1.9412525317756222E-15i
89,1.4584120221560297+2.3550791035451013E-16i,1.45942165978975+2.3567094908822896E-16i
89,1.5629384126850014+4.908744144055389E-16i,1.5640204124331252+4.912142396913189E-16i
90,1.4021588337815567E-9-1.8936062306453236E-6i,1.403129528143323E-9-1.8949171469603717E-6i
90,2.8663799409940543E-9-1.597166245782943E-6i,2.8683642945354426E-9-1.59827194096685E-6i
90,4.320879955204661E-9-1.3654586923863918E-6i,4.323871238153023E-9-1.3664039797689557E-6i
90,6.124405339277121E-9+1.153622204454137E-6i,6.128645176868113E-9+1.1544208404877253E-6i
90,2.308328740503716E-8-5.814204804541573E-7i,2.309926763238036E-8-5.818229894770975E-7i
90,7.46418661230827E-8+1.2323344754225205E-7i,7.469353961174304E-8+1.2331876028274073E-7i
90,8.110022644527525E-7-2.7315117888601696E-8i,8.115637096375044E-7-2.7334027751226844E-8i
90,1.116273312799437E-6+3.1484341265909025E-8i,1.117046092733364E-6+3.1506137421818356E-8i
90,1.4402647538130904E-6-3.2764544694328672E-9i,1.441261828354358E-6-3.278722711662947E-9i
90,1.6667562933662687E-6+4.4903334266353387E-10i,1.6679101647376352E-6+4.4934420197809027E-10i
90,1.911691151075652E-6-1.7391483400877733E-10i,1.9130145873205908E-6-1.7403523274302381E-10i
90,0.20366964001338028+4.0946384313460595E-15i,0.20381063757118958+4.097473090546587E-15i
90,0.2721352264416076-9.762568409071634E-16i,0.2723236217386172-9.769326894546127E-16i
90,0.5223164843352044,0.5226780765130566
90,0.5959088276309437,0.5963213667279218
90,0.6047182872766907+1.165634722663178E-15i,0.6051369250356765+1.1664416747900756E-15i
90,0.7054220487588597+9.714491449587328E-17i,0.7059104022812271+9.721216652075344E-17i
90,0.7090321401337594-2.597790878894219E-16i,0.7095229928703803-2.599589292097087E-16i
90,0.8462565997561373,0.8468424510093618
90,0.8959710232696142+1.00342033161604E-16i,0.8965912911020739+1.004114985056802E-16i
90,0.9181435228967144,0.9187791404312591
90,0.93421341300437-3.2144304790913807E-16i,0.9348601554923406-3.216655783006436E-16i
90,0.9792070038905207-8.169603237366981E-16i,0.9798848947933047-8.175258936000632E-16i
90,1.0086986318566815-1.6986228110530432E-16i,1.0093969393886635-1.6997987431555497E-16i
90,1.042796255914847-7.155836480914441E-16i,1.0435181687407695-7.160790363426462E-16i
90,1.1340969749912981-4.761483930081112E-16i,1.1348820939898008-4.76478023681414E-16i
90,1.151889947392681+4.207322125575887E-16i,1.1526873842096597+4.2102347940746597E-16i
90,1.1617561704114856,1.1625604374725318
90,1.231559405096302-2.3547058752314735E-16i,1.232411995931167-2.3563360041880777E-16i
90,1.2621217087810317-1.7331131779610992E-16i,1.262995457458471-1.7343129872477635E-16i
90,1.3057269200496748+1.937137712752003E-15i,1.3066308559867188+1.9384787652850187E-15i
90,1.3183495342785447-9.15176328579322E-16i,1.3192622086695835-9.158098919679847E-16i
90,1.3216270574770101+4.363654033818435E-16i,1.322542000850145+4.366674928645238E-16i
90,1.3272683648744625-4.1583703527668523E-16i,1.3281872136434425-4.161249132658486E-16i
90,1.3624555666445213+4.192466443604746E-16i,1.3633987750063958+4.1953688277288945E-16i
90,1.4310942675738993-2.0823765260315149E-16i,1.4320849935196494-2.0838181253027198E-16i
90,1.4375530908820275-8.981933847940512E-16i,1.438548288178111-8.988151911353798E-16i
90,1.4399412762530859-3.4176864628239465E-16i,1.4409381268554986-3.4200524779285276E-16i
90,1.4534251170048336+6.840734559765088E-16i,1.4544313022759565+6.845470301756311E-16i
90,1.5617066743392938-2.296822191358854E-16i,1.5627878213727047-2.298412248274959E-16i
91,1.6998869291796353E-9-1.8900602263995222E-6i,1.7010637364129106E-9-1.891368687866913E-6i
91,2.460536408279479E-9-1.379017206922758E-6i,2.4622398021895656E-9-1.3799718806696174E-6i
91,2.6334714590889498E-9-1.6158140920695297E-6i,2.635294573443488E-9-1.6169326968887884E-6i
91,4.878687046894785E-9+1.1715268649196054E-6i,4.88206449165721E-9+1.1723378960917076E-6i
91,2.6020367479774452E-8-6.069592669808159E-7i,2.6038381005343154E-8-6.073794561377683E-7i
91,6.055166759535502E-8+1.1564743307726465E-7i,6.059358664255157E-8+1.1572749412921986E-7i
91,8.030815843979989E-7-2.1255485523409342E-8i,8.036375462100506E-7-2.1270200389840365E-8i
91,1.1009781554511456E-6+2.7317987264180645E-8i,1.1017403467679753E-6+2.733689911323317E-8i
91,1.436547098540056E-6-3.591259655951263E-9i,1.437541599402133E-6-3.5937458332770296E-9i
91,1.6670251715622133E-6-1.6589237287902448E-11i,1.6681792290740814E-6-1.660072177789988E-11i
91,1.911666892009303E-6-1.704813674191116E-10i,1.9129903114600395E-6-1.7059938921389902E-10i
91,0.19155904759199704+2.7924486039283456E-15i,0.1916916611611327+2.794381775870104E-15i
91,0.25422043440026676+7.741238951076672E-17i,0.25439642754481845+7.746598099285745E-17i
91,0.525450071426665+8.371580053147092E-17i,0.5258138329417196+8.377375577420723E-17i
91,0.5993562036563214+1.2597068358283414E-16i,0.5997711293220606+1.2605789127240232E-16i
91,0.6070891420678061+1.3135469719079403E-15i,0.6075094211354103+1.3144563215542334E-15i
91,0.7032223498609519,0.7037091805634601
91,0.7147137215015337+3.732740203337802E-16i,0.7152085075150892+3.7353243256084197E-16i
91,0.8438714291887038,0.8444556292227042
91,0.8949716687461975,0.8955912447399168
91,0.9249750579245231,0.9256154048323554
91,0.9453960515065094+2.656172663108303E-16i,0.9460505355740231+2.658011493179361E-16i
91,0.9771887730979475-5.957195010017411E-16i,0.9778652668086274-5.961319090306211E-16i
91,1.009719990160115+5.415290124821824E-16i,1.0104190047637371+5.419039052165038E-16i
91,1.0477389688319363+2.629614934034821E-16i,1.0484643034268089+2.6314353785726197E-16i
91,1.1427160853942504-6.71913333774255E-16i,1.1435071712787221-6.723784896959499E-16i
91,1.1530214061128201-2.603402507419285E-16i,1.1538196262223714-2.6052048054717424E-16i
91,1.1572672145049683+2.9952736665220393E-16i,1.1580683739265063+2.997347251332826E-16i
91,1.2273970060049362-1.972491619150973E-16i,1.2282467152708718-1.9738571466840966E-16i
91,1.25506965453452-2.4773335281184803E-16i,1.2559385211763932-2.4790485504326597E-16i
91,1.3018973691585032-1.4653952223269795E-15i,1.3027986539526317-1.4664096943295812E-15i
91,1.313374810110967-1.2404793979176033E-15i,1.3142840405721283-1.2413381639350014E-15i
91,1.318612194175517,1.3195250504022187
91,1.328514367737399,1.3294340790962114
91,1.356526582199253-2.2163003174941742E-16i,1.3574656860106062-2.2178346302769637E-16i
91,1.4267228218128003+3.09918446038251E-16i,1.427710521469623+3.101329981138995E-16i
91,1.4359817556972818-1.5754628496235036E-15i,1.4369758651806526-1.5765535198588985E-15i
91,1.4385502157598085+6.350622835168323E-16i,1.4395461033510808+6.355019279872934E-16i
91,1.4487618264360123+6.298789929704623E-16i,1.4497647833782517+6.303150491235462E-16i
91,1.559338541642346+2.0530244170293635E-16i,1.560418049251605+2.0544456962583396E-16i
92,1.5475224305271042E-9-1.8923079136532452E-6i,1.5485937580128557E-9-1.8936179311621425E-6i
92,3.213759234393221E-9-1.6058828889080228E-6i,3.2159840736152417E-9-1.6069946184983974E-6i
92,4.824133017876496E-9+1.1634764071534343E-6i,4.827472695670511E-9+1.164281865109596E-6i
92,8.967302982314937E-9-1.3717837537786435E-6i,8.973510916990718E-9-1.3727334199100933E-6i
92,3.528065317637715E-8-5.632164457327346E-7i,3.5305077464334156E-8-5.636063523646761E-7i
92,5.262624582692047E-8+2.1111327838859354E-7i,5.2662678218796746E-8+2.1125942907002037E-7i
92,8.294977497660524E-7-2.8100789219587985E-8i,8.300719991088492E-7-2.8120242991157556E-8i
92,1.101341639612574E-6+2.668391962113517E-8i,1.1021040825642523E-6+2.6702392514292507E-8i
92,1.4405015428660623E-6-3.5641326209084907E-9i,1.4414987813329803E-6-3.5666000185786764E-9i
92,1.6675167510281814E-6+7.815365008494595E-10i,1.6686711488534327E-6+7.820775473105392E-10i
92,1.9116021972250286E-6-1.2883656541209853E-10i,1.9129255718884982E-6-1.2892575711037253E-10i
92,0.17910381626775362+9.125106592137152E-15i,0.17922780725966792+9.131423771978765E-15i
92,0.23625250748150595-1.4168873141224338E-15i,0.23641606168908952-1.4178682047989683E-15i
92,0.5289647755679552-7.831406672941824E-17i,0.5293309702620556-7.836828242965828E-17i
92,0.6027168296226058,0.6031340818012897
92,0.6094255260819976+1.3183966818535986E-15i,0.6098474225945981+1.3193093888842245E-15i
92,0.697135372725121-5.868471668242001E-16i,0.6976179895010445-5.872534326639399E-16i
92,0.7241909185760238-1.0052210684307472E-16i,0.7246922655165899-1.0059169684956655E-16i
92,0.841441571966001-2.8910001013291246E-16i,0.8420240898448494-2.8930014990528454E-16i
92,0.8940639108924205-1.626029282685536E-16i,0.8946828584584544-1.6271549593341028E-16i
92,0.9317483226739447,0.9323933586153905
92,0.9565656014103178,0.9572278179963263
92,0.9749279912492528-7.215615628858688E-16i,0.9756029198532267-7.220610895613678E-16i
92,1.011119590984703,1.011819574511814
92,1.0528209154318693-3.538231554284617E-16i,1.0535497681851649-3.5406810210194976E-16i
92,1.144128433787067-2.8203371689989723E-16i,1.1449204974199851-2.8222896477925793E-16i
92,1.15083205154382-8.337566933262111E-16i,1.151628755994742-8.343338910742821E-16i
92,1.1613276975529325-5.1001239345869E-16i,1.1621316679883913-5.103654676916755E-16i
92,1.2224262548853084-4.3117919389697015E-16i,1.2232725229718502-4.3147769304153426E-16i
92,1.2475523043895516-3.93552475214158E-16i,1.2484159668782109-3.9382492592341125E-16i
92,1.2991304607710368+3.9773918222746995E-15i,1.3000298300743478+3.980145313336769E-15i
92,1.310081268400557-7.763446270532194E-16i,1.3109882187902373-7.768820792548617E-16i
92,1.3162371833932602+2.8273876222452737E-16i,1.3171483954342107+2.8293449819660976E-16i
92,1.3298288429915799+8.204467382951508E-16i,1.3307494643426752+8.210147217530911E-16i
92,1.351283218857582+3.408423217364839E-16i,1.3522186927640272+3.4107828196580304E-16i
92,1.422565990809658-5.901904046296303E-16i,1.4235508127522585-5.905989849447415E-16i
92,1.4345430520336364-1.989779229842843E-15i,1.4355361655231864-1.9911567253398113E-15i
92,1.4372652092308373-2.894411978324071E-16i,1.4382602072306008-2.896415738041086E-16i
92,1.4444547494257232-2.6765873643308973E-15i,1.4454547246405942-2.6784403272055266E-15i
92,1.555639193963055+4.836957162168855E-16i,1.5567161405672068+4.840305717933227E-16i
93,1.3475170089550323E-9-1.8949526779737252E-6i,1.3484498755686161E-9-1.8962645264148624E-6i
93,6.315648233837432E-9-1.4953857294809842E-6i,6.32002046612937E-9-1.496420963479659E-6i
93,1.1967854955528524E-8+1.578673415040034E-6i,1.1976140129110776E-8+1.579766307903617E-6i
93,1.7580056049535304E-7-1.0052975571082039E-6i,1.759222646908813E-7-1.0059935101251317E-6i
93,2.2124466045061457E-7+9.129396961288611E-7i,2.2139782494189487E-7+9.135717111290982E-7i
93,4.949759647117577E-7-2.158914997448917E-7i,4.953186294417298E-7-2.1604095832013063E-7i
93,5.095155868050621E-7+1.8986290815589035E-7i,5.09868317105958E-7+1.899943475121282E-7i
93,1.309230750265356E-6-8.417139723341612E-8i,1.3101371118535837E-6-8.422966787918606E-8i
93,1.3627321718342711E-6+7.583329958413126E-8i,1.3636755716859338E-6+7.588579788501343E-8i
93,1.677397208796184E-6+7.684988334906774E-11i,1.6785584467200144E-6+7.690308541624592E-11i
93,1.9130337314421027E-6+1.6937751963783688E-9i,1.9143580971360887E-6+1.6949477725470686E-9i
93,0.1663434618175144-7.868059940687025E-15i,0.16645861899986264-7.87350688524028E-15i
93,0.21823771678584292+1.0383682061513445E-15i,0.21838879961334073+1.0390870535022042E-15i
93,0.5328204724273462,0.533189336364839
93,0.6059625257271705+1.2193075448522648E-16i,0.6063820248545116+1.2201516539007776E-16i
93,0.6117056376483945+5.590484209739998E-16i,0.6121291126493861+5.594354421424436E-16i
93,0.6908456750261793-2.3739728466596195E-16i,0.6913239375349922-2.3756163138629915E-16i
93,0.733810058147197+9.063545315015802E-16i,0.7343180642795193+9.069819876872086E-16i
93,0.8390429231870933,0.839623780515946
93,0.8932469484490714+2.056433443393363E-16i,0.8938653304437746+2.0578570826421822E-16i
93,0.9382901761823494,0.9389397409547401
93,0.9676606740374009+9.696000617097748E-16i,0.9683305715823587+9.7027130186488E-16i
93,0.972392323243476-7.824798194501933E-16i,0.9730654964410171-7.830215189571513E-16i
93,1.0129901785644264+4.169780049902858E-16i,1.0136914570723723+4.1726667285634566E-16i
93,1.0580456014716808-6.545793799073781E-16i,1.0587780711998573-6.55032535782516E-16i
93,1.135233618374763-2.398042439386188E-16i,1.1360195242551063-2.3997025696218696E-16i
93,1.158298233083546+1.3459131358904592E-16i,1.1591001062643937+1.3468448921658251E-16i
93,1.163886051576353+2.4089839816658754E-16i,1.1646917931234477+2.4106516865736576E-16i
93,1.2166017745989597-7.461855361107303E-16i,1.2174440104817044-7.467021096081712E-16i
93,1.2396486495850347+2.963546883830404E-16i,1.2405068404873294+2.9655985046465757E-16i
93,1.2975904889196472-2.110945018194199E-15i,1.2984887921226296-2.112406395020984E-15i
93,1.308660073988928+4.0672425032052627E-16i,1.3095660405061902+4.070058196599391E-16i
93,1.3144065318341385+5.168056237544684E-16i,1.315316476541386+5.171634008429274E-16i
93,1.3311852672120932-2.1006662277672035E-16i,1.3321068275961363-2.1021204887354468E-16i
93,1.3466783836768792-3.006518119743977E-16i,1.347610669722264-3.0085994889277463E-16i
93,1.418633422402728-2.3178914504727365E-16i,1.4196155218848714-2.319496093333411E-16i
93,1.4332285125325086+5.850100063680381E-16i,1.4342207159852984+5.854150003680593E-16i
93,1.4360838513739516+5.352431214915327E-16i,1.4370780315366887+5.356136625940729E-16i
93,1.4405372135653256+1.9355187369990703E-15i,1.4415344767265548+1.936858668738495E-15i
93,1.5504538691874974+4.096066860391678E-16i,1.5515272260660045+4.0989025084730563E-16i
94,1.0287154816247369E-9-1.8975937091279382E-6i,1.0294276465334597E-9-1.8989073859168979E-6i
94,9.304962964689717E-9+1.5606628100042705E-6i,9.31140465650712E-9+1.5617432343854397E-6i
94,9.776889806168774E-9-1.482979084283832E-6i,9.783658206140169E-9-1.4840057293407614E-6i
94,1.6753899401861589E-7-1.0086939890099498E-6i,1.6765497885068464E-7-1.0093922933277557E-6i
94,2.2019065502778917E-7+8.69417919302953E-7i,2.2034308984629876E-7+8.700198048040483E-7i
94,5.253278826712178E-7-2.3480170176348423E-7i,5.256915595967572E-7-2.3496425159916884E-7i
94,5.383645190012129E-7+2.2357342819510878E-7i,5.387372210022838E-7+2.237282048587514E-7i
94,1.3055048679309223E-6-7.563752876975272E-8i,1.306408650144483E-6-7.568989154132028E-8i
94,1.3744074332639445E-6+7.306017937002718E-8i,1.3753589157309064E-6+7.311075787973343E-8i
94,1.6776923660427026E-6+9.75956435707706E-10i,1.6788538082996429E-6+9.766320762889629E-10i
94,1.913268114622947E-6+1.7627167277353654E-9i,1.9145926425770328E-6+1.7639370311330832E-9i
94,0.15331419537096772+7.725428519305582E-15i,0.15342033257984866+7.730776722180496E-15i
94,0.20018159906441269-1.1204548820148444E-15i,0.20032018190172016-1.1212305567889014E-15i
94,0.5369773066559597-2.287545705343361E-16i,0.5373490483099075-2.28912934028183E-16i
94,0.6090657570995025-7.014266796731645E-16i,0.609487404549219-7.019122672590694E-16i
94,0.6139077108112381+1.0990023380261464E-15i,0.6143327102757582+1.0997631615130356E-15i
94,0.6844172540960585-1.4463751783297317E-15i,0.6848910663016663-1.4473764830298683E-15i
94,0.7435211017907271+5.044713736566317E-16i,0.7440358307386709+5.048206119214297E-16i
94,0.8367248814557338+3.385146495194557E-16i,0.8373041340376886+3.387489983348304E-16i
94,0.8925189179742453-8.953596378336778E-16i,0.8931367959639384-8.959794824128075E-16i
94,0.9444312056001675-1.0808568119416288E-15i,0.9450850217187592-1.0816050735422057E-15i
94,0.9695494768246368-5.295763847706125E-16i,0.9702206819605549-5.299430028729534E-16i
94,0.9786457458886141+6.582460176906013E-16i,0.9793232482405685+6.587017119262567E-16i
94,1.015430590067621-3.36910017541011E-16i,1.016133558037295-3.371432554927826E-16i
94,1.063416558668157-6.651659631742618E-16i,1.0641527466326293-6.656264479884899E-16i
94,1.126491985407275,1.1272718395810428
94,1.1648353831443745+2.9410400315346048E-15i,1.1656417819000382+2.943076071181155E-15i
94,1.1649755804605662-6.118304376952745E-16i,1.1657820762728122-6.1225399909354065E-16i
94,1.209968470706902,1.2108061144489184
94,1.2314458120834908+1.0295158853751757E-15i,1.2322983242795496+1.0302286043918845E-15i
94,1.2973501353729193-2.9114942446832407E-15i,1.2982482721826036-2.9135098302071765E-15i
94,1.3092021410306094-4.886187308090165E-16i,1.3101084828130758-4.88956994517537E-16i
94,1.313031412487164+2.136432826846754E-16i,1.3139404052190973+2.137911848516303E-16i
94,1.332562059316185-3.0523183671459937E-15i,1.3334845728335682-3.0544314431812626E-15i
94,1.3426556551299267-4.956023367533146E-16i,1.3435851562982881-4.959454351116277E-16i
94,1.4149358907659069,1.4159154305001629
94,1.4320297760437553-9.923612006012682E-16i,1.4330211496285425-9.930481979649416E-16i
94,1.4350043655346651-1.4603641714765009E-15i,1.4359977983849066-1.4613751605550739E-15i
94,1.4370451951460688+2.07958945743079E-15i,1.4380400408332508+2.0810291272545522E-15i
94,1.5437244129550427,1.5447931111279416
95,1.5213102530789239E-9-1.891972932543257E-6i,1.5223634342518288E-9-1.8932827181495576E-6i
95,8.688707840609283E-9-1.607327185331469E-6i,8.694722907881773E-9-1.6084399147874519E-6i
95,1.6624029927010384E-8+1.4333855736946873E-6i,1.6635538503450658E-8+1.4343778858786573E-6i
95,1.4527539019122973E-7-1.0796046162655353E-6i,1.453759622510881E-7-1.0803520109890842E-6i
95,1.9610352559416181E-7+8.604759487096505E-7i,1.962392852399527E-7+8.610716438133181E-7i
95,5.33312051945545E-7-3.0534121146963276E-7i,5.336812561964567E-7-3.0555259479172696E-7i
95,6.733085735651767E-7+2.9815953215213444E-7i,6.737746953912798E-7+2.9836594370109313E-7i
95,1.2642416753841908E-6-6.022313730478434E-8i,1.2651168916839704E-6-6.026482891519339E-8i
95,1.3867670673809021E-6+5.200974717116628E-8i,1.387727106244516E-6+5.204575276990419E-8i
95,1.6761434960085948E-6-5.401918127391665E-10i,1.6773038660051227E-6-5.40565779749369E-10i
95,1.9117981641067212E-6+2.6976162401706187E-9i,1.91312167443524E-6+2.6994837610330597E-9i
95,0.1400490723021243+2.121081174344434E-14i,0.14014602625739597+2.122549568286105E-14i
95,0.18208910063792422-3.644994526609274E-17i,0.18221515829920332-3.6475179038119165E-17i
95,0.5413949099319934-9.28682886384506E-17i,0.541769709829051-9.293258001685679E-17i
95,0.6119999069099467+2.4012547071274746E-16i,0.6124235856293089+2.402917061169839E-16i
95,0.6160101306526296+8.499525258544169E-16i,0.6164365855921193+8.505409357440374E-16i
95,0.6779068831456552+1.226787710912544E-15i,0.6783761883152395+1.2276369983722645E-15i
95,0.7532653480932163+4.559605878607623E-16i,0.7537868228425042+4.562762428073781E-16i
95,0.8345223131529921+3.2555703787446044E-16i,0.8351000409286401+3.257824163219547E-16i
95,0.8918769966179001,0.8924944302146854
95,0.950016606112428-4.441190518450571E-16i,0.9506742889233336-4.444265090668729E-16i
95,0.9663711235566979-4.671538117902996E-16i,0.9670401283644344-4.674772156445973E-16i
95,0.9894977780430859+1.5536274004570639E-15i,0.9901827931005716+1.5547029543255526E-15i
95,1.018531073270666,1.0192361876601972
95,1.0689367877224911+1.2163554530955065E-15i,1.0696767972620156+1.2171975184534228E-15i
95,1.118053678035545,1.1188276904906775
95,1.16418122059779+4.704235464519278E-16i,1.1649871664861462+4.707492138964294E-16i
95,1.1707375493695127-6.117669699148923E-16i,1.17154803410983-6.121904873753284E-16i
95,1.2026641147090098-6.065391927579421E-16i,1.2034967017505922-6.069590911035615E-16i
95,1.223032115855468,1.2238788033708319
95,1.298361967518699-8.186535429988224E-16i,1.2992608048052017-8.192202850534909E-16i
95,1.3116914697524074+6.803392446343821E-16i,1.3125995348612878+6.808102336927856E-16i
95,1.3120315491440888+4.787767324008778E-16i,1.3129398496850333+4.791081826356796E-16i
95,1.3339363620461844+1.1614537317529932E-15i,1.3348598269735499+1.1622577894401132E-15i
95,1.3391569366412346+3.517290325288385E-15i,1.3400840156971874+3.519725294712102E-15i
95,1.4114853542502717,1.4124625052278048
95,1.4309380181399494+1.7225834006986563E-16i,1.4319286359164671+1.723775920372209E-16i
95,1.434018103571645-3.1897801558336956E-16i,1.4350108536469368-3.1919883946850615E-16i
95,1.4340252405093745+1.0594682987856358E-15i,1.4350179955254654+1.060201753426668E-15i
95,1.5355234030462797,1.536586423778159
96,2.876027941458413E-9-1.8928975446972838E-6i,2.8780189741715377E-9-1.894207970399259E-6i
96,1.440044566666029E-8-1.6124860086045957E-6i,1.4410414887749068E-8-1.6136023094396147E-6i
96,5.018744035461506E-8+1.3097302293661709E-6i,5.022218439659519E-8+1.3106369367365847E-6i
96,7.873799488815852E-8+7.526015892976236E-7i,7.879250406775594E-8+7.531226045362591E-7i
96,8.971972466113908E-8-1.2287746549393993E-6i,8.978183633406055E-8-1.2296253179318464E-6i
96,6.331534501384965E-7-2.6295962768502253E-7i,6.335917731511075E-7-2.631416708471924E-7i
96,8.451054233715561E-7+3.022013749678998E-7i,8.456904776819529E-7+3.024105846264149E-7i
96,1.1133513065622583E-6-9.571671612492121E-8i,1.1141220636333604E-6-9.578297942864314E-8i
96,1.470756061687467E-6+8.469514474805544E-9i,1.471774244921932E-6+8.475377797668488E-9i
96,1.6644987458975886E-6-4.836829439350194E-9i,1.665651054401364E-6-4.840177906693898E-9i
96,1.9129926427382434E-6+4.955801829818637E-10i,1.9143169799871118E-6+4.959232660034399E-10i
96,0.1265782349944349-3.960015792955448E-15i,0.12666586328309323-3.96275725484273E-15i
96,0.16396468948787055-6.232665318991847E-16i,0.16407819988040245-6.236980103407251E-16i
96,0.5460310064649417-7.171364556026279E-17i,0.5464090158648438-7.176329188401009E-17i
96,0.6147395524281982-1.496479336763162E-16i,0.6151651277646866-1.4975153278504043E-16i
96,0.6179916015702475+7.023934420509768E-16i,0.6184194282535094+7.028796989125491E-16i
96,0.6713675392439226+1.357495211201048E-16i,0.6718323173199265+1.3584349855803057E-16i
96,0.762972327843421+3.1861601350915496E-16i,0.7635005225949557+3.188365867854704E-16i
96,0.8324616757698868-3.165874132822706E-16i,0.833037976995959-3.1680658218787204E-16i
96,0.891317529391137,0.8919345756768206
96,0.9549248221937171,0.9555859028919105
96,0.9628390389768708-6.818939300407538E-16i,0.9635055985733345-6.823659953854681E-16i
96,1.000198083261932-5.508632978743704E-16i,1.0008905059865767-5.512446526000034E-16i
96,1.0223504859762862-2.3327190824336907E-16i,1.0230582444902128-2.3343339902503725E-16i
96,1.0746079453409338-1.592209736020678E-16i,1.0753518809411815-1.5933119998842775E-16i
96,1.11006064544924,1.1108291244430575
96,1.1620456067641247,1.1628500741977885
96,1.1754202720123097+3.9636512572706086E-16i,1.1762339985340555+3.9663952359374643E-16i
96,1.1949545944013658-8.004151027424664E-16i,1.195781844253099-8.009692185876802E-16i
96,1.2144924744158612-3.1188027241059006E-16i,1.2153332500604745-3.1209618263037497E-16i
96,1.300457792024088+4.1348829684028204E-16i,1.3013580802197047+4.1377454883166075E-16i
96,1.3113355763320793+4.419863837295173E-16i,1.3122433950610717+4.4229236453591895E-16i
96,1.316020779432183+4.995309051818564E-16i,1.3169318416597888+4.998767232314994E-16i
96,1.3352811408841652-1.8781723252200687E-16i,1.3362055367825483-1.8794725568647246E-16i
96,1.3361278076160221+2.7321264614546373E-16i,1.337052789649587+2.734017873246135E-16i
96,1.408294962756809,1.4092699050722708
96,1.4299430916439213,1.4309330206471584
96,1.431497947593504-4.26736880887682E-16i,1.4324889530011162-4.270323046829437E-16i
96,1.4331450557719096-1.0674840347811891E-15i,1.4341372014487865-1.06822303860078E-15i
96,1.5260394003383306+4.706052224526564E-16i,1.5270958554317573+4.709310156688361E-16i
97,3.898655112384508E-9-1.8925563515785735E-6i,3.901354095156565E-9-1.8938665410774678E-6i
97,1.528637587926969E-8-1.6215377170870887E-6i,1.529695841708235E-8-1.6226602842894954E-6i
97,3.067906162612207E-8+6.411321297176704E-7i,3.0700300298537265E-8+6.41575976255217E-7i
97,1.2516486118095043E-7+1.2939882935717021E-6i,1.252515110112781E-7+1.2948841030267365E-6i
97,1.5009888932181648E-7-1.2988651005034685E-6i,1.5020280062063782E-7-1.299764286101689E-6i
97,6.059426249622507E-7-1.6277601401026096E-7i,6.063621103125789E-7-1.6288870149988324E-7i
97,9.511942880739048E-7+2.885371189305455E-7i,9.518527861770674E-7+2.88736869021447E-7i
97,1.033755458484162E-6-2.1052386579517812E-7i,1.0344711124962612E-6-2.1066960843475732E-7i
97,1.5120318037186566E-6-1.184465881708059E-8i,1.5130785615547304E-6-1.1852858703750902E-8i
97,1.6536839550021132E-6-1.1148649796274532E-9i,1.6548287765819443E-6-1.115636784592613E-9i
97,1.914026749743705E-6-6.808089533344679E-10i,1.9153518028899557E-6-6.81280267565438E-10i
97,0.1129292047305711+1.5848812211309765E-16i,0.11300738399219945+1.5859784115692896E-16i
97,0.14581244399642343-1.4407117443069376E-15i,0.14591338785089458-1.4417091282932851E-15i
97,0.5508391363904956,0.5512204743894814
97,0.6172607384641371+1.0086537481928603E-16i,0.6176880591813991+1.0093520246525283E-16i
97,0.619831366588016+9.604193113307092E-16i,0.6202604669140969+9.61084195784581E-16i
97,0.6648522833692528+1.3887903705834476E-16i,0.6653125510274706+1.389751810150722E-16i
97,0.7725554210676033,0.7730902500565274
97,0.830564272155484-2.873675552232403E-16i,0.8311392598363672-2.8756649564203545E-16i
97,0.8908361854431764,0.891452898501379
97,0.9589538756691441-7.020152418764148E-16i,0.9596177456230176-7.025012369154544E-16i
97,0.9590874324814818,0.9597513948948125
97,1.0107260524134927-1.228538119828177E-16i,1.0114257634995203-1.2293886190707744E-16i
97,1.0268915196459183,1.0276024218520383
97,1.080429082397654+3.047325427494475E-16i,1.0811770478872291+3.049435046989549E-16i
97,1.102642870952008-2.064344318482886E-16i,1.1034062147273977-2.065773434316569E-16i
97,1.1586399697610794-1.3507381078575553E-16i,1.1594420795213058-1.3516732043915078E-16i
97,1.1782917232976213+3.6890922879497218E-16i,1.1791074376837272+3.691646193397288E-16i
97,1.187741876362474-5.546594522823963E-16i,1.188564132953412-5.550434350310403E-16i
97,1.2059064450179922+2.6403636719700105E-16i,1.2067412766781398+2.6421915577042403E-16i
97,1.3033803401221957,1.3042826515557597
97,1.3108805606652623+1.553236109706402E-16i,1.3117880643934634+1.5543113926899406E-16i
97,1.322015898818954-8.480200955713316E-16i,1.3229311113813484-8.486071676673049E-16i
97,1.3335205016966696-4.128881191383735E-16i,1.334443678729906-4.1317395563537504E-16i
97,1.3365636742120066+1.666701763807414E-16i,1.3374889579897369+1.6678555974287523E-16i
97,1.4053789907843721-3.4878514363881107E-16i,1.4063519144144432-3.490266025693125E-16i
97,1.4290320207721354-7.798757845124851E-16i,1.4300213190541327-7.804156812835682E-16i
97,1.4295259546526096-3.0286393624500793E-16i,1.4305155948779167-3.0307360458515063E-16i
97,1.4323624125025125+3.2839585704156E-16i,1.4333540163667282+3.2862320076266897E-16i
97,1.515526472888235,1.5165756500334322
98,5.776266601892398E-9-1.8922915897374042E-6i,5.780265428050626E-9-1.8936015959454899E-6i
98,9.16334026874527E-9+6.116228711934403E-7i,9.169683917210423E-9+6.120462888964074E-7i
98,1.4261027388490953E-8-1.63475415529993E-6i,1.427090009231415E-8-1.6358858720521212E-6i
98,1.6567133378532164E-7+1.3348683256571223E-6i,1.6578602566311556E-7+1.3357924357694703E-6i
98,1.9235145166473562E-7-1.3247429577597556E-6i,1.9248461380379582E-7-1.3256600582257699E-6i
98,5.468457617803643E-7-1.2414125123891934E-7i,5.472243352236342E-7-1.242271924388298E-7i
98,1.0094001383369168E-6+3.197518405207981E-7i,1.0100989315117294E-6+3.1997320011379145E-7i
98,1.0253066941193924E-6-3.172207939230194E-7i,1.0260164991736306E-6-3.174404013089143E-7i
98,1.5419347707892646E-6-2.0333690636984333E-8i,1.543002230018673E-6-2.0347767358094444E-8i
98,1.6476530207228157E-6+1.1880466783250372E-9i,1.6487936671737241E-6+1.188869145925983E-9i
98,1.913964559357252E-6-3.119670799043994E-9i,1.915289569449994E-6-3.1218305021976174E-9i
98,0.0991271926855693+1.3514786971620152E-15i,0.0991958170130844+1.3524143063952747E-15i
98,0.12763612435115873-2.6013836316337895E-17i,0.12772448500137923-2.6031845320476233E-17i
98,0.5557649600228503,0.5561497080985774
98,0.6195412421978556,0.6199701416750005
98,0.621509474871631+5.686649288425615E-16i,0.6219397369279026+5.690586073808716E-16i
98,0.6584191857912645-2.1533380352945551E-16i,0.6588749999087014-2.154828760196384E-16i
98,0.7819056939047524+8.483949405520324E-16i,0.7824469959528658+8.48982272147786E-16i
98,0.8288480087277424+1.5725715799084014E-16i,0.8294218082641782+1.573660248559423E-16i
98,0.8904281448733051,0.8910445754508992
98,0.9547466555109037-8.077238867158261E-16i,0.9554076128668689-8.082830623268977E-16i
98,0.9624988702415146,0.9631651943440631
98,1.021052561330992,1.021759421310384
98,1.0320845798299483,1.032799077116825
98,1.0863945458983837+3.2786276578019765E-16i,1.087146641192405+3.2808974044990583E-16i
98,1.095914074869675+4.784357705118991E-16i,1.0966727603964688+4.78766984703697E-16i
98,1.154225602818937,1.155024656576521
98,1.1751013235018437+8.838073233812753E-16i,1.1759148292201302+8.84419170459527E-16i
98,1.1854922675831252-3.0355819043441596E-16i,1.1863129668023122-3.0376833939673283E-16i
98,1.1973488825898668,1.198177789972822
98,1.3068302471822724-1.111342748150579E-15i,1.307734946936796-1.1121121147256267E-15i
98,1.3106111952962534-4.871319332931628E-16i,1.31151851254669-4.874691677131811E-16i
98,1.3294603348664982-2.228625273705772E-16i,1.330380701104727-2.2301681188781993E-16i
98,1.331295020822429-2.490041448826819E-16i,1.3322166571873155-2.4917652686514404E-16i
98,1.337745442363524,1.3386715442623214
98,1.4027526685503175,1.4037237740153399
98,1.4281353615323165+1.0806235939822769E-15i,1.4291240390700384+1.0813716941294202E-15i
98,1.4281860741275563+1.696279187546907E-16i,1.4291747867728777+1.6974534971926212E-16i
98,1.4316759235071175+4.925232869466485E-16i,1.432667052124891+4.928642537231357E-16i
98,1.504255381977051,1.5052967563083768
99,2.1326022276860667E-10+1.887514169712893E-6i,2.1340785974869986E-10+1.8888208685819168E-6i
99,7.42144764872992E-9+5.475890032422357E-7i,7.426585410027145E-9+5.47968091220863E-7i
99,4.0672149132837067E-8-1.6573952236238245E-6i,4.0700305875777297E-8-1.6585426144614596E-6i
99,1.9876973763369957E-7+1.3593808570571817E-6i,1.989073430596772E-7+1.3603219368419017E-6i
99,2.327416960498576E-7-1.3722399270404309E-6i,2.3290281977326218E-7-1.3731899089740585E-6i
99,4.913196440161374E-7-1.2181079347596184E-7i,4.916597775279631E-7-1.2189512133353453E-7i
99,1.0462389943080007E-6+3.7134979549980915E-7i,1.0469632904921184E-6+3.7160687561373786E-7i
99,1.0646166240158697E-6-4.2444770819611366E-7i,1.0653536427682944E-6-4.247415472300977E-7i
99,1.5948475123519104E-6-7.560053986789485E-8i,1.5959516023100658E-6-7.56528770325785E-8i
99,1.6295988245665587E-6+2.6227369955077253E-8i,1.6307269723575488E-6+2.6245526785477624E-8i
99,1.919544447332566E-6-6.0734096409142026E-9i,1.9208733203013725E-6-6.077614174917838E-9i
99,0.0851954112017477-2.5914955077501277E-15i,0.08525439075763643-2.5932895627582408E-15i
99,0.10943923095617174-8.612976364063473E-16i,0.10951499415923105-8.618939003525705E-16i
99,0.5607401325553523,0.5611283248713538
99,0.6215608234085476-3.3799835569866503E-16i,0.6219911210126716-3.3823234709126503E-16i
99,0.6230070921845864+4.57732091170386E-16i,0.6234383910197497+4.580489725032235E-16i
99,0.6521383779140013+1.763829914071076E-16i,0.6525898439186231+1.7650509881116579E-16i
99,0.7908833993855942+5.016410210070673E-16i,0.7914309165698832+5.019882998594988E-16i
99,0.8273283269486711+2.5959670737982426E-16i,0.8279010744313031+2.5977642244071154E-16i
99,0.8900883140733962,0.8907045093910229
99,0.9502925644288496-1.0306670433057256E-15i,0.9509504382817225-1.0313805592524868E-15i
99,0.9652085961886928-2.0591205151708792E-16i,0.9658767961954795-2.060546014640781E-16i
99,1.0311307735729247-3.041726296158206E-16i,1.0318446105534695-3.0438320394553144E-16i
99,1.0377863089837678-2.897250506563132E-16i,1.0385047534956011-2.899256231352357E-16i
99,1.0899675624916165,1.0907221313335538
99,1.0924902073573923+4.332745996689849E-16i,1.0932465225900303+4.3357454943277946E-16i
99,1.1490838170265865+5.28512844050122E-16i,1.1498793111999366+5.288787258785428E-16i
99,1.1671852701941108+1.906678508794553E-16i,1.1679932957427275+1.9079984748594508E-16i
99,1.1871145587584366-2.2750508545192256E-16i,1.1879363810664343-2.2766258394524644E-16i
99,1.188893407721462,1.1897164615009712
99,1.310479000631062,1.3113862263650362
99,1.3105078087124342+2.305435940555813E-16i,1.3114150543898282+2.3070319606464007E-16i
99,1.3294190460684026-9.471842501242392E-16i,1.3303393837229913-9.47839972135896E-16i
99,1.3381159915821486+7.687992209746406E-16i,1.3390423500068322+7.693314496003504E-16i
99,1.338784223633545,1.3397110446656515
99,1.4004318832389373,1.4014013820577205
99,1.4273391730646416+6.401686347252867E-16i,1.428327299412557+6.406118142491296E-16i
99,1.4273745635777382,1.4283627144259963
99,1.4310842345844061-6.784581524051401E-16i,1.4320749535844624-6.789278392104914E-16i
99,1.492491466286669,1.493524696628628
100,1.8068428529595735E-9+1.8772334242988948E-6i,1.8080937042381232E-9+1.8785330059559682E-6i
100,3.667936589792459E-8+4.338266196220942E-7i,3.670475849454951E-8+4.3412695154135013E-7i
100,7.348692186917094E-8-1.6717539413433977E-6i,7.353779580656189E-8-1.6729112725144646E-6i
100,2.140641561352908E-7+1.3560360921293964E-6i,2.1421234966687265E-7+1.3569748563815402E-6i
100,2.791211426184335E-7-1.4010890812798916E-6i,2.7931437416457635E-7-1.4020590350674112E-6i
100,4.360909660580818E-7-1.7452787405573263E-7i,4.3639286555175617E-7-1.7464869718877244E-7i
100,1.1075138558393251E-6+4.5783736287157307E-7i,1.1082805717273832E-6+4.5815431708249286E-7i
100,1.1833816103974446E-6-5.548512255956577E-7i,1.1842008484390669E-6-5.552353411062038E-7i
100,1.6147002293858797E-6-1.361796556792623E-7i,1.6158180630940486E-6-1.3627393089314704E-7i
100,1.6442879912444635E-6+4.3335946122706435E-8i,1.645426308133939E-6+4.336594697392931E-8i
100,1.922020333885371E-6-1.6527960893207395E-8i,1.9233509208747715E-6-1.6539402962439495E-8i
100,0.07115537456572173-2.4799801450401232E-14i,0.07120463440650171-2.4816969995690716E-14i
100,0.0912250530356338-7.126494747562765E-16i,0.09128820682570386-7.13142831721547E-16i
100,0.5656719152524455-2.883544040332297E-16i,0.5660635217705632-2.885540276332399E-16i
100,0.6233014545601713+2.8106193234931536E-16i,0.6237329571781668+2.812565074762308E-16i
100,0.6243068453309254+5.973535057528254E-16i,0.6247390439664684+5.97767044979656E-16i
100,0.6461031309810066,0.6465504188711176
100,0.7993068572652531+7.947849707599767E-16i,0.7998602058880877+7.953351889459241E-16i
100,0.8260186547130051,0.8265904955284149
100,0.8898115637502542-1.5957173039188951E-16i,0.8904275674776189-1.5968219960212226E-16i
100,0.9457259731298259,0.9463806855973266
100,0.9672997262535169-1.7717660461089805E-16i,0.9679693739195235-1.772992614219448E-16i
100,1.0408806331748033-1.2417806883916693E-15i,1.0416012198426985-1.2426403552737165E-15i
100,1.043786304061952-1.2082305108678149E-15i,1.0445089022839444-1.2090669514452708E-15i
100,1.08487341114228,1.0856244533766222
100,1.0986860587778198,1.0994466633091413
100,1.1435073838533814+4.2991853090774694E-16i,1.1442990175423773+4.302161573134841E-16i
100,1.1586004643531789,1.159402546764381
100,1.180620112468128+6.486432046200889E-16i,1.1814374387645148+6.490922509665891E-16i
100,1.1888210438041946,1.1896440474872065
100,1.3104417229511547+1.339856334276188E-15i,1.3113489228783282+1.3407838975150483E-15i
100,1.31413945049116+2.365836227042484E-15i,1.3150492103018414+2.367474061381308E-15i
100,1.3278672101601598+2.672011332752038E-15i,1.3287864735011043+2.6738611277059257E-15i
100,1.339639478910549-8.693017975170645E-16i,1.3405668920235634-8.699036026287203E-16i
100,1.3477357391474172-1.1023497571239398E-15i,1.3486687571847626-1.1031128979808487E-15i
100,1.398432728304013+3.9981822126677748E-16i,1.3994008431366336+4.0009500966176153E-16i
100,1.4265405592351483-6.839185420054144E-16i,1.4275281327142142-6.8439200895982625E-16i
100,1.4271128084591669-4.964715588360872E-16i,1.428100778098127-4.968152589443265E-16i
100,1.4305860609121148+5.889311738654044E-16i,1.431576435033714+5.893388824331975E-16i
100,1.4805056081607328,1.481530540865774
101,4.1700146530717383E-8+1.8636559765417962E-6i,4.172901494144731E-8+1.8649461587273782E-6i
101,6.623418727304032E-8+4.234905216740101E-7i,6.628004024674994E-8+4.2378369806155364E-7i
101,1.4772845874434135E-7-1.7390405628563492E-6i,1.4783072902822128E-7-1.7402444755861893E-6i
101,2.632350347368304E-7+1.4466787445235102E-6i,2.6341726855933487E-7+1.4476802593781498E-6i
101,3.186884543128569E-7-1.5017477317833418E-6i,3.189090777388972E-7-1.5027873701045626E-6i
101,3.589566105582187E-7-2.582777688924151E-7i,3.59205111048743E-7-2.5845657087118757E-7i
101,1.1169641639703565E-6+5.030730888644947E-7i,1.117737422170597E-6+5.034213591168741E-7i
101,1.178495403753247E-6-6.035255728212079E-7i,1.179311259144398E-6-6.039433848811579E-7i
101,1.6408733094415927E-6+5.855591518513324E-8i,1.6420092623960466E-6+5.8596452601686105E-8i
101,1.6677932199626479E-6-1.810161802782864E-7i,1.6689478091833595E-6-1.8114149517225653E-7i
101,1.9210588055467107E-6-2.0288102467628324E-8i,1.9223887268838937E-6-2.030214762870551E-8i
101,0.05702718404431074-8.079327074324051E-15i,0.05706666314231701-8.084920276070505E-15i
101,0.07299670980828993+7.893467620981063E-17i,0.07304724437893291+7.898932154905374E-17i
101,0.5704254526189755,0.5708203499425347
101,0.6247475260397992+2.797817737454057E-16i,0.6251800297522486+2.7997546263696104E-16i
101,0.6253931871416312+6.232054923721783E-16i,0.6258261378359603+6.236369285569335E-16i
101,0.6404480876874512+7.908312908409814E-16i,0.6408914606725542+7.913787719512756E-16i
101,0.8069396972306339+7.020590587465879E-16i,0.8074983299586214+7.025450841194155E-16i
101,0.8249305704944032-5.052711879729224E-16i,0.8255016580447829-5.056209799376499E-16i
101,0.8895929799869148,0.890208832391889
101,0.9412544460168794-8.170637416078343E-16i,0.9419060629105745-8.176293830659018E-16i
101,0.9688653528278288,0.9695360843545591
101,1.049806799966849-1.884136752796421E-16i,1.0505335660914281-1.8854411135283672E-16i
101,1.050159708751755+1.3262946086444164E-16i,1.0508867191900018+1.3272127832959858E-16i
101,1.080678170412765-3.6209331054259877E-16i,1.081426308342385-3.623439825253363E-16i
101,1.104920178893309,1.1056850992161809
101,1.1378154976393327+1.8110152708202372E-16i,1.1386031909174972+1.812269010603566E-16i
101,1.150093816517682+1.3153196828897287E-15i,1.1508900098991302+1.3162302597582978E-15i
101,1.1726321350108386+8.41863837784102E-16i,1.173443931345503+8.424466479914934E-16i
101,1.1901736294021283,1.190997569460665
101,1.3104630193526545-3.4791536483326013E-16i,1.3113702340230198-3.4815622162842413E-16i
101,1.3174886268952244-3.7418421150041086E-16i,1.3184007052924835-3.7444325383970555E-16i
101,1.32662012393804+8.679609632304675E-16i,1.327538523939158+8.685618401018621E-16i
101,1.3402815878167773+1.4468970718918437E-15i,1.3412094454525376+1.4478987378913751E-15i
101,1.3580612461662218-9.844017960362436E-16i,1.3590014124033318-9.850832832187963E-16i
101,1.3967708937069616+1.8247286435035794E-16i,1.3977378580754305+1.8259918768572685E-16i
101,1.4255652774553853+1.0467674581491614E-15i,1.4265521757609243+1.0474921201811836E-15i
101,1.4273743988927112-1.1038817611336211E-15i,1.4283625496269599-1.1046459625748367E-15i
101,1.4301802285241454+3.845427515423455E-15i,1.4311703216938285+3.848089649496907E-15i
101,1.4686269335683038+5.18322567800013E-16i,1.4696436428380433+5.186813950469825E-16i
102,8.484123086454367E-8+1.869391803859371E-6i,8.489996522648711E-8+1.870685956875577E-6i
102,1.0172598324444999E-7+3.928053489291281E-7i,1.01796406677232E-7+3.9307728241361705E-7i
102,2.2181738640511005E-7-1.5947079846651912E-6i,2.2197094738631822E-7-1.595811978030339E-6i
102,2.2800144016955309E-7+1.5006295177418587E-6i,2.281592822820977E-7+1.501668381939607E-6i
102,3.662234524744482E-7-2.7984832601036337E-7i,3.6647698369494823E-7-2.8004206097509297E-7i
102,7.635754827826203E-7-1.710773244470412E-6i,7.641040950896305E-7-1.7119575881429397E-6i
102,1.1878245748252073E-6+5.681419099761808E-7i,1.1886468886670996E-6+5.68535226436064E-7i
102,1.5296351601328796E-6-3.3603589389960014E-7i,1.530694104519013E-6-3.36268526708167E-7i
102,1.6563774958019258E-6+6.15212693728894E-8i,1.6575241820812509E-6+6.15638596614289E-8i
102,1.7145640382972216E-6-1.3292040899458915E-6i,1.7157510062817072E-6-1.330124278789453E-6i
102,1.892415119080391E-6-3.436646075422005E-8i,1.893725210806061E-6-3.439025215993264E-8i
102,0.04282979560019655-1.0646932311303538E-14i,0.04285944605070406-1.0654303029167803E-14i
102,0.05475718604334603-6.2650943249279275E-15i,0.05479509365443679-6.269431559476984E-15i
102,0.5747948786374085,0.5751928008516564
102,0.6258860229478838+5.2078832390092E-16i,0.626319314825342+5.211488581553175E-16i
102,0.6262527639602113+3.2745460303602954E-16i,0.6266863097271893+3.276812951405497E-16i
102,0.635378527204103+1.0252872288396552E-16i,0.6358183906055132+1.0259970204183605E-16i
102,0.8134810894563808,0.8140442506959739
102,0.8240737972687628-1.6254678370628356E-16i,0.8246442916873807-1.6265931250306859E-16i
102,0.8894281154354182,0.8900438537070383
102,0.9371665775180436-7.565575440386007E-16i,0.937815364439265-7.570812979277156E-16i
102,0.9699911600221798,0.9706626709290128
102,1.055481877491534,1.0562125723905307
102,1.0587055733383335-1.4230214325390838E-16i,1.059438499955526-1.4240065697774328E-16i
102,1.0774075838765038,1.0781534576261793
102,1.1110601278656624-7.49106507888106E-16i,1.1118292987867582-7.496251035322301E-16i
102,1.1323914247901556+5.706457909481425E-16i,1.1331753630608237+5.710408408087528E-16i
102,1.1420734158646553,1.1428640568382695
102,1.1650948327769226,1.1659014111458292
102,1.191163200947803-4.400614599077268E-16i,1.1919878260724652-4.403661081170962E-16i
102,1.3105124405550983+2.4290596584294967E-16i,1.3114196894390502+2.430741261439102E-16i
102,1.320354552389948,1.321268614826142
102,1.3256633928929193,1.326581130562917
102,1.3407037547529101,1.3416319046487588
102,1.3687915975282612-5.116100689026285E-16i,1.3697391922330426-5.119642491833084E-16i
102,1.395460915509407-3.1920240041974086E-16i,1.3964269729988408-3.1942337964326724E-16i
102,1.4241767070113744-9.229218139756528E-16i,1.4251626440295984-9.235607394522773E-16i
102,1.4279702510879415,1.4289588143220817
102,1.4298657148699545+3.0232466478557843E-15i,1.4308555903063656+3.0253395979585826E-15i
102,1.4573783756838012+1.9389307513938311E-16i,1.458387297738959+1.940273045221669E-16i
103,7.253982051218389E-8+3.848335914035998E-7i,7.259003878494891E-8+3.851000061551913E-7i
103,9.20401649071566E-8+1.9063062964115556E-6i,9.210388298743318E-8+1.907626004799182E-6i
103,1.8114872817276213E-7+1.5466597093835903E-6i,1.8127413482773017E-7+1.5477304396199222E-6i
103,2.1712133760299284E-7-1.5822743852063857E-6i,2.1727164757726442E-7-1.583369770969741E-6i
103,3.4689871924200597E-7-2.8392048463418963E-7i,3.4713887222807247E-7-2.8411703869567285E-7i
103,8.200853299118654E-7-1.2951180189479195E-6i,8.206530631719882E-7-1.2960146104955577E-6i
103,1.1692447742869887E-6+5.90829391476843E-7i,1.1700542256006206E-6+5.912384141533437E-7i
103,1.4932611451524157E-6-2.9500438164576875E-7i,1.4942949083319657E-6-2.9520860892948355E-7i
103,1.6517685583737748E-6+6.418577696971274E-8i,1.6529120539521123E-6+6.423021185847783E-8i
103,1.889500041679253E-6-2.58483098700025E-8i,1.8908081153388319E-6-2.586620428256654E-8i
103,3.614666883449036E-6-4.734272753861214E-6i,3.617169265261205E-6-4.737550222688938E-6i
103,0.028581271058553563-1.0968256575633327E-13i,0.02860105746077864-1.0975849741656936E-13i
103,0.03650936340467486-1.1989237864430716E-15i,0.036534638311022674-1.1997537841092768E-15i
103,0.5784646316831018-1.401800775600087E-16i,0.5788650944145184-1.4027712220833326E-16i
103,0.6267066710339237,0.62714053103423
103,0.6268747637662496,0.6273087401347331
103,0.6312093168663533+2.274879241418262E-16i,0.6316462939835064+2.2764541075462227E-16i
103,0.8185710853699798+3.328945505946773E-16i,0.8191377703404197+3.3312500869652693E-16i
103,0.8234561043887288+3.1696046413097696E-16i,0.8240261711874641+3.1717989129430694E-16i
103,0.8893132254879718,0.8899288842229364
103,0.9338220368247621-6.123511744764633E-16i,0.9344685083686415-6.127750963733016E-16i
103,0.970746242775953+1.0837750690941577E-15i,0.9714182764156992+1.0845253509621221E-15i
103,1.0603165423216798+5.118865256405797E-16i,1.0610505841894926+5.122408973082769E-16i
103,1.0660263194030526+2.9421958878987677E-16i,1.0667643140672864+2.9442327277280285E-16i
103,1.0750718263010248-1.5190526965409894E-16i,1.0758160830393786-1.5201043148400242E-16i
103,1.1168006253202964-6.011625023743317E-15i,1.1175737703050852-6.015786785146527E-15i
103,1.1277357062060724-4.937380312364615E-16i,1.1285164213898327-4.940798389629216E-16i
103,1.135094928682551,1.1358807385500183
103,1.1583385959334698+1.3593443526102559E-15i,1.1591404970569368+1.3602854071234732E-15i
103,1.1918305208523716,1.1926556079529906
103,1.3105656622901762-5.24454185703282E-16i,1.3114729480187686-5.248172577809965E-16i
103,1.3225640600795467+1.552420008227912E-16i,1.3234796521260852+1.5534947262361536E-16i
103,1.3249867492781928+1.5416064003074357E-16i,1.3259040185175632+1.5426736322106898E-16i
103,1.3409320632218915+5.020260385379575E-15i,1.3418603711724044+5.023735839324792E-15i
103,1.3794693637114712+2.0066954297107946E-16i,1.3804243504799623+2.008084636049244E-16i
103,1.3945153374356147,1.3954807403149696
103,1.4217743072778088+9.158222330284374E-16i,1.422758581149305+9.164562435674455E-16i
103,1.4286785004256057-1.2948006525161266E-15i,1.4296675539705594-1.295697024355556E-15i
103,1.4296416848591385-3.981204628432451E-15i,1.4306314052028004-3.983960759045297E-15i
103,1.447774213535987-3.4174596006549357E-16i,1.448776486768043-3.419825458706105E-16i
104,4.457655154480824E-8+1.9193276350089815E-6i,4.460741124929323E-8+1.9206563578817398E-6i
104,8.07438179476268E-8-4.026450088343079E-7i,8.079971572963333E-8-4.029237541736035E-7i
104,1.2019015666109794E-7+1.5393046285097623E-6i,1.2027336257514982E-7+1.5403702669295592E-6i
104,2.0703099913188916E-7-1.5450594357785859E-6i,2.0717432371019401E-7-1.546129058168554E-6i
104,2.8898685440042113E-7-2.2532794408395764E-7i,2.891869158367097E-7-2.2548393537367537E-7i
104,8.594155380383073E-7-1.096500670419293E-6i,8.60010499034943E-7-1.0972597620377357E-6i
104,1.1330219778363197E-6+5.233628336067294E-7i,1.133806352629778E-6+5.23725150157109E-7i
104,1.5150608269147931E-6-2.80676175156544E-7i,1.516109681699991E-6-2.8087048322931194E-7i
104,1.6458173727402794E-6+6.660705255551674E-8i,1.6469567483985331E-6+6.66531636584901E-8i
104,1.9005725653402258E-6-2.8887872524947768E-8i,1.9018883043484292E-6-2.8907871182951273E-8i
104,1.1574559599522755E-5-2.1949653906988727E-5i,1.1582572500395678E-5-2.1964849336191833E-5i
104,0.014299014924477297-1.2022564402821862E-15i,0.014308913926524424-1.2030887450966355E-15i
104,0.018256048705958997-5.424298581614321E-15i,0.01826868710548982-5.428053745382401E-15i
104,0.5809919111509569,0.5813941234815422
104,0.6272020504694111+8.86306493419632E-17i,0.6276362534137645+8.869200706372992E-17i
104,0.6272512210229146+1.0960056796789085E-16i,0.6276854580073339+1.0967644286223922E-16i
104,0.6283826414470841,0.6288176616975641
104,0.8218317769602137,0.8224007192604695
104,0.8230831740700955+1.4366677627398415E-16i,0.8236529826945433+1.4376623471360055E-16i
104,0.8892454734822623+1.3253739434726563E-16i,0.8898610853134894+1.3262914807609898E-16i
104,0.9316044613828479-2.205004784523239E-16i,0.9322493977311942-2.2065312775712714E-16i
104,0.9711798690682019,0.9718522029011835
104,1.0636690672873046,1.0644054300598562
104,1.07125081495761,1.0719924264648548
104,1.0736719169675377+1.3196188921447064E-16i,1.0744152045688264+1.32053244529391E-16i
104,1.1213954912962851+3.276269752586966E-16i,1.1221718172405974+3.278537866940234E-16i
104,1.1244908814611771,1.12526935029951
104,1.1300638975179687+1.1374467159636401E-15i,1.1308462244750352+1.138234153939563E-15i
104,1.1531272839511884,1.153925577358442
104,1.192214194001123,1.193039546713136
104,1.310604868508444-2.0021562724028207E-16i,1.311512181378936-2.003542336348055E-16i
104,1.323966893979336,1.3248834571875747
104,1.3245833577883648+3.131132895715034E-16i,1.325500347765618+3.133300533913065E-16i
104,1.3410241818520245,1.3419525535749381
104,1.3890151438747962,1.389976739049382
104,1.3939438728113427,1.3949088800739704
104,1.4177638539501138+1.4132181301278048E-15i,1.4187453514425439+1.4141964806811163E-15i
104,1.4292460492138865,1.4302354956646903
104,1.4295075202857523+2.2188759256135132E-16i,1.4304971477492128+2.220412021452701E-16i
104,1.441455114950335+2.0048451108305436E-16i,1.4424530135614702+2.0062330362198872E-16i
105,3.858650268735591E-7i,3.8613215567306806E-7i
105,8.745722498225629E-7i,8.751777035924261E-7i
105,1.2528158354650074E-6i,1.2536831418204064E-6i
105,1.5153389860201298E-6i,1.5163880333708692E-6i
105,1.6960559719826315E-6i,1.6972301270994264E-6i
105,1.8683887299682972E-6i,1.8696821885708986E-6i
105,2.0911263624129437E-6i,2.0925740190698294E-6i
105,3.791830493096228E-7,3.794455522723218E-7
105,8.788842545190305E-7,8.794926934276283E-7
105,1.2609745738429755E-6,1.2618475283754225E-6
105,1.530344549260342E-6,1.5314039847463492E-6
105,1.7118111821790649E-6,1.7129962444009165E-6
105,1.858120749070395E-6,1.8594070992977365E-6
105,2.1507409863007173E-6,2.152229913302939E-6
105,0.5819071256747509,0.5823099715951668
105,0.6273676768274152,0.6278019944325103
105,0.6273676770780555,0.627801994683324
105,0.6273772548868506,0.6278115791226981
105,0.8229584747591105,0.8235281970560219
105,0.8229584751275537,0.82352819742472
105,0.889223089933012,0.8898386862684304
105,0.9308246347777415,0.931469031263363
105,0.9713212035406484,0.9719936352174494
105,1.064886179465553,1.0656233848273324
105,1.0732056864274035,1.0739486512640055
105,1.073205685429547,1.073948650265458
105,1.1233097617533323,1.124087412919506
105,1.1233097634557827,1.124087414623135
105,1.128171637089745,1.1289526540621762
105,1.1510063690789911,1.1518031942074316
105,1.1923392414839047,1.193164680764489
105,1.3106191609298328,1.3115264836947627
105,1.3244493133096071,1.3253662104897987
105,1.3244493185727846,1.3253662157566197
105,1.341045054769663,1.3419734409425967
105,1.393752680524466,1.3947175554274278
105,1.3937526861444791,1.3947175610513316
105,1.414835515343603,1.4158149855894002
105,1.4294628477836866,1.4304524443210171
105,1.4294628412261354,1.4304524377589265
