% Model,"2D photonic crystal band structure(sweep, mesh).mph"
% Version,COMSOL 5.4.0.388
% Date,"Aug 11 2026, 18:05"
% Table,Table 8 - Global Evaluation 5 ()
% U,lambda (THz),freq*a/(c_const) (1)
0,5.186549100586513E-6i,2.595069836906894E-6i
0,1.4655094726185362E-5i,7.332620118574845E-6i
0,2.0206033662254302E-5i,1.0110011004139887E-5i
0,2.4397082284011233E-5i,1.2206986016311607E-5i
0,2.667826098897808E-5i,1.3348364982372945E-5i
0,3.1281895154765824E-5i,1.565177558007438E-5i
0,3.201657727327611E-5i,1.6019370944253094E-5i
0,9.57287275849485E-7,4.789749960201558E-7
0,1.2177854628159659E-5,6.093142590745057E-6
0,1.8277173680709566E-5,9.144913352378047E-6
0,2.249773650890529E-5,1.1256655683899139E-5
0,2.5960537120586413E-5,1.2989254613229669E-5
0,2.8508357727075923E-5,1.426404682622599E-5
0,3.101598696571152E-5,1.551872944334286E-5
0,0.8781189336966031,0.4393634213923102
0,0.9749376960761057,0.48780631569929567
0,1.0262684515592513,0.5134894612121552
0,1.0262684515973828,0.5134894612312342
0,1.2356427358098654,0.6182490767378804
0,1.2356427373121166,0.6182490774895261
0,1.3878384809002557,0.6943996307440073
0,1.555999878803506,0.7785385375522885
0,1.6051493287582792,0.8031302752577647
0,1.6948242470418244,0.8479987747265931
0,1.6948242467296963,0.847998774570421
0,1.723714511155175,0.8624539069401014
0,1.7662489467751334,0.8837358477386046
0,1.8225060299110278,0.9118838622906723
0,1.9307828171845223,0.9660597351574413
0,1.930782829333486,0.9660597412361283
0,1.9350331364286275,0.968186365996886
0,1.9350331365268605,0.9681863660460366
0,1.942292144614513,0.9718183827432274
0,2.029630886812838,1.015517985518921
0,2.10693145365833,1.0541950259761022
0,2.128390371628332,1.0649319128109946
0,2.169960805004168,1.0857315188050032
0,2.1699608481132597,1.0857315403744712
0,2.2834826160603665,1.1425317190903281
0,2.3287187507264444,1.1651654445855562
1,2.4750465233261077E-13-3.108149391406685E-5i,1.2383799811899077E-13-1.5551505592278866E-5i
1,7.47556536679367E-12+3.180129923637539E-5i,3.740370296503758E-12+1.591165740886086E-5i
1,6.491160547464036E-10+2.7255175630158257E-5i,3.2478271422011735E-10+1.3637021997810693E-5i
1,9.071274155985692E-10+2.4799568482988498E-5i,4.538777034203621E-10+1.2408368433499E-5i
1,1.125955833531883E-9-2.308956476760827E-5i,5.633676582677155E-10-1.1552774670339573E-5i
1,2.7965041334369123E-9-2.592043546410178E-5i,1.3992200564816639E-9-1.2969189904087804E-5i
1,3.120094726390394E-9+2.668676442823331E-5i,1.5611273615114062E-9+1.335261964540481E-5i
1,5.173958936325445E-9-2.135957943084475E-5i,2.5887703967816856E-9-1.0687183179994181E-5i
1,1.1380108909621247E-8-1.8916193817816753E-5i,5.6939935975413595E-9-9.464644613149383E-6i
1,1.9630316189186863E-8-1.6385735999295905E-5i,9.821952987149627E-9-8.19853980414139E-6i
1,5.643002750402055E-8+8.421306919918079E-6i,2.823454659957817E-8+4.213568434692616E-6i
1,7.22645466439141E-8-1.300306016443742E-5i,3.615728717427279E-8-6.506030997836553E-6i
1,2.2116164649987135E-7-2.230056756463092E-7i,1.1065737676089471E-7-1.1158002963152055E-7i
1,4.457207214869229E-6-4.105329101919035E-8i,2.2301464376077942E-6-2.0540855810583977E-8i
1,1.1360912019395167E-5+1.309573988146625E-8i,5.684388507563038E-6+6.552402936767466E-9i
1,1.5095865425137093E-5+4.0678833648468744E-8i,7.553158037653382E-6+2.0353497509501425E-8i
1,1.7757429589508033E-5-2.0852161910353112E-8i,8.88486140110371E-6-1.0433298780828457E-8i
1,2.0183774198416696E-5-9.201374595583269E-9i,1.0098873567268006E-5-4.6038722873324925E-9i
1,2.2225373906688592E-5+4.692052637709451E-9i,1.1120380106437797E-5+2.3476504390794838E-9i
1,2.428583260202748E-5-2.49102662437059E-8i,1.2151322667043616E-5-1.2463755631090242E-8i
1,2.4841568686136236E-5+5.275692829579815E-9i,1.242938307314067E-5+2.639672557863254E-9i
1,2.604178356322054E-5+3.202271501322024E-9i,1.3029905957417651E-5+1.6022441938759633E-9i
1,2.6784793247680605E-5-4.995707785275243E-10i,1.340166798709823E-5-2.499583120904551E-10i
1,2.8394424339136833E-5+1.2980266862384643E-10i,1.4207040695034847E-5+6.494626457072834E-11i
1,3.090957299003577E-5-3.8117130235194745E-9i,1.5465485621073778E-5-1.9071759087679288E-9i
1,0.015501968349207888+2.7199249009477703E-13i,0.007756350069290878+1.3609039328873493E-13i
1,0.018019714655757708-4.683203457198259E-15i,0.00901609472231505-2.3432227857437922E-15i
1,0.8777642012826089-5.324922949329336E-15i,0.439185932397243-2.6643046583893723E-15i
1,0.9737297681428355-1.492767920889725E-16i,0.48720193361710695-7.469006713086115E-17i
1,1.0262936003909617,0.5135020443330974
1,1.0278221447628686-2.1139900412998054E-16i,0.5142668456136754-1.0577267630761103E-16i
1,1.234465677739464,0.6176601402725068
1,1.2358093752844075,0.6183324541562053
1,1.3885940335005325-2.245892962233865E-16i,0.6947776685732362-1.123723880789155E-16i
1,1.5563600472609063+6.196610041291261E-16i,0.7787187464507059+3.100449932578654E-16i
1,1.6046833622686782+1.2750935866963431E-15i,0.8028971307220201+6.379881578089981E-16i
1,1.6937971801607836-2.4529055515673205E-16i,0.8474848857742696-1.227301831372616E-16i
1,1.6948256800707664,0.8479994917370968
1,1.7250975480560005-2.674664177211315E-16i,0.8631459041187756-1.3382579043456032E-16i
1,1.765398931751145-5.564328601115394E-15i,0.8833105460000322-2.784090352824383E-15i
2,3.0543827548025915E-13+3.1081510384021466E-5i,1.528248629991848E-13+1.555151383295713E-5i
2,3.7946823469073024E-12+3.1801370063845245E-5i,1.8986546754158013E-12+1.5911692847112206E-5i
2,2.923042175908085E-10+2.725663683647644E-5i,1.4625328779492267E-10+1.3637753106755828E-5i
2,3.9848285789347505E-10-2.4787779125938914E-5i,1.993793609178162E-10-1.240246967417318E-5i
2,1.7097265992511842E-9+2.3073654088823076E-5i,8.554551091731521E-10+1.1544813823580115E-5i
2,2.490716835526949E-9-1.8895308778414632E-5i,1.2462205614560268E-9-9.454194864242365E-6i
2,3.413213324061389E-9-2.5868810758774177E-5i,1.7077881212382212E-9-1.2943359681904093E-5i
2,4.0947850368872944E-9+2.6786674110641396E-5i,2.048809898790363E-9+1.3402609069625792E-5i
2,4.749266913787633E-9-2.1338051503884292E-5i,2.3762773814281376E-9-1.0676411764777097E-5i
2,1.0447702352466954E-8-1.6349065540868047E-5i,5.227467573150366E-9-8.180191881712404E-6i
2,3.0225101328513136E-8-1.357109155845375E-6i,1.512301286537692E-8-6.790243314820356E-7i
2,4.876316062655612E-8-1.2984938889604309E-5i,2.4398459330099015E-8-6.496964087871237E-6i
2,5.745222138125577E-8+8.271996732896242E-6i,2.8745997363243757E-8+4.138861658535907E-6i
2,4.736077903433954E-6-4.671953906839859E-8i,2.3696783109703616E-6-2.3375941166137636E-8i
2,1.1336816972165926E-5+1.997619317830303E-8i,5.6723326436213705E-6+9.99501120453622E-9i
2,1.5099498122992834E-5+3.438266706588826E-8i,7.554975644013449E-6+1.7203234845498475E-8i
2,1.7749337319955787E-5-2.436518337001046E-8i,8.880812465246767E-6-1.21910255177319E-8i
2,2.0179983179616244E-5-4.887544241979906E-9i,1.0096976745633928E-5-2.4454639092254473E-9i
2,2.2248308406394113E-5+8.504846990913517E-9i,1.1131855294902438E-5+4.255367386984189E-9i
2,2.4296726428074594E-5-3.972893964410315E-8i,1.2156773350886595E-5-1.987822170835089E-8i
2,2.4862027173252902E-5+5.3232703955059485E-9i,1.243961939825696E-5+2.663477809458076E-9i
2,2.60446139627201E-5+2.2847769951913856E-9i,1.303132213688983E-5+1.1431793566958506E-9i
2,2.6783818519594623E-5-5.779359878655291E-10i,1.3401180285660132E-5-2.891680423122231E-10i
2,2.8394355830376817E-5+1.0490005549602896E-10i,1.4207006416941022E-5+5.248633814665325E-11i
2,3.0937747752908805E-5-1.822043879541986E-9i,1.5479582755001527E-5-9.116526271361299E-10i
2,0.030999309558255087-7.948532806732482E-14i,0.015510384966850178-3.9770177307458226E-14i
2,0.03603206813818124-1.9273668521196224E-14i,0.018028506309945878-9.643505702132886E-15i
2,0.8766862943596854+5.4633713983034956E-14i,0.43864660582606385+2.7335768058098525E-14i
2,0.9705262259798497-3.860733485388454E-16i,0.4855990536525687-1.9317031077822113E-16i
2,1.026368859906284,0.5135397001412977
2,1.0320764389528145,0.5163954653019395
2,1.2310162338216726+3.768009281438471E-16i,0.6159342243134445+1.8853089099918936E-16i
2,1.2363091472612173,0.6185825131370802
2,1.3907784475916007-6.205348704004721E-16i,0.6958706317379741-3.10482228876054E-16i
2,1.5574411548968419,0.779259674486295
2,1.6032910046559192,0.8022004699610817
2,1.6912245078673231+1.986116427913217E-15i,0.8461976591155554+9.93745693852587E-16i
2,1.6948299761210568+2.8644267430627507E-16i,0.8480016412492889+1.4332048722166738E-16i
2,1.7286792776289515,0.8649380086951444
2,1.7629780656599503+1.1779968429756092E-15i,0.8820992749890745+5.894061766101579E-16i
3,4.3806184973956873E-13+3.108157955773558E-5i,2.1918255682381211E-13+1.5551548443758172E-5i
3,8.335035690678082E-12+3.1801637275155534E-5i,4.170402957908008E-12+1.5911826545260624E-5i
3,1.187411592954296E-10-2.3078507801080768E-5i,5.941168104473942E-11-1.1547242359786499E-5i
3,3.369077372091379E-10+2.7256080909341602E-5i,1.685704867911343E-10+1.3637474950758235E-5i
3,6.217203958325296E-10-1.8905032135973976E-5i,3.1107540195317196E-10-9.45905990869222E-6i
3,9.701903273870346E-10-2.1332095719420547E-5i,4.854309880872827E-10-1.067343181099333E-5i
3,1.4331329902015668E-9+2.590393151821411E-5i,7.170625637628116E-10+1.2960932218421973E-5i
3,1.9608659186200817E-9-2.4793420615450955E-5i,9.811116989241011E-10-1.240529237169016E-5i
3,4.8820797999274034E-9-1.6359060713924713E-5i,2.4427297967219393E-9-8.185192927997898E-6i
3,6.077940984298007E-9+2.673375832266964E-5i,3.041074327642695E-9+1.3376132859221046E-5i
3,3.680663262463004E-8-1.3993152135515024E-6i,1.8416056663088254E-8-7.001419696579737E-7i
3,4.8475012179886286E-8-1.2996081977646733E-5i,2.4254285366254755E-8-6.502539488992114E-6i
3,5.3891909899778607E-8+8.277639495147477E-6i,2.6964609246329974E-8+4.1416849928630345E-6i
3,4.738306665101709E-6-3.992288882915037E-8i,2.3707934632740367E-6-1.9975263434987933E-8i
3,1.133518796981065E-5+2.2992393821353987E-8i,5.6715175785763E-6+1.1504155562189286E-8i
3,1.5097176342746345E-5+4.382463025028591E-8i,7.5538139502226955E-6+2.1927484705245274E-8i
3,1.775175813509766E-5-2.3113099277354554E-8i,8.882023710765428E-6-1.156455007151375E-8i
3,2.018763202043606E-5-2.162886717838919E-9i,1.0100803813634994E-5-1.0821920265780596E-9i
3,2.2221407867457405E-5+6.816114665771974E-9i,1.111839571400629E-5+3.4104166818826246E-9i
3,2.4282695185689443E-5-3.747771353832922E-8i,1.214975287288053E-5-1.8751829409762478E-8i
3,2.485054315765994E-5+3.387248242873579E-9i,1.2433873415351199E-5+1.6947965930184835E-9i
3,2.604443313342489E-5+2.2706039998238982E-9i,1.3031231659649467E-5+1.1360879531318455E-9i
3,2.678383763100611E-5-5.154310811046652E-10i,1.3401189847981153E-5-2.5789395330852444E-10i
3,2.8394276504323252E-5+9.53796901033904E-11i,1.4206966726456098E-5+4.772286004442633E-11i
3,3.0948173548052444E-5-8.494023705683887E-10i,1.5484799261387244E-5-4.24995199796715E-10i
3,0.04648737551876298+7.083656007500874E-14i,0.023259779029579347+3.544279960255475E-14i
3,0.0540296151152763-7.823888979673828E-15i,0.027033509519747305-3.9146526726535405E-15i
3,0.874846908140822+8.576956183263863E-15i,0.4377262760263412+4.291446943236909E-15i
3,0.9661778015760588-1.2461472396502362E-16i,0.48342333627488654-6.235049647164086E-17i
3,1.026493670583169,0.5136021486820571
3,1.0382181482952788,0.5194684458816232
3,1.2255122478381608+8.278241614590929E-16i,0.6131803261565844+4.1419862610040683E-16i
3,1.2371416179763923,0.6189990366484097
3,1.3941728074109778-5.427944669883136E-16i,0.6975689865808654-2.7158511788928006E-16i
3,1.5592445520187914+3.526742296881308E-16i,0.7801619972801941+1.764591904884399E-16i
3,1.60099032239903-4.28288670233991E-16i,0.8010493324680452-2.1429258415533136E-16i
3,1.687969689138452+2.247921207199262E-16i,0.8445691231190605+1.1247387053342392E-16i
3,1.6948371251313543,0.848005218229016
3,1.733335357395186,0.867267660246736
3,1.7594325759262868+2.11691008793314E-16i,0.8803253028765087+1.0591877971458873E-16i
4,6.305887877764882E-13-3.10815301479555E-5i,3.155126676551457E-13-1.555152372176529E-5i
4,2.95309077402615E-11-3.1801353966720195E-5i,1.4775675781140648E-11-1.5911684792977776E-5i
4,1.5555653372327807E-9-1.2055632403948782E-5i,7.783211163534911E-10-6.031989172297047E-6i
4,6.022439791070664E-9+2.5092253761130107E-5i,3.013304519690751E-9+1.2554812383470687E-5i
4,9.35291762850198E-9+2.727605498591605E-5i,4.679696259321164E-9+1.3647468902928196E-5i
4,1.13193074865525E-8-2.6106099759912737E-5i,5.66357184003233E-9-1.3062086318351978E-5i
4,2.1935040827598935E-8-2.7093191587881393E-5i,1.0975113070188844E-8-1.3555973907062762E-5i
4,5.210832476190723E-8-2.2886462889116876E-5i,2.607219930224557E-8-1.1451153428841532E-5i
4,1.0315713045374103E-7-2.1538818613639812E-5i,5.161427232455979E-8-1.0776864813743819E-5i
4,1.682098691637354E-7-2.4436218601593784E-5i,8.41631592165014E-8-1.2226567721857323E-5i
4,2.280648122817585E-7-1.77839367021488E-5i,1.1411134913295172E-7-8.89812413267021E-6i
4,2.4447411009590446E-7-1.5109191885422777E-5i,1.2232167800027065E-7-7.559825880654464E-6i
4,2.5388034645960916E-7+1.9349491046444653E-5i,1.2702805208308932E-7+9.681443210178081E-6i
4,1.1493173886483808E-6-7.999457413687614E-6i,5.7505652226E-7-4.002497661409287E-6i
4,2.1329213668462034E-6+9.71631236447633E-7i,1.0671989787912893E-6+4.861519413778746E-7i
4,4.5330875637938305E-6-9.975539698973441E-7i,2.2681128775063266E-6-4.991222810701983E-7i
4,9.961335497798588E-6+2.6230775578048933E-7i,4.984115793432629E-6+1.3124467383056516E-7i
4,1.3955401780889501E-5+2.865049678703294E-8i,6.9825314522536286E-6+1.4335165556616305E-8i
4,1.656917071539275E-5-1.5277148455924397E-7i,8.29032065679555E-6-7.6438623028624E-8i
4,1.8152333197734982E-5-1.9870360153799926E-7i,9.082449898256769E-6-9.942058058945528E-8i
4,2.0409010322997134E-5-5.820990771290729E-8i,1.0211569593420425E-5-2.9125102796735777E-8i
4,2.225482547102052E-5-1.5594222374019152E-7i,1.1135116083050623E-5-7.802509014762716E-8i
4,2.3578160923654756E-5+1.1662322652190176E-8i,1.1797241872402985E-5+5.835198155080093E-9i
4,2.4624704349456306E-5+1.275896716155911E-8i,1.2320875838772588E-5+6.383900005362598E-9i
4,2.5967636683964147E-5+1.211956868574473E-9i,1.2992806852381262E-5+6.063979444278446E-10i
4,2.6429160273808423E-5+1.735681512687702E-8i,1.3223728400369775E-5+8.684415499977498E-9i
4,2.682532059170553E-5-1.818114366753934E-8i,1.3421945687358916E-5-9.096865105695556E-9i
4,2.8394244052643586E-5-7.461528133903977E-11i,1.4206950489383351E-5-3.733346821171854E-11i
4,3.078025955257431E-5-1.0266194193987725E-8i,1.5400784141428088E-5-5.136650666169056E-9i
4,0.061961478392651044-7.88116500295867E-14i,0.03100218671577674-3.943310509978875E-14i
4,0.07200473979927281-5.593265658182432E-15i,0.0360272938216842-2.7985688977117786E-15i
4,0.8721918112370876+7.941205397901355E-15i,0.43639780853180477+3.9733514900004705E-15i
4,0.961425706289601-1.507199708172068E-16i,0.48104564372810255-7.541215604090019E-17i
4,1.0266671033262238,0.5136889250860792
4,1.0455590343263277-2.461920588053625E-16i,0.5231414298919727-1.2318124701057147E-16i
4,1.218244780298384+8.579245883228331E-16i,0.6095440768051529+4.2925925857822927E-16i
4,1.2383060653742595+4.440206792390582E-16i,0.6195816634124228+2.22164034179468E-16i
4,1.3984857365126653-7.2651892531826E-16i,0.6997269440210526-3.635109419521788E-16i
4,1.561771022687347-1.0906779723709972E-15i,0.7814261071340961-5.4571651650973E-16i
4,1.5978150913228732-7.358252866959723E-16i,0.7994606178466004-3.681673439709942E-16i
5,1.458006907306701E-8+2.7414157556938757E-5i,7.295081322426235E-9+1.3716567991649786E-5i
5,1.5000473402579312E-8+3.1819194573079485E-5i,7.50542900711297E-9+1.592061127155481E-5i
5,2.0541833481415255E-8-3.095594368109065E-5i,1.0278027148409076E-8-1.548868701748193E-5i
5,2.9420778611990826E-7-2.4619967963903546E-5i,1.4720573096600796E-7-1.2318506006530462E-5i
5,4.3463623826384906E-7+1.6325715872933375E-5i,2.1746856533521383E-7+8.168508965425695E-6i
5,4.209369932803963E-6-9.90841335180277E-6i,2.1061420094850893E-6-4.957636401815069E-6i
5,7.0460623327692265E-6+5.469879822415041E-6i,3.5254701101099213E-6+2.7368332707097526E-6i
5,1.068716859259871E-5-6.747958226502668E-6i,5.347283582730445E-6-3.376314870387434E-6i
5,1.843046870322355E-5+1.143780075349191E-6i,9.221613925602933E-6+5.722859489092906E-7i
5,2.1617428078306198E-5-8.108300556251985E-7i,1.0816196756176999E-5-4.0569569079612994E-7i
5,2.690075373710729E-5+5.512002174201472E-7i,1.3459688370699751E-5+2.757909026951641E-7i
5,2.8931244785585097E-5+1.5466351941334254E-7i,1.447563673478992E-5+7.738529536991015E-8i
5,3.090974588592441E-5+1.1736396724734207E-7i,1.5465572128864763E-5+5.872260831558781E-8i
5,8.917142270655534E-5-4.3825596394395506E-5i,4.461657739896612E-5-2.1927968111723896E-5i
5,0.07741686801731076+1.0184485480208504E-13i,0.03873523129990352+5.0957680263966995E-14i
5,0.08994956555568746-1.2858909740838E-15i,0.045005918172074624-6.433905889405998E-16i
5,0.8686651808248916+2.448176803321877E-15i,0.4346332726079911+1.2249358204277493E-15i
5,0.9567668442358994,0.4787146000697085
5,1.0268878647679234,0.513799382221912
5,1.0536562665163554,0.5271928487855866
5,1.2095162523887173+6.821177865028775E-16i,0.6051767915332532+3.4129500341009784E-16i
5,1.2398014821777104+7.463750960766097E-16i,0.6203298894419037+3.734459004018421E-16i
5,1.4034172633120605-1.3979707597736703E-15i,0.7021944144332313-6.994692773960662E-16i
5,1.5650187846298567-1.9257678376847333E-16i,0.7830511122947545-9.635505095085145E-17i
5,1.5938170787451715,0.7974602276744924
5,1.6814035792146447,0.841283795345501
5,1.6948599072712796,0.8480166171848522
5,1.7381403183525064+1.4951413517797243E-15i,0.8696718039280225+7.480882082996184E-16i
5,1.7556668948573164,0.8784411588786447
5,1.7862204848781338+5.591394321925286E-16i,0.8937285297941686+2.7976325818336386E-16i
5,1.891006304376044+1.0475347590503416E-15i,0.9461577103997946+5.241299761368621E-16i
5,1.9213537584630476-6.030435657714783E-15i,0.9613419419959427-3.017305220724457E-15i
5,1.9602046538602622+8.997102780491493E-16i,0.9807808376521576+4.501665672569134E-16i
5,1.9682870489328654,0.9848248328512982
5,1.9864384214665085-5.781940839889829E-16i,0.9939068020849819-2.8929717971206414E-16i
5,2.046049518632212+1.6473622148880391E-15i,1.0237329846197523+8.242513300091286E-16i
5,2.0913565797271505+2.638025858254208E-16i,1.0464021978800833+1.3199260627768401E-16i
5,2.1226121027191773-3.4458614100159017E-16i,1.062040778250254-1.7241234651152738E-16i
5,2.170447775195387-3.344603503921319E-16i,1.085975172461837-1.6734594623731257E-16i
5,2.1911405708015685-3.585019296915651E-16i,1.0963287329270814-1.7937505770653766E-16i
6,8.382435031520977E-8+2.766916185331573E-5i,4.1941190352698814E-8+1.3844158407738727E-5i
6,2.2913727137652489E-7-2.1182898770844883E-5i,1.1464794990432591E-7-1.0598781693256381E-5i
6,2.4944166244451064E-7+3.178314889835205E-5i,1.2480717365703907E-7+1.590257595724042E-5i
6,5.008816526420522E-6-1.0752735887828475E-5i,2.506142028973518E-6-5.380089925992305E-6i
6,8.29461564573314E-6+8.666085833407852E-6i,4.150178944328115E-6+4.336042619895321E-6i
6,1.2754763348525215E-5+3.1127071165008154E-5i,6.381796643726047E-6+1.557430999398665E-5i
6,1.490716347888231E-5-4.6579723063791884E-7i,7.458741746706471E-6-2.3305984767531353E-7i
6,1.9950996119966776E-5+6.723342744019129E-6i,9.982403953587838E-6+3.3639986086737024E-6i
6,2.4145613844809262E-5+5.777415688246326E-7i,1.2081164752721662E-5+2.890707654950242E-7i
6,3.10668152939445E-5-2.1170085625478818E-7i,1.5544161201319067E-5-1.0592370685395368E-7i
6,5.6847324521006604E-5+2.6171367325821782E-5i,2.8443339552427935E-5+1.3094742693204334E-5i
6,0.09284870803413384+1.341516883502912E-13i,0.04645649292858486+6.712227981580403E-14i
6,0.10785585803552908+5.669355949423183E-15i,0.053965262546162386+2.836640381438406E-15i
6,0.8642272938448835-8.374224757718991E-15i,0.43241279297537405-4.1900110564417484E-15i
6,0.9525044702929639-7.568050452011245E-16i,0.47658193770820145-3.7866448521586445E-16i
6,1.0271543046592542,0.5139326943938267
6,1.0622440863952973+2.5725402780517736E-15i,0.5314897313370524+1.2871606053137135E-15i
6,1.199601490008957+9.47765103667173E-16i,0.6002159784197891+4.74210613897685E-16i
6,1.2416265794273706,0.621243069811001
6,1.4087001756417783-1.3817018021591275E-15i,0.7048376992401414-6.913291672062981E-16i
6,1.5689811014340251,0.7850336422242609
6,1.5890650859737026,0.7950825864206876
6,1.6784760873271716-1.0703089188420664E-15i,0.8398190360715336-5.355249391440994E-16i
6,1.694875484285584+3.724944541120812E-16i,0.8480244110838758+1.8637616332833887E-16i
6,1.7336578144170107+2.983892246765999E-16i,0.8674290003738239+1.4929789761919221E-16i
6,1.7601268851828198-2.014518631255203E-15i,0.8806726978349234-1.007956626741692E-15i
6,1.7744078423819463-1.5908226754430736E-15i,0.8878181196849585-7.959619895323085E-16i
6,1.8825992660140332-6.274905319527175E-16i,0.9419512811830142-3.13962467304323E-16i
6,1.916438526706143,0.9588826247454211
6,1.9697833940256249-3.669022630946349E-15i,0.985573523346754-1.8357813212297436E-15i
6,1.9806118207499195+8.820739808014656E-16i,0.9909914848908171+4.4134231395580954E-16i
6,1.996747152944608+3.1577681762679485E-16i,0.9990647361171813+1.5799771268435053E-16i
6,2.052172921257066,1.0267968055038925
6,2.0851762407707173+9.345554746251063E-16i,1.0433098891220527+4.676012269587047E-16i
6,2.122040187182793+7.13051259045191E-16i,1.0617546225176182+3.5677244707996833E-16i
6,2.1706840817060655,1.086093407512973
6,2.1978378567482273-8.843674692904846E-16i,1.0996796941177023-4.4248985207483996E-16i
6,2.2584921017810555-2.8351036131430146E-16i,1.1300278116641558-1.418533157266592E-16i
6,2.3285936521923385,1.1651028520165465
6,2.3355964541165317-1.6826062495777597E-15i,1.1686066769480896-8.41885546822742E-16i
7,2.3216899947093548E-8-2.779739327865942E-5i,1.1616486336237425E-8-1.3908318506794833E-5i
7,7.9506847849457E-8+2.37901439720948E-5i,3.9780944647441895E-8+1.190330677302836E-5i
7,8.473493918103357E-8+3.157995930530974E-5i,4.239679997938786E-8+1.5800910828105156E-5i
7,1.109222595374704E-6+1.1422421293014116E-5i,5.549952470992636E-7+5.715164435364539E-6i
7,4.396000240438883E-6-1.08460452663291E-5i,2.199521764039282E-6-5.4267769136119E-6i
7,1.291042275650256E-5-3.0165413682498544E-6i,6.459680228097611E-6-1.5093148381920873E-6i
7,1.3922753156451955E-5+6.450723426501517E-5i,6.966195838948667E-6+3.227594584701752E-5i
7,1.5211269532616687E-5+2.3647229244117615E-6i,7.610900037693753E-6+1.183179994013606E-6i
7,2.311666404505021E-5-1.7473533891265472E-7i,1.1566333689280239E-5-8.742815283531318E-8i
7,2.9869707689804922E-5-4.3745376052301873E-7i,1.4945193029074595E-5-2.1887830172983473E-7i
7,3.093369894146974E-5+1.464314457027659E-6i,1.547755694781508E-5+7.326640904160065E-7i
7,0.10825204901239244+5.143608926447529E-15i,0.05416349517324704+2.573584886405412E-15i
7,0.1257149193331608-8.163874915167449E-16i,0.0629009749804117-4.0847633240830804E-16i
7,0.8588701959269399+2.1335646698098757E-15i,0.4297323896955439+1.0675208529478128E-15i
7,0.9488053176441417,0.47473108094874505
7,1.0274644254051017,0.514087862112813
7,1.0711610292221385+5.540201738976519E-16i,0.5359512892860059+2.772018570415397E-16i
7,1.188732359259174+1.5939629501213783E-15i,0.5947776507735765+7.97533213854922E-16i
7,1.2437797909433694+1.7321496969965894E-16i,0.6223204208876575+8.666744196396308E-17i
7,1.4141177622176526-1.331348640217615E-15i,0.7075483677866501-6.661351568512181E-16i
7,1.5736439175566828+3.807412772802292E-16i,0.7873666642858054+1.9050242949085255E-16i
7,1.5836402928437578-8.256562289123267E-16i,0.7923683121026469-4.131139094127878E-16i
7,1.675833006190886-3.778963991102766E-16i,0.838496580619893-1.8907900567178873E-16i
7,1.6948938007658805,0.848033575664142
7,1.7267990943873832-6.194728598548923E-16i,0.8639972662624736-3.0995085599596315E-16i
7,1.7620977955162085,0.8816588352180336
7,1.7667631830742936+5.488084964258649E-16i,0.8839931438873757+2.7459421432102783E-16i
7,1.8743767316485558+1.1541431748314698E-15i,0.9378371678292299+5.774710857626728E-16i
7,1.9111995802219872-5.5812897143290774E-15i,0.9562613380797528-2.7925767803983967E-15i
7,1.9802923089311064-9.093696207314294E-16i,0.9908316183846958-4.549995821099489E-16i
7,1.9935055742617926+1.5214299267766125E-15i,0.997442824726661+7.612415953989472E-16i
7,2.0071926055916167,1.0042910780588834
7,2.058841930795704-3.951727499818918E-15i,1.030133618702828-1.9772316119201293E-15i
7,2.0785062440389765+5.267296600984353E-16i,1.039972581984856+2.635471537271471E-16i
7,2.121711979872165,1.0615904052557077
7,2.170983187998846,1.0862430641928518
7,2.204795955188208,1.1031611518333497
7,2.251554466509365,1.1265565926158314
7,2.3285451325542406,1.1650785754027744
7,2.3367246462430833,1.1691711635269442
8,1.25921107664187E-7+3.236836085813069E-5i,6.300414051653044E-8+1.6195384504034464E-5i
8,2.502513520597178E-7-2.9131622614674667E-5i,1.2521229873287095E-7-1.4575895008676968E-5i
8,1.4458582318428973E-6+2.0086813360287908E-5i,7.234295893342139E-7+1.0050359585907881E-5i
8,2.0673587345366736E-6+2.4236651178643057E-5i,1.0343949686035831E-6+1.2126714931555944E-5i
8,5.6845923349838644E-6-1.1125166090054783E-5i,2.8442638481838648E-6-5.56643394113743E-6i
8,7.990198141566029E-6+7.911908679947421E-6i,3.997864820318142E-6+3.9586929901756E-6i
8,1.4455068639149064E-5-1.3404011613080144E-6i,7.232537837467411E-6-6.706645508613901E-7i
8,2.407397343124562E-5+5.281927919581141E-8i,1.2045319748126694E-5+2.642792261095411E-8i
8,2.4416481306569725E-5+5.492166420498936E-6i,1.2216692242422784E-5+2.7479842840971013E-6i
8,3.098329651705642E-5-4.1101886606311645E-7i,1.5502372903451968E-5-2.056517042515708E-7i
8,5.1461884276057035E-5+1.9680878923041733E-5i,2.5748755298602458E-5+9.847251856003196E-6i
8,0.12362179756567437-9.52009567212996E-16i,0.06185368957764493-4.763343148610809E-16i
8,0.1435174703113569-7.685395417008258E-15i,0.07180841269430312-3.845357952771576E-15i
8,0.8526249957657355-7.890253500459062E-16i,0.4266076278838886-3.947857904647018E-16i
8,0.9457371564921038-6.692086644557554E-16i,0.47319593835084256-3.3483597398692167E-16i
8,1.027815893765773,0.5142637179513901
8,1.080305094656093-6.602599972504801E-16i,0.5405264871553704-3.3035854286758613E-16i
8,1.1770972280895609+5.637883691198685E-16i,0.5889560577719206+2.8208933584306604E-16i
8,1.2462592786422353+4.327194836773441E-16i,0.6235610229938983+2.1650952457116718E-16i
8,1.4195062425804206-1.5407687010578175E-15i,0.7102444731516998-7.709176765169743E-16i
8,1.5776294312542931,0.7893608006914703
8,1.5789839779701433,0.7900385429159845
8,1.6734278109888012,0.8372931504778555
8,1.6949148067544628,0.8480440859295046
8,1.7190637916774223+6.347736184368429E-16i,0.8601269373881758+3.1760653153431373E-16i
8,1.7494661979250654-1.736703890187899E-15i,0.8753386640859384-8.68953092636456E-16i
8,1.7742189100294465,0.8877235881111357
8,1.8663499222966045-4.3203583795284454E-16i,0.9338209847310123-2.16167465069874E-16i
8,1.9057521607454937+1.0958976674546337E-15i,0.9535357427564907+5.483281708114053E-16i
8,1.9915483108994672,0.9964635155528832
8,2.0067784806079265,1.004083872220658
8,2.017734573377876-6.75001623451175E-16i,1.009565710978231-3.3773445867566234E-16i
8,2.0659423528688174+3.906669381021197E-16i,1.0336862874993427+1.9546869559779903E-16i
8,2.071520952511208,1.0364775183126227
8,2.1215636130895654,1.061516170508315
8,2.1713581108369704-5.080929211908459E-16i,1.0864306553887542-2.542223333004157E-16i
8,2.211933596328569-4.974634477252549E-16i,1.1067324430466001-2.4890391725194175E-16i
8,2.244271942391622+4.50253603574027E-16i,1.122912809763691+2.252826538288166E-16i
8,2.328486800803776+4.1038376074877843E-16i,1.1650493893364267+2.0533393175727176E-16i
8,2.3376846039364216,1.1696514746560542
9,8.903190833208484E-9+1.8935461679244606E-5i,4.454677191983504E-9+9.474285213294762E-6i
9,1.3538498952698671E-7+3.209269610791E-5i,6.773935730247092E-8+1.605745670955638E-5i
9,9.631238507742252E-7-2.72720297311683E-5i,4.818953037708965E-7-1.3645454882241384E-5i
9,1.2909697507002355E-6+2.4834614857758623E-5i,6.45931735230762E-7+1.2425903751934257E-5i
9,5.1738170632146535E-6-1.1926214941723852E-5i,2.5886994111179336E-6-5.967235644262198E-6i
9,1.0420533744311652E-5+9.249462443303773E-6i,5.213873864854692E-6+4.627932856454867E-6i
9,1.3393421919454439E-5-6.866549244793918E-7i,6.701346996254874E-6-3.435651428959857E-7i
9,2.0469236045609992E-5+4.398371928066495E-6i,1.0241703301426944E-5+2.2007084287956782E-6i
9,2.488792544271149E-5+2.3181210613134E-7i,1.2452577497485688E-5+1.1598629315651763E-7i
9,3.0740757113039506E-5-3.5633219208544024E-7i,1.5381019248175767E-5-1.78289437864431E-7i
9,4.7413113536404685E-5+1.5701048499704128E-5i,2.372296847594712E-5+7.855959054699164E-6i
9,0.13895268015790474-2.045929496132095E-14i,0.06952443754834457-1.02367293182477E-14i
9,0.16125351778156022-3.219588662471542E-15i,0.08068257563448787-1.6109087686613226E-15i
9,0.8455579180054278-1.0046640837349423E-15i,0.42307164278567067-5.026797991036898E-16i
9,0.943297552585169+2.3081276330828285E-16i,0.47197529194605475+1.1548627582966889E-16i
9,1.0282060547468943+1.6476285224088298E-16i,0.514458933493364+8.243845759499542E-17i
9,1.08960896580499+3.359345514329076E-16i,0.5451816431978035+1.6808355704177233E-16i
9,1.1648469546851685+1.4525930824444238E-15i,0.5828266807258214+7.267993458550033E-16i
9,1.2490629386247956+2.3760335181514014E-16i,0.6249638234518873+1.1888392059639813E-16i
9,1.424749779138168-7.00337891583505E-16i,0.7128680564429849-3.5041136270855E-16i
9,1.5711180439123327+3.9266426970804103E-16i,0.7861028531506616+1.9646805276270877E-16i
9,1.5849678352735332,0.7930325428367846
9,1.6711691454230424,0.8361630358741592
9,1.6949384417280096,0.8480559115973538
9,1.7110150162250541+3.004697309193498E-16i,0.8560997636363424+1.5033887089281769E-16i
9,1.7366302583713196-7.554721900565193E-16i,0.8689162512410432-3.779975962853538E-16i
9,1.782082850690427,0.8916582804880436
9,1.8585280161945184+1.0711346856440143E-15i,0.9299073241835113+5.35938108378304E-16i
9,1.9001853235131527-2.7373319637582042E-15i,0.9507503972197089-1.3696134896219792E-15i
9,2.0034047534206145-4.0264207225353505E-16i,1.0023958408356362-2.0146040777993905E-16i
9,2.020294003705971-5.83193385226445E-16i,1.0108463120706512-2.9179856080290967E-16i
9,2.0282864307755086-3.5881599366799575E-16i,1.0148452921264826-1.795321984057363E-16i
9,2.0643864429014704+7.026051569351187E-16i,1.0329077939486409+3.5154578018192773E-16i
9,2.0733862889315944-2.3103154728990588E-15i,1.0374108321955822-1.1559574355097978E-15i
9,2.1215588904608613,1.061513807559259
9,2.171826982066428+7.004727191600585E-16i,1.0866652532998817+3.504788231664212E-16i
9,2.219198703416508,1.1103675113550595
9,2.236721947721853+2.7449771406089826E-16i,1.1191351990525322+1.3734387243702686E-16i
9,2.3284175116115806+5.375780356493243E-16i,1.1650147207563744+2.689750965896502E-16i
9,2.3384913806878713+3.240807405603765E-16i,1.1700551422917407+1.6215254849425355E-16i
10,2.8109036991675333E-8+3.2090677748931365E-5i,1.406424823652935E-8+1.6056446831426643E-5i
10,1.8321737005709813E-7-2.598949333742821E-5i,9.167210440152139E-8-1.3003742744636461E-5i
10,2.1560095616008806E-6-1.9966607146956935E-5i,1.0787510679809431E-6-9.990214870727469E-6i
10,2.975606962373205E-6+2.6606277500513324E-5i,1.4888334661040096E-6+1.3312348321574514E-5i
10,4.112039348768905E-6-1.1940992461363023E-5i,2.057443027186947E-6-5.974629519213767E-6i
10,9.124722262741681E-6+1.053482704524E-5i,4.565519588258795E-6+5.271060077121753E-6i
10,1.3809446823820903E-5-1.6746116766555957E-6i,6.909503452462221E-6-8.378854930978261E-7i
10,1.9510296999871505E-5+6.362286184321941E-6i,9.76190184871404E-6+3.183345351697577E-6i
10,2.4464681762032338E-5+3.3935746346128776E-8i,1.2240809154394573E-5+1.697961978723066E-8i
10,3.095746737840609E-5-4.2419481831941247E-7i,1.54894493935565E-5-2.1224424114068897E-7i
10,4.020639757682142E-5+9.173914586767853E-6i,2.0117115943334415E-5+4.590132777840521E-6i
10,0.15423919996723484+6.606449953854901E-15i,0.0771729887717363+3.3055117519942254E-15i
10,0.1789122026483224+3.067391081676101E-16i,0.08951803049444412+1.5347572961672543E-16i
10,0.8377580709555155-5.136174065783906E-15i,0.41916901939983864-2.569864882550134E-15i
10,0.9414397911883972+9.504204743423926E-16i,0.4710457681969424+4.755392183727279E-16i
10,1.0286319476983152,0.5146720273888521
10,1.099026356089685+9.09009877708147E-16i,0.5498935981019667+4.548195860758513E-16i
10,1.152102491847233+5.855942255538427E-16i,0.5764500379028378+2.9299981200019515E-16i
10,1.2521884079329137-5.631000877248487E-16i,0.6265276399646353-2.817449569019088E-16i
10,1.4297727576280679+1.5987397639535958E-15i,0.7153812843557598+7.999232742307325E-16i
10,1.5641854563589077+1.881988564597509E-15i,0.7826341597087013+9.416457190848555E-16i
10,1.5915519640221958-3.579522542346072E-15i,0.7963268862598584-1.7910002971185846E-15i
10,1.6689150476892893,0.8350352067675878
10,1.6949646332621582,0.8480690164304391
10,1.7029884931328558+2.745749381909621E-15i,0.8520837237670882+1.3738251123263518E-15i
10,1.7236704566596945+4.441171839923571E-16i,0.8624318644432148+2.2221231996054275E-16i
10,1.7901980524468095+7.25816520046493E-16i,0.895718690384871+3.631594961837697E-16i
10,1.8509196496396356+5.992580248825001E-16i,0.9261005073247884+2.9983644129024424E-16i
10,1.8945679797535098-1.6268558568513583E-15i,0.9479397809368055-8.139910528626566E-16i
10,2.01574421485272+2.9482558702032224E-16i,1.0085698427673853+1.4751484526354674E-16i
10,2.0339446466133873+2.3145154516928513E-15i,1.0176763585960793+1.1580588786991022E-15i
10,2.038498994513235+1.1874865042485977E-15i,1.0199551090007248+5.9415429202455E-16i
10,2.057490978552882+1.7688580665969468E-15i,1.0294576749590287+8.850413107775446E-16i
10,2.0811060697130936-5.060002309293258E-15i,1.0412733947328456-2.531752637999948E-15i
10,2.121685035217214+4.0260345564717966E-16i,1.0615769236015338+2.0144108610990124E-16i
10,2.172415340341539-3.8242315186762507E-16i,1.0869596360934164-1.9134394895332478E-16i
10,2.2265568628209427-1.6073013065120965E-15i,1.1140491380311557-8.042070090262726E-16i
10,2.2289624113985385,1.115252744983267
10,2.328335861962475-4.841410725588453E-16i,1.1649738676693837-2.422381182245312E-16i
10,2.3391657144292273+4.663866961152475E-16i,1.1703925425781863+2.3335478445320704E-16i
11,9.324036281545618E-8+3.166255918310172E-5i,4.665245588772758E-8+1.5842239358353896E-5i
11,1.3261631568248063E-7+2.5585494832811794E-5i,6.635406202370873E-8+1.280160365115579E-5i
11,5.836340642268743E-7-8.057919636525595E-6i,2.920190528409862E-7-4.031749009105623E-6i
11,1.5471669112523871E-6-1.996563821209014E-5i,7.741189963086331E-7-9.989730067904245E-6i
11,5.13257391814992E-6-6.654880746407106E-7i,2.5680635625679684E-6-3.329743912240333E-7i
11,1.719580737535302E-5-4.015172303041489E-7i,8.60385589254201E-6-2.008975974493072E-7i
11,2.455433337762059E-5-2.4264405636769907E-7i,1.2285665994449693E-5-1.214060176762514E-7i
11,3.0413302998532824E-5-8.09882740700258E-8i,1.521717884503927E-5-4.052217054274217E-8i
11,0.16947558470247845+9.006204172743031E-15i,0.08479645510419001+4.506219519076276E-15i
11,0.19648162439469805-1.2767979468217896E-15i,0.09830882289642091-6.388409278237027E-16i
11,0.8293231417655965+3.650933039929642E-15i,0.41494863511489494+1.8267302641397546E-15i
11,0.9400949834343677-1.0156317030464355E-15i,0.47037289882440986-5.081674051218636E-16i
11,1.0290903246384608,0.514901374522801
11,1.1085242561507234+5.229542122755222E-16i,0.5546458357621808+2.6165812297162033E-16i
11,1.1389619363543484+1.556742121869663E-15i,0.5698752116477601+7.789099160074583E-16i
11,1.2556330718520199+7.210920596786694E-16i,0.6282511642697929+3.6079563066193083E-16i
11,1.434531541561194-2.1713263182904213E-15i,0.7177623235411047-1.0864147481107185E-15i
11,1.5569019682179839-5.756689705651601E-16i,0.7789898945112808-2.8803374895032884E-16i
11,1.5986839403686766+4.730348678423519E-16i,0.799895343115341+2.366811715335173E-16i
11,1.6664457749354165-2.595308357730998E-16i,0.8337997156696733-1.2985525261601133E-16i
11,1.6949932954640408,0.8480833574525951
11,1.695303304359898+3.4747684954858406E-16i,0.84823846920787+1.7385870138296676E-16i
11,1.7106438235628605-6.286258939909224E-16i,0.8559140388195792-3.1453054132081723E-16i
11,1.7984877228427782-2.7633004196100826E-16i,0.8998663949925542-1.3826067063418666E-16i
11,1.8435337318789058-6.152988111661105E-16i,0.9224049918621897-3.078623868346834E-16i
11,1.8889539973777054-7.374558777584439E-16i,0.9451308465093402-3.689832039195815E-16i
11,2.028471412192579-6.37096228451709E-16i,1.0149378468650028-3.187686404964742E-16i
11,2.0446772042915846,1.0230463524327142
11,2.047635022337972-1.1582014454353606E-15i,1.0245262852833201-5.795016258057569E-16i
11,2.054535574675421+6.102405086247019E-16i,1.0279789500285332+3.0533148466898815E-16i
11,2.0890491258759427-3.5752746172603863E-16i,1.0452476722459487-1.78887486418707E-16i
11,2.1219513320817227,1.0617101642105298
11,2.1731597223457464+6.265200623650788E-16i,1.0873320847579893+3.134768965894459E-16i
11,2.22103810169323-6.868980128962535E-16i,1.111287847187885-3.43686771247721E-16i
11,2.233984700379844-6.673868113918116E-16i,1.117765627903076-3.339244168336341E-16i
11,2.328240139810636+1.159257339109959E-14i,1.1649259734599307+5.800299381330462E-15i
11,2.3397287208099913+6.6799319806210955E-15i,1.1706742406491715+3.342278200651613E-15i
11,2.451318814566865-3.4768789612838615E-13i,1.2265079136348045-1.7396429772512127E-13i
11,2.4948400012308367-4.041774818969534E-11i,1.2482835715120808-2.022286440726371E-11i
11,2.5839549408870366+3.998971734992271E-9i,1.292871887834668+2.0008700827585215E-9i
12,1.5310416503989924E-8-7.761922525016369E-6i,7.660507842390381E-9-3.8836479960828614E-6i
12,9.782338843351078E-8+3.1577721173974765E-5i,4.8945555078062094E-8+1.579979098772463E-5i
12,1.1165630315510906E-7-2.575865309481703E-5i,5.5866800602656784E-8-1.2888242719643581E-5i
12,6.212959349134656E-7-1.961841235589247E-5i,3.1086302456955017E-7-9.815996950076277E-6i
12,4.5629326404593E-6-3.5560838010661645E-7i,2.2830457464973817E-6-1.7792728133271607E-7i
12,1.7290323424070727E-5-1.504797391448596E-7i,8.651146632950349E-6-7.529195705026354E-8i
12,2.468524044185649E-5-1.8544944830165587E-8i,1.2351164839105037E-5-9.278891614160747E-9i
12,3.064333473917015E-5+8.45281681948307E-8i,1.5332274339188084E-5+4.2293342913998866E-8i
12,0.18465572262989055-3.912284799423799E-17i,0.09239177856330055-1.9574966089159248E-17i
12,0.21394863636869935-6.2767175830320946E-15i,0.10704837496380545-3.140531432097649E-15i
12,0.8203480454141291+5.660957895162174E-16i,0.41045798027420477+2.8324384473819086E-16i
12,0.9391880619754897,0.46991912417064013
12,1.0295776708127886,0.515145216301333
12,1.1180783498117208-2.0469927102227413E-16i,0.5594261896733844-1.0242049068939926E-16i
12,1.1255063563585341+1.2128434068665902E-15i,0.563142764097755+6.068415204427475E-16i
12,1.2593940716117624+2.332393274147289E-16i,0.6301329659926412+1.167003978205794E-16i
12,1.4390066478283796-1.5155827701159966E-15i,0.7200014257004989-7.583159931174769E-16i
12,1.549327941895922-1.6973383079333708E-15i,0.7752002596555925-8.492566753964358E-16i
12,1.6063043950863678-4.660569640088853E-16i,0.8037082082396988-2.3318980426563226E-16i
12,1.6634244073910158,0.8322879860728596
12,1.6883557587930744+5.008419395348049E-16i,0.8447622915816019+2.505943325973221E-16i
12,1.6950243271659224+3.929486438097522E-16i,0.8480988840449359+1.9661033824761136E-16i
12,1.697592062149859-7.647985000000352E-16i,0.8493836403398742-3.826639794921234E-16i
12,1.8069072351527242-8.429527775096504E-16i,0.9040790655010695-4.217681707871635E-16i
12,1.8363800085427622,0.9188256539843118
12,1.883386135521978-2.296906623320985E-15i,0.9423449883061991-1.1492483693440606E-15i
12,2.0396164758550928+8.589698131876788E-16i,1.0205142364797712+4.2978223280771067E-16i
12,2.0415069296758515,1.021460117757124
12,2.06126796237328+1.1693168536697703E-15i,1.0313474742449724+5.850631774414603E-16i
12,2.0626955957276576+2.357642716902996E-16i,1.0320617850871638+1.179637439496391E-16i
12,2.097174019606473+8.621508041616545E-16i,1.0493129314846572+4.3137382937181216E-16i
12,2.122394642642841+6.149431705069694E-16i,1.0619319729398466+3.0768444340266024E-16i
12,2.1741133597399434,1.087809233549803
12,2.2129852378844044+2.71416114686632E-16i,1.107258627842668+1.358020060764664E-16i
12,2.241465968753619-4.891788571877666E-16i,1.1215088516771252-2.4475875433185506E-16i
12,2.3281282580477143-1.7960393679814487E-14i,1.1648699938514036-8.98641370081489E-15i
12,2.3401995284054373+8.936126540601313E-15i,1.1709098074135529+4.471156446137804E-15i
12,2.458737652269746-5.899515332665172E-13i,1.2302199004634797-2.951799741072124E-13i
12,2.4903286915425618-5.911771547624598E-11i,1.2460263551105888-2.9579320909523675E-11i
12,2.577220579767642+1.6162820813036455E-8i,1.2895023762243756+8.087005050525548E-9i
13,2.228615664078909E-8-2.576442581871246E-5i,1.115079251299365E-8-1.2891131079778094E-5i
13,4.750868971908435E-8-7.822701342386545E-6i,2.3770789650294177E-8-3.914058442917806E-6i
13,8.148427149806128E-8+3.1624516250886814E-5i,4.077034094269706E-8+1.5823204723959476E-5i
13,7.657421922240075E-7-1.9728418729620166E-5i,3.831361522563757E-7-9.87103821485404E-6i
13,4.3776174813135585E-6-4.2671101957974273E-7i,2.190324021416955E-6-2.1350321273579672E-7i
13,1.7423919435098233E-5-3.910923620351679E-8i,8.717990881761057E-6-1.9568155482175332E-8i
13,2.459122421619706E-5-7.395755139215624E-8i,1.2304124183235988E-5-3.7004375569793136E-8i
13,3.0576284073771396E-5+8.57009223901531E-9i,1.5298725797383835E-5+4.28801259520777E-9i
13,0.1997730831984228-1.6592012684073835E-15i,0.09995569161304056-8.301749547719025E-16i
13,0.2312986052175798-1.6797599300080122E-15i,0.11572936495499486-8.404614018048507E-16i
13,0.8109183259580753+1.0381246025963684E-15i,0.40573985651670824+5.194216406519982E-16i
13,0.9386472825070079+2.0650510937430942E-16i,0.46964854724948146+1.0332403494335542E-16i
13,1.030090227483969,0.515401672054723
13,1.1118043851231376+1.6592566191776165E-15i,0.5562870356414058+8.302026493162895E-16i
13,1.1276701870243167,0.5642254284250456
13,1.2634683123057429+6.654036122616938E-16i,0.632171496608702+3.329321307984808E-16i
13,1.4431957810182978-1.8600543786363604E-15i,0.7220974423337383-9.306710337437976E-16i
13,1.5415141537136046-9.647639016768008E-16i,0.7712906608779353-4.827158969139915E-16i
13,1.6143492953833933+6.117104889825272E-16i,0.8077334430725037+3.0606698367101374E-16i
13,1.6594261223919275-1.1361529000802688E-15i,0.8302874595957618-5.684697211830469E-16i
13,1.682610736312805-7.781135766659629E-16i,0.8418877917433158-3.893261267429697E-16i
13,1.684546612188419+3.7501217728230225E-16i,0.8428563997706133+1.8763589640519022E-16i
13,1.695057609881407-2.409057659154644E-16i,0.8481155369232505-1.2053627075341451E-16i
13,1.815427532617151+6.072808803701151E-16i,0.9083421634728802+3.03850646087692E-16i
13,1.8294695612751801,0.9153680383489735
13,1.8778989559882566,0.9395994991916657
13,2.0321617930337124+1.2707419005843462E-15i,1.016784314684317+6.358108084481962E-16i
13,2.054781614294875-2.5446937213410244E-16i,1.0281020550031024-1.2732276880733058E-16i
13,2.073045775691363,1.037240457709261
13,2.074730296594675+5.508748028935528E-16i,1.0380833012456945+2.756280827919724E-16i
13,2.105447493285233,1.053452532127359
13,2.12309735245992,1.0622835710863279
13,2.175355242410602,1.0884306047538737
13,2.2048353048617018,1.1031808402907026
13,2.248989161635693-4.0219224724966897E-16i,1.1252730522171908-2.012353395743209E-16i
13,2.327997669422703-1.7097360235210557E-14i,1.1648046543365858-8.55459824570231E-15i
13,2.340594492636504+1.7321691053416168E-14i,1.1711074262431098+8.666841305302032E-15i
13,2.4663222902666257+8.265008742248708E-13i,1.2340148448297317+4.1353652443695106E-13i
13,2.4854777227743856-1.2338974811966714E-10i,1.243599191598602-6.173758453239698E-11i
13,2.570348557922457+1.5218732927356267E-8i,1.2860639866009187+7.614634318463876E-9i
14,4.063967518849139E-8-6.9547120765343514E-6i,2.033390472509388E-8-3.4797633617592626E-6i
14,4.9160176167885E-8+3.16194245810025E-5i,2.4597104524833474E-8+1.5820657126572457E-5i
14,5.156682524327446E-8+2.5633896464269246E-5i,2.5801262106771108E-8+1.2825821220760619E-5i
14,5.009435022221438E-7-1.9431504253805992E-5i,2.506451490961843E-7-9.722478202139758E-6i
14,4.214662295482907E-6-3.023142492946356E-7i,2.108790022737783E-6-1.5126176854721055E-7i
14,1.7614152367150836E-5-1.2154697243332216E-9i,8.813173195546584E-6-6.081555882569375E-10i
14,2.456633162719898E-5-8.438535178362016E-8i,1.229166927234656E-5-4.2221885273521536E-8i
14,3.088500358284561E-5-3.6260442371053685E-8i,1.5453192412955366E-5-1.8142772476477886E-8i
14,0.21482061743767872+3.935170169884026E-15i,0.1074846673282615+1.968947215752185E-15i
14,0.24851512645365093-1.7719453880697867E-15i,0.12434358494784963-8.865860401680552E-16i
14,0.8011076749638548-3.72771485728045E-15i,0.4008311351334202-1.8651477502881925E-15i
14,0.9384086173348729+7.285191252954655E-16i,0.4695291320511837+3.6451173429559663E-16i
14,1.030624016936105,0.5156687515481652
14,1.0979157908881019+4.59498416057678E-16i,0.5493379310870297+2.2990826009589506E-16i
14,1.1372853664943803+1.5566367382863474E-16i,0.5690363463851951+7.78857187738032E-17i
14,1.2678524708102985-1.0836676457703913E-15i,0.6343650934058681-5.422089266353681E-16i
14,1.4471079527230717+4.865786711465811E-16i,0.7240548823561823+2.4345776127559274E-16i
14,1.5335028137766382,0.7672822178418368
14,1.622752089172249-3.522955856622612E-15i,0.8119377485334782-1.7626973741060282E-15i
14,1.6541901813341418,0.8276676766835851
14,1.6715318825458378+1.0703513110680081E-15i,0.8363445299943992+5.355461499308339E-16i
14,1.6783589338612408+1.1612324884923023E-15i,0.8397604187867397+5.8101819650795E-16i
14,1.6950930055382138+3.3600058670881484E-16i,0.8481332470036056+1.6811659753736107E-16i
14,1.82281535166102,0.9120386302351641
14,1.8240282067827043,0.9126454776170708
14,1.8725209381547436+7.21254179536916E-16i,0.9369086287127728+3.6087674670767536E-16i
14,2.0243219724443406+8.771885569542707E-16i,1.0128616906922023+4.388979109779359E-16i
14,2.0682308849005135,1.0348313456740696
14,2.083403054325285+2.975762266883784E-16i,1.04242268212362+1.4889111721168368E-16i
14,2.0878753792552422-4.312279314799757E-16i,1.0446603926516602-2.1576323218243319E-16i
14,2.113842307646832+7.272231410749174E-16i,1.0576528451126836+3.6386329358971935E-16i
14,2.1242314887903184+2.8380648046665463E-16i,1.062851031824649+1.4200147780234748E-16i
14,2.1770042428232608-6.417631496934326E-16i,1.0892556757498186-3.2110371653850907E-16i
14,2.1966191063432685,1.0990698970535486
14,2.2565460111635782-1.7168271933146123E-15i,1.129054092730167-8.590078640243573E-16i
14,2.327845256561029-9.880016129748494E-15i,1.1647283951491345-4.943427961294056E-15i
14,2.3409271707227366+1.5752822383599284E-14i,1.1712738804403495+7.881863917803736E-15i
14,2.4740367631869877-1.8888516997245736E-11i,1.2378747515991484-9.450796622731784E-12i
14,2.4803103260738566-1.6688144980201762E-10i,1.241013704591189-8.349848971284875E-11i
14,2.5633689447468724+5.51855553464203E-9i,1.2825717640702983+2.761187975570434E-9i
15,4.2839148345420346E-11-2.5571842272656954E-5i,2.1434402635349323E-11-1.2794772645343008E-5i
15,1.5709985428193543E-8+6.942352002775821E-6i,7.860430612397299E-9+3.473579046529493E-6i
15,4.572815015479579E-8+3.1596207742146355E-5i,2.2879903547204545E-8+1.580904067080284E-5i
15,1.1854662083648206E-7-1.9359535671222564E-5i,5.93143444771793E-8-9.686468999441554E-6i
15,3.704595980585084E-6+6.160060577953384E-8i,1.8535803095078616E-6+3.082162549576239E-8i
15,1.745167092164193E-5-1.860904369968306E-7i,8.731876231010086E-6-9.310963236281476E-8i
15,2.463982500518111E-5-3.1000826963158535E-8i,1.2328441400541058E-5-1.551114419454068E-8i
15,3.0775404894815846E-5-4.992943009752827E-9i,1.5398355132144036E-5-2.4981997761362098E-9i
15,0.22979063161682728-2.089651521852612E-15i,0.11497485618041828-1.0455490787493119E-15i
15,0.2655796865376715-5.6107167138951115E-15i,0.13288177176442081-2.8073004661253574E-15i
15,0.7909780906662053+1.9447481254001274E-15i,0.39576283670195195+9.730472232560938E-16i
15,0.9384169321155924,0.46953329231964486
15,1.0311748696557854+1.258392174959018E-16i,0.5159443685817067+6.296316708669593E-17i
15,1.0838942694412779+1.1814496329285232E-15i,0.5423223169149628+5.911337667449875E-16i
15,1.1469123182477035+2.405988666456605E-15i,0.5738531545618653+1.2038271488754088E-15i
15,1.2725430034255496-7.286353596691456E-16i,0.6367119833075735-3.6456989171612795E-16i
15,1.4507587767239887+1.5113716705193673E-15i,0.7258815580630728+7.562089856773684E-16i
15,1.5253288367867461-7.765770191589952E-16i,0.763192399983631-3.885573161211723E-16i
15,1.6314453249915781-3.1703536724885825E-15i,0.8162873755441062-1.5862742313326885E-15i
15,1.6478888513640935-8.428552062968704E-16i,0.8245148305385789-4.21719351407201E-16i
15,1.6585673645657695,0.8298577834298467
15,1.6754525157474445-5.690890034130582E-16i,0.8383062036941459-2.847414877660422E-16i
15,1.6951303540186236+2.8608560839533877E-16i,0.848151934171718+1.4314183067040603E-16i
15,1.81643290079656,0.9088451955635388
15,1.832694158873386,0.916981453319309
15,1.8672760053113229-1.1409415449916936E-15i,0.9342843467953368-5.708657011937039E-16i
15,2.016315299440156+3.4959294624093513E-15i,1.0088555827379198+1.749174822007706E-15i
15,2.0817871672204933-4.6752780542564965E-16i,1.0416141792435418-2.3392573409517675E-16i
15,2.093183958116351+5.904585963573701E-16i,1.0473165196085508+2.954336811688755E-16i
15,2.1005004671134686+6.46144864657472E-16i,1.0509773066639996+3.2329609071960307E-16i
15,2.1223356601754637-3.551496275442521E-15i,1.0619024612898018-1.7769774625763874E-15i
15,2.1261563970709556,1.0638141522581042
15,2.17923947500244+1.00658608624273E-15i,1.0903740655489271+5.036414656449079E-16i
15,2.188372905105803-4.456436801080274E-16i,1.094943942071653-2.229760964040133E-16i
15,2.2641305099239792-2.1078745922948327E-15i,1.1328489674299842-1.0546669217549992E-15i
15,2.327667189221598-1.6208446160899854E-15i,1.1646392998426922-8.10983351734278E-16i
15,2.341208613503386+1.485616230094346E-14i,1.1714146992500651+7.433223504046651E-15i
15,2.474852614497832+5.553826735141619E-11i,1.2382829596556253+2.7788357846922315E-11i
15,2.4818510287424473+5.3925723247887975E-11i,1.2417845892286157+2.6981527624631558E-11i
15,2.556304658693989+5.593887258017952E-9i,1.279037175792122+2.7988799127918445E-9i
16,3.345093167599432E-8-7.044744598052926E-6i,1.673704463705737E-8-3.52481078662739E-6i
16,4.6875997452327146E-8-2.5764804539422746E-5i,2.3454224515044576E-8-1.2891320571224684E-5i
16,5.3826365748294445E-8+3.158443646231909E-5i,2.6931814482951958E-8+1.5803150956345485E-5i
16,1.907759032775491E-7-1.9544892711930784E-5i,9.545398734357875E-8-9.779211679800222E-6i
16,3.7407241084577567E-6+4.089110363579975E-8i,1.8716568789354383E-6+2.0459705978894114E-8i
16,1.732172236831134E-5-2.627129112455329E-7i,8.666856973589044E-6-1.314473918047329E-7i
16,2.4736089320259144E-5-9.230429473028498E-9i,1.237660687927937E-5-4.61840978319166E-9i
16,3.076542734648094E-5+9.308748537027086E-9i,1.5393362904320093E-5+4.657596424770842E-9i
16,0.24467462528130876-5.753096820744078E-15i,0.12242200499985997-2.8785398033982953E-15i
16,0.28247126000977435+7.098289184671054E-17i,0.14133340539696349+3.551601614009443E-17i
16,0.7805813664303803+2.815261285213859E-16i,0.3905608758328305+1.4086051250231212E-16i
16,0.9386254976623492+4.879563788204905E-16i,0.46963764728648494+2.4414709199613547E-16i
16,1.0317384536288872,0.5162263556487904
16,1.069789678152682+1.2895099722999647E-15i,0.5352651390679825+6.452013407388478E-16i
16,1.1565414521369095-1.3054259400255532E-16i,0.5786710545618076-6.531648337992311E-17i
16,1.2775361528810252+5.359158040029302E-16i,0.6392102863780308+2.681434053969414E-16i
16,1.4541669125634344-1.4035530398276453E-15i,0.7275868056844684-7.022623496890866E-16i
16,1.517021121928051+2.811059239320398E-16i,0.7590356668986237+1.4065026475684711E-16i
16,1.640361475256205+3.4026796552866793E-16i,0.8207485369376128+1.7025176406972913E-16i
16,1.6409481355374282+1.228249358384719E-15i,0.8210420701464551+6.145498288609644E-16i
16,1.6456690469364872-3.401826426646279E-16i,0.8234041599554618-1.702090731038143E-16i
16,1.6734867843772014+3.031517689491914E-16i,0.8373226575852691+1.516808182758844E-16i
16,1.695169470561371,0.8481715059830011
16,1.8103412128345235+1.0630462100154633E-15i,0.9057972429886095+5.31891070796449E-16i
16,1.8414137969552333,0.9213442906001491
16,1.8621846259752284,0.9317368947830045
16,2.008198829715267-4.055779353526632E-16i,1.004794538417941-2.0292935555736856E-16i
16,2.095365503769597,1.0484080475614885
16,2.1016321212927607+4.706150607136218E-16i,1.051543525467589+2.3547043037034395E-16i
16,2.11232217427588+4.833451735450785E-16i,1.056892252243991+2.418398932229368E-16i
16,2.129562262718636-7.171683543189782E-16i,1.0655182639978067-3.588324198197365E-16i
16,2.1309080185125273+1.1143432678013033E-15i,1.0661916077184272+5.575573557964406E-16i
16,2.180151572869829,1.0908304301987288
16,2.1823232328551803+4.134593058504522E-16i,1.0919170118958663+2.0687276888589312E-16i
16,2.271738251034084-9.256216947051143E-16i,1.1366554713498251-4.631312446351373E-16i
16,2.32745873823022+2.6760721212304934E-14i,1.164535002193194+1.3389623637048734E-14i
16,2.341447752052364+2.9334822018342495E-14i,1.1715343513006409+1.4677565046520863E-14i
16,2.4691330604160524+4.7927984899059314E-11i,1.2354212028322866+2.3980582376288122E-11i
16,2.4897394970938245-2.3408983656280136E-11i,1.2457315539408056-1.1712594679223117E-11i
16,2.549173465243078+1.1274685300099942E-8i,1.275469110655418+5.641245301157613E-9i
17,4.533048196844574E-8+3.1588218742069166E-5i,2.268093180405112E-8+1.5805043405429416E-5i
17,6.597822753371936E-8-2.5831902994464623E-5i,3.3011951655094354E-8-1.292489302439254E-5i
17,7.036898369052968E-8+6.9673038078316095E-6i,3.5208849562117576E-8+3.486063585944985E-6i
17,1.6388157866824445E-7-1.955173493689841E-5i,8.19975157621766E-8-9.782635160670924E-6i
17,3.577774881145401E-6+3.2584294202999165E-8i,1.7901258615779123E-6+1.630342592024071E-8i
17,1.729586854153496E-5-1.915546243286803E-7i,8.653921111084935E-6-9.584361741782725E-8i
17,2.462506167679878E-5-3.115125602388028E-8i,1.232105462613011E-5-1.5586410794837414E-8i
17,3.064348586466897E-5+5.0855476819462436E-9i,1.53323499542485E-5+2.544534166673187E-9i
17,0.25946308140392754-1.44148802498962E-15i,0.12982135197873831-7.212429731919506E-16i
17,0.2991658281560828+2.4977612894276928E-15i,0.14968646817463435+1.249745226793377E-15i
17,0.769961063354632-1.2171083315066323E-15i,0.3852470481535422-6.089754590357135E-16i
17,0.9389948304760187-1.3821317760387319E-16i,0.4698224415352131-6.915443029784617E-17i
17,1.0323103056635614,0.5165124796085904
17,1.0556498879866572+7.041880471575121E-16i,0.5281903495984498+3.5233777319917366E-16i
17,1.1661645323764034-2.2837542554126702E-15i,0.5834859256414665-1.142667632792485E-15i
17,1.2828279542289942+2.764060100735116E-16i,0.6418580187709362+1.382986809862533E-16i
17,1.4573515362913185-2.699311651081536E-15i,0.7291802198829758-1.3505901728262637E-15i
17,1.5086037281220883-1.5151216122427426E-15i,0.7548240563754051-7.580852545543736E-16i
17,1.6328503849672078+2.356769506479808E-16i,0.8169903918833114+1.1792005320292988E-16i
17,1.6337389198942074-2.0933052555079875E-15i,0.8174349669067762-1.0473772102905875E-15i
17,1.6494327734195529+6.70747265948619E-16i,0.8252873259838075+3.3560580730917806E-16i
17,1.6721103375398407,0.8366339577194304
17,1.695210143107004,0.8481918563343264
17,1.8045640979395674-1.904052105595346E-15i,0.9029066858344218-9.526851267195718E-16i
17,1.8501779727387915,0.9257294121482492
17,1.8572646107612467+6.12204713407872E-16i,0.929275184148185+3.063142669559112E-16i
17,1.999995610506368+9.852410312590208E-16i,1.0006900893282487+4.929615497160144E-16i
17,2.1078470423621196-1.1438033487195422E-15i,1.054653137252432-5.722975936503757E-16i
17,2.1088248250560677+8.023726682490278E-16i,1.0551423670518425+4.01464069644321E-16i
17,2.1229700143865955-5.196396363778427E-16i,1.0622198579725086-2.5999968770620774E-16i
17,2.1353142256243656-1.2580946603645378E-15i,1.0683962364512012-6.294828105871851E-16i
17,2.139542246143487-4.606619884437249E-16i,1.070511710209611-2.30490449051119E-16i
17,2.172066204615165,1.0867849473794124
17,2.186606230279604-2.26025577196701E-15i,1.0940599931367871-1.1309102572388646E-15i
17,2.279365962304561+2.658603623027011E-16i,1.1404719672623789+1.3302220680083008E-16i
17,2.3272140319372876-5.113627797216776E-16i,1.164412564343407-2.5585839440380996E-16i
17,2.341651777978369+4.0645647356783824E-14i,1.171636434885748+2.0336892876463132E-14i
17,2.463182060515654+2.6994858624074263E-11i,1.232443642986336+1.3506773387912045E-11i
17,2.497679794245565-3.1955742443057384E-11i,1.2497044509933424-1.598893247160543E-11i
17,2.541989491289206+1.3065317741197327E-8i,1.2718746369976421+6.537181336228274E-9i
18,2.3068258603886794E-8+3.1577438661210775E-5i,1.1542114213503727E-8+1.5799649633552876E-5i
18,3.4352481688728974E-8-2.5767657641498264E-5i,1.718813170846795E-8-1.2892748109843176E-5i
18,3.8369454448741456E-8+6.509262401248844E-6i,1.919800853466173E-8+3.256884334919882E-6i
18,2.4085336677730315E-7-1.926198041904954E-5i,1.2051005304674967E-7-9.637657605307171E-6i
18,3.631385470007811E-6-1.1506431189675258E-7i,1.8169497129283075E-6-5.7571984631157345E-8i
18,1.7325075579253662E-5-9.43946273042893E-9i,8.668534739750022E-6-4.722998767248305E-9i
18,2.4550291463160102E-5-1.1820627672492157E-7i,1.2283643638139872E-5-5.914405461373626E-8i
18,3.0824119623806156E-5+2.683453522485614E-9i,1.5422729358891753E-5+1.3426556193513116E-9i
18,0.2741451915366117-8.987707989774071E-15i,0.13716748915175098-4.496965025271285E-15i
18,0.3156358036030018-1.2125109161608553E-15i,0.15792715686146536-6.066751600006171E-16i
18,0.7591545314059326+1.2107168458703805E-14i,0.3798400415759955+6.0577750385087094E-15i
18,0.9394913976425725+1.2016544294436532E-15i,0.47007089700163796+6.012431587473357E-16i
18,1.0328858646169903,0.5168004583108909
18,1.0415223912504306+9.460162336944697E-16i,0.5211217110990983+4.73335573552589E-16i
18,1.1757741895805858+5.2783395603491764E-15i,0.5882940805571828+2.640996839394727E-15i
18,1.2884142389677307-5.601371192008E-16i,0.6446530947925301-2.802624470296714E-16i
18,1.4603306623938188+7.997036261887688E-16i,0.7306708141372683+4.001286247445068E-16i
18,1.500096909887217-2.509441445110139E-15i,0.75056770268411-1.25558934763636E-15i
18,1.6201229798407588+1.4848160143996325E-15i,0.8106222838204749+7.429219655684097E-16i
18,1.6265004301789756-2.9160730629953797E-15i,0.8138132164980826-1.4590459091846364E-15i
18,1.6585898806381691-3.856602884341904E-15i,0.8298690492598227-1.9296363774811358E-15i
18,1.6711023312564184-4.231695929487612E-15i,0.8361296056636046-2.117312735809857E-15i
18,1.695252129702872-8.57683445607282E-16i,0.8482128641656181-4.2913860375063963E-16i
18,1.7991321364943014+1.932082643840216E-15i,0.9001888248774597+9.667100984109226E-16i
18,1.8525316911195366+5.2986557614841084E-15i,0.926907086061286+2.651161972268883E-15i
18,1.858979309695687+5.969757516394352E-16i,0.9301331271460906+2.9869451467626736E-16i
18,1.9917174851170771+3.1404156726152213E-15i,0.996548161220125+1.5712948685729885E-15i
18,2.1116667712403507-3.82200553038954E-16i,1.056564323863186-1.91232572488008E-16i
18,2.121822566183556-3.787738603263676E-16i,1.0616457366900585-1.8951804000671402E-16i
18,2.1320469074359756,1.066761446398349
18,2.1435467773981083+1.844438503849108E-15i,1.072515361976572+9.228576910275913E-16i
18,2.1482229312347503-1.4981228402167295E-15i,1.0748550575118623-7.495799845388686E-16i
18,2.164428447025223,1.0829634248296647
18,2.1924660907462057-3.54690136083518E-15i,1.0969919517185813-1.7746784147761214E-15i
18,2.2870111555884622+2.1628020565686744E-15i,1.1442972102329183+1.0821496666380483E-15i
18,2.3269257363636378-8.130571644836762E-14i,1.1642683167651455-4.068100161230588E-14i
18,2.3418264778776026+3.7812803671803393E-14i,1.1717238453064764+1.891949046553569E-14i
18,2.4570316814105664+1.661019369750425E-11i,1.2293663245243645+8.31084634766108E-12i
18,2.5056517069435857+4.919429052672544E-10i,1.2536931667625137+2.461417351269329E-10i
18,2.5347643910570965+1.2149557809298967E-8i,1.2682595859651828+6.0789843865746785E-9i
19,8.58981146825989E-9+3.1596373479130564E-5i,4.2978790354992295E-9+1.580912359666361E-5i
19,4.1731145183370326E-8-6.514078554577798E-6i,2.088001752701046E-8-3.259294078661144E-6i
19,4.3981695126536E-8-2.5900470728671272E-5i,2.200607151024593E-8-1.295920062572318E-5i
19,2.2507615594977503E-7-1.9383148912688062E-5i,1.1261598646509732E-7-9.698283793727756E-6i
19,3.2963120172487147E-6-1.712821804362978E-7i,1.6492970032865441E-6-8.570037831120044E-8i
19,1.72746604854382E-5+3.077184066146701E-8i,8.643309742020696E-6+1.539657178173592E-8i
19,2.457644682715453E-5-9.316725730337913E-8i,1.2296730373627943E-5-4.661587782674262E-8i
19,3.0747392640694225E-5-1.1593516495581439E-8i,1.538433930884323E-5-5.800771260020209E-9i
19,0.2887084917963766+6.28047050884892E-16i,0.14445418026312218+3.142409194054301E-16i
19,0.3318493433856966-1.638732666378019E-16i,0.1660395389528261-8.199335686980585E-17i
19,0.7481948104909869+6.38734740018219E-15i,0.37435638749006833+3.1958846343870615E-15i
19,0.9400864309279113+6.072206383607954E-16i,0.4703686196107931+3.038205042306945E-16i
19,1.0274557720347473+9.936050418340942E-16i,0.5140835324323338+4.971464501455674E-16i
19,1.0334605063666542,0.5170879780938256
19,1.1853635096793604-3.8027098221103343E-16i,0.5930920598806526-1.902671191670039E-16i
19,1.2942906364559104+1.0942837535035816E-15i,0.647593327609284+5.475206551911897E-16i
19,1.4631201258870252-1.7069236909733783E-15i,0.7320665114365678-8.540526848277375E-16i
19,1.4915180225280686-3.3197454157213604E-15i,0.7462752894844682-1.6610218138249629E-15i
19,1.6074970659021142-2.005055083965113E-15i,0.8043049564819843-1.0032215773579166E-15i
19,1.6193784104697122-2.6830060260775167E-15i,0.8102497414076267-1.3424317162496045E-15i
19,1.6677590980837917-8.385803308175687E-16i,0.8344568318412091-4.1958043395019394E-16i
19,1.6703346949086133+3.9681357158113574E-16i,0.8357455217779094+1.9854413995021303E-16i
19,1.6952951561226322,0.8482343922687835
19,1.7940856709646602-1.2144494527063752E-15i,0.8976638453149445-6.076450992838394E-16i
19,1.847999940974203+1.7784603422550303E-15i,0.9246396423559474+8.898457723651425E-16i
19,1.8678117545978237+4.759234443649373E-16i,0.9345524068843438+2.3812645965476753E-16i
19,1.9833715265249037-2.173860446315945E-15i,0.9923722930305857-1.0876826892936438E-15i
19,2.113853034029434,1.057658212016845
19,2.1330361066064674,1.0672563883877628
19,2.139291612532196-2.021324937717945E-15i,1.0703863066489465-1.0113621359270212E-15i
19,2.153471906040056-5.743924513068936E-16i,1.0774813618093366-2.8739504746324884E-16i
19,2.156935853882532-2.647004998459705E-15i,1.0792145347511706-1.324418740944296E-15i
19,2.1585279967995255+6.530020386613059E-16i,1.0800111573184699+3.2672705128291076E-16i
19,2.2001439996045185+9.623829928241074E-16i,1.1008335638005868+4.815246183531945E-16i
19,2.294671836356945+6.6281412950363675E-15i,1.1481302023066295+3.31636493088647E-15i
19,2.326584634306502-6.7355319655984406E-15i,1.1640976476665577-3.3700974386746113E-15i
19,2.3419765117021485+4.255268081076541E-14i,1.171798914151877+2.1291069709348096E-14i
19,2.4507156477351244+2.021288770043545E-12i,1.2262061214370799+1.011344039570641E-12i
19,2.5136362550813454+1.4234217788703797E-9i,1.2576882046252202+7.122035966313633E-10i
19,2.527508246452488+9.86449255097844E-9i,1.2646290020006878+4.93566079853405E-9i
20,3.288152783884627E-7+3.102223457089148E-5i,1.6452145623446402E-7+1.5521855408496375E-5i
20,3.3726410071348077E-7+2.577083900782944E-5i,1.6874879189596594E-7+1.2894339894215804E-5i
20,4.579731769832741E-7-3.1946522437615835E-5i,2.2914511260817346E-7-1.598431927744618E-5i
20,5.484089091530703E-7+1.246022530501716E-5i,2.743942823703742E-7+6.23442566974975E-6i
20,9.081226619457224E-7-2.163240197776123E-5i,4.543756710912933E-7-1.082368888901196E-5i
20,1.2507669704990985E-6-6.659220972443166E-6i,6.258164292273982E-7-3.331915527596344E-6i
20,1.1310602015745796E-5-1.806781313458013E-6i,5.659216091292962E-6-9.040160610668263E-7i
20,1.780111881686883E-5+8.589351150566554E-7i,8.906721137495475E-6+4.297648717316908E-7i
20,2.3211523330416374E-5-2.0142414983070943E-7i,1.1613796166821702E-5-1.007817964340064E-7i
20,2.7053998091190056E-5-2.7605111003570894E-7i,1.3536363592170513E-5-1.3812110812126014E-7i
20,3.0854860005882975E-5+5.473556305539534E-8i,1.5438110190492005E-5+2.738672784860151E-8i
20,0.3031383751587614+1.8888047434676083E-15i,0.15167411674450532+9.450561678911256E-16i
20,0.347769532024453+1.52920675208817E-14i,0.17400514393083213+7.651326999467928E-15i
20,0.73711239302375+4.12009373797623E-15i,0.3688113426574677+2.0614730097594197E-15i
20,0.9407549366358555+2.1548495727633407E-15i,0.47070310386320097+1.0781706720403923E-15i
20,1.013501122791251+9.854437554829174E-16i,0.5071013775092621+4.930629819994925E-16i
20,1.034029580326363-4.617415357179837E-16i,0.5173727120545323-2.3103059636576166E-16i
20,1.1949256529585628-3.401576238048856E-15i,0.5978764413872759-1.7019655501384505E-15i
20,1.3004525712304906-1.3685750699426941E-15i,0.6506764279059135-6.847612573742736E-16i
20,1.4657330478771284+1.7473253751120034E-15i,0.733373876875746+8.742675116490105E-16i
20,1.4828823279284424+5.4948906416558896E-15i,0.7419544530011704+2.74934733764511E-15i
20,1.594981869541773+1.065593347727805E-15i,0.7980430262567376+5.331655213259927E-16i
20,1.6124653634008557+2.9620023154739295E-15i,0.8067908249717488+1.482026433503839E-15i
20,1.6697320953152035-8.433383724680487E-16i,0.8354440133956956-4.2196110173728023E-16i
20,1.6768576238136619-5.932290596943591E-15i,0.839009244095291-2.968198718132991E-15i
20,1.6953389138973347-4.982160987537621E-16i,0.8482562863025733-2.492805032909277E-16i
20,1.789479437372458+9.81110640181423E-16i,0.8953591341042632+4.908949244720941E-16i
20,1.8436820842881865-9.77994564258716E-16i,0.9224792194179479-4.893358079035043E-16i
20,1.8766702647195397-8.023331896180955E-16i,0.9389847282546745-4.01444316663611E-16i
20,1.9749624437662339+1.971027236256487E-15i,0.9881648409078224+9.86195875009214E-16i
20,2.115157682271797-4.0670834415154574E-16i,1.0583109877326184-2.0349495123967347E-16i
20,2.137121959777572+4.768475599268361E-16i,1.0693007292619607+2.385888373116625E-16i
20,2.1447385640335677+3.0505485737098347E-15i,1.0731116678226613+1.5263302122713012E-15i
20,2.1596722757204847-1.0082906905918608E-15i,1.080583692862856-5.044943578559909E-16i
20,2.1643097518944474+3.1254705648564815E-15i,1.0829040361788125+1.5638171415522142E-15i
20,2.1656675438314967,1.0835834021372361
20,2.2095839393556753+1.003733794534788E-15i,1.1055568012433163+5.022143324907066E-16i
20,2.3023462294024175-5.00963702614911E-16i,1.1519700552652414-2.5065525628478835E-16i
20,2.3261790717782036-5.193392343762032E-16i,1.1638947260198604-2.5984938272339884E-16i
20,2.3421056375151093+1.2091305590306955E-15i,1.1718635217543276+6.049838113492646E-16i
21,1.6836378135357573E-7-2.0337866895674462E-5i,8.424016858701749E-8-1.017597325397415E-5i
21,2.3788531672186358E-7+3.0899678496310016E-5i,1.1902500064988138E-7+1.546053494930317E-5i
21,2.461874819803278E-7-3.1809951866915834E-5i,1.231789570138191E-7-1.591598671917682E-5i
21,2.5070070681881945E-7+2.543154359559572E-5i,1.2543713165333505E-7+1.2724574743435867E-5i
21,1.5136293007818277E-6-7.718028799874994E-6i,7.573385822710527E-7-3.861685940015372E-6i
21,2.1887674648490186E-6+1.1568426887802976E-5i,1.0951413585172737E-6+5.788217771543961E-6i
21,1.0478886402959735E-5-5.774725309559476E-7i,5.2430703925312235E-6-2.8893615343516123E-7i
21,1.8012298034894354E-5+9.86572777870789E-7i,9.012383844673482E-6+4.936278839963957E-7i
21,2.325639636794419E-5+6.763329967378702E-8i,1.1636248218064338E-5+3.3840060616428356E-8i
21,2.7026213705842785E-5+3.795704097995812E-8i,1.3522461782132015E-5+1.8991659046318358E-8i
21,3.091177968751227E-5-7.904452062155176E-9i,1.5466589733644464E-5-3.954962100224937E-9i
21,0.31741743015574586-5.9557204629521585E-15i,0.15881858683503597-2.9799217612166335E-15i
21,0.3633534170037032-9.745656801248457E-14i,0.18180248066999566-4.876201789530237E-14i
21,0.7259369094099059-3.898775245474056E-15i,0.36321973253738715-1.9507371557062596E-15i
21,0.9414749118836909-7.205402143580461E-16i,0.47106334070136485-3.6051951698433625E-16i
21,0.9997134717424202+1.4626019596991866E-15i,0.5002027794887455+7.318072489831548E-16i
21,1.0345884472642826+1.8129372341960563E-16i,0.5176523389712572+9.070961522634718E-17i
21,1.2044534606416348-4.261072384166418E-16i,0.6026436432108149-2.1320111315974557E-16i
21,1.306895254104726-3.2034458692520765E-14i,0.6538999994313028-1.6028317843399898E-14i
21,1.4681796378917875+5.47907704096546E-14i,0.7345980187525869+2.7414350635359178E-14i
21,1.4742037449679763-1.732969798804482E-15i,0.7376121574919554-8.670847544159109E-16i
21,1.5825858823910588-5.0291314236628455E-14i,0.7918407418997138-2.5163065094500368E-14i
21,1.6058243482349026-1.3122935932309473E-15i,0.8034680186492061-6.566010375906191E-16i
21,1.6692482275165659-5.232516038384744E-16i,0.8352019120090235-2.618069216930439E-16i
21,1.685786037479227-9.754421022293654E-14i,0.8434765414341546-4.8805869337248237E-14i
21,1.695383058997064+3.286073010101593E-16i,0.8482783741329463+1.6441739555544088E-16i
21,1.7853897499674438+1.3740388562291692E-14i,0.8933128747859179+6.874950417677799E-15i
21,1.839589718952788+9.232487001800717E-16i,0.9204316202074642+4.619439259776533E-16i
21,1.8855505815386333,0.9434279605219253
21,1.9664936927508765+8.019128828953081E-14i,0.9839275340029783+4.012340178160727E-14i
21,2.1159977599497286-4.013262852444079E-14i,1.0587313173584216-2.0080205882517958E-14i
21,2.13232376100277-2.488003402728433E-16i,1.0668999690126144-1.2448629058215497E-16i
21,2.1486886056579535+1.3621466894087842E-13i,1.0750880559133111+6.815448419696989E-14i
21,2.169577166025322,1.0855395665217111
21,2.1744048916786705+4.052369515923503E-16i,1.0879551004308474+2.0275874564813953E-16i
21,2.1756117246219375-5.707255858139327E-14i,1.0885589346390114-2.855603454576896E-14i
21,2.2204609149336605+1.1161834328953125E-13i,1.1109990540190608+5.5847807530333826E-14i
21,2.310032477981454+4.3462162127380974E-14i,1.155815840094343+2.1746125178062838E-14i
21,2.325694233247206+4.63787297219134E-16i,1.1636521389309964+2.3205418524194525E-16i
21,2.3422168897193956-5.117254883636787E-16i,1.17191918636562-2.560398742737944E-16i
22,4.3203953156526424E-8+7.4069667327994E-6i,2.1616931315460122E-8+3.706047234583566E-6i
22,2.5330722176999775E-7+3.096660903535441E-5i,1.2674129135530042E-7+1.549402338634937E-5i
22,2.7545026139830124E-7+2.5321969338072653E-5i,1.378204758231282E-7+1.266974968633433E-5i
22,2.8770180072812734E-7-3.156599347142191E-5i,1.4395048627013528E-7-1.579392307698843E-5i
22,4.910358080709558E-7+1.99025800039356E-5i,2.456878725436227E-7+9.958179136682418E-6i
22,7.994843173445498E-7+1.2458160623847141E-5i,4.0001889441022045E-7+6.233392614490225E-6i
22,1.0649639980052245E-5+4.3982233025712433E-7i,5.32850628619829E-6+2.2006340646024072E-7i
22,1.743227761084538E-5+7.840620803872203E-7i,8.722172862756965E-6+3.9230243763531583E-7i
22,2.335928777282507E-5+2.669832015013675E-7i,1.1687729535623476E-5+1.335840150628643E-7i
22,2.661858583484318E-5+2.4048352358445974E-7i,1.3318506749180717E-5+1.2032500343177065E-7i
22,3.073997878149452E-5-4.1464470946531304E-8i,1.5380629812989418E-5-2.0746588101224664E-8i
22,0.3315245330390597-7.767621440777748E-15i,0.16587702134874568-3.8864994266021935E-15i
22,0.37855088355480143+2.370200788606575E-15i,0.18940647443912753+1.185920822234248E-15i
22,0.7146988448506316+1.6762670637095033E-15i,0.35759681028264806+8.387137596250852E-16i
22,0.9422267466838272-3.8238471830814846E-16i,0.47143951834363385-1.9132471887008668E-16i
22,0.9861532684264167+5.97452435281301E-16i,0.4934179840640371+2.9893302149780947E-16i
22,1.0351325181352315+1.5940941000922422E-16i,0.5179245627329448+7.975988342369717E-17i
22,1.2139390020358969-2.615267671636133E-15i,0.6073896972597773-1.3085390918854268E-15i
22,1.3136136636800586+9.67547992661685E-16i,0.6572615297480525+4.841089060994748E-16i
22,1.4654955995990209-2.585761679442188E-15i,0.7332550705456811-1.2937758825017813E-15i
22,1.47046722069827-1.2011163488606225E-15i,0.7357426019861396-6.009739322031022E-16i
22,1.5703170791967127-2.2472115296423575E-15i,0.7857020935446845-1.1243836209060124E-15i
22,1.5995015985443775-7.76356123256136E-16i,0.8003044552296795-3.8844679170821697E-16i
22,1.668853211972453+1.2183178847841967E-15i,0.8350042675051818+6.095806543526504E-16i
22,1.6944169595273018-2.8792424856063076E-15i,0.8477949899896923-1.4406178718510192E-15i
22,1.6954272114393028,0.8483004656371155
22,1.7819253653890152+6.460820016981935E-15i,0.8915794833249351+3.2326463748040324E-15i
22,1.835733478596261-5.1571800546569014E-15i,0.918502165219377-2.5803751480583783E-15i
22,1.894449061648163-2.1278310506208817E-16i,0.9478802807214864-1.0646520587023314E-16i
22,1.957968093212497+2.5571470302699793E-15i,0.9796617831589163+1.2794586531609707E-15i
22,2.116577927306515-8.937310255052347E-16i,1.0590216018575664-4.471748713097552E-16i
22,2.124806476000533+1.6377871029603166E-15i,1.0631387244574377+8.19460459689241E-16i
22,2.1515280723568826,1.0765087721237216
22,2.1820313117673757,1.0917709503055824
22,2.1831347830503263-5.3499172140137555E-15i,1.092323067905694-2.676810442316275E-15i
22,2.1871364957924047+1.3476655027489486E-15i,1.0943253094407754+6.742992360813236E-16i
22,2.2323606083639422+5.743621111838914E-16i,1.116953019727372+2.8737986689973273E-16i
22,2.31772826655316+7.410281382473923E-15i,1.1596663982219793+3.707705706762938E-15i
22,2.3251112031089827+3.0658797510567836E-16i,1.1633604220502018+1.5340011077213875E-16i
22,2.342312718757725-4.982595449031101E-16i,1.1719671340553162-2.493022414041734E-16i
23,1.213770719056915E-7-3.157016981563301E-5i,6.073054975203454E-8-1.579601269470545E-5i
23,2.727831715025584E-7+3.0459569974046165E-5i,1.3648600768129983E-7+1.5240328347776263E-5i
23,3.0105772369815486E-7+2.5976646626770063E-5i,1.506330708116854E-7+1.2997314942511026E-5i
23,9.946281090560462E-7-2.06779338637026E-5i,4.976583378838935E-7-1.034612444971978E-5i
23,2.1674819039294727E-6-1.1896153147024492E-5i,1.0844912102139038E-6-5.95219434123881E-6i
23,2.493993779410333E-6+6.8352885208880415E-6i,1.247860167688241E-6+3.4200102463325015E-6i
23,1.084689454973657E-5+6.39921204512327E-7i,5.427201849288968E-6+3.2018210637189894E-7i
23,1.67644155249986E-5+6.333311082478829E-7i,8.388010644183016E-6+3.168847771253219E-7i
23,2.3838114896033427E-5+5.489968303973751E-7i,1.192730883978747E-5+2.7468844649723064E-7i
23,2.6783012831797552E-5+8.731412207537997E-8i,1.3400777162878568E-5+4.3687284192142665E-8i
23,3.0800220807521535E-5-3.9520735974148074E-8i,1.541077167834632E-5-1.977404780517264E-8i
23,0.34543358572873895-3.726412899162408E-14i,0.1728363622119901-1.864496320565747E-14i
23,0.39330336670475347+5.808057903901699E-16i,0.19678782247988713+2.9060393693601687E-16i
23,0.7034314351748692-4.569797241595162E-14i,0.35195920531206415-2.286480423197552E-14i
23,0.9429927817865211-1.8602102376179377E-15i,0.471822801052514-9.307490171840501E-16i
23,0.9728879543888617+1.2630274770778259E-15i,0.4867807353523525+6.319509264028045E-16i
23,1.0356572935945176,0.5181871321098334
23,1.223373000786522+6.478637789707613E-16i,0.6121099621458065+3.241561428660563E-16i
23,1.320602512738332+1.0110195843983475E-15i,0.6607583734169516+5.058597493461697E-16i
23,1.4567714456414365+1.546298954706867E-14i,0.7288899737638345+7.736847175989666E-15i
23,1.4726004071306023+7.701698077414407E-16i,0.7368099335894245+3.8535149260231257E-16i
23,1.5581831041784469+2.0371129312142478E-15i,0.7796309059474972+1.0192615975754037E-15i
23,1.5935331916964208+1.1712512679168404E-14i,0.79731818588466+5.860310541485538E-15i
23,1.6685268902243267-1.5074315574432435E-15i,0.8348409936771958-7.54237565297545E-16i
23,1.6954709561267056,0.8483223531227254
23,1.7025794549844575+2.7403544682163737E-15i,0.85187906310728+1.3711257880692115E-15i
23,1.7792425029655048-4.4078310392869805E-15i,0.8902371234596759-2.2054412586091376E-15i
23,1.8321231477732511+4.5980423088279464E-15i,0.9166957501178621+2.300612733640524E-15i
23,1.903362546364573-1.7508470565634688E-15i,0.9523401084182243-8.760295713794118E-16i
23,1.9493882427419356+2.675905289341873E-15i,0.9753688880701938+1.3388788900129065E-15i
23,2.116579509563221-2.1235359094082487E-15i,1.0590223935336065-1.0625030013638213E-15i
23,2.117001496925571+1.0100976021721175E-15i,1.0592335332826672+5.05398439095548E-16i
23,2.1535894877986417+2.6516260442125097E-15i,1.0775401933887083+1.3267308633624013E-15i
23,2.1918437280617735+5.337900794766794E-15i,1.0966805549500047+2.670798073295823E-15i
23,2.1949712311411176-1.0553745724415963E-15i,1.0982453890523411-5.280525965274264E-16i
23,2.1987372556773845-1.8498684408364968E-15i,1.100129704902742-9.255745390548635E-16i
23,2.244917053859823,1.1232355887984795
23,2.3244057764055155-2.1867601006968683E-15i,1.1630074645200958-1.094136981606556E-15i
23,2.325430300311416-2.9758618358021866E-15i,1.1635200811046167-1.488960991041102E-15i
23,2.342395099685156-1.536723073299526E-15i,1.1720083530345962-7.688934622729198E-16i
24,1.8329143607015063E-9-3.174609603179883E-5i,9.170916304546458E-10-1.588403669838093E-5i
24,1.3547588189796488E-8-2.56349345279003E-5i,6.778483494969953E-9-1.2826340611894396E-5i
24,1.7733673360870542E-8+3.025009645347597E-5i,8.872975063737532E-9+1.513551907974081E-5i
24,2.1164565911767984E-7-2.0570536175351857E-5i,1.0589608917930809E-7-1.0292388430608146E-5i
24,1.5386396668790024E-6-1.1084296144145889E-5i,7.698524224777207E-7-5.545984821345583E-6i
24,2.613187926038303E-6+7.5245903936759815E-6i,1.307498499197553E-6+3.7648997796048534E-6i
24,1.1392623087058764E-5+8.463961933268853E-7i,5.700255017952501E-6+4.2349107060936403E-7i
24,1.71376796101577E-5+9.016017866949107E-7i,8.574771889437106E-6+4.5111297631188766E-7i
24,2.3471260799014105E-5+9.450670127499028E-7i,1.1743754807374492E-5+4.728606345143126E-7i
24,2.6422560127103505E-5+2.890068782270332E-7i,1.3220426042424073E-5+1.4460347676276425E-7i
24,3.083461036986392E-5-3.203826299101885E-8i,1.5427978363216823E-5-1.603022130947946E-8i
24,0.35911173935572743+1.2650953777704162E-15i,0.17968017361984173+6.329855925380298E-16i
24,0.407542420652406-9.79035889950773E-16i,0.2039122781996767-4.898568311969207E-16i
24,0.6921729384275767-1.2368249484794523E-14i,0.3463260598908612-6.188405922870743E-15i
24,0.9437569923689169+5.980997262863334E-16i,0.47220517086970054+2.992568910554448E-16i
24,0.9599936173106015+1.2847711231486122E-15i,0.48032910353131775+6.428302758446706E-16i
24,1.0361584038165859,0.5184378606765613
24,1.2327440493445339+4.895458501372293E-16i,0.6167987301457734+2.449423778385525E-16i
24,1.3278561900533974+1.5235516576133305E-15i,0.6643877228826404+7.623031952391529E-16i
24,1.4480460560634594,0.7245242587440905
24,1.4745813544132733-3.641556067183717E-15i,0.7378010929213936-1.822038531995216E-15i
24,1.5461914478970953-9.205822791036977E-16i,0.7736309269813728-4.606097924770164E-16i
24,1.5879486689639153-1.0953632186199643E-15i,0.7945239914760873-5.48060761398456E-16i
24,1.6682551352825161+2.7389782958720484E-16i,0.8347050221402748+1.3704372255449042E-16i
24,1.6955138452239562+5.6333269127693135E-16i,0.8483438125171028+2.818613391919943E-16i
24,1.7100427439968497+2.530382462860655E-15i,0.8556132909772115+1.266067105094079E-15i
24,1.7775604802724314-1.881802796594711E-15i,0.8893955298930991-9.415527707812003E-16i
24,1.8287677417192392-8.634009336297671E-16i,0.9150168856412187-4.3199932682917945E-16i
24,1.912288257494288,0.9568060535536994
24,1.9407568584934816-5.288800556774173E-16i,0.9710502082544793-2.646230958605789E-16i
24,2.108080153712657,1.0547697736175154
24,2.1173240049676614-2.5141278099642043E-16i,1.0593948989375483-1.257934152214832E-16i
24,2.1551133291446134-7.177061130741848E-16i,1.0783026415284-3.5910148533865955E-16i
24,2.2005174578259172,1.1010204221811597
24,2.20789572518671,1.104712109795659
24,2.2103060941655293+9.784430173394773E-16i,1.1059181286169293+4.895601896726889E-16i
24,2.2578486880917734+1.2579063031898593E-15i,1.1297058821065005+6.293885668013666E-16i
24,2.3235470113156844,1.16257778471983
24,2.3331335446655124-1.1266442939935814E-15i,1.1673743697042132-5.637121268041947E-16i
24,2.3424656160013653,1.172043635601416
25,3.3398765990935085E-8-3.175647388022432E-5i,1.671094373775161E-8-1.588922921481116E-5i
25,1.2393841104692082E-7-3.0169242043929955E-5i,6.20121059117442E-8-1.5095063887796314E-5i
25,1.330697707640949E-7-2.5750343071148922E-5i,6.658094652472623E-8-1.288408483135469E-5i
25,1.375246218380147E-7-2.072533273358624E-5i,6.880991407629809E-8-1.0369840291439005E-5i
25,1.0792347663785743E-6-1.1342173634120805E-5i,5.399909525301872E-7-5.675012828768763E-6i
25,2.2367247074872456E-6+7.581296732477394E-6i,1.1191365798905014E-6+3.7932725774962924E-6i
25,1.0977134808850298E-5+8.674747616648992E-7i,5.492367060573433E-6+4.340376509729771E-7i
25,1.6907106770164757E-5+8.069484553483663E-7i,8.459405658312835E-6+4.037535470697363E-7i
25,2.3486105592820242E-5+6.947327488299968E-7i,1.1751182342696013E-5+3.4760685115200434E-7i
25,2.635772894164738E-5+2.9671282920310855E-7i,1.318798800884813E-5+1.4845911961022808E-7i
25,3.079994805910412E-5-1.085669841541728E-8i,1.5410635209727716E-5-5.4321071756668136E-9i
25,0.3725168642953864-2.182035222233733E-15i,0.186387376177115-1.0917729068923405E-15i
25,0.4211882051249647+1.2228752760087631E-15i,0.21073989382596375+6.118609274730803E-16i
25,0.680969551795728-6.615328669717908E-16i,0.34072048860334975-3.3099541832292726E-16i
25,0.9445047712822678+6.573035701392041E-16i,0.4725793191646608+3.28879305965998E-16i
25,0.9475566824914233+5.62637487814706E-16i,0.4741063311663214+2.8151349682121056E-16i
25,1.0366316482007796-2.7868431819275175E-16i,0.518674646678793-1.3943862366581869E-16i
25,1.2420374659646212-4.7099108096754554E-15i,0.6214486553050416-2.356585706540083E-15i
25,1.3353686607429478+7.873886786281457E-16i,0.6681465586150341+3.939668882337989E-16i
25,1.4393367377860997+2.1236954866495853E-15i,0.7201665849376203+1.0625828452210022E-15i
25,1.4764100808537306-1.7768427029787496E-15i,0.7387160891421077-8.890363927928183E-16i
25,1.5343496402747803-1.811333949815621E-15i,0.7677059242138007-9.062939551079139E-16i
25,1.5827730608552375+1.1805781728517368E-15i,0.7919343959222804+5.906977350569657E-16i
25,1.6680277323580126+9.8054929827339E-16i,0.8345912419641387+4.906140592136193E-16i
25,1.6955554023634674,0.8483646054715629
25,1.7165152673283912+6.642494102843069E-16i,0.8588517930603133+3.323546302910863E-16i
25,1.7771619114510822-3.1478928195217435E-15i,0.8891961075206979-1.5750360301867951E-15i
25,1.8256755588727185+2.8378305922542846E-16i,0.9134697238811383+1.4198975907464043E-16i
25,1.921223709858868+1.5633933594465288E-15i,0.9612768726784655+7.82237837073871E-16i
25,1.9320771257354432+8.175627370209939E-16i,0.9667073374484839+4.0906436196319883E-16i
25,2.099444066780551-9.554211414027795E-16i,1.0504487408321745-4.780412828478058E-16i
25,2.1175772236841715,1.0595215959456383
25,2.1562617050197854-3.893777957944904E-16i,1.078877226968024-1.9482367821666E-16i
25,2.2091404554872676,1.1053349058003659
25,2.220592829794416,1.1110650571108174
25,2.2217474146196494,1.1116427491746552
25,2.270941653895075+8.805401750769103E-16i,1.1362568970439584+4.4057488017772793E-16i
25,2.3224955963782334,1.1620517133113968
25,2.340830078883121-5.732575844245923E-16i,1.1712253009129008-2.868272211961011E-16i
25,2.3425255242835337-4.683259434863928E-16i,1.1720736104793203-2.343250793952892E-16i
26,7.581491689950773E-8-3.1729005385562595E-5i,3.7933701237161074E-8-1.587548545945872E-5i
26,2.067267416664432E-7-3.0191983085666105E-5i,1.0343492780584385E-7-1.5106442280312186E-5i
26,2.8189955206880207E-7-2.58684467814005E-5i,1.4104735353389145E-7-1.2943177567229108E-5i
26,3.677169648182038E-7-2.0716849014087136E-5i,1.8398576498789228E-7-1.0365595495111055E-5i
26,8.061679244182845E-7-1.168506561244549E-5i,4.0336301142953586E-7-5.84657750751963E-6i
26,2.0993623891524926E-6+7.359344109607031E-6i,1.050407873746023E-6+3.6822194387593787E-6i
26,1.0701931266219467E-5+8.935566032084078E-7i,5.354670029533965E-6+4.4708759978632005E-7i
26,1.6734688855814475E-5+7.898381330714094E-7i,8.373137019918531E-6+3.9519246331644343E-7i
26,2.3439952750763504E-5+4.1081822432329076E-7i,1.1728089946193795E-5+2.055513139309649E-7i
26,2.6335338379709192E-5+3.25703379692744E-7i,1.3176784977547294E-5+1.6296442972528546E-7i
26,3.076711271942595E-5-4.018095873325814E-8i,1.5394206174172307E-5-2.0104387716080307E-8i
26,0.3855939115413658+5.268110166969014E-16i,0.19293042632581792+2.635878601873807E-16i
26,0.43414801383875007+2.537165407939436E-16i,0.21722428412729616+1.269460925501052E-16i
26,0.669879353306834-6.630911265243807E-16i,0.33517155056657594-3.317750874795426E-16i
26,0.9356755266881002+1.0205109706502404E-15i,0.46816164068815574+5.10608727847103E-16i
26,0.9452227899352541+3.015709633520299E-16i,0.47293857702813896+1.5088986829283237E-16i
26,1.0370730345104857,0.5188954926163382
26,1.25123354752797+1.1369358263130415E-15i,0.6260498792441119+5.688614553037095E-16i
26,1.3431332935456353+1.446999182017654E-15i,0.6720315626880956+7.240004593532773E-16i
26,1.4306652224724865+8.51459796993219E-16i,0.7158278256982468+4.2602462517246794E-16i
26,1.4780848131219462-8.005316132800704E-16i,0.7395540349727275-4.005429048919254E-16i
26,1.522665497582315-1.1899398818249524E-15i,0.7618598084857333-5.953818300317042E-16i
26,1.5780280469030785,0.7895602464937986
26,1.6678371083075794,0.8344958639557799
26,1.6955951289132174-3.079473576052906E-16i,0.848384482497497-1.5408027256240578E-16i
26,1.7216955111568202+2.29723289547909E-15i,0.8614437080786169+1.1494116183598704E-15i
26,1.7783410287506078-2.513021941191261E-15i,0.889786074313421-1.2573808350398499E-15i
26,1.822854212295903,0.9120580740039346
26,1.923353127164593+3.80810351146676E-15i,0.9623423184137905+1.905369903334973E-15i
26,1.9301666321963906+5.845078801711265E-16i,0.96575142937538+2.924562632782075E-16i
26,2.090726636178793,1.0460870080554825
26,2.117780326024834,1.0596232174183817
26,2.1571418666753273-7.382564833313384E-16i,1.0793176124574122-3.693837838298813E-16i
26,2.2176953797513845-2.8221544863926696E-16i,1.1096153291578392-1.4120541116444643E-16i
26,2.2329154399568334,1.117230627574777
26,2.2329634842630983,1.1172546663581
26,2.284022040551452+6.200737777508928E-16i,1.142801618053773+3.1025152294736483E-16i
26,2.321202280695131,1.1614046077979376
26,2.3425758049376872,1.1720987682106836
26,2.3485073413040225,1.1750665895524406
27,9.17898037452971E-8-3.1693158559293865E-5i,4.5926674252073955E-8-1.5857549638203638E-5i
27,2.3126044163672613E-7-3.0188936005986338E-5i,1.157102699545194E-7-1.510491768574762E-5i
27,3.5999531634000887E-7-2.581565050236573E-5i,1.8012226795579136E-7-1.2916761152660014E-5i
27,6.003510722248899E-7-2.0543245493608443E-5i,3.003833433119037E-7-1.0278733643263523E-5i
27,6.872930776646726E-7-1.1797117288129954E-5i,3.4388444038075464E-7-5.902642131242317E-6i
27,2.0281911552925886E-6+7.2136833361655625E-6i,1.0147976214061004E-6+3.609338632611079E-6i
27,1.0499332457966041E-5+7.515309187316803E-7i,5.253300497289048E-6+3.7602559638025334E-7i
27,1.6837486850798E-5+7.961980627647224E-7i,8.424571600195825E-6+3.983746296069541E-7i
27,2.3477636317462496E-5+2.409991649338555E-7i,1.1746944773438476E-5+1.2058300259200758E-7i
27,2.6341968077771904E-5+3.5185765569682557E-7i,1.3180102121400885E-5+1.7605062084158178E-7i
27,3.088646497497155E-5-2.1610458274692464E-8i,1.5453923614868698E-5-1.0812709441822813E-8i
27,0.3982696486789934+3.616638934262744E-16i,0.19927268250974148+1.8095713406486415E-16i
27,0.4463150702367162+1.2427731351482304E-15i,0.22331202386521487+6.218167445434353E-16i
27,0.6589778039061054-1.0607443627035507E-15i,0.3297170023734079-5.307393503726255E-16i
27,0.9244617967273161+1.7283661959708192E-15i,0.46255089415590767+8.647813594951174E-16i
27,0.9458989188841982-5.299726032814447E-16i,0.4732768755397766-2.651697478400764E-16i
27,1.0374788169627662,0.5190985243011514
27,1.2603047823972442,0.6305886366213609
27,1.3511425523899068,0.6760389644574915
27,1.4220605734973477,0.7115225227734119
27,1.4796023527012518-1.7917386029146683E-15i,0.7403133300477752-8.964894988692485E-16i
27,1.5111474904628317-1.5726744022982312E-15i,0.7560968180507888-7.868815710658561E-16i
27,1.5737326267206906,0.7874110495738474
27,1.6676775391657126-1.8680151743397162E-16i,0.8344160241511376-9.346541871675684E-17i
27,1.6956325124413025,0.8484031872015785
27,1.7254000927394175+1.9747210146484064E-15i,0.8632972811841471+9.880440427799585E-16i
27,1.7812745417902294-3.7586366707704457E-16i,0.891253846247641-1.8806193603962072E-16i
27,1.8203106447027528+2.466456984725545E-16i,0.9107854097697579+1.234082238682708E-16i
27,1.914590457628378+5.997057545370664E-16i,0.9579579505107387+3.0006046109592235E-16i
27,1.9391148866765509,0.9702286539892961
27,2.0819551665481706,1.0416982370591377
27,2.117945396827026,1.059705809957547
27,2.157825138259418,1.0796594847589949
27,2.22616232034375-4.888955850779637E-16i,1.1138517302245226-2.446170202243532E-16i
27,2.243844748526835+3.929667781099203E-16i,1.1226990649612179+1.9661941167475282E-16i
27,2.2447257489246106,1.1231398701120479
27,2.296930913883283+7.16438015624474E-16i,1.1492605230332127+3.584669976710057E-16i
27,2.319606938471083,1.1606063844696934
27,2.342617205376062,1.1721194827603345
27,2.3561454251619898-5.6896061108756345E-16i,1.1788882753491365-2.8467724716121617E-16i
28,7.764447425238379E-8-3.0315745591995008E-5i,3.884911320169892E-8-1.5168366372976771E-5i
28,1.4110710587718166E-7-3.16776684449421E-5i,7.06023961469279E-8-1.5849799219236246E-5i
28,3.114120180336903E-7-1.1587389852798606E-5i,1.5581380204385774E-7-5.797705817935522E-6i
28,3.255145612458057E-7-2.571482122609777E-5i,1.6286995514367092E-7-1.2866311613198305E-5i
28,6.640767659341519E-7-2.0267117138504982E-5i,3.3226824835641055E-7-1.014057388587056E-5i
28,1.6550642782074192E-6+7.563772603666168E-6i,8.281050276825605E-7+3.784504447239714E-6i
28,1.019173904551824E-5+4.411730457404783E-7i,5.099397319820954E-6+2.2073923174235338E-7i
28,1.6901715576592714E-5+8.042612405980594E-7i,8.45670819540399E-6+4.0240900953455245E-7i
28,2.328257241925905E-5+1.5976049372005594E-7i,1.164934530437339E-5+7.993554680421076E-8i
28,2.6219725863004506E-5+2.766705426295742E-7i,1.3118938700755024E-5+1.3843103883032348E-7i
28,3.077515194609648E-5-4.229328727431253E-9i,1.5398228570227982E-5-2.1161283153917365E-9i
28,0.41044505792008606-2.0890952611488387E-15i,0.2053646015604999-1.0452707558517891E-15i
28,0.45756795474766676-2.58700406329036E-16i,0.22894236122561165-1.2943975044680876E-16i
28,0.6483655368974949+9.444815287050204E-15i,0.3244071955093154+4.725676898307864E-15i
28,0.9140410743872388+2.81109144972767E-16i,0.45733692592788905+1.4065187639215075E-16i
28,0.9465221934821909,0.47358872858078577
28,1.0378455327650302+1.4072214089049745E-16i,0.5192820091383171+7.040978040072848E-17i
28,1.2692112258634882+5.42437635638719E-16i,0.6350449412557377+2.714065786998813E-16i
28,1.3593874196072668+1.0430119719727644E-15i,0.6801642519675729+5.218670170679032E-16i
28,1.4135639099246222-6.996061596268358E-16i,0.707271249928153-3.500452434464691E-16i
28,1.4809584525945232+3.0862714953411083E-15i,0.7409918493986212+1.5442040383189565E-15i
28,1.4998053688479156,0.7504218312496284
28,1.569903505180294-1.5874961580653661E-15i,0.7854951633808083-7.942975793934247E-16i
28,1.667544638254737-4.3844374834459535E-16i,0.8343495276929566-2.1937363831777681E-16i
28,1.6956670373680922-5.879583611009695E-16i,0.8484204616155281-2.9418269810224983E-16i
28,1.7276923430203492+8.105301279308538E-16i,0.8644441997705372+4.0554562313114646E-16i
28,1.785891617624051-3.650191305693061E-15i,0.893563982332096-1.8263591402755003E-15i
28,1.8180511308451792+4.932200762794659E-16i,0.909654870726524+2.467807627165853E-16i
28,1.9057972170630622+6.150554554010496E-16i,0.9535582865111948+3.077406247163077E-16i
28,1.9480663716044768,0.9747074949452915
28,2.073145179130725-4.457173162362332E-16i,1.0372901938367267-2.230129399567316E-16i
28,2.1180803215026898-9.11042157200264E-16i,1.0597733189985834-4.55836429280818E-16i
28,2.1583596507481966-2.5364154044981656E-16i,1.0799269260210325-1.269085664172128E-16i
28,2.234517787287927,1.1180323558813112
28,2.254261771086706+5.885419165427874E-16i,1.1279111820184813+2.944746778166718E-16i
28,2.255875509867512,1.1287186099929396
28,2.3095030063949515+1.0285614605773188E-15i,1.155550921028316+5.146367594297446E-16i
28,2.3176393257722183-4.903982552574382E-16i,1.1596218970452976-2.4536887545254967E-16i
28,2.3426502850638373,1.1721360340545177
28,2.3637129015619163-1.348516635364207E-15i,1.182674632976549-6.747250970023769E-16i
29,6.702967662138714E-8-3.165734138539021E-5i,3.353804015045659E-8-1.583962865339505E-5i
29,2.55197854288399E-7-3.010893200227717E-5i,1.276872620433295E-7-1.5064887991083402E-5i
29,2.978738605827133E-7-2.5766475795179992E-5i,1.4904003718267985E-7-1.2892156777596449E-5i
29,4.468359118134674E-7-1.2107165624323012E-5i,2.2357262493915074E-7-6.0577736203372126E-6i
29,5.33225014420077E-7-2.043138186213255E-5i,2.667970792080819E-7-1.0222763106735267E-5i
29,1.8103113834419769E-6+6.645535625667989E-6i,9.057823179671068E-7+3.3250681171245422E-6i
29,1.0071447407981112E-5+8.049876891824098E-7i,5.03920986296849E-6+4.027724852816726E-7i
29,1.7016597122658222E-5+5.973374225535169E-7i,8.514188733856451E-6+2.988754753230901E-7i
29,2.3650165640036737E-5+1.6891958735543868E-7i,1.1833269154507916E-5+8.451826397619315E-8i
29,2.6232865184724796E-5+3.308598582354741E-7i,1.3125512909696744E-5+1.6554445387455714E-7i
29,3.0805206459823834E-5-1.1190186908687305E-8i,1.5413266230245104E-5-5.59896685694173E-9i
29,0.4219845393556878+3.055075944128654E-16i,0.21113833658668346+1.528595464597372E-16i
29,0.46777119586028126+4.706428893559937E-16i,0.2340475135603384+2.3548435432421406E-16i
29,0.6381793025656461,0.31931055245174617
29,0.9045523596121032+1.146387590384409E-15i,0.45258928409004695+5.735906089994477E-16i
29,0.9470828125056625,0.4738692321467586
29,1.0381700365855917,0.5194443733732579
29,1.277892537489928-4.254145685404687E-16i,0.6393886020424475-2.1285453845897052E-16i
29,1.3678562461406605+1.527004666131164E-15i,0.6844015966575752+7.640308947320969E-16i
29,1.4052364508851807-1.0495928088789609E-15i,0.7031046379184666-5.251597134302962E-16i
29,1.4821481970313324-9.583344304727428E-16i,0.7415871334384933-4.794989357968152E-16i
29,1.4886513507585784+3.578890040173818E-16i,0.744840961321938+1.7906838270963864E-16i
29,1.5665553058822346-8.859217783012402E-16i,0.7838199047767078-4.4326754459308656E-16i
29,1.6674350154910547,0.8342946783659854
29,1.6956981976126573-2.169548832082915E-16i,0.8484360525237048-1.0855253897429174E-16i
29,1.728864468312177+2.0783563537584256E-15i,0.8650306681391783+1.0398975849611396E-15i
29,1.7918894922587378-2.291359638382458E-15i,0.8965649957705428-1.1464729568259141E-15i
29,1.8160812703841476+2.77360094275931E-16i,0.9086692586429981+1.387760533368376E-16i
29,1.8969857972588093+1.1993165971074034E-15i,0.9491495265995696+6.000734333553864E-16i
29,1.9570188758958262,0.9791868459358437
29,2.064306669563197,1.0328678796665376
29,2.118190384020103,1.0598283883546378
29,2.1587784270310166+1.5786284869362343E-15i,1.0801364591188365+7.898606743483691E-16i
29,2.242733250762609-2.9155773138525596E-15i,1.12214293134216-1.4587978630132313E-15i
29,2.2640576041896936-2.6360529565864543E-16i,1.1328124893270464-1.3189389290372614E-16i
29,2.266196946779676,1.1338829011400657
29,2.3152230996783247+5.284024081723461E-16i,1.1584129476390919+2.643841067737998E-16i
29,2.3215466824809514,1.1615769279030452
29,2.3426754783590815,1.1721486394226175
29,2.3711603499028597-1.2196009148790175E-15i,1.1864009350276215-6.102226135116868E-16i
30,2.7251856466606775E-8+2.0260068581309318E-5i,1.3635361267130395E-8+1.0137047167465425E-5i
30,4.588009335176668E-8-3.1672639186099954E-5i,2.2955927739733203E-8-1.584728284897345E-5i
30,5.9556775661184594E-8+3.0428374808932484E-5i,2.9799002979513544E-8+1.5224719967237709E-5i
30,1.7273904760303106E-7-2.5582100607289078E-5i,8.642931617864336E-8-1.2799905363507714E-5i
30,1.9710822460292982E-7+1.2808703863267743E-5i,9.862233989368561E-8+6.408785572217969E-6i
30,6.057897852111785E-7+5.130705764579506E-6i,3.031045823763745E-7+2.5671288391348587E-6i
30,9.812946605716027E-6+8.047756679907407E-7i,4.909869983645165E-6+4.026664012962297E-7i
30,1.7447924583947602E-5+3.644318159262818E-7i,8.730001765395113E-6+1.823420534113045E-7i
30,2.357555260037376E-5-1.5824630818535108E-9i,1.179593680791017E-5-7.917792991244183E-10i
30,2.6537269030289843E-5+1.1798142553370164E-7i,1.327782019967786E-5+5.9031551187506004E-8i
30,3.078032852873377E-5-1.601000449370195E-8i,1.540081865338342E-5-8.010543994590058E-9i
30,0.4327012780625202+5.974583080712551E-16i,0.21650041546201282+2.989359599256105E-16i
30,0.4767777128673349-1.0900835235307131E-15i,0.23855388960485535-5.454190863254036E-16i
30,0.6286067176359595+2.537453922506419E-15i,0.31452094650557866+1.2696052826517831E-15i
30,0.8961456875283617+8.076156558342938E-16i,0.4483830381391858+4.0408737825934257E-16i
30,0.9475721596547348+3.1203895760143674E-16i,0.4741140751052857+1.5612748883834662E-16i
30,1.0384495324470213,0.519584218049452
30,1.2862538192737756+2.5503577053100364E-16i,0.6435721371318365+1.2760616406050664E-16i
30,1.3765322545439627+2.73182596371432E-15i,0.6887426039970438+1.3668585837377803E-15i
30,1.3971737436933147-2.817977807204469E-16i,0.6990704934745129-1.4099643263229469E-16i
30,1.477702650918113-3.7824306628323353E-16i,0.7393628215881166-1.8925245925461213E-16i
30,1.4831663766464303-5.125847894896989E-15i,0.742096575681582-2.5646982227769994E-15i
30,1.5637006801096096+2.1760168503842223E-16i,0.7823916037822454+1.0887616377515184E-16i
30,1.6673460450382778,0.8342501623431156
30,1.6957255108277784,0.8484497185855381
30,1.729287608381206+2.287061526663442E-15i,0.8652423846405799+1.1443224132059928E-15i
30,1.7988793875253666-3.5196732593169664E-15i,0.9000623629057573-1.761054939205792E-15i
30,1.8144059739791847+6.518655959081583E-16i,0.9078310305487328+3.2615843653486353E-16i
30,1.8881764790421764+2.1629613228890505E-15i,0.9447418182092041+1.0822293549271262E-15i
30,1.9659698078016135+2.6746914155146876E-16i,0.9836654101893451+1.3382715329256322E-16i
30,2.0554470271539174-2.7385636169677403E-16i,1.0284349917604918-1.3702297425546343E-16i
30,2.118279192877868+3.8657706907302217E-16i,1.059872823524067+1.9342234540454423E-16i
30,2.159104447958998,1.0802995824326231
30,2.2507728232416944,1.1261655004218087
30,2.2730407371044694,1.1373071652311892
30,2.27549890344008,1.138537099275566
30,2.3122847949516774-5.991471737900177E-16i,1.156942778202751-2.997809773736958E-16i
30,2.332823074662004-5.087077093761483E-16i,1.1672190272355034-2.545299401975691E-16i
30,2.342693200949155,1.172157506852201
30,2.3784102072598463-6.210801611264993E-16i,1.1900283731920198-3.107550629875248E-16i
31,3.54589354351185E-8-3.160654571644522E-5i,1.7741741572657487E-8-1.5814213236367614E-5i
31,6.73483823083825E-8+1.9900458547009224E-5i,3.369750331163226E-8+9.957117673892194E-6i
31,8.386898870985291E-8-3.0466503290174455E-5i,4.196352500127917E-8-1.5243797405757847E-5i
31,1.4476139814657119E-7-1.2298086256256101E-5i,7.243080718857068E-8-6.153300022105342E-6i
31,1.504154806040992E-7-2.552267949562129E-5i,7.52598055372523E-8-1.2770174239484013E-5i
31,1.0465583652723523E-6+6.051620255384494E-6i,5.236414412761939E-7+3.0279048524552074E-6i
31,1.0009637568583115E-5+8.73822219422805E-7i,5.008283548238786E-6+4.3721357697871347E-7i
31,1.7214323620449877E-5+1.8980186687879307E-7i,8.613120424355311E-6+9.496663198851706E-8i
31,2.382262138354701E-5-1.0286021719893067E-7i,1.191955672057651E-5-5.1465712922770054E-8i
31,2.6274473514312473E-5+2.974711501133451E-7i,1.3146331476914174E-5+1.4883854255266743E-7i
31,3.085864471238742E-5-1.6291080788107895E-8i,1.5440003853793123E-5-8.15117943432781E-9i
31,0.44233957178663635-1.662607884397621E-15i,0.22132289855002105-8.318794419426093E-16i
31,0.4844338489631959+5.855641527080169E-16i,0.24238460776915002+2.9298476516778323E-16i
31,0.6199040290939699+6.874577879163051E-16i,0.31016658986162854+3.4396685251983815E-16i
31,0.8889771431180448,0.44479628459401305
31,0.9479828393712247-7.114781911288716E-16i,0.4743195571173565-3.559853686156799E-16i
31,1.038681602546643,0.5197003334286563
31,1.2941399434351835-3.575667316189691E-16i,0.6475179289376171-1.7890713495816284E-16i
31,1.3853874531889148+2.6718124136610982E-15i,0.6931732684827488+1.3368310354530825E-15i
31,1.3895313888821257-6.458440388488257E-16i,0.6952466707228466-3.23145573686593E-16i
31,1.466987592034648-9.660928467426452E-16i,0.7340015832059297-4.833808294516761E-16i
31,1.484007850193235-2.6052993616509246E-16i,0.7425176037249918-1.3035514864341205E-16i
31,1.5613503525582293-4.181444858131435E-16i,0.7812156264576021-2.0921698060853657E-16i
31,1.6672757039609687-5.352143405491478E-16i,0.8342149674564038-2.6779243086352813E-16i
31,1.6957485335986413,0.8484612379401358
31,1.7292850506359452+1.7667508743201934E-15i,0.8652411048826044+8.83986985249739E-16i
31,1.8065046323392775-3.1358920592524697E-15i,0.903877624736282-1.5690314960754297E-15i
31,1.8130294450839073+6.477551754068197E-16i,0.9071422896255318+3.241018034917441E-16i
31,1.8794056900149139+1.8585174211728478E-15i,0.9403533877501249+9.29902023005286E-16i
31,1.9749155699654917-2.9812354534093316E-16i,0.988141387782423-1.4916496598837045E-16i
31,2.0465729310157204,1.023994871986933
31,2.118349238738489,1.0599078707002474
31,2.159353840876325-5.295243896892274E-16i,1.0804243652168484-2.6494548589806126E-16i
31,2.258588966098892-1.420891998761938E-15i,1.13007627735196-7.109378309119795E-16i
31,2.2809804388545065+5.265969068949079E-16i,1.1412797643767807+2.634807311738182E-16i
31,2.2835680915147334,1.1425744864042242
31,2.308768792080062+4.59689413523489E-16i,1.1551835597278743+2.3000382494119766E-16i
31,2.3427040323381836,1.1721629262959228
31,2.3430245400712333+8.51818670566089E-16i,1.1723232911038908+4.262041861804053E-16i
31,2.3802435437700877+3.2939247906232526E-15i,1.1909456760433683+1.6481025636525114E-15i
32,1.845737857327375E-9+5.997613705615102E-6i,9.235078175285725E-10+3.0008828835923058E-6i
32,2.4991278403798064E-8-2.5494228921514435E-5i,1.2504289752912028E-8-1.2755939104469284E-5i
32,5.5061460326355925E-8-3.1593241384247694E-5i,2.754978929107479E-8-1.5807556465070095E-5i
32,1.3691566716162012E-7+3.0596044037479185E-5i,6.850522595282573E-8+1.530861261900684E-5i
32,4.2062305370854753E-7+1.2169564353140812E-5i,2.1045712249466304E-7+6.088994583616649E-6i
32,6.086915365133059E-7+2.018963213420995E-5i,3.0455646244775067E-7+1.0101804562846915E-5i
32,1.0071912724039435E-5+8.146799684945919E-8i,5.039442682063453E-6+4.076219798504363E-8i
32,1.7211286078061863E-5-4.35252104028777E-8i,8.611600601737885E-6-2.1777671139517638E-8i
32,2.3698046103141398E-5-1.9666017500867384E-7i,1.185722595953768E-5-9.839816000741779E-8i
32,2.648174176585105E-5+2.6674029348495264E-7i,1.3250037347095828E-5+1.3346247697379663E-7i
32,3.1004748871776016E-5-7.4570618355389E-9i,1.5513106506389837E-5-3.731112126012306E-9i
32,0.45055945455106194-1.0355016718745877E-16i,0.2254356851854468-5.181092673825308E-17i
32,0.49058753309666614-1.45823427751418E-15i,0.24546357988932438-7.296218960489227E-16i
32,0.6124115616939477-2.549865796475727E-15i,0.3064177626979934-1.2758155159172118E-15i
32,0.8832007370837128+1.7147563241810012E-16i,0.4419060821155045+8.579717126411171E-17i
32,0.9483087196865997+2.34000903125966E-16i,0.4744826100761679+1.170814492901449E-16i
32,1.038864232537603,0.5197917116401922
32,1.3012898958726555+1.6667397144366663E-15i,0.6510953800608896+8.339467871653394E-16i
32,1.3825707379217094+1.6089048807853395E-15i,0.6917639358634446+8.050093512285787E-16i
32,1.3943652302391734-1.7403817051135449E-15i,0.6976652646007392-8.70793273148425E-16i
32,1.456563031135802+1.1319853764032663E-15i,0.7287856943698373+5.663845167862425E-16i
32,1.4846678820652095-3.072743630834131E-16i,0.7428478481262574-1.5374354234926072E-16i
32,1.5595131302312761+2.642245914912015E-16i,0.7802963793528501+1.3220375518479597E-16i
32,1.6672224590298785,0.8341883265605093
32,1.695766876783663+6.993923934512101E-16i,0.8484704158820079+3.499382863650343E-16i
32,1.7290913835807604,0.8651442043185558
32,1.811955159763865-1.5306122619964774E-15i,0.9066047751093849-7.658359414080777E-16i
32,1.8144587499442713-2.0111776922825238E-15i,0.9078574367992963-1.006285000813391E-15i
32,1.8707483886275393+3.476540503666772E-15i,0.9360217403939189+1.7394736312880016E-15i
32,1.9838497544678118+2.3558844080195667E-16i,0.9926115725371976+1.1787576764287213E-16i
32,2.0376928142420785+2.351966924171257E-16i,1.0195517398116525+1.176797578495749E-16i
32,2.118402240380239,1.0599343898672589
32,2.159537905746846+3.7720071925189645E-16i,1.0805164613648381+1.887309249380265E-16i
32,2.2661123615239527+2.0337437926398314E-15i,1.1338405792336272+1.0175758620851452E-15i
32,2.2876088034586144,1.1445962410394996
32,2.290177229070734-4.1231291858735316E-16i,1.1458813428875856-2.0629917844064965E-16i
32,2.304659314197872-1.7587719589314516E-15i,1.15312739832061-8.799947657112766E-16i
32,2.3427089839631776,1.1721654038223892
32,2.3517580805722353-9.248928357851487E-16i,1.1766930844065306-4.627665628858892E-16i
32,2.3771825444292682-4.2508288390662205E-15i,1.1894141168300845-2.1268858133180027E-15i
33,7.894010599412521E-9-2.5550378612884687E-5i,3.949737754616489E-9-1.2784033385965645E-5i
33,2.0923676751362153E-8-6.0549207470649905E-6i,1.0469080955680088E-8-3.0295562407368787E-6i
33,4.4908542277077164E-8-3.158792967562574E-5i,2.2469815906981803E-8-1.5804898772149434E-5i
33,1.7909057178002553E-7+3.057021706599943E-5i,8.960727680148587E-8+1.529569019344681E-5i
33,2.252304732899415E-7+1.2213516002123413E-5i,1.1269319855101633E-7+6.110985621654671E-6i
33,6.215158940804343E-7+2.047649595302642E-5i,3.109730802903158E-7+1.0245335768099821E-5i
33,9.769434631770442E-6+1.9344905506120558E-7i,4.888098935315997E-6+9.67914885276428E-8i
33,1.7281431462716113E-5-1.290216998726116E-7i,8.646697574384666E-6-6.455550986840281E-8i
33,2.3750784583541996E-5-2.7061825602442763E-7i,1.1883613454783106E-5-1.3540280057233508E-7i
33,2.6508441496892855E-5+2.419950165698731E-7i,1.3263396454536318E-5+1.2108127311688733E-7i
33,3.0965044008562066E-5-1.4669050042280596E-9i,1.5493240331230444E-5-7.339602607154611E-10i
33,0.4569389400462625-1.724095425738004E-15i,0.22862763614600126-8.626444960823551E-16i
33,0.49509950567235694+4.096383606178828E-16i,0.2477211279639781+2.0496097367693758E-16i
33,0.6065515287746318-1.0087056243703903E-14i,0.30348571783014894-5.047019683715944E-15i
33,0.878957209278198+8.322561129587659E-16i,0.4397828493461623+4.164161359383326E-16i
33,0.9485449759272114-2.112935035562321E-16i,0.4746008199748697-1.0571988950247313E-16i
33,1.0389958328468816,0.5198575573473307
33,1.307265755888853+3.3743172859318784E-16i,0.6540853785698902+1.6883266385900267E-16i
33,1.3767299446518404+2.9785939389895004E-16i,0.6888415174799895+1.4903279883325987E-16i
33,1.4033175010979595+1.0112832499790498E-15i,0.7021444987942088+5.059916734024625E-16i
33,1.446577227945728+1.0438299277082067E-15i,0.7237893362609515+5.222762780651106E-16i
33,1.4851424433931637+8.049902770986499E-16i,0.7430852930562201+4.0277378013558127E-16i
33,1.5581958919185963-8.0444516300438935E-16i,0.7796373042439562-4.025010344011336E-16i
33,1.6671851873723822,0.8341696778304454
33,1.695780220034413,0.8484770921260533
33,1.728861316008132+9.026306196415232E-16i,0.8650290908960084+4.51627748908308E-16i
33,1.8111858466917359-8.100985921967123E-16i,0.9062198522811415-4.053297058910896E-16i
33,1.8224005358631896-1.9062572255491794E-15i,0.9118310787507484-9.537884499828773E-16i
33,1.862393835408852-3.884805672753173E-16i,0.9318415719161546-1.9437475338788405E-16i
33,1.9927560850711232,0.9970678207010413
33,2.028824283163059,1.0151144044939877
33,2.1184393633170586,1.0599529641855059
33,2.159664410843574+4.081625083760363E-16i,1.0805797577020302+2.0422253670039104E-16i
33,2.273218280817361,1.1373959985431124
33,2.2926365884865008-4.478662390901198E-16i,1.1471118738850163-2.240881452178425E-16i
33,2.2951020956193724,1.148345480868988
33,2.30002200790945,1.150807140006229
33,2.3427097560464865,1.1721657901312945
33,2.358550004818649+8.260204909713293E-16i,1.1800913975053948+4.132961665289772E-16i
33,2.374964929861589-5.585578965223538E-16i,1.1883045419349352-2.794722890538929E-16i
34,6.088165311589467E-8-1.232860764629992E-5i,3.046190030365674E-8-6.1685712818865775E-6i
34,6.250495084564767E-8+2.5508405229943097E-5i,3.127411106135015E-8+1.2763032165710667E-5i
34,6.498297470556958E-8-3.16268186171807E-5i,3.251398074142158E-8-1.5824356704053925E-5i
34,1.816477179156452E-7+3.074241249291949E-5i,9.088673500701202E-8+1.538184751111358E-5i
34,3.7579373786593206E-7+5.955311665845725E-6i,1.8802694722857172E-7+2.979717221161243E-6i
34,6.052972290425622E-7+2.06737345819267E-5i,3.0285813379729624E-7+1.0344023355280688E-5i
34,9.65581282105659E-6+7.514746643852904E-7i,4.8312487005876855E-6+3.7599744973502156E-7i
34,1.740648759843214E-5-1.3371267188700027E-7i,8.709268929523306E-6-6.690261962177194E-8i
34,2.3787020433830458E-5-3.7070254578765427E-7i,1.1901743922705916E-5-1.8547958890996562E-7i
34,2.6441288123720107E-5+2.1171382099704536E-7i,1.322979652329351E-5+1.0593019371273444E-7i
34,3.090005847323921E-5-3.0047871496529616E-9i,1.5460725069294042E-5-1.5034336602555366E-9i
34,0.4610217839244757-1.813477511156459E-16i,0.23067047133210855-9.073664777566513E-17i
34,0.4978565108629209+7.181041684757687E-16i,0.24910058487674874+3.5930065082346165E-16i
34,0.6027803098028675+9.485708027937113E-16i,0.30159880296398284+4.746137423479034E-16i
34,0.8763608580282889+5.266107473753612E-16i,0.43848377501292357+2.6348765620482745E-16i
34,0.948688130161524-7.270701744084326E-16i,0.4746724466438332-3.637867573081671E-16i
34,1.0390752556626348+1.3348192450915378E-16i,0.5198972962468429+6.678716606130588E-17i
34,1.3113942254145503,0.6561510423727288
34,1.3726824586445632+6.63125944942489E-16i,0.6868163734682228+3.317925087407414E-16i
34,1.4116817041850445+2.778104882158666E-16i,0.7063294955464045+1.3900140620742363E-16i
34,1.4375928609542554-5.709742690884312E-16i,0.7192940428912934-2.8568477317486313E-16i
34,1.4854284638565132-1.8085126456060908E-16i,0.7432284022918181-9.048823264290177E-17i
34,1.5574035699919537,0.7792408690241069
34,1.667163121885599-3.5805722866822924E-16i,0.8341586374492443-1.7915255326481356E-16i
34,1.695788324476671-3.3580901249831086E-16i,0.8484811471524765-1.6802074412007598E-16i
34,1.7286896216098435,0.8649431842660849
34,1.8107234692714191,0.9059885035223697
34,1.829591325591011-1.5767792687714421E-15i,0.9154289626547296-7.889354251724248E-16i
34,1.85498810530633,0.9281361434247604
34,2.0015609593964103-4.843206055480412E-16i,1.001473305607513-2.423279468631802E-16i
34,2.0200417799155694-3.01981726916969E-16i,1.010720112870002-1.510953922581513E-16i
34,2.118461358047309,1.0599639691639486
34,2.1597384160679893,1.0806167859306133
34,2.2795486795575957+4.649001022670918E-16i,1.1405633891351574+2.3261097295537624E-16i
34,2.2951818762911316+1.8104567916399586E-15i,1.1483853988203723+9.05855072398098E-16i
34,2.295789898999608,1.1486896206372919
34,2.2981476498571465,1.1498693121845378
34,2.342708682441276,1.1721652529570685
34,2.362899903747118-5.479506497200807E-16i,1.182267852655812-2.741649940306774E-16i
34,2.3736248324627693,1.1876340293704633
35,9.633875746339044E-8+2.5604468977725287E-5i,4.820272569868507E-8+1.281109729137613E-5i
35,9.836505031058249E-8-3.184312671354388E-5i,4.921657350895523E-8-1.5932585625725054E-5i
35,1.4118923178717932E-7+5.937982708782555E-6i,7.064348752921896E-8+2.9710467443359876E-6i
35,1.4372110482529162E-7+3.107440282658886E-5i,7.191030043789074E-8+1.5547957594011016E-5i
35,1.8074885298060805E-7+1.2052272502498732E-5i,9.04369914038705E-8+6.030308058566335E-6i
35,5.717715280230962E-7+2.0976601349919964E-5i,2.8608367860763336E-7+1.049556157442758E-5i
35,9.451926213977676E-6+5.279747406085498E-7i,4.729234823167737E-6+2.641701249578549E-7i
35,1.7467545407554536E-5-1.7660214147219434E-8i,8.739818968805346E-6-8.836220029534281E-9i
35,2.3856409470402538E-5-3.667918424931607E-7i,1.1936462459507172E-5-1.8352288360094136E-7i
35,2.685593092055917E-5+1.2081536054688002E-7i,1.343726144733059E-5+6.044949964028782E-8i
35,3.096967277776319E-5-5.085896661251772E-10i,1.5495556318046127E-5-2.544708777122625E-10i
35,0.4624323459189461-2.867571638665792E-15i,0.23137624058521816-1.4347784086011555E-15i
35,0.4987841694933337+8.205345094071566E-15i,0.24956473529430837+4.105512768138866E-15i
35,0.6014736155264109+8.813444200622627E-15i,0.3009450035229426+4.40977281054013E-15i
35,0.8754866821787881+1.4500683691933797E-15i,0.4380463844984993+7.255361153181744E-16i
35,0.9487360823372575+1.2941143574188487E-15i,0.47469643933000005+6.475051270730343E-16i
35,1.0391018072911717,0.5199105812517664
35,1.3128976537766799-1.5955661114925186E-15i,0.6569032769546923-7.983353494632535E-16i
35,1.3712060156522252-1.2795126460384142E-15i,0.6860776409119465-6.401992171055955E-16i
35,1.4163014181406757-4.668862152849819E-15i,0.7086409516049311-2.336047169430369E-15i
35,1.4327664184392386+1.932735221124323E-15i,0.7168791509954723+9.670366129379025E-16i
35,1.4855240219892467+5.141732275418937E-16i,0.7432762144349442+2.5726459113018793E-16i
35,1.557139132405507,0.7791085586977177
35,1.6671558156583886,0.8341549818066413
35,1.6957910425880585-3.44855508845685E-16i,0.848482507149025-1.7254712367331383E-16i
35,1.7286270736025597-5.337733629538742E-15i,0.8649118886119007-2.6707144328187577E-15i
35,1.810569211559298+1.7291284103447827E-15i,0.9059113212711132+8.651627305171145E-16i
35,1.8332453143531737+1.116732257470775E-15i,0.9172572218377023+5.587526775627432E-16i
35,1.8512676262855647-5.926916114258933E-15i,0.9262746160973625-2.965509616452192E-15i
35,2.008477469078225+2.3380214087605506E-16i,1.004933954548429+1.1698199936506828E-16i
35,2.0131326776389757-5.079411638521697E-16i,1.007263170195717-2.541464021013679E-16i
35,2.1184686445641994,1.0599676149445691
35,2.1597627767795124-5.80686267712215E-16i,1.0806289747186597-2.9054413422512533E-16i
35,2.2830329076543445-5.033831892508832E-16i,1.1423067092239916-2.518658370906465E-16i
35,2.2921955523232174+6.783270950146687E-16i,1.1468912031418834+3.393983455454383E-16i
35,2.296866174812616-1.2781906287013828E-15i,1.1492281310889163-6.395377508303008E-16i
35,2.299178989114159,1.1503853388036995
35,2.342708005619708+3.065002724021249E-16i,1.1721649143120079+1.5335622906270287E-16i
35,2.364402844472393+1.7714500375265614E-15i,1.183019843250556+8.863381934344199E-16i
35,2.3731769138581105+4.831922638067703E-16i,1.187409915024335+2.4176338542517817E-16i
36,1.0200403156483368E-7-3.158127795715371E-5i,5.1037323743231226E-8-1.580157061046898E-5i
36,1.3183177216090114E-7+2.564429034005524E-5i,6.596151869882987E-8+1.2831021756418855E-5i
36,1.8254473502543276E-7-1.2626344350953263E-5i,9.133555405791734E-8-6.317542693629035E-6i
36,2.0599149474460125E-7+3.0743824801411835E-5i,1.0306704984449672E-7+1.5382554154220168E-5i
36,4.0554265869291395E-7+5.913535598014205E-6i,2.0291170501673224E-7+2.9588147267605066E-6i
36,4.246266451925189E-7+2.0917031252084985E-5i,2.1246030405100393E-7+1.0465755905749796E-5i
36,9.621875959771564E-6+6.431142846530826E-7i,4.8142685229450785E-6+3.2177975170396846E-7i
36,1.7297128634365404E-5-9.713438690969345E-8i,8.654551593672216E-6-4.860081582323868E-8i
36,2.37700338458459E-5-4.266407988121421E-7i,1.1893244748928557E-5-2.1346807804558348E-7i
36,2.651789975899491E-5+1.4044730076448696E-7i,1.3268128859496647E-5+7.027226520379322E-8i
36,3.083082831741784E-5-2.706454860250129E-9i,1.542608602786357E-5-1.354164249980963E-9i
36,0.4626089457301566,0.23146460161957608
36,0.4991405109234934-1.084833082424167E-15i,0.24974302935440762-5.427920483697593E-16i
36,0.6016583931840684-7.13130852961674E-15i,0.3010374563112267-3.568122715890707E-15i
36,0.8756678168873332+1.4304542623506283E-16i,0.4381370145512466+7.157222726149909E-17i
36,0.9477144962230033+1.986695990395788E-16i,0.47418529265819787+9.940356757052514E-17i
36,1.0401138019528633,0.5204169288772752
36,1.3129111670419018+5.919934685834923E-16i,0.6569100382648227+2.9620164856690234E-16i
36,1.3712087752287654+3.0880241685391953E-16i,0.686079021655424+1.5450809815932037E-16i
36,1.415270404443928+1.4209583709829945E-15i,0.7081250878785922+7.109710399967739E-16i
36,1.430436030772786-2.8103862799201067E-15i,0.7157131505153403-1.4061659349282762E-15i
36,1.4878082778519808+1.6389454255592574E-15i,0.744419133045025+8.200400219337358E-16i
36,1.5562902115311468+1.3021524190142885E-15i,0.7786838044126914+6.515269401878792E-16i
36,1.664515083582755,0.8328337016984371
36,1.6984221044995926-2.50811703800185E-16i,0.8497989488279217-1.2549266856482341E-16i
36,1.729657988628198-3.2169358422722466E-16i,0.8654277029685306-1.6095814403070705E-16i
36,1.8115025205727204-4.990982946924369E-16i,0.906378298836017-2.4972190662603505E-16i
36,1.8332595094951416+1.0404010432909722E-15i,0.9172643243222324+5.205606489728498E-16i
36,1.8513448120932363+3.215748647518213E-16i,0.9263132357185097+1.6089874319911406E-16i
36,2.0084783811206766,1.0049344108853515
36,2.013137385194685,1.0072655256030583
36,2.117109145427601-1.406503993812622E-15i,1.059287394795436-7.037388481330417E-16i
36,2.161105922063699+1.9651045078073153E-15i,1.0813010122808187+9.832324606748356E-16i
36,2.2814982210174497,1.1415388346848188
36,2.2913334772080045+7.857824191613118E-16i,1.1464598671831852+3.93163202505237E-16i
36,2.296254429842403,1.1489220468526942
36,2.300823524685164,1.1512081758333446
36,2.3422693575448,1.171945438439682
36,2.364817569493612+1.2773959441492582E-15i,1.1832273493152445+6.391401334799047E-16i
36,2.374283438672337,1.1879635604470427
37,8.429858322372824E-8-3.1545334061627655E-5i,4.217847095926355E-8-1.578358622098541E-5i
37,1.164581529699939E-7+2.5737273802414888E-5i,5.8269387635826E-8+1.2877545673154437E-5i
37,2.2166095946913274E-7+3.074160591460593E-5i,1.1090720607911327E-7+1.538144394276553E-5i
37,2.5350019582998954E-7+2.0837494547375335E-5i,1.2683784518187722E-7+1.0425960022337521E-5i
37,3.7406736939998415E-7-1.2800969051367405E-5i,1.871631654255879E-7-6.404915488918372E-6i
37,5.932460362832327E-7+5.897856231167203E-6i,2.968283659840599E-7+2.9509696160371065E-6i
37,9.732246795109325E-6+6.230842384107891E-7i,4.869492144683636E-6+3.117577953265867E-7i
37,1.7153104295840197E-5-3.77195748383621E-8i,8.582489571422204E-6-1.8872843778325856E-8i
37,2.379788915601031E-5-3.647912886812838E-7i,1.190718204592574E-5-1.8252191421771045E-7i
37,2.6615622371809175E-5+1.480186416669252E-7i,1.331702399188233E-5+7.406055642013108E-8i
37,3.082552493781382E-5-5.383367343269487E-9i,1.542343250233491E-5-2.693547085465449E-9i
37,0.4631381818534029-7.75117055244909E-17i,0.2317294028724713-3.878268288081361E-17i
37,0.5002074472566721-1.0907579988229858E-15i,0.25027686683332373-5.457565574363044E-16i
37,0.6022115828907731+3.242486954691303E-15i,0.3013142426472115+1.6223658408501238E-15i
37,0.8762109424231928-1.1227413773321826E-16i,0.4384087653181685-5.617593175070047E-17i
37,0.9447769642249682,0.4727155098536376
37,1.043022527357163-1.2256711605441563E-16i,0.5218722984137727-6.132598375160707E-17i
37,1.312951788209677-6.127382441958394E-16i,0.656930362909435-3.065812170277343E-16i
37,1.3712170214284771-2.637372571242298E-16i,0.6860831476096425-1.3195991931402913E-16i
37,1.412219835410009+4.421697533153559E-16i,0.7065987474291342+2.2123793053294018E-16i
37,1.4243562893056516-2.313922628684041E-15i,0.7126711753230555-1.1577622619932826E-15i
37,1.4937496375230952+2.1730365176764593E-15i,0.7473918694394381+1.0872704397769369E-15i
37,1.5537827479548851+1.5738803909419612E-15i,0.7774292046841044+7.874849828320036E-16i
37,1.6583313692639943,0.8297397040908853
37,1.7045767574522142-4.813915185026423E-16i,0.8528784056930214-2.408623894580975E-16i
37,1.7327051044884394+1.9246572811414158E-16i,0.8669523156358586+9.629948468257074E-17i
37,1.8142633951588774-6.216713402721392E-16i,0.9077596917859475-3.110508571927479E-16i
37,1.8333020668447366+4.665289584327193E-16i,0.9172856177279498+2.334259648550194E-16i
37,1.8515796065404488,0.9264307142145227
37,2.008481120363747,1.004935781455056
37,2.0131516153717657-2.951138747511251E-16i,1.0072726456172718-1.476590889176697E-16i
37,2.1134550687287397-3.072841874187252E-15i,1.0574590916136752-1.5374845791753966E-15i
37,2.1647105050962008+2.6910055809956556E-15i,1.0831045514975233+1.3464342626969897E-15i
37,2.277989414899901,1.1397832170780797
37,2.2888370818465096+6.201038857579E-16i,1.1452108053931644+3.1026658737253825E-16i
37,2.2944882282324124,1.1480383346897334
37,2.304661493663505-6.767576276362103E-16i,1.1531284888078328-3.386130685963805E-16i
37,2.341089488622133-4.663439988640341E-16i,1.1713550955752194-2.3333342104825436E-16i
37,2.3659733823664078+6.747584556568306E-16i,1.183805655827943+3.3761279060770957E-16i
37,2.3773814939950104+7.714089380696678E-16i,1.1895136604779146+3.85971486682464E-16i
38,6.40983192105077E-8-3.1525823399128517E-5i,3.207134677676299E-8-1.5773824136260547E-5i
38,1.3237237644146058E-7+2.5787559322292592E-5i,6.623200796538745E-8+1.2902705839063798E-5i
38,1.469489457456125E-7+2.0802460437617255E-5i,7.352533819193634E-8+1.040843084065373E-5i
38,2.1804483932249672E-7+3.0627314336993375E-5i,1.090978943118526E-7+1.5324258592752877E-5i
38,4.244230040989036E-7-1.2954152943427698E-5i,2.1235841301529854E-7-6.481560458449407E-6i
38,7.123726678148266E-7+5.805115846181145E-6i,3.5643291657531956E-7+2.904567322127803E-6i
38,9.892670224095613E-6+6.423746500075389E-7i,4.949759388591229E-6+3.2140967836199146E-7i
38,1.7123686780485474E-5+6.329646916329202E-8i,8.56777063108379E-6+3.167014419853685E-8i
38,2.3838742567241554E-5-3.0726296901131073E-7i,1.1927622892655401E-5-1.5373784136923352E-7i
38,2.6701397610089466E-5+1.516771228958033E-7i,1.3359941301503388E-5+7.58910633914963E-8i
38,3.0821240729121975E-5-8.210432848973348E-9i,1.5421288915041004E-5-4.108058406679471E-9i
38,0.4640183688020545-2.0738991823228398E-15i,0.23216980101716955-1.0376674564255579E-15i
38,0.5019787491407753+1.0626076428147504E-16i,0.2511631308987643+5.31671635389215E-17i
38,0.6031297598917551+5.799222744708844E-15i,0.301773648968058+2.901618731537024E-15i
38,0.8771152246486891-2.78859730039924E-16i,0.43886121944169576-1.3952639030695227E-16i
38,0.9402373060739283+6.913182215658179E-16i,0.47044410940814674+3.4589840560589645E-16i
38,1.0475140645371368-4.873041093929283E-16i,0.524119621717003-2.4382073150399014E-16i
38,1.3130197651713371-7.358305734612728E-16i,0.6569643749200007-3.6816998918362025E-16i
38,1.3712306563306758+2.897148168799666E-16i,0.6860899697803651+1.4495769113709654E-16i
38,1.4072692886934748-1.4530578255890008E-15i,0.7041217604747789-7.270318782947838E-16i
38,1.4160638888346124-3.713400688427586E-15i,0.708522104732841-1.8579857111153137E-15i
38,1.501811444270305+4.786608110729367E-15i,0.7514255633493813+2.3949609052853657E-15i
38,1.5497270458878087+2.1313983827226377E-16i,0.775399949798508+1.0664369595595218E-16i
38,1.6506633696497182,0.8259030500609116
38,1.7121961505903307-6.258006412338905E-16i,0.8566907396601339-3.1311693700140905E-16i
38,1.737638822535389+6.545497054237749E-16i,0.8694208824302988+3.275014203778476E-16i
38,1.8187422640612783-1.0360934631969606E-15i,0.9100006765653581-5.18405367888021E-16i
38,1.8333729037269717+2.2798077136508485E-15i,0.917321060688744+1.1406929958445693E-15i
38,1.8519822746506311,0.9266321876502799
38,2.0084856963244153+4.250189142065058E-16i,1.0049380710193259+2.1265657433909121E-16i
38,2.0131756995745365+1.1044650091052447E-15i,1.0072846960552306+5.526148071603146E-16i
38,2.108304028967842-2.370476513108711E-15i,1.054881788737915-1.1860587799253663E-15i
38,2.1697775452683588+3.446470477367901E-15i,1.085639825503061+1.7244282096155504E-15i
38,2.2737571903800626+4.660327209399674E-16i,1.1376656398641267+2.331776743396097E-16i
38,2.2849365172411256+9.55723927668691E-16i,1.143259172938129+4.781927807880465E-16i
38,2.291744943266522,1.1466657426384563
38,2.3094410177058995,1.1555199052268514
38,2.339423212722583+6.071243166827521E-16i,1.1705213808560435+3.0377231005061783E-16i
38,2.367642939931674+1.4130406787511003E-15i,1.1846410125159021+7.070094532286902E-16i
38,2.3819989804497825+3.1676198263962763E-15i,1.1918240020149786+1.584906361985402E-15i
39,6.261755091807301E-8-3.152892494354688E-5i,3.1330450073266856E-8-1.577537598204699E-5i
39,8.018907547300738E-8+2.085287049190147E-5i,4.0122294607395046E-8+1.0433653316873036E-5i
39,1.4573965150982702E-7+2.5815963104573438E-5i,7.292027248555416E-8+1.2916917561968872E-5i
39,2.93729989880467E-7+3.0569897941642914E-5i,1.4696666746056048E-7+1.529553052080595E-5i
39,4.368076713577276E-7-1.2999440152749101E-5i,2.185550335080782E-7-6.504219738951421E-6i
39,7.346266347656102E-7+5.664313449484232E-6i,3.675676031010811E-7+2.834117386043897E-6i
39,1.0016466873123644E-5+6.059069338648937E-7i,5.011700564423627E-6+3.0316319725339475E-7i
39,1.718015016448318E-5+1.2039081945428737E-7i,8.596021867476322E-6+6.023708214215017E-8i
39,2.3883844659304934E-5-2.1917853080132599E-7i,1.1950189550451399E-5-1.0966513247040689E-7i
39,2.679087367852008E-5+1.246810468336147E-7i,1.3404710307215306E-5+6.238368086311967E-8i
39,3.08181817222888E-5-9.999166571100587E-9i,1.5419758352771234E-5-5.003044425037163E-9i
39,0.4652467120135202-2.5174741934115823E-16i,0.23278439780505764-1.259608502265048E-16i
39,0.504444147124062-2.1457144953461974E-15i,0.25239668327016185-1.0735999712905707E-15i
39,0.6044072328643867+2.2695428302112255E-15i,0.3024128276424419+1.135557001009291E-15i
39,0.8783792787341692+3.0020676907877266E-16i,0.43949368402765276+1.5020729895018206E-16i
39,0.934462358584319+4.3276649674681845E-16i,0.4675546367068642+2.1653304737913971E-16i
39,1.0532214027357671+3.3147458524133306E-16i,0.5269752663703269+1.6585203016081196E-16i
39,1.313115523814839-4.018445152241556E-16i,0.6570122873879164-2.010613531966282E-16i
39,1.3712495155663749+2.7968208595256533E-16i,0.6860994059262032+1.3993785291584887E-16i
39,1.4005951146698028-7.095858252287477E-16i,0.7007823632456771-3.550385306367919E-16i
39,1.4065763489497471-3.4252240824687498E-15i,0.7037750507468138-1.7137976578794135E-15i
39,1.5109762325576905+2.7255698413586357E-15i,0.7560111298185279+1.363728357048246E-15i
39,1.5442848773808753,0.7726769817776112
39,1.6423708471699514,0.8217539184241008
39,1.720420260620269,0.8608056413915535
39,1.7442641093075715+5.112541638930029E-16i,0.872735819111686+2.558040488928859E-16i
39,1.824778552748351-7.747982866997773E-16i,0.9130209103267457-3.876673341961344E-16i
39,1.8334718875834692+1.138456944994196E-15i,0.9173705868795418+5.696225411685621E-16i
39,1.8525719211241347+1.3595768969632698E-15i,0.9269272149889113+6.802590562317964E-16i
39,2.0084921254369523,1.0049412878009854
39,2.0132102210104463+3.4325967527064377E-16i,1.0073019687225317+1.7174865449949566E-16i
39,2.1022702183566-3.984513631458015E-15i,1.0518627948722112-1.9936360264229936E-15i
39,2.1756903180483063+4.51369844471837E-15i,1.0885982585567444+2.2584116065646836E-15i
39,2.2693020459130393,1.1354365255144474
39,2.2799177433390265+1.1720023849145793E-15i,1.1407480487746422+5.864068726411619E-16i
39,2.288247151096354,1.1449156358178065
39,2.314659548469092,1.1581309769652839
39,2.3374510813155664,1.1695346325134535
39,2.3695463665920777,1.1855933847035325
39,2.3876898984020025-4.928218308420428E-16i,1.1946714308613473-2.465815021480841E-16i
40,1.8407608541511435E-8+2.095321126128044E-5i,9.210175931866555E-9+1.048385843379711E-5i
40,5.100956225151873E-8-3.1538462477183145E-5i,2.552243771832248E-8-1.5780148050213695E-5i
40,1.696372281133109E-7+2.5815506262231148E-5i,8.48773327613086E-8+1.2916688982665042E-5i
40,2.4325351655208835E-7+3.055750914878913E-5i,1.2171095872869909E-7+1.528933183608765E-5i
40,4.512669267225113E-7-1.2974360468230743E-5i,2.2578966615756787E-7-6.49167121554009E-6i
40,7.362057342498747E-7+5.4454889264413055E-6i,3.683576994371259E-7+2.7246293799899254E-6i
40,1.0113012515589835E-5+5.821173376326971E-7i,5.060006804235466E-6+2.9126016453991165E-7i
40,1.7322548906569277E-5+1.0505979256224198E-7i,8.667270528818279E-6+5.2566261971594684E-8i
40,2.3952536585496834E-5-1.4745818702118195E-7i,1.198455929076283E-5-7.378013509992065E-8i
40,2.690892358918951E-5+1.0388388265592741E-7i,1.3463776124676312E-5+5.1977899985693136E-8i
40,3.081743131910702E-5-1.118799637131304E-8i,1.5419382891433687E-5-5.597870830015863E-9i
40,0.4668193289397074+8.221989121120447E-16i,0.23357125061817302+4.1138405428733867E-16i
40,0.5075894931762502-9.380326146243262E-16i,0.25397044503513666-4.693410005452803E-16i
40,0.6060360681191423+1.0035581314726228E-14i,0.303227809079411+5.0212644015512025E-15i
40,0.8800011771643451+1.5941154563764712E-16i,0.44030519465120016+7.976095197714103E-17i
40,0.9277770034138807+6.305132143670056E-16i,0.4642096450341059+3.15474854791213E-16i
40,1.0598193984158297,0.5302765480590391
40,1.31323968768032-2.0220927508848963E-16i,0.6570744122990846-1.011746308283494E-16i
40,1.3712733663370258-5.876574251920875E-16i,0.6861113395673011-2.9403212598101157E-16i
40,1.3924050270571242+1.0628066664441014E-15i,0.696684484499502+5.317712160944863E-16i
40,1.396419677818179-3.162844281499986E-15i,0.6986931995224738-1.582516936516788E-15i
40,1.520718049818912+3.567265542268337E-15i,0.7608854105090154+1.7848675544074244E-15i
40,1.5376454516630222,0.7693549707292947
40,1.6337760283208578-3.017346167751162E-16i,0.817453533964916-1.5097175165182915E-16i
40,1.7289264864944527-3.241718759995217E-16i,0.8650616986974632-1.6219814775970197E-16i
40,1.752342357124513+8.793136512078504E-16i,0.8767777392474527+4.3996119369079504E-16i
40,1.8321846730381106+5.037294880170557E-16i,0.916726534046819+2.520391063425563E-16i
40,1.8335988440315474+3.1299757806811637E-16i,0.9174341090486409+1.566071308912563E-16i
40,1.8533800618841683-2.5724674376528685E-15i,0.9273315651010313-1.2871241599010813E-15i
40,2.008500431941028,1.0049454439282597
40,2.0132560657967247-6.223540283989981E-16i,1.0073249069845136-3.113924375637552E-16i
40,2.095712854530192-3.952396824496186E-15i,1.0485818431747498-1.9775665059406793E-15i
40,2.1820854318692753+3.0839724602568463E-15i,1.0917980290898153+1.5430537249823909E-15i
40,2.264808340003114-1.079251711706298E-15i,1.1331881170955511-5.399994310595522E-16i
40,2.274050939478534+2.5700387299627154E-16i,1.1378126160924973+1.2859089653763313E-16i
40,2.284209926563308,1.1428956260950907
40,2.32012966226339+5.288860697019989E-16i,1.1608679273029225+2.6462610495458107E-16i
40,2.335255854243706-3.222063776833463E-16i,1.168436259115484-1.6121471825852918E-16i
40,2.37143636364612+1.746005040531092E-15i,1.1865390374394207+8.736068873342498E-16i
40,2.3941282190033104+3.54552954790105E-16i,1.1978928197403036+1.77399203346589E-16i
41,2.4896371751772236E-8-2.105132848301165E-5i,1.2456803575645105E-8-1.0532951007232303E-5i
41,3.820841677376463E-8-3.157347809508852E-5i,1.9117433955142043E-8-1.5797667979570313E-5i
41,1.8619591816671337E-7+3.0428559829200085E-5i,9.316240945930335E-8+1.5224812541414942E-5i
41,2.0289918049293616E-7+2.5806412852163345E-5i,1.015198223363592E-7+1.2912139130012742E-5i
41,4.176379209719543E-7-1.2870717266119173E-5i,2.0896352284417088E-7-6.439813739136412E-6i
41,6.963491791142851E-7+5.196176501631033E-6i,3.484156258098486E-7+2.599886869884682E-6i
41,1.0171844879408009E-5+5.45282291665673E-7i,5.089443350543532E-6+2.728298913705526E-7i
41,1.748153540274213E-5+4.538414244976267E-8i,8.746818808935213E-6+2.270778061889869E-8i
41,2.400938253708251E-5-8.369110812092969E-8i,1.2013001943372356E-5-4.187452313473294E-8i
41,2.700745384033358E-5+6.957755719575241E-8i,1.3513075355785091E-5+3.481286236814824E-8i
41,3.081971962471665E-5-9.335803828790639E-9i,1.5420527836319007E-5-4.671133435646989E-9i
41,0.4687312770228756-1.3019290173803722E-15i,0.23452788646681477-6.514151620420544E-16i
41,0.5113969720948519-2.191658910945354E-15i,0.25587550242584084-1.0965880824186813E-15i
41,0.6080061221282902-9.863590266727184E-15i,0.3042135180039903-4.935209344089228E-15i
41,0.881978460759567+7.655280569750212E-16i,0.4412945208712857+3.830290105105085E-16i
41,0.9204326092818368+2.4293409478205014E-16i,0.4605349057589551+1.2155113727813498E-16i
41,1.0670563136811586+1.7827054168385408E-16i,0.5338975106977968+8.919697790588884E-17i
41,1.313393106614603-2.5597967273487084E-16i,0.6571511748710851-1.2807844188738937E-16i
41,1.3713019041353225+4.2639372234156634E-16i,0.6861256183446027+2.1334445428655498E-16i
41,1.3829149077005523-9.222438986335188E-16i,0.691936139884756-4.614411773995588E-16i
41,1.3858622043820266-3.538602321803999E-15i,0.6934108084110107-1.7705260226079463E-15i
41,1.5300039899375049-1.0690818288129137E-15i,0.7655315948295994-5.349109693811478E-16i
41,1.5307686032896437+4.215671941715125E-15i,0.7659141661710734+2.109295195335664E-15i
41,1.6250155204422858,0.8130702476389278
41,1.73757772278096,0.8693903114038445
41,1.76160825630078-4.46669697291147E-16i,0.8814138961598459-2.234894601440308E-16i
41,1.8337535685743749,0.9175115248768407
41,1.8407673798059925+4.516644334118314E-16i,0.9210208582728885+2.259885570963053E-16i
41,1.8544569797813235+1.1379161825053807E-15i,0.9278703968169822+5.693519727431138E-16i
41,2.0085106491846005,1.0049505560866714
41,2.0133145053139723,1.0073541469715552
41,2.0888299739046152-4.424708544248788E-15i,1.0451380204024088-2.2138858531168187E-15i
41,2.1887581310838176+3.786779669409029E-15i,1.0951366884038578+1.89470060121177E-15i
41,2.260354796766487-3.4975281511955266E-16i,1.130959803915324-1.749974719775402E-16i
41,2.267556936393499,1.1345633666975867
41,2.279816399267445+5.760975589090282E-16i,1.1406973416593313+2.8824819147503113E-16i
41,2.3257683304351424,1.1636892131731726
41,2.332869305614755+1.0779183822234124E-15i,1.1672421587143904+5.393323047957125E-16i
41,2.3731486322136006+1.758331269101413E-15i,1.1873957644125925+8.797742682546467E-16i
41,2.4010931561516693,1.20137769917731
42,1.8055583260582472E-8-3.161531467138267E-5i,9.034041440386638E-9-1.5818600749146934E-5i
42,2.8554637982985795E-8-2.0962392072789786E-5i,1.4287202973758161E-8-1.048845201742356E-5i
42,8.603241347280579E-8-3.0411879379107107E-5i,4.304598623665465E-8-1.5216466542550799E-5i
42,2.146561610412033E-7-1.2721652448704598E-5i,1.0740238220462669E-7-6.3652297327162565E-6i
42,3.038016475717646E-7+2.5730297501055952E-5i,1.5200598253797527E-7+1.28740551076785E-5i
42,6.900702248823526E-7+4.9630268571721544E-6i,3.4527397527910084E-7+2.4832313445851367E-6i
42,1.0267950174396566E-5+7.431906440745139E-7i,5.137529264193447E-6+3.718525721256706E-7i
42,1.7726156639189117E-5+7.816596178573776E-8i,8.869214101037749E-6+3.9110037477529415E-8i
42,2.4083654517321753E-5-8.876177071944045E-8i,1.2050163642202977E-5-4.4411609607323965E-8i
42,2.696563681907204E-5+2.144791358734262E-8i,1.349215237049361E-5+1.0731380834475139E-8i
42,3.08244485600896E-5-3.738849301813279E-9i,1.5422893940892402E-5-1.870718826662383E-9i
42,0.47097658703893064+2.6642019692982134E-15i,0.23565131867273192+1.33302317897114E-15i
42,0.5158453494772435-1.3368231191627278E-15i,0.2581012308908269-6.6887429127523E-16i
42,0.6103050811518087+8.55346096256379E-15i,0.30536379328385677+4.2796912001854585E-15i
42,0.8843081525295483+2.691095428189111E-16i,0.4424601731623023+1.3464792173936763E-16i
42,0.9126120580025494,0.45662192309181576
42,1.0747487638620254+1.309782699767503E-16i,0.5377463984744533+6.5534472173121E-17i
42,1.313576895641163-7.87729804620359E-16i,0.6572431330016129-3.941375693082107E-16i
42,1.3713347475422064-1.0168891565114437E-15i,0.6861420514165535-5.087965671128276E-16i
42,1.3723319746650466,0.6866410101609594
42,1.3750490323033524-4.176140533480595E-15i,0.6880004794700434-2.089515807706174E-15i
42,1.521546679995535+1.223376831093374E-15i,0.7613000124216942+6.121118786250657E-16i
42,1.540982777768747+4.96254400213433E-15i,0.7710247889735506+2.482989749929431E-15i
42,1.6161555215822567+1.034336650396026E-15i,0.8086371813841244+5.175263533794567E-16i
42,1.7463071363633622,0.8737580398186812
42,1.7717756876171413,0.886501131201143
42,1.8339358424156744-5.448107587856218E-16i,0.9176027248902678-2.7259396171281694E-16i
42,1.8503427061828277-1.4431325201449329E-15i,0.9258118358915625-7.220657899997602E-16i
42,1.8558827075268813+6.755274558798769E-16i,0.9285837541951513+3.3799755690312103E-16i
42,2.008522821405538,1.0049566464104664
42,2.0133873238317905+6.206289979273607E-16i,1.00739058143607+3.105293252210638E-16i
42,2.0817331252542095-4.485043837932458E-15i,1.0415871395541625-2.244074384585981E-15i
42,2.1955858588543067+4.326023191679899E-15i,1.0985529156578915+2.1645090176083914E-15i
42,2.2559806886622153+7.103067559808608E-16i,1.1287712357971735+3.553992455578356E-16i
42,2.2606029482250976,1.1310839655404694
42,2.2752152351343606-6.433807287041342E-16i,1.1383951669329657-3.219130659571834E-16i
42,2.3303077213248033-1.1283401806769703E-15i,1.165960479895463-5.645606571648495E-16i
42,2.3315304008200592+2.7004088187061244E-16i,1.1665722428647916+1.3511391364152283E-16i
42,2.3746091174005275,1.1881265125424838
42,2.408436383819268-4.404041204308317E-16i,1.205051854816475-2.2035450292957253E-16i
43,1.961292874568992E-8-3.16196126281625E-5i,9.813253246862829E-9-1.5820751215243627E-5i
43,1.1285975715675816E-7+1.2559339141094727E-5i,5.64689441704158E-8+6.284016895328997E-6i
43,2.535758309484936E-7+2.5580036641383025E-5i,1.2687568892168073E-7+1.2798872666127757E-5i
43,2.6793228754471135E-7-3.0431077428656555E-5i,1.3405888660383412E-7-1.5226072212592097E-5i
43,3.525985961756079E-7+2.0916554518189326E-5i,1.7642134755218282E-7+1.046551737378396E-5i
43,3.654945425866042E-7+4.879410590812267E-6i,1.8287378459664462E-7+2.4413942682368617E-6i
43,1.0267781068378227E-5+6.38574165934768E-7i,5.137444652649447E-6+3.1950812081541823E-7i
43,1.7807108100915464E-5-1.0072252986362134E-7i,8.909717852666325E-6-5.039612931004155E-8i
43,2.408190233888308E-5-2.6320378907485046E-7i,1.2049286946479692E-5-1.316930006332166E-7i
43,2.6966865382765676E-5-3.456773169719622E-8i,1.3492767077598901E-5-1.7295831219941605E-8i
43,3.103482258975293E-5+1.7960518920783491E-9i,1.5528153775179155E-5+8.986476364650653E-10i
43,0.4735482998944389+4.430057605220742E-15i,0.2369380652803675+2.2165622351417235E-15i
43,0.5209102409087257-2.308020543554568E-16i,0.26063542978225573-1.15480917646429E-16i
43,0.6129185065445543+4.368889221670989E-15i,0.3066714105986053+2.185956870371463E-15i
43,0.8869867741301739-5.280042674038058E-16i,0.4438004111481887-2.6418489857597037E-16i
43,0.9044456994258183+1.9622036456538138E-15i,0.45253591707724933+9.817810254855444E-16i
43,1.0827657279518619+3.118613435599681E-16i,0.5417576555337469+1.560386203377912E-16i
43,1.3137924857279617+2.350384993961957E-15i,0.6573510026699678+1.1760060658173513E-15i
43,1.3608450420683225,0.6808935677436166
43,1.3640645487527607-1.846144176752834E-15i,0.6825044354948853-9.237111178858447E-16i
43,1.3713714300812077+5.54654784874226E-16i,0.6861604053834508+2.7751938219584525E-16i
43,1.5124423948802053-1.2250938761417494E-15i,0.7567447184813128-6.129709954920293E-16i
43,1.5512760901126035+7.668235224682377E-16i,0.7761750081014063+3.836771916731662E-16i
43,1.6072318866362272,0.804172275059148
43,1.7550780826372976+5.16704951456362E-16i,0.8781465489555265+2.5853132942541964E-16i
43,1.7825289830632767-7.851070819871874E-16i,0.8918815010999759-3.928253001550763E-16i
43,1.8341454529994157+1.1800437155636408E-15i,0.9177076027373323+5.90430321414377E-16i
43,1.8577855625265716-8.240641280317692E-16i,0.9295358403545485-4.123173078782568E-16i
43,1.8607440688311936+2.012990602237519E-15i,0.9310161175725075+1.0071920833166118E-15i
43,2.008537006079974+5.495754959842965E-16i,1.0049637436576075+2.749779795916163E-16i
43,2.0134770153920685,1.0074354582622964
43,2.07448808125958-9.392126011362177E-16i,1.0379621097370535-4.699314022450581E-16i
43,2.202483999434527+8.780731951573876E-16i,1.1020043736896779+4.393405362906365E-16i
43,2.2517084174507773,1.126633621375547
43,2.253311235811773-1.2997518890823476E-15i,1.1274355853600757-6.503258442957633E-16i
43,2.270529443047021,1.1360506489361155
43,2.3275870866234345+1.0468099010692745E-15i,1.1645992208166729+5.237672962419593E-16i
43,2.3373855193971673+5.365070508909273E-16i,1.1695018288604682+2.684392334967916E-16i
43,2.3758107496749705+4.46198059251691E-16i,1.1887277446160622+2.232534778701926E-16i
43,2.41605672182711,1.2088646615455096
44,7.247366734074791E-9-3.1681433554277796E-5i,3.6261919908312663E-9-1.585168307716957E-5i
44,1.0240641501936535E-7+2.5364781844805308E-5i,5.123865475263157E-8+1.2691170758941493E-5i
44,2.339632647183893E-7+1.248203437250917E-5i,1.1706261705809288E-7+6.245337752547382E-6i
44,3.956112854811746E-7+5.193205077651089E-6i,1.9794258073755876E-7+2.5984001293577015E-6i
44,4.2372311210962766E-7-3.0184186457207846E-5i,2.1200822475808964E-7-1.5102541267336275E-5i
44,1.125743009913246E-6+2.0432140946051007E-5i,5.632611727910344E-7+1.0223142911445927E-5i
44,1.0606273968019608E-5+1.0226133096232348E-6i,5.306808269349261E-6+5.11660625043093E-7i
44,1.824549788489928E-5-5.015292779160455E-8i,9.129064490124338E-6-2.509382397051724E-8i
44,2.4003963827822577E-5-1.2848546584244086E-7i,1.2010290713095212E-5-6.428720723977029E-8i
44,2.6563461623284052E-5+5.615439653589631E-8i,1.329092556255237E-5+2.809663570784174E-8i
44,3.083252850438688E-5+2.6836875402676885E-9i,1.542693670985556E-5+1.3427727092459186E-9i
44,0.4764385045792113+1.823481762393752E-16i,0.23838416804628784+9.123720662748053E-17i
44,0.5265643859632001+1.4951006265306562E-16i,0.263464459451078+7.480678315783328E-17i
44,0.6158298842595679-7.119451463793499E-16i,0.30812810720853817-3.5621900787411564E-16i
44,0.8900103646515058+6.639892514659008E-16i,0.44531325300293534+3.322244608297821E-16i
44,0.8960266485564926+1.9202622986706057E-16i,0.4483234774487685+9.607958342987762E-17i
44,1.0910132070094762+3.013737200126766E-16i,0.5458842498680252+1.507911783487945E-16i
44,1.3140416886981732-9.314796706650845E-16i,0.6574756904148867-4.660622603113073E-16i
44,1.3486205372138795,0.6747770838920901
44,1.352961451195479-3.704533933072336E-15i,0.676949043458998-1.853549264274188E-15i
44,1.3714113874655613-2.0865506323774218E-16i,0.6861803979065884-1.04399756066116E-16i
44,1.5028396745818018+2.955587588125312E-16i,0.751940034419646+1.4788168494178622E-16i
44,1.5615956158469741+4.404362118425731E-15i,0.7813383429980953+2.203705597436543E-15i
44,1.5982659036649927-2.491143987710737E-16i,0.7996861800631051-1.2464342854035725E-16i
44,1.7638683064245266+3.2043161225968976E-16i,0.8825447035217909+1.6032672122443273E-16i
44,1.7934977282842095,0.8973696704625951
44,1.8343822200937578,0.9178260682397276
44,1.860371396017088-1.15511816389321E-15i,0.9308296521674445-5.779589177789839E-16i
44,1.8718250027116876-1.2368111176281381E-15i,0.9365604200982038-6.188336720739676E-16i
44,2.0085532769553356,1.0049718847273346
44,2.013587091509594+3.693832756025486E-16i,1.0074905344231144+1.8481949716154061E-16i
44,2.0671356285516094-4.900337237382484E-15i,1.0342833383845211-2.45186483512995E-15i
44,2.209377290456467+5.0642936791747815E-15i,1.1054534052636842+2.5338998083674847E-15i
44,2.2457703218045033+3.2432237981973575E-16i,1.1236625181233728+1.6227345176562236E-16i
44,2.2475523271872544+5.064447235846346E-16i,1.124554137643076+2.5339766398558026E-16i
44,2.2658716867124595,1.1337201585200283
44,2.324727171403314,1.1631682732675586
44,2.3433085764761716,1.172465407623516
44,2.376782102758665+4.747928078969365E-16i,1.1892137573847827+2.3756075005909744E-16i
44,2.4235665646203923+6.103380118574345E-16i,1.2126221824201422+3.053802700353962E-16i
45,5.329589640870957E-9-3.164629249595608E-5i,2.6666396195018468E-9-1.5834100384184487E-5i
45,1.4300625170254884E-8+1.1808230131796755E-5i,7.155262643525984E-9+5.90820239970651E-6i
45,1.7933661929259282E-7+2.5648642443267776E-5i,8.973038572534378E-8+1.2833199314474304E-5i
45,2.7796118649123146E-7-3.008257514479169E-5i,1.3907680750822862E-7-1.5051700439104286E-5i
45,4.586710495342787E-7+2.031979152888236E-5i,2.2949429044723265E-7+1.0166929313920078E-5i
45,5.027827156659223E-7+5.89757470908276E-6i,2.5156539244855967E-7+2.9508287575480432E-6i
45,1.0986271521074729E-5+5.197036081213681E-7i,5.496938579292775E-6+2.600316957213287E-7i
45,1.8220780362510063E-5+1.4119845687099935E-7i,9.116697173137389E-6+7.064810326432529E-8i
45,2.3732714235554796E-5-4.1119897499612223E-8i,1.1874572025868706E-5-2.0574182106148357E-8i
45,2.647525327900818E-5+6.771863757733545E-8i,1.3246790857731406E-5+3.388275910730322E-8i
45,3.082643792094874E-5+2.4455414331615147E-9i,1.5423889309924903E-5+1.2236172231331689E-9i
45,0.4796383745909339-7.739666238331078E-16i,0.23998521066410575-3.872512148886887E-16i
45,0.5327779104443698-2.559720210933469E-15i,0.26657337245840745-1.2807461341806682E-15i
45,0.619020677121202+9.216766277813782E-16i,0.30972460810932173+4.61157345616769E-16i
45,0.8874224240935917-1.3623164177710113E-15i,0.4440183869269945-6.816297649010626E-16i
45,0.8933745014244501+3.5516883045705805E-16i,0.4469964858611203+1.7770735436099162E-16i
45,1.0994225292088387-2.8005493979909984E-16i,0.5500918217940152-1.4012440889978952E-16i
45,1.3143267792171314,0.6576183343563956
45,1.3358023333472664+4.6236421490547E-16i,0.6683635450298417+2.3134215149542053E-16i
45,1.341774902928151-3.59704820411908E-15i,0.6713518971822253-1.799769194386678E-15i
45,1.371453937463522-1.439075367703428E-15i,0.686201687633944-7.200358094249128E-16i
45,1.492867038844672-2.973214344432406E-16i,0.7469502645950513-1.4876363289461434E-16i
45,1.5719057752355696+3.541437602612289E-15i,0.7864969914798038+1.7719446444241214E-15i
45,1.5892712511724905+3.486465355365291E-16i,0.7951857403826802+1.7444394925531904E-16i
45,1.772662955655791-3.1170432374737775E-16i,0.8869450723419087-1.5596005608021888E-16i
45,1.8042199700558483+1.3445284008860287E-15i,0.9027345027751741+6.727295992646496E-16i
45,1.8346460284782165+1.8878389255117614E-15i,0.917958063747329+9.445729246022734E-16i
45,1.8639606365308325+2.1939052426714903E-15i,0.9326255148140681+1.097712025833297E-15i
45,1.8834583835581713,0.9423811373324331
45,2.0085717279225186,1.0049811165975955
45,2.0137225737803126,1.0075583224546858
45,2.0597023566726795-4.960618439822528E-15i,1.0305641294715355-2.482026302254005E-15i
45,2.216170076093353+5.126360098047913E-15i,1.1088521493559484+2.5649545016478933E-15i
45,2.2380446560143743+9.298060192569381E-16i,1.1197970110447415+4.65224855284854E-16i
45,2.243522582588955-6.504081777019718E-16i,1.1225378704768592-3.254292229569557E-16i
45,2.2613700172194915-2.690309217219213E-16i,1.1314677655530738-1.346085839767463E-16i
45,2.321751340207441,1.1616793276070878
45,2.3492747073637763,1.175450538200552
45,2.377563599445266+7.93478845676963E-16i,1.1896047762375326+3.9701407982566546E-16i
45,2.4207443695197557+1.9455742005992095E-15i,1.2112101079873177+9.734605467956148E-16i
46,2.8056746956954255E-8-2.021021721999977E-5i,1.4038085119349927E-8-1.0112104231121004E-5i
46,4.1087291006846315E-8+3.162583974465585E-5i,2.055786757326279E-8+1.5823866928961826E-5i
46,1.023240394728006E-7+2.583213633373677E-5i,5.119743846564709E-8+1.292500977479732E-5i
46,2.862105016487717E-7-1.1585564679615082E-5i,1.432043205280226E-7-5.796792599573209E-6i
46,7.250048619370138E-7-2.9610072679849165E-5i,3.627533861794217E-7-1.481528565330811E-5i
46,8.272951428946597E-7+6.064573534917756E-6i,4.139339337022246E-7+3.0343859759062496E-6i
46,1.1098882614363502E-5+1.9030559115345999E-7i,5.553283105455992E-6+9.521866848637999E-8i
46,1.8423821940032058E-5+5.219876566267733E-7i,9.218288243277983E-6+2.6117451058096995E-7i
46,2.406621435824138E-5-9.324712351300578E-8i,1.2041437525877342E-5-4.665583857666915E-8i
46,2.6310202434458845E-5+1.0568220044519103E-7i,1.3164208304295721E-5+5.287768135507483E-8i
46,3.080393161544629E-5+2.8127339723366675E-9i,1.541262836677814E-5+1.4073405937733766E-9i
46,0.4831381997359869-1.455241249216922E-15i,0.24173633467589775-7.281243458851066E-16i
46,0.5395185608274494-1.3545116389002243E-15i,0.26994603087752594-6.777246738976789E-16i
46,0.6224703786429919+1.0661173273112845E-15i,0.31145065295955104+5.334276924894911E-16i
46,0.8786830967749241-6.6723401670674875E-15i,0.4396456982124567-3.3384796660232297E-15i
46,0.8970743224992808+3.8461219962569442E-16i,0.44884767706495177+1.9243923055547369E-16i
46,1.1079421305235748-2.0166651182807575E-15i,0.5543545714500138-1.0090306132454925E-15i
46,1.3146505976343141+3.769366517862666E-15i,0.6577803556523998+1.885987998001604E-15i
46,1.322513697962151+2.4863061861639876E-16i,0.6617146275718605+1.244013710060038E-16i
46,1.3305298476839882-3.281015747839504E-15i,0.6657254771652669-1.6416435738884584E-15i
46,1.3714982476170698+2.437591967789723E-15i,0.6862238580483584+1.2196397387970927E-15i
46,1.4826350386022682-4.284587358689882E-15i,0.7418307227406642-2.143776758398246E-15i
46,1.580257370572298+3.406479176495815E-15i,0.7906756799927391+1.7044187164787588E-15i
46,1.5821809460264962+4.750737641009924E-15i,0.7916381335516265+2.377013254120918E-15i
46,1.7814511720465172-3.1119147785598287E-16i,0.8913422225150759-1.5570345561661004E-16i
46,1.8141263017235876+4.555842400399621E-16i,0.9076910976143974+2.279498172232015E-16i
46,1.834936868586124+1.3446681524877336E-15i,0.9181035844734912+6.727995234395123E-16i
46,1.8690023567776224-9.069464646262033E-16i,0.9351481200926121-4.537871652993034E-16i
46,1.8955335947695173-7.34486066346601E-16i,0.9484229226854919-3.6749727023483073E-16i
46,2.008592477927632-1.5915410453529745E-15i,1.0049914987826172-7.96321423145829E-16i
46,2.0138908086353666,1.007642498115496
46,2.052206488603319-4.390242415950003E-15i,1.0268136007961144-2.1966408587653676E-15i
46,2.222688632714999+4.081989603315982E-15i,1.1121136840181944+2.042407752957539E-15i
46,2.2301818795196295,1.1158629011539187
46,2.239627059605437-1.2803614185827123E-15i,1.120588760577878-6.406238971742472E-16i
46,2.2572249964642515,1.129393820406375
46,2.3186852067393433-2.5012397428695356E-15i,1.1601451995530236-1.2514856575559026E-15i
46,2.3552556671236604+6.707226592600401E-16i,1.1784430883466357+3.3559349544746055E-16i
46,2.3781947070385727,1.1899205484875337
46,2.4166448539822056+2.455884460568269E-15i,1.209158931200767+1.2287923170009845E-15i
47,5.81952955559306E-8+3.1634026760173385E-5i,2.911779166035454E-8+1.5827963270597045E-5i
47,5.992510223549152E-8+2.5873442808447815E-5i,2.9983293760257726E-8+1.2945677310091544E-5i
47,1.8459749516718227E-7-2.042776283153614E-5i,9.236264467692958E-8-1.0220952338735689E-5i
47,5.737094923043883E-7-1.1597765477736466E-5i,2.870533315606567E-7-5.802897221852291E-6i
47,9.089848253366713E-7+5.863705201773044E-6i,4.548070512184155E-7+2.9338822802071843E-6i
47,9.407418599195589E-7-2.9584807027549236E-5i,4.7069656097864155E-7-1.4802644081634584E-5i
47,1.10602765583009E-5+1.1625479585777112E-7i,5.533966714216457E-6+5.816763868911495E-8i
47,1.8449902670085894E-5+4.7356825134849363E-7i,9.231337635961756E-6+2.3694804791344694E-7i
47,2.412886357568169E-5-3.138711090791689E-7i,1.2072783820172866E-5-1.5704419876325018E-7i
47,2.63607250550592E-5+1.1565744036069088E-7i,1.3189487102637118E-5+5.786875417027213E-8i
47,3.080324404955682E-5+5.928232346466782E-9i,1.5412284345837424E-5+2.9661681881604147E-9i
47,0.4869274097340341-1.815783247303556E-14i,0.24363225128266938-9.085201439441594E-15i
47,0.546751895847696-1.1539502041336076E-15i,0.27356520215446645-5.773745336183243E-16i
47,0.626156567513513-1.4500685576796342E-14i,0.31329502334253834-7.255362096265448E-15i
47,0.8698468331858912-2.4610004780179435E-15i,0.4352245078089445-1.2313520965984124E-15i
47,0.9011045504112183+4.886796933624517E-16i,0.4508641860552834+2.445089996372349E-16i
47,1.1165319221268937+1.2670474030204246E-15i,0.5586524405461664+6.339622808425143E-16i
47,1.3088601718549038-7.706448834923903E-16i,0.6548831384485181-3.855891949218367E-16i
47,1.3150166784920876-3.1998561031137162E-15i,0.6579635227975386-1.6010356586991174E-15i
47,1.3192450036990837-4.267570191496076E-15i,0.6600791490053514-2.135262284431489E-15i
47,1.3715432823173817-2.936092041694909E-15i,0.6862463909869515-1.4690623279596858E-15i
47,1.4722389927315687+1.1274406621798265E-15i,0.7366291012889166+5.641105865544288E-16i
47,1.5712312357714977-2.183059699742678E-16i,0.786159488260791-1.0922855002623238E-16i
47,1.5924013793265264+5.7766666745160006E-15i,0.796751887931013+2.890332888819371E-15i
47,1.7902242747911068+4.536367639541309E-16i,0.8957318106336952+2.2697540507546597E-16i
47,1.82263141649924-6.833580648697355E-16i,0.9119465989864428-3.4191557190695005E-16i
47,1.835254886811929+2.415495799616709E-16i,0.918262703666112+1.2085840062811265E-16i
47,1.875979961035061+1.3546817935538338E-15i,0.9386393374687869+6.778098101222916E-16i
47,1.9079524297274912,0.9546366388547496
47,2.008615677181842-1.6428304357275422E-15i,1.0050031064399767-8.219838717861652E-16i
47,2.0141028704732435-8.61483757254362E-16i,1.0077486024381124-4.3104007502468354E-16i
47,2.0446611848999567-4.689491936644466E-15i,1.0230383371919034-2.3463692021787613E-15i
47,2.2222179914669+3.7238940619616585E-16i,1.1118782004850667+1.8632360300880173E-16i
47,2.2285221282055527+3.2219427262325442E-15i,1.115032450985918+1.612086615384039E-15i
47,2.2358723562428775-2.5633717107061545E-15i,1.1187101092330736-1.2825731480073564E-15i
47,2.2538693094006867,1.127714815327686
47,2.3155552727130653+1.0625159418469489E-15i,1.1585791491357658+5.316257531636848E-16i
47,2.3612160621988423+3.0016371708067946E-16i,1.1814253490320503+1.501857580489964E-16i
47,2.37870902262712,1.1901778843084438
47,2.4115292138936746+2.1408147915362957E-15i,1.2065993404145317+1.0711484233884374E-15i
48,3.925391787598775E-8-2.063341451160463E-5i,1.9640546398929626E-8-1.0323849363617727E-5i
48,5.07154925153652E-8+3.16463262143889E-5i,2.5375301060124666E-8+1.5834117255072288E-5i
48,6.586941061143831E-8+2.582540588572609E-5i,3.2957505527759966E-8+1.292164222109588E-5i
48,6.687544686885926E-7-1.1548159643772782E-5i,3.3460871888674695E-7-5.7780771341683224E-6i
48,8.396304981138884E-7+5.722044977168523E-6i,4.201058811061993E-7+2.863003133238523E-6i
48,9.342058193154306E-7-2.9673315834423717E-5i,4.674262782731999E-7-1.4846929121757816E-5i
48,1.0906804254059704E-5+2.60153506110364E-7i,5.4571774387631705E-6+1.3016680331749575E-7i
48,1.8278562743785127E-5+3.2318820845179333E-7i,9.145608364730006E-6+1.617059734964013E-7i
48,2.4104584650092897E-5-4.756881165633302E-7i,1.206063595340325E-5-2.3800871429694047E-7i
48,2.6396980859307695E-5+3.405643445508814E-8i,1.3207627554446863E-5+1.704000561702997E-8i
48,3.0812915291261487E-5+8.69432954551677E-9i,1.541712331432041E-5+4.350174252307292E-9i
48,0.49099458546098357-7.79783773084172E-16i,0.24566724696972705-3.901618030785344E-16i
48,0.5544414213654744-2.8277634788161696E-15i,0.27741262658722776-1.4148605493685413E-15i
48,0.6300549623736499+1.8814381402271213E-15i,0.31524557017390836+9.413703163742303E-16i
48,0.8609436571458426-4.1032544563516426E-16i,0.43076983801866153-2.0530475401510813E-16i
48,0.905459516814208+6.05264587596553E-16i,0.45304317669703076+3.0284180177569023E-16i
48,1.125159418433543,0.5629691750451955
48,1.2949326731939623-4.2975054408433E-16i,0.6479145682147026-2.1502402709760462E-16i
48,1.3079351554982028-4.258353836135757E-15i,0.6544203100824185-2.1306509165763057E-15i
48,1.315429410754904-1.1330556924615934E-15i,0.6581700317932467-5.669200452976005E-16i
48,1.3715877133862355,0.6862686219008729
48,1.461761821846011-8.180220449919457E-16i,0.7313868892489004-4.092941749348206E-16i
48,1.5621983479272712+3.342075648070981E-16i,0.7816399176696122+1.6721946594488616E-16i
48,1.6025507963128502+4.759853661940406E-15i,0.8018301095717608+2.3815744200311432E-15i
48,1.7989747065130095,0.9001100553935597
48,1.829384245028327-4.743100724414447E-16i,0.9153253506939425-2.373192152359507E-16i
48,1.835600447629913+2.936849684801958E-16i,0.9184356036884923+1.4694414117659144E-16i
48,1.8851580847118634+4.39407816219983E-16i,0.9432315762485909+2.1985600596062175E-16i
48,1.9206237823262493,0.9609767012515618
48,2.0086415150008645-4.3853306014286753E-16i,1.005016034293063-2.194183251315486E-16i
48,2.0143760982040257-3.648609675952622E-16i,1.0078853108793147-1.8255677779355387E-16i
48,2.0370765117575584-5.582532722034901E-15i,1.0192433752407266-2.7931987145094732E-15i
48,2.2141809584346523,1.1078569020078477
48,2.2322643865405096-4.530039867140633E-16i,1.1169048755091644-2.2665879742414835E-16i
48,2.2326318963174443+3.3081453763401835E-15i,1.117088757608494+1.6552177788642952E-15i
48,2.252359300326116+1.154482784971298E-15i,1.1269592881116355+5.776410083861905E-16i
48,2.3123878714060737+5.028103057090126E-16i,1.1569943521091215+2.515791970201995E-16i
48,2.3671082416743072,1.1843734783052682
48,2.379133440576829+1.0567662129545118E-15i,1.1903902401925144+5.287488984902241E-16i
48,2.4058599165316044+4.216734104796029E-16i,1.2037627293470492+2.1098266445362154E-16i
49,2.9915061970452477E-9+3.168015635302279E-5i,1.4967885868455942E-9+1.585104403444805E-5i
49,1.4091593127510355E-7+2.586005046444517E-5i,7.050674267217734E-8+1.2938976502426805E-5i
49,1.6326330568165365E-7-2.038751137177413E-5i,8.168816525814016E-8-1.0200812676101809E-5i
49,4.631239011008892E-7-1.1772936225944542E-5i,2.3172225755303482E-7-5.890543230049107E-6i
49,6.688746524182079E-7-2.9199625800416796E-5i,3.3466885235228697E-7-1.4609920140360968E-5i
49,9.310241809552708E-7+5.454341804068998E-6i,4.6583435779191827E-7+2.729058883163597E-6i
49,1.1282112190779529E-5+5.228551242828501E-7i,5.6449613172621215E-6+2.616085446766893E-7i
49,1.789278598865761E-5+5.484813267250384E-7i,8.95258645332112E-6+2.744305162231792E-7i
49,2.451175751906761E-5-5.579657569724412E-7i,1.2264363327846431E-5-2.791760143140965E-7i
49,2.6508264818624817E-5+6.439352731082113E-8i,1.3263308054246388E-5+3.221905301107731E-8i
49,3.080895529907334E-5+1.151506028863841E-8i,1.5415141947503563E-5+5.761515999497763E-9i
49,0.4953274528811705+4.7914655489851065E-15i,0.2478351804706694+2.397391305780501E-15i
49,0.5625486557721889-1.8813602201991572E-15i,0.28146905005138034-9.41331329388792E-16i
49,0.6341394771595457-1.0241671732386171E-15i,0.3172892413922296-5.124380947094825E-16i
49,0.851998032549634+1.2950211168650321E-15i,0.4262939292570365+6.479588206643771E-16i
49,0.9101331875217172+4.154199822281729E-16i,0.45538162980823743+2.078537857487593E-16i
49,1.1337970172452432-2.2968103986759554E-16i,0.5672909642936597-1.1492002237140778E-16i
49,1.2808104649772034-2.342625966929119E-16i,0.6408485758056678-1.1721238665696111E-16i
49,1.2966125279236311-2.4265644777323E-15i,0.648755077049152-1.2141221766821263E-15i
49,1.3158942372592448+4.6130337630203E-16i,0.6584026059417636+2.30811364992059E-16i
49,1.3716297629599+5.155383528790651E-16i,0.6862896612428621+2.5794762632707646E-16i
49,1.4512767164043094+9.273796170008117E-16i,0.7261407071843229+4.640108142751268E-16i
49,1.553163331421849+8.563599008393926E-16i,0.7771192820110148+4.2847637323120673E-16i
49,1.612614876125737+3.3492254591883117E-15i,0.8068656330869421+1.6757720398631469E-15i
49,1.807695361832544,0.9044734016453527
49,1.834457812222347-8.323061000264549E-16i,0.917863890469693-4.164411467748406E-16i
49,1.8359742101946372,0.9186226143460738
49,1.8963899350430478+1.4301200605261957E-15i,0.9488513892382748+7.155550560212204E-16i
49,1.9334562244231914+5.622098999123697E-16i,0.9673973641574355+2.8129955486356985E-16i
49,2.0086702296975187-1.1815148972246245E-15i,1.0050304015807756-5.911664214838042E-16i
49,2.0147389516589063+7.409820146518407E-16i,1.0080668632058647+3.7074749291316754E-16i
49,2.029460676797962-4.504744711430712E-15i,1.015432821594512-2.253931640650569E-15i
49,2.2060932426850144,1.103810244628476
49,2.228808770573484,1.1151758713890747
49,2.233538902059078+2.5551609562961506E-15i,1.1175425744328153+1.2784649287088556E-15i
49,2.254188252149035+1.652298908309597E-15i,1.1278743971015952+8.267213855207776E-16i
49,2.3092084435953946,1.1554035376677458
49,2.3728642947051606,1.1872534972369921
49,2.3794889435911917+6.83460446453223E-16i,1.1905681147545037+3.419667981373416E-16i
49,2.3999805964599834+7.107090275819824E-16i,1.2008210342269434+3.5560052060181366E-16i
50,6.313496389865124E-9-3.170423388646206E-5i,3.158933566233239E-9-1.5863091135432456E-5i
50,7.398884808678545E-8+2.594267825440506E-5i,3.702003475023316E-8+1.2980318998421097E-5i
50,3.04746219087511E-7-2.026760644450476E-5i,1.5247859525247512E-7-1.0140818708240197E-5i
50,5.513568233049656E-7-1.1623172028971184E-5i,2.7586925984557235E-7-5.815609291764363E-6i
50,6.599804639512447E-7-2.8700704800743907E-5i,3.302186794595303E-7-1.4360286942614099E-5i
50,1.153943428309402E-6+5.662549360696644E-6i,5.773711433608189E-7+2.8332347310234752E-6i
50,1.1823668428969066E-5+5.700061084747484E-7i,5.9159268921480335E-6+2.8520035774619877E-7i
50,1.7686144901271666E-5+7.873058276480257E-7i,8.84919438230414E-6+3.9392543406546886E-7i
50,2.457877259274699E-5-7.17295709649552E-7i,1.2297894061471182E-5-3.5889614156815375E-7i
50,2.6610961235044636E-5+1.856830043768215E-7i,1.3314691810081144E-5+9.290577502294345E-8i
50,3.080653654575368E-5+1.2976285082889686E-8i,1.5413931733609696E-5+6.492634189061063E-9i
50,0.49991285364155946-9.764019273806849E-17i,0.25012946805430947-4.885389381847049E-17i
50,0.5710331140930126-1.1883104985694787E-15i,0.2857142160459283-5.945665744046897E-16i
50,0.6383822780869716+5.508779548230399E-16i,0.3194121104709236+2.7562965984773364E-16i
50,0.843030677980222+1.031470249874248E-15i,0.42180714798713614+5.16092160934673E-16i
50,0.9151191874409947+3.9244998398868737E-16i,0.4578763556358352+1.9636083572957364E-16i
50,1.1424200164659655,0.5716054486930916
50,1.2665638378697135+3.060992619812809E-16i,0.6337203308845649+1.5315558504541207E-16i
50,1.2852876427127202-2.416116269344387E-15i,0.6430887144162513-1.2088944559160925E-15i
50,1.316417902473152+1.0055035489691694E-15i,0.658664619811659+5.030998222956476E-16i
50,1.3716669131669021-2.260596358440647E-16i,0.6863082492056398-1.1310806683672376E-16i
50,1.4408495930902097+5.648783938393744E-16i,0.7209235362536419+2.8263472550702443E-16i
50,1.5441303144444571-8.689835553021545E-16i,0.772599646808555-4.347925700496547E-16i
50,1.6225802281275843+4.2310744098939396E-15i,0.8118517585226831+2.1170017608784905E-15i
50,1.816379110381291,0.9088182817367395
50,1.8363772227057127+3.343799963062871E-16i,0.9188242601014894+1.6730574138040214E-16i
50,1.8382189369806232-1.2019464017930102E-15i,0.9197457547350756-6.013892459861399E-16i
50,1.9092450992948249+3.7387849283730657E-16i,0.9552834210866762+1.870686617659874E-16i
50,1.946345805919852,0.9738466165415601
50,2.008702121063907,1.0050463583029363
50,2.015240951470512,1.0083180368752864
50,2.0218208523525174-4.565112365960563E-15i,1.0116102649015861-2.2841363637442955E-15i
50,2.197973604020842-3.4002243968654583E-16i,1.0997476147419503-1.7012891616166633E-16i
50,2.2255111288396923+3.1846036828719817E-16i,1.113525909067245+1.5934041690628427E-16i
50,2.231656401858646+7.357124287390591E-16i,1.116600672718714+3.6811087592756875E-16i
50,2.2589543186738505+3.457367691953898E-15i,1.1302590801036014+1.7298805889008877E-15i
50,2.306041087245222+2.6413199726558717E-16i,1.153818763135073+1.3215742602116452E-16i
50,2.378382604286273-3.56174499002387E-16i,1.1900145621506628-1.782105367385795E-16i
50,2.3797918176239166-9.459774336494623E-16i,1.190719656608531-4.733161600997291E-16i
50,2.394087166972615-1.1570293034134644E-15i,1.1978722795150911-5.789151490662906E-16i
51,7.088821448488335E-9-3.1699338067705994E-5i,3.546864468729397E-9-1.586064153140203E-5i
51,3.8310746563927156E-8+2.602965265181637E-5i,1.916863427094311E-8+1.302383630268796E-5i
51,2.446243012672758E-7-2.0564654784808996E-5i,1.2239682557354852E-7-1.0289445699535742E-5i
51,5.123623759184972E-7-2.8987977208272372E-5i,2.5635853850524344E-7-1.4504022583653039E-5i
51,6.999281274883991E-7-1.1347392283088539E-5i,3.5020633882410696E-7-5.677623959650381E-6i
51,1.2361141324240538E-6+5.9855517300457355E-6i,6.184849382155174E-7+2.994847720641659E-6i
51,1.1634410604841119E-5+6.496471297544281E-7i,5.821232469851418E-6+3.2504843555191836E-7i
51,1.752008795332146E-5+6.894017895704959E-7i,8.766108428912574E-6+3.449395262491039E-7i
51,2.4245598758872147E-5-5.731276774533942E-7i,1.2131191818810938E-5-2.8676222274413964E-7i
51,2.6701047545202883E-5+9.056573177085136E-8i,1.3359766147887657E-5+4.531421456115385E-8i
51,3.081216485360681E-5+1.032273322568549E-8i,1.5416747835734483E-5+5.1649397525965225E-9i
51,0.5047366847893877-7.089981763337368E-15i,0.25254305336263044-3.547445027788542E-15i
51,0.5798521994696724-2.0255827364456195E-15i,0.2901268113971395-1.0134925090972197E-15i
51,0.6427538442908682+7.554485650130242E-16i,0.32159940675902604+3.7798577558596763E-16i
51,0.8340598854476359-1.6287313750447788E-15i,0.41731864654562245-8.149294611564805E-16i
51,0.9204108248135642+8.157621731786195E-16i,0.46052400598428206+4.0816345678980665E-16i
51,1.151005089705872+3.653044745103799E-16i,0.5759009569743104+1.8277868476783688E-16i
51,1.252256479314443-4.217839705685247E-16i,0.6265616992178185-2.110379827676609E-16i
51,1.2739698717278447-3.802152122676937E-15i,0.6374259113589065-1.9023921489096985E-15i
51,1.317008759202975+2.290543573523313E-15i,0.6589602526973719+1.1460646419213684E-15i
51,1.37169533387357-4.4106962380130885E-16i,0.6863224693965967-2.2068748497400935E-16i
51,1.4305414718200864+5.748600580526855E-16i,0.7157659075366497+2.876290126948518E-16i
51,1.535103189420152-3.1077352478558835E-15i,0.7680829596220955-1.5549433440996787E-15i
51,1.6324336262163617+2.931610021741521E-15i,0.8167818682498486+1.4668197665640677E-15i
51,1.8250184126325644,0.9131409232946235
51,1.836811038497703-3.675348021489972E-16i,0.9190413181596966-1.8389462059899308E-16i
51,1.8410673429199134-9.634489849583167E-16i,0.9211709436599201-4.820579834057983E-16i
51,1.9232682825602443-2.7468925440526496E-16i,0.9622998667432676-1.3743970890952081E-16i
51,1.9591521893815558+3.2493517198008425E-16i,0.9802542411098059+1.6258005995938908E-16i
51,2.0087375661152564+2.7385536604506126E-16i,1.0050640930976604+1.370224760849694E-16i
51,2.014163763834747-4.472946222873187E-15i,1.0077790701966625-2.2380213895540295E-15i
51,2.015974589645017,1.008685109906109
51,2.1898384239876023-8.94249039092664E-16i,1.0956772087913578-4.474340574101421E-16i
51,2.222377344067245+3.424401320231404E-16i,1.1119579319439943+1.7133859919675182E-16i
51,2.2285594501639356,1.1150511248838366
51,2.2650914483188034+3.640044207327164E-15i,1.1333297692492998+1.8212820787475404E-15i
51,2.3029083093024116+3.172756055885002E-16i,1.1522512897751473+1.5874762545986072E-16i
51,2.3800548177347784,1.1908512476995559
51,2.383504688849175,1.1925773774047919
51,2.388287525060267+3.19611236346241E-15i,1.1949704510546428+1.5991624930049492E-15i
52,1.1118814393345847E-8-2.605651274881072E-5i,5.563255894188895E-9-1.303727564861424E-5i
52,5.545106407182716E-8-3.168024352172552E-5i,2.7744726022340676E-8-1.5851087648972235E-5i
52,7.364590920679594E-8+2.9759903828691456E-5i,3.684844660441521E-8+1.4890253090702228E-5i
52,3.042954666325308E-7-2.0928509280686643E-5i,1.522530630002694E-7-1.0471498893087552E-5i
52,3.413669866950197E-7-1.1051869129666592E-5i,1.7080165507116576E-7-5.529760089728437E-6i
52,1.1119475091301864E-6+6.43706212264601E-6i,5.563586471862743E-7+3.2207592040120685E-6i
52,1.1359244371500702E-5+8.978397709940118E-7i,5.683554106371499E-6+4.4923066626680033E-7i
52,1.7413498721383876E-5+6.709580774844879E-7i,8.712776917848884E-6+3.3571128604800717E-7i
52,2.3619905106571084E-5-2.857168952989276E-7i,1.1818128413309392E-5-1.429573464948179E-7i
52,2.7025768974875346E-5-3.082286794449862E-8i,1.3522239262707874E-5-1.542210308597821E-8i
52,3.082084051109191E-5+1.3176793788782852E-8i,1.5421088667493385E-5+6.592957946651972E-9i
52,0.5097837979286889-7.244162341613594E-16i,0.255068356954141-3.6245886854232974E-16i
52,0.5889609908480241-3.4420391217958967E-15i,0.2946843600288424-1.7222109979477352E-15i
52,0.6472230351996026-3.065858399056001E-15i,0.32383554919163565-1.5339904243301548E-15i
52,0.8251025250698628+3.363768751409645E-15i,0.41283686583095897+1.6830487200296638E-15i
52,0.9260011140644157+3.587126567915143E-16i,0.46332108564806634+1.7948049419818005E-16i
52,1.1595290345573823-2.0170780007130743E-16i,0.58016587990218-1.009237197377931E-16i
52,1.2379475591561018+1.0891130799785644E-15i,0.6194022862089988+5.449335286372836E-16i
52,1.2626678063911363-3.4934674992159E-15i,0.6317709665620421-1.7479429882201539E-15i
52,1.3176771459841292-2.159660716295814E-15i,0.659294677445219-1.0805779091493092E-15i
52,1.371708656355894+8.246842704940608E-16i,0.68632913524924+4.126275937672492E-16i
52,1.4204111721795047-1.5721738140306532E-15i,0.7106972511861046-7.866311036570438E-16i
52,1.5260858057512583-2.673757418904458E-16i,0.7635711464852418-1.3378042113243177E-16i
52,1.6421613753818083+5.343712708057818E-15i,0.8216491100228787+2.673706041693259E-15i
52,1.833604967514652,0.9174371729097929
52,1.8372778584891627-3.60736774889013E-16i,0.9192748897418039-1.804932538808296E-16i
52,1.8433067910577576-6.621719755861524E-16i,0.922291442897685-3.313151938529516E-16i
52,1.9381063331580426+3.145286037762947E-16i,0.9697240281265059+1.573731736988667E-16i
52,1.9716451689460597-1.3127426230499806E-15i,0.98650505524695-6.568257079285733E-16i
52,2.006496147447148-5.328858568282241E-15i,1.0039426079126785-2.6662738301519787E-15i
52,2.008777038921397-3.711219201623579E-16i,1.0050838431639582-1.856894212607366E-16i
52,2.0171271098654984-7.7108668628623305E-16i,1.0092617689529224-3.858102492456129E-16i
52,2.1817027245229794+1.4965741669509185E-15i,1.091606542945276+7.488051118438668E-16i
52,2.2194138350874746-5.905969542825274E-16i,1.1104751516568212-2.955029080230534E-16i
52,2.2250704964820125+2.648051894271191E-16i,1.1133054403666882+1.3249425512254834E-16i
52,2.2717840661534847+3.555431588423419E-15i,1.1366783947680987+1.7789464812470795E-15i
52,2.299830917629405,1.150711528721682
52,2.380288149995289-7.056418040116981E-16i,1.1909679945960927-3.530651548337307E-16i
52,2.382644265756194+1.6358058747118585E-15i,1.1921468680290452+8.18469159777124E-16i
52,2.3879765580259544+1.22186842314472E-15i,1.1948148598984873+6.11357152526192E-16i
53,3.049108887467442E-8-2.077839980490645E-5i,1.5256098708130816E-8-1.0396392195883617E-5i
53,9.785282966004207E-8-3.1750619609155656E-5i,4.896028588219624E-8-1.5886300052863066E-5i
53,3.393933753351966E-7+2.5910422602331663E-5i,1.698141662398975E-7+1.2964180007322763E-5i
53,4.993539408727453E-7+2.9472124410265047E-5i,2.498498182062732E-7+1.4746263768716144E-5i
53,6.072858253708469E-7+1.0749179726434124E-5i,3.0385312029973425E-7+5.378310614355477E-6i
53,7.30330575669861E-7+6.6695718374379786E-6i,3.6541808650329405E-7+3.3370945429711136E-6i
53,1.1945892593526464E-5+1.5522326174450874E-6i,5.977081281440941E-6+7.766536028626949E-7i
53,1.7251390860995887E-5+9.644971610077878E-7i,8.631666875186643E-6+4.825824342491237E-7i
53,2.3256570818025445E-5-1.9355862972159986E-7i,1.1636335503489606E-5-9.684631378631939E-8i
53,2.722946791668442E-5-1.0857488750737003E-8i,1.362415924253392E-5-5.4325026168955544E-9i
53,3.082473320323893E-5+2.380238159980866E-8i,1.542303636099424E-5+1.1909429822851977E-8i
53,0.515037845074441+1.6879650727150912E-15i,0.2576971991775928+8.445668133094385E-16i
53,0.598311915563254-1.4480061245888604E-15i,0.2993630591416949-7.245042791847987E-16i
53,0.6517571688839768-1.5159080675084725E-14i,0.3261041854915393-7.584787544130642E-15i
53,0.8161748607009977-9.173172537804047E-16i,0.4083699433998091-4.589761496503714E-16i
53,0.9318827963903412,0.46626396271300186
53,1.1679676671732224+4.395997628222673E-16i,0.5843881171819985+2.1995204570269773E-16i
53,1.2236935872848353+3.6914092057505066E-16i,0.6122703663636705+1.846982357583445E-16i
53,1.2513895128333912-2.3181248842099584E-15i,0.6261279158830896-1.1598648443367236E-15i
53,1.3184358467190134-1.4347642992429898E-15i,0.6596742904314558-7.178787829493978E-16i
53,1.3716950386110576+1.0233385291054466E-15i,0.6863223216631374+5.120234858136991E-16i
53,1.4105194248991975-6.2243438976064696E-15i,0.7057479535888779-3.1143264606108616E-15i
53,1.5170821255847204+5.500027166486924E-16i,0.7590661898429348+2.7519173780317007E-16i
53,1.651748728353352+3.7358519018757675E-15i,0.8264461051018261+1.8692190891652288E-15i
53,1.8377807051295874+1.4893955271279834E-15i,0.919526487118759+7.452133070979306E-16i
53,1.842129349578891,0.9217023145953646
53,1.8451379275032458-4.694752148100597E-16i,0.9232076449551204-2.3490011286911345E-16i
53,1.9535138026807013-3.9481258448754637E-16i,0.9774330960724342-1.9754295377614856E-16i
53,1.98337912621528+3.269084882006111E-15i,0.9923760955063519+1.635674011188489E-15i
53,1.9988251429639294-4.675463733572577E-15i,1.00010445040812-2.3393502448813656E-15i
53,2.0088211355053995+6.248632807252464E-16i,1.0051059067196744+3.1264793228649853E-16i
53,2.0191045280704274+2.2880047724206552E-15i,1.0102511625244557+1.1447943625823244E-15i
53,2.1735810022571953,1.0875428705367207
53,2.216627883534319+2.1447354380471546E-15i,1.1090812115431796+1.073110103747417E-15i
53,2.2215032694405727,1.1115205920760218
53,2.278723327836157+4.222706860036619E-15i,1.1401504275848846+2.1128150895827166E-15i
53,2.296828005401662+3.5452534872170016E-15i,1.1492090331713725+1.7738539075674483E-15i
53,2.377196611945945,1.1894211554577925
53,2.380500269882167+3.7217624862300996E-16i,1.1910741279633026+1.862169504392652E-16i
53,2.3913943177533423-1.4778496068578217E-15i,1.1965249227950934-7.39436350425711E-16i
54,5.8555466232878335E-8-2.0647810189179896E-5i,2.929800166931401E-8-1.0331052185365465E-5i
54,8.98257339036657E-8-3.1747812954571804E-5i,4.4943959482629334E-8-1.588489575406787E-5i
54,1.2292473276444846E-7+2.5840951975357674E-5i,6.150491589307182E-8+1.2929420647078623E-5i
54,2.0552339120510193E-7+6.784787515731098E-6i,1.028328360440785E-7+3.394742263194842E-6i
54,1.0038860998638935E-6+1.083230017479996E-5i,5.02290537874652E-7+5.419899610082899E-6i
54,1.43424267977001E-6+3.0264898133592935E-5i,7.176177926580844E-7+1.5142925043294253E-5i
54,1.1556152374952185E-5+2.104190166761166E-6i,5.782076266384352E-6+1.0528234336508054E-6i
54,1.7017967580768698E-5+3.6023812156432664E-8i,8.514874437285893E-6+1.802437546132298E-8i
54,2.331471238878594E-5-2.2607003103618397E-7i,1.1665426414155792E-5-1.1311326803100429E-7i
54,2.7288630710146352E-5-2.392525158963283E-7i,1.3653761118039709E-5-1.1970907348326033E-7i
54,3.0827839572238556E-5+3.635005816149125E-9i,1.5424590620741306E-5+1.8187611391557046E-9i
54,0.5204810540993492,0.26042068781764477
54,0.6078542954100797-1.818575537410105E-15i,0.30413755209116017-9.09917255528542E-16i
54,0.6563221168357253+1.082935137950339E-15i,0.32838823959126684+5.418424191730361E-16i
54,0.807293267505979+1.284591037307733E-15i,0.4039260725027874+6.427401705888142E-16i
54,0.9380483569425+6.964054103216114E-16i,0.4693488771534572+3.484437608775392E-16i
54,1.1762947778312134+3.1849572809856357E-16i,0.5885545548803699+1.5935810905151098E-16i
54,1.2095501058818332+6.956797163141423E-16i,0.6051937299979541+3.4808066268005095E-16i
54,1.2401427148564979-2.7589812533040976E-15i,0.6205006238965313-1.380445628140567E-15i
54,1.3193006411450483-2.0349595249188708E-16i,0.6601069869868348-1.0181841490416365E-16i
54,1.3716290031856209+1.6183749463409766E-15i,0.6862892810927321+8.097476620013786E-16i
54,1.400937959421457-1.2817014399103983E-15i,0.7009539042947456-6.41294371676821E-16i
54,1.5080963618881582-1.1432033868713454E-15i,0.7545701976372725-5.719974050538049E-16i
54,1.6611792950231044+4.25170318888761E-15i,0.8311646527594289+2.12732329087859E-15i
54,1.8383236329680905+1.6187263335787273E-15i,0.9197981389685712+8.099234772504153E-16i
54,1.8466872471621143-1.2125244678147579E-15i,0.9239828410703951-6.066819405183758E-16i
54,1.850580600949668-2.513792150312831E-16i,0.9259308656205426-1.257766206202975E-16i
54,1.969322566244109+1.1028901857460788E-15i,0.9853429499437785+5.518268503669689E-16i
54,1.99115866745873-4.389917160474175E-15i,0.9962685589602439-2.196478118442613E-15i
54,1.9934666695703618-8.414255046534579E-16i,0.997423358914367-4.210040057045687E-16i
54,2.0088706049000664+6.930476528656619E-16i,1.0051306585404827+3.467637198860062E-16i
54,2.022756552972891+1.0034544963853748E-15i,1.0120784390978028+5.020745867389573E-16i
54,2.165487967997354-6.810796275703712E-16i,1.0834935520612832-3.4077556459260787E-16i
54,2.214028060631297+1.1628549969259112E-15i,1.1077804001816969+5.818300123443621E-16i
54,2.217989398576017+1.2774945846811282E-15i,1.1097624403426538+6.391894878895493E-16i
54,2.2857804950219687+4.156296270329558E-15i,1.1436814539653806+2.079586807181899E-15i
54,2.2939169933703636-1.1354476903064235E-15i,1.1477525195298761-5.681168721928405E-16i
54,2.3719711356687343+1.5700421801964226E-15i,1.1868066085582119+7.855645488902305E-16i
54,2.3806985443726316,1.1911733338398218
54,2.393171393809991+7.70501697941731E-16i,1.197414075945495+3.8551755258386E-16i
55,4.8496859751842735E-8-3.177004405399877E-5i,2.4265216714612646E-8-1.5896018998916296E-5i
55,1.0265053110708736E-7+2.040716873612914E-5i,5.136079729551803E-8+1.0210648162534399E-5i
55,3.5177840451644316E-7+7.02538718216259E-6i,1.760109678191653E-7+3.5151253782521384E-6i
55,4.1613632028809847E-7+2.5963929089223415E-5i,2.0821220273398195E-7+1.299095177165368E-5i
55,1.2441183196271652E-6+1.0168673909094071E-5i,6.224898024088209E-7+5.087856767778029E-6i
55,1.3736493549159782E-6+2.8944704075256826E-5i,6.873001562881102E-7+1.4482371038461961E-5i
55,1.2325647631138984E-5+2.727120591175921E-6i,6.167090249718182E-6+1.3645042687377683E-6i
55,1.6830874444955153E-5+2.4143054674201355E-7i,8.421263108437746E-6+1.2079884281579236E-7i
55,2.3251006307287044E-5-1.663325197938864E-7i,1.1633551322005093E-5-8.322383470061464E-8i
55,2.739208047832993E-5-1.4939270155763024E-7i,1.370552181052363E-5-7.474806198641772E-8i
55,3.083068256836521E-5+5.463558436551713E-9i,1.542601310288727E-5+2.7336703896759036E-9i
55,0.5260939104460693-8.371954409133619E-16i,0.26322905884080106-4.1888750962842526E-16i
55,0.6175337552840685-2.632960861498247E-15i,0.30898063250347096-1.3173918111867144E-15i
55,0.6608824218299446-6.143215194316898E-15i,0.33066997060510334-3.0737340268497838E-15i
55,0.7984749240544261-1.6372571266235791E-15i,0.3995138483709417-8.191952880733805E-16i
55,0.9444900370077011+1.5553871464119267E-15i,0.4725719469272144+7.782319592635949E-16i
55,1.1844810948595805,0.5926505470292287
55,1.1955732765570448+9.59532736182921E-16i,0.598200477356761+4.800985034367947E-16i
55,1.2289349314580056-4.859690742611021E-15i,0.6148928527037889-2.431527518252821E-15i
55,1.3202909462545096,0.6606024823285462
55,1.3714433476093109-2.562324891885691E-16i,0.6861963890412367-1.28204937624833E-16i
55,1.3917783038910172-1.8028047707427056E-16i,0.6963709059807388-9.020264132575537E-17i
55,1.4991331120423506,0.7500854701499947
55,1.6704344002837923+3.298681754222888E-15i,0.8357954089777963+1.6504826920410157E-15i
55,1.8389119797423177+9.791676379258955E-16i,0.920092516007683+4.899227507880945E-16i
55,1.8480339125600334+2.528586768261591E-15i,0.9246566399078826+1.2651686362277952E-15i
55,1.8589457440464425-2.1360858000808143E-16i,0.9301163327029607-1.0687822907543663E-16i
55,1.9835058067567723-5.201610717457908E-15i,0.992439479626655-2.6026058588127863E-15i
55,1.9854136813863912+5.8746676668484E-16i,0.9933940773385255+2.939367307323188E-16i
55,2.0006997870496677+5.923932663332242E-16i,1.0010424213455367+2.9640168582887976E-16i
55,2.0089263874183914-3.957679470980286E-16i,1.005158569108362-1.9802096577327603E-16i
55,2.029253962402345-4.989117229532882E-16i,1.0153293928440046-2.49628556175997E-16i
55,2.1574392631032104,1.0794664136129852
55,2.2116248184447356-9.647663814746926E-16i,1.1065779472234434-4.827171376713015E-16i
55,2.214593260782854,1.1080631958974367
55,2.2911137057886712-6.411817997009031E-16i,1.146349905401225-3.2081284031213166E-16i
55,2.2928919298163275+3.951799292496096E-15i,1.147239632934492+1.977267533109236E-15i
55,2.3669871049027114+3.8521568779184906E-16i,1.1843128679888495+1.9274118353163293E-16i
55,2.3808898395195435-9.657668244784011E-16i,1.1912690476287149-4.832177054692956E-16i
55,2.3926589770903894-5.731312539900803E-16i,1.1971576902163377-2.867640122504751E-16i
56,8.127860992110092E-9+1.955572033326414E-5i,4.066743896594335E-9+9.784629238370036E-6i
56,2.3374303679922282E-8-3.172474769192281E-5i,1.1695242686820167E-8-1.5873355138868842E-5i
56,1.0564439263652509E-7-2.5856077330101406E-5i,5.2858764363841204E-8-1.293698855998309E-5i
56,1.796241910800731E-7-7.2235028324122955E-6i,8.987427115998682E-8-3.614251779682344E-6i
56,1.3335504057563212E-6+2.8216827975230684E-5i,6.672368017458537E-7+1.411818103937959E-5i
56,1.895658691661316E-6+9.875623977062676E-6i,9.484855144327793E-7+4.94123036463913E-6i
56,1.2345295181040966E-5+2.256470063904021E-6i,6.176920825527055E-6+1.1290160928117918E-6i
56,1.6615950750980493E-5+4.610955415153407E-8i,8.313726867161793E-6+2.3070737565819985E-8i
56,2.3541146091711093E-5-9.671994001228716E-10i,1.1778721644013685E-5-4.839344891672716E-10i
56,2.7422127971370083E-5-1.8130324123483215E-7i,1.3720555957766998E-5-9.07143774284836E-8i
56,3.0797944731102244E-5-1.3784074981667491E-8i,1.5409632852289224E-5-6.8968087491051005E-9i
56,0.5318547129246657+2.193939145473567E-14i,0.2661114541403835+1.097728988969546E-14i
56,0.6272914855792746-1.6353998911140571E-15i,0.3138628752191331-8.182660274499252E-16i
56,0.6654014466097068+2.799851641653801E-14i,0.33293104722286243+1.400894969305966E-14i
56,0.7897385444008921+5.457663502666507E-15i,0.3951426345092838+2.730720882244396E-15i
56,0.9511998388408692+6.464850913137847E-16i,0.4759291703933739+3.234663218147659E-16i
56,1.1818214151241073+7.366200145182581E-16i,0.5913197865325088+3.6856498297144853E-16i
56,1.1924932379480349+1.7203199585094618E-15i,0.5966593919190762+8.607554556172965E-16i
56,1.2177735871173199-2.451619432816106E-15i,0.6093083171144951-1.2266583268162664E-15i
56,1.3214305305166685-2.1995903331539715E-15i,0.6611726689185098-1.1005565389276593E-15i
56,1.370898264543596-3.869959816630073E-15i,0.6859236588318023-1.9363194670311247E-15i
56,1.3833231894285933-7.937778055894547E-16i,0.6921404220725559-3.9716366326473163E-16i
56,1.4901974970195722-9.750987538752398E-16i,0.7456145696398266-4.878869003478598E-16i
56,1.6794923530896306+4.999394502779013E-15i,0.8403275207258368+2.501427755787145E-15i
56,1.8395526581294206+3.85037006754621E-16i,0.9204130769674436+1.9265178116386488E-16i
56,1.8492277555308994-8.080688444811417E-16i,0.9252539746334609-4.043141294507524E-16i
56,1.867209177232372-1.0417855414880423E-15i,0.9342509096238031-5.212533773054636E-16i
56,1.9758772594401741-5.1075113596800015E-15i,0.9886225654016488-2.5555236081089145E-15i
56,2.0016980635746346-1.414216419233326E-15i,1.001541905154249-7.075977304439023E-16i
56,2.004888270189511+2.90569659984187E-15i,1.0031381127287287+1.4538540858699004E-15i
56,2.0089896608041435-1.8394487789927482E-15i,1.0051902277028648-9.203611014420924E-16i
56,2.0387485312190687+1.5668588633666063E-15i,1.020079963728975+7.839717885931304E-16i
56,2.149452216864785+1.720773989331705E-15i,1.075470125835246+8.60982628187917E-16i
56,2.2094313413138655-1.1537027553676112E-15i,1.1054804494016985-5.772507235827183E-16i
56,2.2113508992818827+1.2137985631871252E-15i,1.1064408928268714+6.073194292234956E-16i
56,2.288432463563988,1.1450083561961992
56,2.300019821954152+3.8420107262071995E-15i,1.1508060462719274+1.922335247443349E-15i
56,2.3622592260896917-2.058993067751772E-15i,1.1819472920611425-1.0302092394958307E-15i
56,2.3810811035576127-4.782574444803956E-16i,1.1913647458524186-2.392942676098254E-16i
56,2.3895216807619954-1.873996974457625E-15i,1.1955879560996137-9.376471577835478E-16i
57,9.851406961782982E-10-3.174353521521769E-5i,4.929113474453874E-10-1.5882755403682147E-5i
57,5.939409381157216E-8+9.416419590246179E-6i,2.9717605743556843E-8+4.71146922093993E-6i
57,8.172610888006995E-8+2.6037091214955292E-5i,4.0891343343969286E-8+1.3027558159062471E-5i
57,1.769733630126141E-7-1.9676674938457702E-5i,8.854793956121508E-8-9.845148408532194E-6i
57,7.627896064387253E-7+2.764131189296885E-5i,3.816588373474318E-7+1.383022378750211E-5i
57,1.2482175588546706E-6+6.958287095936327E-6i,6.245408409447064E-7+3.481552108927467E-6i
57,1.299301183612915E-5+1.8870659121115656E-6i,6.50100335552595E-6+9.441861503291548E-7i
57,1.6804551356224938E-5+3.6362273553560947E-7i,8.408092452525075E-6+1.8193723315861875E-7i
57,2.37171149657512E-5+3.020439299101615E-8i,1.1866766991392024E-5+1.5112651528586562E-8i
57,2.730025501696458E-5-2.0513988061050727E-7i,1.36595772951189E-5-1.0264094799735118E-7i
57,3.081120344715643E-5-1.5592399336805075E-8i,1.541626679972537E-5-7.801596865124477E-9i
57,0.5377389589056609+6.012859734281231E-15i,0.2690556139202446+3.0085111752283794E-15i
57,0.6370633548556897-2.0040290549984413E-15i,0.3187521923195061-1.002708207722044E-15i
57,0.6698415619631769+2.9314170223743436E-14i,0.335152641813546+1.4667232000751382E-14i
57,0.7811052176882914-5.176522512323375E-15i,0.3908229827891258-2.590053072144017E-15i
57,0.9581695195152257+8.153392677901226E-16i,0.4794164232353165+4.0795185770990407E-16i
57,1.1683565149399708,0.5845826756622263
57,1.2002926859301797-2.7541364961676793E-16i,0.60056181563289-1.378021572594571E-16i
57,1.2066661086997224-3.218690503837423E-15i,0.6037507331320467-1.6104593784531211E-15i
57,1.3227482483739184-1.8198397517434302E-16i,0.6618319839656799-9.105498002938904E-17i
57,1.368847184169483+4.311301426843987E-16i,0.6848974086780476+2.1571430393575746E-16i
57,1.3767610677911168-4.718073364097975E-16i,0.6888570898226783-2.3606698091607637E-16i
57,1.481295314793007-4.999131759788293E-15i,0.7411603971002868-2.501296293345191E-15i
57,1.6883275951959795+1.956474968993778E-15i,0.8447482000344281+9.78914704215363E-16i
57,1.8402544795759905+1.187488619170183E-15i,0.9207642306211672+5.941553502174075E-16i
57,1.8503003452409343,0.9257906407576809
57,1.8753519081172443,0.9383250936138848
57,1.9682858721413863-4.2029409792027096E-15i,0.9848242440482204-2.102925307348481E-15i
57,2.007138874734742,1.0042641940318968
57,2.0090618937489486+7.946285585757333E-16i,1.0052263691781809+3.975893342398893E-16i
57,2.0181039794712174,1.00975054189216
57,2.0500918409701283-1.6265077234043548E-15i,1.025755545009472-8.138168656352696E-16i
57,2.1415467094911596,1.0715146357139975
57,2.207464806057634+1.7648683988764541E-15i,1.1044965010715682+8.830450959225535E-16i
57,2.208284826358832+1.9445819604097696E-15i,1.104906795066288+9.729640832441003E-16i
57,2.2858861837880533+8.370857309074588E-16i,1.143734334931828+4.188326166501454E-16i
57,2.3071367638858113+6.178534362357485E-15i,1.1543669807159447+3.091405836345698E-15i
57,2.357799051003235+6.461530207903399E-16i,1.1797156606604333+3.233001716092237E-16i
57,2.381280030835441+1.5623031141912884E-15i,1.1914642783485774+7.816923370657085E-16i
57,2.384011753013785-4.0178342180233385E-16i,1.1928310850037052-2.0103078533866944E-16i
58,9.46636285756446E-10+3.175442193467232E-5i,4.736458142101322E-10+1.588820253176899E-5i
58,6.683772293363491E-8+2.598178237299343E-5i,3.344199686319405E-8+1.2999884593324274E-5i
58,1.5338836702224285E-7-1.94330604864856E-5i,7.674727778954475E-8-9.723256857158293E-6i
58,5.071166983007005E-7+2.7603028595104135E-5i,2.537338839428211E-7+1.3811068887081942E-5i
58,5.12119170868399E-7+9.650169710464315E-6i,2.5623685179651806E-7+4.828425191969464E-6i
58,7.997515832837932E-7+6.459644509104136E-6i,4.0015261989202195E-7+3.2320582139715484E-6i
58,1.3250480393072571E-5+1.8457206578690995E-6i,6.629826754884159E-6+9.234992118459661E-7i
58,1.739027036790214E-5+2.7317095967853717E-7i,8.701154700780767E-6+1.3668003599937317E-7i
58,2.373074965198307E-5+7.951273085267581E-8i,1.1873589054056392E-5+3.978388818541049E-8i
58,2.7377618324768898E-5-1.9915809585900307E-7i,1.3698285727772825E-5-9.964798506989278E-8i
58,3.081289526381391E-5-8.364801722842653E-9i,1.5417113293664264E-5-4.185296277287928E-9i
58,0.5437184967788082-1.984137879280531E-15i,0.2720474526307838-9.927557346758858E-16i
58,0.6467788803889633-1.5705602141994442E-15i,0.3236133180453275-7.858237452054803E-16i
58,0.6741643831605199-1.991051329604633E-14i,0.3373155487256386-9.962148528789705E-15i
58,0.772599433337566+2.362170676968712E-15i,0.3865671463977753+1.181902986850012E-15i
58,0.9653905678956609+8.454405291598869E-16i,0.4830294469394194+4.230129077295968E-16i
58,1.1552457823318523+3.3689984415941476E-16i,0.5780227711725083+1.6856653753415043E-16i
58,1.1956200216036932-2.979925085771604E-15i,0.5982238660605462-1.4909940224905211E-15i
58,1.2078348481407233+7.380289799301803E-16i,0.6043355074032867+3.692699533806385E-16i
58,1.324278684421248-9.032942060058485E-16i,0.662597731738759-4.51959771786111E-16i
58,1.3633001274320429+2.15587411182638E-15i,0.6821219602355921+1.0786832962087292E-15i
58,1.374122969192653-9.941168882093453E-16i,0.6875371273646181-4.974025505051291E-16i
58,1.4724332162659204-1.4386920946905448E-15i,0.73672628028517-7.198440402512785E-16i
58,1.6969097063877758+3.5360404314420244E-15i,0.8490422262663004+1.769244190647063E-15i
58,1.8410284835645743+5.451386483168055E-16i,0.9211515005313645+2.7275801997500823E-16i
58,1.8512716812836711-8.072221116009393E-16i,0.9262766450000242-4.0389046992016354E-16i
58,1.8833505690618413+4.75551240396066E-16i,0.9423271927650567+2.3794022883460897E-16i
58,1.960747315044302-6.646458614630802E-15i,0.9810523560824378-3.3255299310919297E-15i
58,2.0084218296939365-7.759201478432368E-16i,1.0049061155971122-3.8822865309201846E-16i
58,2.0091449034469075+2.074463673693772E-15i,1.0052679027603693+1.0379498975056463E-15i
58,2.034568645848784+8.76217620413596E-16i,1.0179885742066184+4.384121066249085E-16i
58,2.0622660588146036+2.194373961854652E-15i,1.0318468679495283+1.0979465476686469E-15i
58,2.1337462127557454-3.8733381927999475E-16i,1.0676116872605308-1.9380098245166396E-16i
58,2.2054103679037613+6.896537590984546E-16i,1.1034685708656626+3.450655982305205E-16i
58,2.205748286012244,1.1036376468878233
58,2.2834864787224256+3.777633632110449E-16i,1.1425336517583904+1.890124416727546E-16i
58,2.3142183852884473+3.1866517368914458E-15i,1.157910242669504+1.5944289049917222E-15i
58,2.3536156267330544-2.869737568669506E-15i,1.177622500463164-1.4358621233240828E-15i
58,2.3767290758438153+3.0786998405432567E-15i,1.1891872255724736+1.5404155900462597E-15i
58,2.3814959244788336+7.68454840020672E-16i,1.1915722999003031+3.844934151182042E-16i
59,1.4297338749746562E-8-3.177863277614284E-5i,7.153618295701036E-9-1.5900316332912634E-5i
59,9.844701532880409E-8+1.970655195568688E-5i,4.925758438966671E-8+9.8600972588611E-6i
59,2.1885331908202183E-7-2.5548052832316416E-5i,1.095024140410606E-7-1.2782869690629318E-5i
59,2.6514804147550794E-7+5.263038069816362E-6i,1.3266579982250983E-7+2.633340797627585E-6i
59,3.818786452243189E-7+2.773350752997136E-5i,1.9107150715461908E-7+1.3876353518859049E-5i
59,1.0602727674881328E-6+1.0856378820869278E-5i,5.305033895256295E-7+5.431947267767462E-6i
59,1.22252460708706E-5+1.1496518870658255E-6i,6.116854716307073E-6+5.752238872529402E-7i
59,1.8002326415218146E-5+4.41643565319473E-7i,9.007394583231048E-6+2.2097465439881394E-7i
59,2.3535479101585462E-5+5.7466268387224526E-8i,1.1775886187363056E-5+2.8753025728498075E-8i
59,2.7368627710757673E-5+4.282197926125342E-8i,1.3693787308730931E-5+2.1425812150311038E-8i
59,3.082964359668787E-5+7.600421077986979E-9i,1.542549325741604E-5+3.802841370005535E-9i
59,0.5497603598834079+1.157684616309117E-15i,0.27507047553047903+5.792430323459556E-16i
59,0.6563600848576465-9.767430308363821E-16i,0.3284072367445847-4.887096079830577E-16i
59,0.6783310634599734+9.977238456061255E-16i,0.3394003311417394+4.99207277725842E-16i
59,0.7642503889128485-1.9535751500098525E-16i,0.38238973422382516-9.774637909719458E-17i
59,0.9728541547274885+8.837746749318968E-16i,0.4867638238221565+4.4219324970404862E-16i
59,1.142563181373922+8.26268106604917E-16i,0.5716770807025716+4.13420060056139E-16i
59,1.18464305967545-1.5907913838030157E-15i,0.5927315855001178-7.959463328809036E-16i
59,1.2150684190592855-1.4738492908335774E-16i,0.6079547967110395-7.374348077330104E-17i
59,1.3260625095510095+2.1295014000062298E-15i,0.66349026176186+1.065487811574414E-15i
59,1.3562647204395635-1.4499054549481099E-15i,0.6786018214838964-7.254546018039468E-16i
59,1.3734415607168122+1.1048767575198348E-15i,0.6871961872620619+5.528208238913576E-16i
59,1.4636189123552574+1.229641163763147E-15i,0.7323160773220273+6.152462133135852E-16i
59,1.7052022595904464+4.3409098376941105E-15i,0.8531913732751973+2.171957493520789E-15i
59,1.841888210721097+2.3489916104986102E-15i,0.9215816616979887+1.1753088917760284E-15i
59,1.8521542867881562-6.87717419598142E-16i,0.9267182532598048-3.4409675823039315E-16i
59,1.8911761481524343,0.9462426910781895
59,1.9532809651598948-6.1110521791975645E-15i,0.9773165967170001-3.0576413862940962E-15i
59,2.0092201908973095,1.005305572545779
59,2.0092409077987545-3.8910877451809597E-16i,1.0053159381675076-1.9468907445868565E-16i
59,2.0510319393118897-4.01285070570655E-16i,1.0262259195886223-2.0078143722214068E-16i
59,2.0747307299737283-1.0397510775180584E-15i,1.0380835180852324-5.202354411054221E-16i
59,2.1260790938487713,1.0637754738890586
59,2.2027386732326106+8.696497119758425E-16i,1.1021317987422206+4.3512587897183314E-16i
59,2.204313670137198-1.0532637400112338E-15i,1.1029198423683484-5.269964496628032E-16i
59,2.2812437500191733+4.08109439504361E-16i,1.1414115111023773+2.041959838951457E-16i
59,2.321238697215149+4.58741720937924E-15i,1.1614228286632624+2.2952965061145266E-15i
59,2.3497156316074097+5.039087270275523E-16i,1.1756711529451198+2.521287878900971E-16i
59,2.368241998820697-5.191823398485381E-16i,1.1849407493203334-2.597708811516556E-16i
59,2.381740939143921+2.134318577806265E-15i,1.1916948920429082+1.0678980679058303E-15i
60,4.866581974248942E-9-2.7233116880546367E-5i,2.434975519421977E-9-1.3625984987527455E-5i
60,2.7731052298610605E-8-3.1758750920249135E-5i,1.3875125053318021E-8-1.5890368523004575E-5i
60,2.8769298368709605E-7-2.5564923759471776E-5i,1.4394607469766437E-7-1.2791310993956914E-5i
60,3.4433610968418826E-7-1.9453302619709742E-5i,1.7228724430628685E-7-9.73338493043898E-6i
60,7.243672926740023E-7+1.0424303175402127E-5i,3.624343808579078E-7+5.215759885161351E-6i
60,7.87848570307799E-7+5.672688948684902E-6i,3.9419699326181796E-7+2.8383080347629536E-6i
60,1.259970563315352E-5+3.736874783356758E-7i,6.30421411392887E-6+1.869730883968781E-7i
60,1.7892781334219733E-5+1.471756988375869E-6i,8.952584124491083E-6+7.363879322687308E-7i
60,2.3763651906203633E-5-1.5704220767526729E-7i,1.1890051570044985E-5-7.857546286668122E-8i
60,2.7223993053106143E-5+9.121466644407374E-8i,1.362141991566019E-5+4.563890652182805E-8i
60,3.0805994079191976E-5+2.3060089034433942E-8i,1.541366031255795E-5+1.1538026600939678E-8i
60,0.5558251657141966-4.598888125648332E-16i,0.27810497773472836-2.301035934824117E-16i
60,0.6657203028046716-9.743204020775945E-16i,0.33309058569012007-4.874974550281687E-16i
60,0.682302652235898+2.263892317489296E-15i,0.34138750026655007+1.1327297887640469E-15i
60,0.7560937049965358+3.807250286744358E-16i,0.3783085688882819+1.90494299563618E-16i
60,0.9805510380415752+6.380123712977177E-16i,0.49061492969992015+3.192270290357259E-16i
60,1.1303909451069847+7.868707356271666E-16i,0.5655867492371929+3.937077374510701E-16i
60,1.1737433097725147,0.5872779376787296
60,1.221935308081903-3.184853896416496E-16i,0.6113906181465227-1.5935293624447162E-16i
60,1.3281462410518254+2.464540415963184E-15i,0.6645328487809182+1.2331232908950552E-15i
60,1.3492879167489895+4.2229687205015153E-16i,0.6751110046682642+2.1129461104562787E-16i
60,1.3732093664658733+8.919606781699558E-16i,0.6870800097642249+4.462890848491371E-16i
60,1.4548614216712852+8.815087529288598E-16i,0.727934300637719+4.410595043699497E-16i
60,1.7131615519360042+4.626388059324707E-15i,0.8571737744996927+2.3147954205662705E-15i
60,1.8428497937705892+1.6504944463077964E-15i,0.9220627860677815+8.258185299183524E-16i
60,1.852955769415523-5.669620856742546E-16i,0.9271192720009268-2.836772926793848E-16i
60,1.8987923606431687,0.9500534336206526
60,1.945911096820263-4.851895095271652E-15i,0.973629111520342-2.42762699617596E-15i
60,2.009352550666701+2.479259606927192E-16i,1.0053717982458557+1.2404879813189921E-16i
60,2.0097549107853827,1.0055731175792535
60,2.067430814584276-3.117980126772271E-15i,1.0344310335773736-1.5600693297489178E-15i
60,2.087192011650294,1.0443184723064118
60,2.1185802858082523,1.060023474210408
60,2.200278266895253+1.4346798729134178E-15i,1.1009007439216096+7.178365405610459E-16i
60,2.20320616531998-5.866557014965484E-16i,1.102365706604924-2.935309173938E-16i
60,2.279167275780273,1.1403725552263257
60,2.3281658792426647+4.245706396419719E-15i,1.164888817471184+2.1243228188981255E-15i
60,2.3461030398111844+4.440828011961384E-15i,1.1738636065743777+2.2219511666107612E-15i
60,2.3589523127336687+6.173841583191777E-16i,1.1802926907188918+3.0890578223911373E-16i
60,2.382031999909555-1.8337168691039218E-15i,1.191840523174313-9.174931624383567E-16i
61,2.292098044365978E-8-3.1748090810710244E-5i,1.1468424154115866E-8-1.588503477831499E-5i
61,1.0916720476259307E-7-2.7549366258410143E-5i,5.462138982291863E-8-1.3784219143903618E-5i
61,3.4721856662203627E-7-1.9674103459359367E-5i,1.737294705169182E-7-9.843861778884058E-6i
61,3.540899623314907E-7-2.5613380284450584E-5i,1.7716754685577714E-7-1.2815556029323416E-5i
61,6.096882912352083E-7+1.1046923511548876E-5i,3.050551848281695E-7+5.5272855687794894E-6i
61,7.263507551913235E-7+5.322985779254206E-6i,3.6342679867783234E-7+2.663335402814339E-6i
61,1.2187887965932773E-5+1.5391620134857613E-7i,6.098162732599217E-6+7.701137765876158E-8i
61,1.8036074877867183E-5+1.3496046516818103E-6i,9.024280496342831E-6+6.752694817701903E-7i
61,2.392440539797175E-5-2.130648388131739E-7i,1.1970483959592345E-5-1.0660617026588468E-7i
61,2.705212468867137E-5+1.1370066775682247E-7i,1.3535426242446381E-5+5.688969054559528E-8i
61,3.0809686396751106E-5+1.8396874726437957E-8i,1.5415507749406645E-5+9.204805308897042E-9i
61,0.5618649296016273+5.0139541546872227E-14i,0.2811269502992103+2.508712621459888E-14i
61,0.6747630569489569-1.7633358938605331E-15i,0.3376150928464769-8.822783129490199E-16i
61,0.68604052298126-9.77460319282061E-16i,0.3432577294762665-4.890685004901263E-16i
61,0.7481737038377864+7.893331144348272E-16i,0.3743458268575521+3.949397791895888E-16i
61,0.988471390590303+1.2444424721409031E-15i,0.4945778475472703+6.226519908687478E-16i
61,1.1188209498750246+5.173916447817828E-16i,0.5597977467506994+2.588749137820786E-16i
61,1.1629294264002323-3.3287921532241086E-15i,0.5818672528447492-1.6655483140393622E-15i
61,1.2283715366402799+1.8870105592493739E-16i,0.6146109602798678+9.441584547380644E-17i
61,1.3305809990682478,0.6657510705630798
61,1.3427203473768008-5.001569524781296E-15i,0.6718249466653363-2.5025160196564868E-15i
61,1.373114236579487-3.5534283455234314E-15i,0.6870324118925067-1.7779441663889848E-15i
61,1.446171369280743-2.775526950883873E-15i,0.7235862664434054-1.3887242041044972E-15i
61,1.7207352970921208+4.045397354195919E-15i,0.8609632686750849+2.02409896225404E-15i
61,1.8439316268613999+2.174798999085905E-15i,0.922604077081919+1.088152290551905E-15i
61,1.8536804687477297,0.9274818725164841
61,1.906153590160836-1.0333857528154637E-15i,0.9537365964160625-5.170505754428271E-16i
61,1.9386685331760483-1.7014713532039656E-15i,0.9700053227369957-8.513246286555842E-16i
61,2.0094828553497672+2.063587370362113E-15i,1.0054369956914162+1.032507981085758E-15i
61,2.0101331124191777-3.024949327316441E-15i,1.0057623493079224-1.5135217280798507E-15i
61,2.083693282780031-1.7530808790457587E-15i,1.0425678968114822-8.771472558421192E-16i
61,2.0994458567533423-1.6441386844142074E-15i,1.0504496364381566-8.226384489703576E-16i
61,2.111293444970668-9.733914925376353E-16i,1.0563775315041455-4.870326787228426E-16i
61,2.1980359048830835-3.1850718193663475E-15i,1.0997787867380655-1.5936383993521015E-15i
61,2.202491168583037-6.8968807172847345E-15i,1.102007960745482-3.4508276642259966E-15i
61,2.277265289264293,1.1394209036094027
61,2.3349570856517237+3.878622484368351E-15i,1.1682867714028968+1.940653799420306E-15i
61,2.3427781742943434-4.2110496627971214E-15i,1.1722000229377065-2.1069824559081076E-15i
61,2.349121434302064-5.61382086521599E-15i,1.1753738486153296-2.808853616265418E-15i
61,2.3823938832493488-6.312060436572591E-16i,1.1920215901075213-3.158215092542084E-16i
62,1.5646305303703598E-8-3.174687705776956E-5i,7.828568507735907E-9-1.588442748171281E-5i
62,1.224203130209872E-7-2.7915792425974315E-5i,6.125253142008023E-8-1.3967559063464324E-5i
62,3.6187789556800737E-7-1.9886333306301744E-5i,1.8106420921103059E-7-9.950050164188123E-6i
62,4.523680361916865E-7+1.2094553151700808E-5i,2.2634060203326718E-7+6.0514630183095565E-6i
62,4.898237261839682E-7-2.555213533042632E-5i,2.450814120467141E-7-1.2784912352811582E-5i
62,6.563406585061596E-7+4.454669868687482E-6i,3.2839751684454965E-7+2.2288768862328157E-6i
62,1.194714842507579E-5+9.202776318225589E-8i,5.977709631912649E-6+4.604573633849849E-8i
62,1.8136250784329793E-5+1.0720431278996594E-6i,9.074403124742614E-6+5.363926439568701E-7i
62,2.400698513914321E-5-1.8326703487466736E-7i,1.201180241456068E-5-9.169695400142489E-8i
62,2.6951224590632353E-5+2.3265198633483193E-7i,1.34849412675847E-5+1.1640652397674656E-7i
62,3.0815836937447456E-5+1.2046463724837194E-8i,1.5418585148720182E-5+6.027401659069019E-9i
62,0.5678201145337645+5.880138390856107E-14i,0.28410660410964933+2.9421045629787524E-14i
62,0.6833812077838871-1.0670948588910288E-14i,0.3419271513747789-5.3391679664487856E-15i
62,0.6895068728060997+4.765409495775658E-15i,0.3449921042407109+2.384354260060634E-15i
62,0.7405464345420016-1.6167122290735503E-16i,0.3705295520853305-8.089157278300595E-17i
62,0.9966044834284197+1.1735517891034282E-15i,0.4986472091778338+5.871821110506863E-16i
62,1.107955762826795-1.4069243044911782E-15i,0.5543613923203473-7.039491489598338E-16i
62,1.1522109838129886-3.880289700141942E-15i,0.5765043214394281-1.9414879844018335E-15i
62,1.2343095034486733,0.6175819990685055
62,1.3334198435417264-1.710389490971478E-14i,0.6671714754453861-8.557867844884934E-15i
62,1.3366808290500747-7.625538106160507E-16i,0.6688030969662059-3.815408578170689E-16i
62,1.3730745426726905-5.378124699980741E-16i,0.6870125511993486-2.6909239491178633E-16i
62,1.4375613480684457-1.0514746485209657E-15i,0.7192782755404302-5.261012846365363E-16i
62,1.7278614608362755+5.458591842010198E-15i,0.864528817217414+2.7311853732542186E-15i
62,1.8451531829368484+3.0610604398979447E-15i,0.9232152779524803+1.5315897839721227E-15i
62,1.8543305475742058+1.0536093790741322E-15i,0.9278071369498258+5.271693888347245E-16i
62,1.9132023661340838-2.6587385888015634E-15i,0.9572634242857189-1.3302895976130075E-15i
62,1.93159300669501-2.665819802187746E-15i,0.9664651103539486-1.3338326554171082E-15i
62,2.0096350202079165+3.195570276262385E-15i,1.0055131307912606+1.5988912617653565E-15i
62,2.0104110807452154-3.2122835673001764E-15i,1.005901429687675-1.6072536924695631E-15i
62,2.0997307289577334+2.2567585138041884E-14i,1.0505921711468138+1.1291604176067306E-14i
62,2.1042737186343055+1.6475217123782572E-15i,1.0528652385082542+8.243311339631451E-16i
62,2.1113024778115013,1.0563820510512147
62,2.1960170737132305-1.396208719646105E-14i,1.098768672349271-6.985876474147849E-15i
62,2.202264281211647-5.404764671166287E-15i,1.1018944385243574-2.7042531559447804E-15i
62,2.2755450488233553-4.053425216847538E-15i,1.138560187940096-2.028115672366683E-15i
62,2.338924534943219-8.260058264966244E-15i,1.1702718693526402-4.132888292156224E-15i
62,2.339735732177829+3.3075684276053884E-15i,1.170677748760025+1.6549291047902488E-15i
62,2.3415508735614625-7.593854720900613E-15i,1.1715859477499575-3.799555918565143E-15i
62,2.3828641967922195-1.865114963155936E-14i,1.192256909674602-9.332030776884667E-15i
63,7.0522925762656925E-9-3.176088009298533E-5i,3.5285873884120654E-9-1.589143384637047E-5i
63,1.0234907919387644E-7-2.8089296065578143E-5i,5.1209966993504104E-8-1.4054370940301377E-5i
63,2.9133711873665443E-7-2.0017590112934017E-5i,1.457694036135431E-7-1.0015724001102466E-5i
63,3.9734520166342067E-7+4.17082331204754E-6i,1.9881013901127924E-7+2.0868553564717462E-6i
63,4.392223621946609E-7-2.534244237801344E-5i,2.1976321475438564E-7-1.2679993292900037E-5i
63,5.49814728787662E-7+1.2179397472088303E-5i,2.750976788020108E-7+6.093914546753692E-6i
63,1.0912488548285794E-5+2.944031499235895E-8i,5.46002155345372E-6+1.4730348049162204E-8i
63,1.800578449280646E-5+5.841856755748936E-7i,9.009124819013857E-6+2.922950494512908E-7i
63,2.3997389367152914E-5-1.8898479953209922E-7i,1.2007001207058174E-5-9.455781549319323E-8i
63,2.682224875243302E-5+2.0972356633887021E-7i,1.3420408704427623E-5+1.0493437747133229E-7i
63,3.0833737505596E-5+5.249851902410726E-9i,1.5427541628947184E-5+2.6267431496278963E-9i
63,0.5736157514767749+6.6374832398270976E-15i,0.2870064286991377+3.3210391369287367E-15i
63,0.6914566914541327+1.4557363548570942E-15i,0.3459676884804083+7.283720700824439E-16i
63,0.6926652900187201-5.782541031495428E-15i,0.34657240611038986-2.893272100675442E-15i
63,0.733283613791734-7.019428983173996E-16i,0.3668956277371064-3.5121442163701776E-16i
63,1.0049380862223365+1.1918341955654233E-15i,0.5028168951913742+5.963296426049967E-16i
63,1.0979090584177176,0.5493345625214414
63,1.1415991060714339-3.0270042617627828E-15i,0.5711947093436055-1.5145499066037792E-15i
63,1.2396818128457652,0.6202700133532537
63,1.331234299135464-6.248117568456174E-16i,0.6660779467318008-3.126221525120642E-16i
63,1.336713481764318+8.905748962362848E-16i,0.6688194346258294+4.455957142038667E-16i
63,1.373060842351475,0.6870056962964733
63,1.4290463549420516-8.732741844607064E-16i,0.7150178315736939-4.369393697993094E-16i
63,1.734467559560524+3.741576901973346E-15i,0.8678341532330296+1.872083570881566E-15i
63,1.846532245236895-2.2531796943500466E-16i,0.9239052864549855-1.1273697690970831E-16i
63,1.8549067362375418+3.4420576259678288E-15i,0.9280954307250492+1.7222202564387872E-15i
63,1.9198664528688918+3.7663367145369084E-16i,0.9605977743787462+1.8844720475941268E-16i
63,1.9247366425745769-2.2145434257211617E-15i,0.9630345550126767-1.108038261116543E-15i
63,2.00981190471449+1.1526597515602504E-15i,1.0056016342718452+5.767288606507826E-16i
63,2.010620598564674,1.0060062611204885
63,2.097591201874251+3.583421825932774E-16i,1.0495216670231833+1.7929512886208635E-16i
63,2.115426938438447-1.6945061852683925E-15i,1.058445709017026-8.478396337450854E-16i
63,2.1225431912312347+3.4303323594660696E-15i,1.0620062986530676+1.7163535645713623E-15i
63,2.194226294431804+3.147330910674193E-15i,1.0978726628432078+1.5747548812623196E-15i
63,2.2026640064622915-6.100494836239504E-16i,1.1020944395116963-3.052359060466843E-16i
63,2.274012899132646-6.6051570482195054E-15i,1.1377935827521615-3.3048648516465536E-15i
63,2.3284923762850633+3.378247484267836E-15i,1.1650521790069832+1.690293098167851E-15i
63,2.3369608175215335+7.504626539007069E-16i,1.1692893309151562+3.7549109419258983E-16i
63,2.347855713285033+1.1096555927415502E-15i,1.1747405499866006+5.552118956616065E-16i
63,2.3835010392779257-4.188664807319963E-15i,1.1925755513558944-2.095782279813038E-15i
64,1.7961410548782493E-10+3.176548540265025E-5i,8.986922487280762E-11+1.5893738095297706E-5i
64,1.3615661613919086E-7-2.8481087173118327E-5i,6.812543770156696E-8-1.425040210974136E-5i
64,2.467777043480478E-7+1.2348906168166057E-5i,1.2347427249890047E-7+6.178727569006784E-6i
64,2.5555272057363464E-7-2.5342498130559773E-5i,1.278648180203559E-7-1.2680021188471544E-5i
64,3.3115695292544556E-7-2.0396128947581653E-5i,1.656931040567299E-7-1.0205124446917365E-5i
64,4.067379032634971E-7+3.6160233145155994E-6i,2.0350974102732284E-7+1.809263317682728E-6i
64,1.0621679399807226E-5+2.5158618758736936E-7i,5.314516317722321E-6+1.258801785404001E-7i
64,1.802102381843691E-5+3.410100302501137E-7i,9.016749756811882E-6+1.7062305329081043E-7i
64,2.397657142465434E-5-1.7112639741455582E-7i,1.1996585029828039E-5-8.562243287715854E-8i
64,2.6748947930135407E-5+1.7265232646455818E-7i,1.3383732920727148E-5+8.638592559150947E-8i
64,3.0845880909528306E-5+9.505741309030256E-11i,1.5433617534265138E-5+4.756160998401562E-11i
64,0.5791565993019624-1.3766544305445144E-14i,0.28977877053629664-6.8880373428766226E-15i
64,0.6954813800624242+9.50506873043473E-15i,0.3479814259015269+4.755824476295563E-15i
64,0.6988612890786667-1.5269899901868547E-15i,0.34967255034080946-7.640235516799698E-16i
64,0.7264775155509741+3.78267898173373E-16i,0.3634902227348431+1.8926488379506183E-16i
64,1.0134572644675846+1.3571729891792034E-15i,0.5070794331661861+6.790562702443986E-16i
64,1.0888049694134656+6.35814350257541E-16i,0.5447793667044815+3.181272576864864E-16i
64,1.1311076956537491-1.0681742688295047E-15i,0.5659453726086143-5.34456875244092E-16i
64,1.2444263481616935-8.1133733444512665E-16i,0.6226439232979437-4.0594950579700364E-16i
64,1.326427186502154-5.075432934345355E-16i,0.6636727264677321-2.5394732917257154E-16i
64,1.3405046498849738+2.7883226599361423E-15i,0.6707163309716954+1.3951264877731558E-15i
64,1.3730600193770786,0.6870052845244085
64,1.4206443146238599-1.2239145009612854E-15i,0.71081390310886-6.123808996695734E-16i
64,1.7404708996520954+3.2513711373664924E-15i,0.8708379012917472+1.6268110073835607E-15i
64,1.8480793702570777+3.689444675761064E-15i,0.9246793844912591+1.845999412580818E-15i
64,1.8554088545294298+7.294849344983435E-16i,0.9283466636756234+3.649949732049347E-16i
64,1.9181692694873613-5.402483209348039E-15i,0.9597485952201779-2.7031116353240806E-15i
64,1.9260558711686782-1.707959242301122E-15i,0.963694625951203-8.545708189402426E-16i
64,2.0100149704553267-4.656238290467873E-16i,1.005703237432007-2.3297308685803594E-16i
64,2.0107806913942534,1.006086362950258
64,2.091335000047265+5.649709486946731E-16i,1.0463914005704895+2.826810349718703E-16i
64,2.1306213973787576,1.0660481979397014
64,2.1328918559806866+1.1090900746569345E-15i,1.0671842131435574+5.549289408692869E-16i
64,2.1926673142882933-3.229481492517447E-15i,1.0970926331417048-1.6158586080161395E-15i
64,2.2038813640576245-1.96584552825179E-15i,1.102703539688926-9.836032273959625E-16i
64,2.272674324052809+4.641193247494533E-16i,1.1371238318741206+2.3222031393604303E-16i
64,2.3179412100937036+5.108143209675492E-15i,1.1597729437011237+2.5558397518169847E-15i
64,2.334420820889439-9.320755960180439E-15i,1.1680184533975695-4.663604292630556E-15i
64,2.3537341133209058+1.3885108790891855E-15i,1.1776817847703687+6.947360625842622E-16i
64,2.3843925992684154-6.000300060386997E-15i,1.1930216399582083-3.0022269908406086E-15i
65,6.569276682691079E-9-3.174427123783867E-5i,3.286912249152251E-9-1.5883123669761565E-5i
65,1.5521553224981776E-7-2.8939990820037065E-5i,7.766149286341508E-8-1.4480012779392733E-5i
65,2.0956551861498174E-7-2.0470810222199705E-5i,1.0485529890230681E-7-1.024249093461169E-5i
65,2.2121184857079143E-7-2.5372473092580926E-5i,1.1068249517343998E-7-1.2695019045099322E-5i
65,2.395896781565351E-7+3.4590260151445206E-6i,1.1987777131965165E-7+1.730710324512827E-6i
65,4.342579405962986E-7+1.2529204269957606E-5i,2.1727928555642581E-7+6.268939028791847E-6i
65,1.0206224357381936E-5+2.417875543170254E-7i,5.106644989739169E-6+1.2097747017889894E-7i
65,1.801698168240314E-5+1.985400440653447E-7i,9.014727289638723E-6+9.93387452388869E-8i
65,2.384962611495977E-5-1.317576617857107E-7i,1.193306843377616E-5-6.592443785846208E-8i
65,2.6906516388816784E-5+1.3351086103779274E-7i,1.346257169125488E-5+6.680164434179632E-8i
65,3.105110199687613E-5+2.885941725542138E-9i,1.5536299113740278E-5+1.4439698107125854E-9i
65,0.5843217448089156-1.9022416860756016E-15i,0.29236313116768714-9.517792902960228E-16i
65,0.6979234328735896+6.430212312060023E-15i,0.34920329760610064+3.2173319277064782E-15i
65,0.7054589783940697+2.4358843451560367E-16i,0.3529736787411458+1.2187853363989746E-16i
65,0.720246411238503+7.977938740887371E-16i,0.360372513726731+3.99173087647557E-16i
65,1.0221417623210973-4.890019802120606E-16i,0.5114246881693221-2.446702546193109E-16i
65,1.0807758284381743+3.6853844151797433E-16i,0.5407620169875191+1.8439678768602024E-16i
65,1.1207560724826577,0.5607659778832683
65,1.248491542832905+2.1030109783900383E-15i,0.6246779277714042+1.0522334312976804E-15i
65,1.3222967966941555+6.352780494985324E-15i,0.6616061018590511+3.178589216703372E-15i
65,1.3448221988394296-1.1985253779821102E-15i,0.6728765999373955-5.996775499179386E-16i
65,1.3730653428821606-1.4311358858712327E-15i,0.6870079481196424-7.1606332031436525E-16i
65,1.412376706341354+1.9562877634392226E-16i,0.7066772371945497+9.788210366382312E-17i
65,1.7457803461655903+6.696913502498473E-16i,0.8734944623751626+3.350774839621786E-16i
65,1.849787813441898,0.925534197448972
65,1.8558361865707056,0.9285604776141695
65,1.9119867376637185-1.3826753280083625E-15i,0.9566551892694971-6.918162671098763E-16i
65,1.9316606376623187-1.000090564048726E-15i,0.9664989492475751-5.003914561696842E-16i
65,2.0102423936564966-2.924457156157039E-16i,1.005817027753495-1.4632408578589253E-16i
65,2.0109032698697566+5.427302013036854E-16i,1.006147694617666+2.715529628018621E-16i
65,2.0856173966972618+3.667662244574262E-16i,1.0435306197882712+1.8351006571557554E-16i
65,2.142009580863502-7.0475867085876625E-15i,1.0717462316197603-3.5262328256708485E-15i
65,2.1450832739112387-1.5093080430378379E-15i,1.073284142080338-7.551764576268148E-16i
65,2.191343230765048+5.990808349711602E-16i,1.0964301330581077+2.9974778500156273E-16i
65,2.2061459943936748-1.251544922667501E-14i,1.10383663874243-6.2620567459413915E-15i
65,2.2715339916092905-1.7395089432696446E-15i,1.1365532709344994-8.703565901262487E-16i
65,2.3073993701659257+4.108128396651189E-15i,1.1544983747552742+2.055486197380183E-15i
65,2.332048589851731+8.513105940437204E-16i,1.1668315167480283+4.259499720521924E-16i
65,2.358988690525099+4.576985035736046E-16i,1.1803108922065173+2.2900768082711634E-16i
65,2.3730105505361547+2.5373147488789562E-15i,1.1873266757778915+1.269535647664103E-15i
66,9.705227796107994E-9-3.176618305886813E-5i,4.8559732927510775E-9-1.5894087164895318E-5i
66,1.191693449439945E-7-2.906521311451833E-5i,5.962592208239999E-8-1.4542667271428652E-5i
66,1.7681119499357147E-7-2.0500572744965486E-5i,8.846679941840204E-8-1.0257382498077462E-5i
66,1.891014101035894E-7-2.530815839095521E-5i,9.461616114284772E-8-1.2662839432215741E-5i
66,2.2793148951026096E-7+3.2988406943722114E-6i,1.1404464159848591E-7+1.6505622171316653E-6i
66,3.261946010025631E-7+1.2640234066625043E-5i,1.6321021041291327E-7+6.324492359289961E-6i
66,1.012198424964413E-5+3.843597889092153E-7i,5.064495776763735E-6+1.9231293782708267E-7i
66,1.8001253450412146E-5+1.831934537922618E-7i,9.00685772942901E-6+9.166013799066042E-8i
66,2.3831496536885375E-5-1.273107926639752E-7i,1.1923997369316097E-5-6.369946404587764E-8i
66,2.6791153829450315E-5+1.0825015504598976E-7i,1.340485047965265E-5+5.4162547534462865E-8i
66,3.0852034424247336E-5+5.088567405714992E-9i,1.5436696421619452E-5+2.5460450738131935E-9i
66,0.5889600725098794+4.426524937267772E-16i,0.2946839005418939+2.2147946783576716E-16i
66,0.6999631073171639-7.559599577542027E-15i,0.35022384084650515-3.782416489714708E-15i
66,0.7111104306754227-2.056996913878129E-15i,0.3558013610913234-1.0292104716047235E-15i
66,0.7147391322409341-1.565024853430798E-15i,0.35761696792298925-7.830541487958968E-16i
66,1.0309596288830354+1.929491262947387E-15i,0.5158366736912885+9.654135109766773E-16i
66,1.0739577426020672+4.420364247196987E-16i,0.5373506140381625+2.2117122008437851E-16i
66,1.1105753659537387-3.035107295110594E-15i,0.5556721006405732-1.5186042280843139E-15i
66,1.2518402466648075,0.6263534388170671
66,1.3188741776486945+3.911647054949019E-16i,0.6598936076213905+1.9571775159278783E-16i
66,1.349676452588323+1.0929288520223907E-15i,0.6753054070768133+5.468427354612056E-16i
66,1.3730730075853859,0.6870117831243369
66,1.4042693270005915+4.037932319489714E-16i,0.7026207412132053+2.0203638609329427E-16i
66,1.7503001452321603+1.6632927002058674E-15i,0.8757559264043395+8.32222086890792E-16i
66,1.8516166244216843+1.6131749812337722E-15i,0.9264492359686135+8.071458795173086E-16i
66,1.8561877551273112-3.280736995899917E-15i,0.9287363835853959-1.641504101430689E-15i
66,1.9063240127624586-3.462262210217536E-15i,0.9538218667074299-1.7323295422349494E-15i
66,1.9365507272898956,0.968945686730666
66,2.010486223909739+3.480260462409736E-16i,1.005939027280202+1.7413348982964085E-16i
66,2.0109960291685214+4.177004823725253E-16i,1.0061941063750115+2.0899482519963455E-16i
66,2.0805767478284025-6.626268918217056E-16i,1.0410085505695421-3.3154280943670647E-16i
66,2.149544684265269+1.01599417909772E-15i,1.0755163915424129+5.083487686159803E-16i
66,2.1584717334600625,1.0799830061735889
66,2.1902565732903034-7.280495770142447E-16i,1.0958864281820775-3.6427679762423076E-16i
66,2.2096456777845415+1.8485147461247205E-15i,1.105587691828062+9.24897223127301E-16i
66,2.270595791626019,1.136083846191697
66,2.2970424080955585+4.3104095602566095E-16i,1.1493163087322689+2.1566967973506907E-16i
66,2.329710406938675-1.8239478955615333E-15i,1.1656616159463267-9.126052942073345E-16i
66,2.361205206633163+6.318785555294963E-15i,1.1814199174916349+3.1615799797546753E-15i
66,2.3633766375236873+2.8989726427147892E-15i,1.1825063845620596+1.4504897798570317E-15i
67,1.0991870491086184E-8-3.1765606557040677E-5i,5.499740002341646E-9-1.589379871442964E-5i
67,1.2803129810363497E-7-2.930073374933032E-5i,6.405996616347581E-8-1.4660509112605986E-5i
67,1.2828985230552752E-7-2.0507861370143637E-5i,6.418933276109676E-8-1.0261029333571644E-5i
67,1.480632592259994E-7-2.5300606186846753E-5i,7.408288064371488E-8-1.2659060716020458E-5i
67,1.4862068642308257E-7+3.1391167855908965E-6i,7.436178719166572E-8+1.570644975460438E-6i
67,3.321930071648603E-7+1.2709002128844723E-5i,1.6621148979914978E-7+6.358900193969217E-6i
67,9.951607455669125E-6+4.2352245222270145E-7i,4.979248405076183E-6+2.1190782535765198E-7i
67,1.800725003222626E-5+1.640393437684696E-7i,9.00985809600967E-6+8.207645292154228E-8i
67,2.3797993723854623E-5-1.0035910859849802E-7i,1.1907234366043302E-5-5.021429288182661E-8i
67,2.681751051130636E-5+6.168167987859188E-8i,1.3418037943756255E-5+3.086219060850684E-8i
67,3.0854085354210367E-5+6.036686869281319E-9i,1.5437722596515604E-5+3.020432990319582E-9i
67,0.5928899675077162-8.794948056960866E-15i,0.29665020834565964-4.400518336402345E-15i
67,0.7015761017095766-4.924665064177183E-15i,0.35103089636910245-2.4640371694293173E-15i
67,0.7101353926277794+1.1585807176742845E-15i,0.3553135045651045+5.796913932075725E-16i
67,0.7156800214735677-1.3706166914239667E-15i,0.35808773822133694-6.857827748074803E-16i
67,1.0398490500726638+1.6447175324087267E-15i,0.520284461295219+8.229280733316814E-16i
67,1.0684836369945363+3.351371520179183E-16i,0.5346116664121697+1.6768458132021368E-16i
67,1.1006266981310626-1.2711706426655288E-15i,0.5506943230695263-6.360253278947709E-16i
67,1.254450723274487,0.6276595807195824
67,1.3161849316564018+8.684824104238465E-16i,0.6585480537621139+4.3454182414281075E-16i
67,1.3550571587589806+1.5071577880917011E-15i,0.6779976226548271+7.541005858584846E-16i
67,1.3730807233257782+2.292134737726833E-16i,0.687015643665281+1.1468607747931568E-16i
67,1.396353333859026+5.091309816449077E-16i,0.6986600045784136+2.547417228445959E-16i
67,1.7539359506604395+1.7351228406020265E-15i,0.8775750876263402+8.681620205745936E-16i
67,1.8534651971303566+3.426444455160972E-15i,0.9273741621930779+1.714408266648742E-15i
67,1.8564625243349586-1.0064665143844785E-15i,0.9288738632986016-5.035816383268446E-16i
67,1.9013746094555473-2.9290850750918953E-15i,0.951345451853669-1.4655564192471588E-15i
67,1.9405805572058887,0.9709619965852618
67,2.0107291636787177-2.5165291975815884E-16i,1.0060605812565426-1.2591356772465512E-16i
67,2.01106402456854,1.0062281276111387
67,2.0763762305121527,1.0389068379326036
67,2.155254879335634+9.283096799143123E-16i,1.0783734656204895+4.644761676664556E-16i
67,2.1702815556280894+1.4721372387164436E-15i,1.085892005142482+7.365781890599346E-16i
67,2.189409357598409,1.0954625270785208
67,2.214341300763376+8.475429463900455E-16i,1.1079371286735518+4.240648440812571E-16i
67,2.269862866546322-2.5175781306911843E-15i,1.1357171299551114-1.2596605068819898E-15i
67,2.2871587714518937+1.0050087817050285E-15i,1.1443710692608018+5.028522674034524E-16i
67,2.3271762333594928,1.164393651970804
67,2.351236460144729+1.7191982305935235E-15i,1.1764320936376236+8.60194203381289E-16i
67,2.366694810611798+2.3404257732625678E-15i,1.184166619667829+1.1710230081551457E-15i
68,1.0250006028211823E-8-3.1759888100908256E-5i,5.128550979864121E-9-1.5890937506961025E-5i
68,9.197372527349615E-8+3.0143453798913265E-6i,4.601869867928573E-8+1.5082160838872704E-6i
68,9.969065223507221E-8-2.0459384172868114E-5i,4.9879833318758235E-8-1.0236773954901217E-5i
68,1.1640595389401903E-7-2.5300893949600666E-5i,5.824327002950439E-8-1.2659204697004418E-5i
68,1.6321162688888878E-7-2.9493048162388093E-5i,8.166230797351585E-8-1.4756732887383755E-5i
68,3.329717961642673E-7+1.2729982700642431E-5i,1.6660115387105602E-7+6.369397742141881E-6i
68,9.828610764708069E-6+4.26781073482602E-7i,4.9177074851769955E-6+2.1353826393588026E-7i
68,1.7986025992891975E-5+1.6972021504361047E-7i,8.999238729794183E-6+8.491885495178658E-8i
68,2.3793206158127876E-5-7.077845680032482E-8i,1.1904838925998536E-5-3.541372785318276E-8i
68,2.685621124833479E-5+1.4201151232415299E-8i,1.3437401708251839E-5+7.1054912424190965E-9i
68,3.085440395078483E-5+6.25900842248769E-9i,1.543788200508274E-5+3.1316707219270786E-9i
68,0.5959091073462751-3.718949304402412E-15i,0.29816082331844806-1.8607619397161816E-15i
68,0.7027427746952302-4.333817333222497E-15i,0.3516146366973799-2.168408786265646E-15i
68,0.7066360171134163+3.7353960618743675E-16i,0.35356260552429386+1.8689910113787955E-16i
68,0.7190452188170692-2.5568307081025024E-15i,0.35977150173190936-1.2793003825845923E-15i
68,1.0486532610690964+1.2180352836467614E-15i,0.5246896143076568+6.094392559635847E-16i
68,1.0644739067579203,0.5326054133546215
68,1.0910662833716742-1.4021706432781219E-15i,0.5459108064211246-7.015706729077162E-16i
68,1.25631431358298+1.397367586944187E-16i,0.6285920209421912+6.991674821973943E-17i
68,1.3142492936840626-1.5801256455428733E-15i,0.6575795647688021-7.906097718823565E-16i
68,1.3609336361022342+3.770877736883339E-15i,0.6809378954267592+1.8867441306095193E-15i
68,1.3730870718908135+9.312005037407154E-16i,0.6870188201453087+4.659225802175027E-16i
68,1.3886674267715822,0.6948143906133133
68,1.7566025189480714+7.7072377762565355E-16i,0.8789092947835623+3.8562866929710433E-16i
68,1.8551434277446108+2.247855085855494E-15i,0.9282138584076441+1.1247056217749284E-15i
68,1.8566595490479565-2.4316845587467068E-15i,0.9289724438537859-1.2166839894684943E-15i
68,1.8974127473081086-3.7055017449051865E-15i,0.9493631494099036-1.854033505191708E-15i
68,1.9436004812634486,0.9724730039390026
68,2.0109430456110777-2.5068918933011794E-16i,1.006167596256413-1.2543136892228853E-16i
68,2.011110564358567,1.0062514136155654
68,2.0731938802388474-3.227047534472161E-16i,1.0373145612483257-1.6146407864964503E-16i
68,2.1591195084761616+5.649252017327507E-16i,1.0803071179042945+2.8265814565592777E-16i
68,2.179792117027103+1.2120508876906628E-15i,1.090650577854315+6.064449865299794E-16i
68,2.188803121884401+8.754890139126962E-16i,1.095159199377391+4.3804755117256624E-16i
68,2.2197093642546415-3.854134618815637E-15i,1.1106230185356971-1.9284013903456687E-15i
68,2.2693376359302566-2.422967439801689E-15i,1.1354543328422841-1.2123224126280502E-15i
68,2.2782967980175552+2.488988980983309E-15i,1.1399370150353592+1.2453560360998018E-15i
68,2.3242788046535354-3.2733567056030575E-15i,1.1629439346937482-1.6378114016479314E-15i
68,2.3440842193126055+4.942763526862034E-15i,1.1728534975249139+2.473092665424241E-15i
68,2.3689017070271774+1.0946139025534074E-15i,1.1852708317768172+5.476858439948182E-16i
69,6.4548107477164966E-9-3.1752223605158244E-5i,3.22963966010604E-9-1.588710260607602E-5i
69,3.422251870850005E-8+2.968290544508784E-6i,1.7123105232603973E-8+1.4851727246464538E-6i
69,8.926830410148758E-8-2.5330120684420773E-5i,4.466505163122928E-8-1.2673828181038214E-5i
69,9.08955922236922E-8-2.0369923312646233E-5i,4.547925896639411E-8-1.0192012558557875E-5i
69,2.489112552471366E-7-2.9841059599389735E-5i,1.245417864617211E-7-1.4930859067536848E-5i
69,3.535332895912741E-7+1.2779452617828731E-5i,1.7688901779740941E-7+6.394149824390543E-6i
69,9.658711700493465E-6+3.775974584140534E-7i,4.832699143732361E-6+1.8892943184750833E-7i
69,1.7932060233634334E-5+1.784073089065647E-7i,8.972237170306499E-6+8.926540885823318E-8i
69,2.380964876553048E-5-4.28833887199485E-8i,1.1913065921189957E-5-2.1456538136100387E-8i
69,2.6858440383422504E-5-1.888105227539007E-8i,1.3438517047394753E-5-9.447061677944246E-9i
69,3.0852569048093804E-5+6.89797670551091E-9i,1.543696391859888E-5+3.4513760377075143E-9i
69,0.5978207693174131-4.978679672749708E-15i,0.2991173160120391-2.491063170483282E-15i
69,0.7034486790072573-7.635060226650493E-16i,0.3519678331970866-3.820172934429104E-16i
69,0.7044366484851764-1.0852919176685598E-16i,0.3524621599145648-5.430216248144707E-17i
69,0.7211073997181683+1.0427120488166319E-15i,0.36080330599152444+5.217169516735967E-16i
69,1.056793169807186+1.2352943817447292E-15i,0.5287623862474814+6.180747791250618E-16i
69,1.062025629461437-1.871370850556367E-16i,0.5313804272528281-9.363331868190463E-17i
69,1.0824728140568844-1.4029108445013898E-15i,0.5416110971962231-7.019410297346722E-16i
69,1.2574306617930937-6.616157977276007E-16i,0.6291505814631403-3.3103691240671603E-16i
69,1.3130819556235234-1.5415096198344986E-16i,0.656995491672871-7.712883923690128E-17i
69,1.3672478549828782-2.9146719601130355E-16i,0.6840971904884668-1.4583448727617933E-16i
69,1.3730911908479297-2.012789637071793E-16i,0.6870208810496141-1.0070915311711044E-16i
69,1.3812695368767398-1.659697350319425E-15i,0.6911128849395902-8.30423167443104E-16i
69,1.7582318143391862+6.062577541682775E-16i,0.8797245064479838+3.0333872883900776E-16i
69,1.8563635989457041+2.0428809928980628E-15i,0.9288243663616634+1.022147624990317E-15i
69,1.8567780822700999-7.394051251023966E-16i,0.9290317514942786-3.6995850230948597E-16i
69,1.8947933685869445-3.156786745496559E-15i,0.9480525533702441-1.579486071742618E-15i
69,1.9454761961583966,0.9734115106516771
69,2.011092592353875,1.0062424213923395
69,2.011137727465384+4.35541447496335E-16i,1.0062650045712878+2.1792148328311263E-16i
69,2.0711994316748936+3.8136527139411274E-16i,1.036316646602344+1.9081464253886236E-16i
69,2.1613055889883643,1.0814009148564192
69,2.186092558121327-6.821421117848211E-16i,1.093802979253731-3.413071744710908E-16i
69,2.1884389504725648-5.665864302576182E-16i,1.0949769876161617-2.8348933494064987E-16i
69,2.2244644729607366,1.1130022188353734
69,2.2690218150508525-8.952870736977805E-16i,1.1352963130834595-4.479534340209021E-16i
69,2.271577243615776-8.23087768819467E-16i,1.1365749119091129-4.118287903123969E-16i
69,2.321570156931551-3.161370230062255E-15i,1.161588673253857-1.5817794005656347E-15i
69,2.340154093251163-3.7545439165546067E-16i,1.170887074109364-1.8785715666108952E-16i
69,2.370121338192592+9.354586513106755E-16i,1.1858810695260678+4.680531279295935E-16i
70,3.736000698635694E-9-3.190184654756279E-5i,1.869293539050119E-9-1.5961965868182105E-5i
70,1.3536794647368481E-8-3.0077199826253116E-5i,6.773082987648982E-9-1.5049010919207205E-5i
70,2.3489162483352514E-8+1.5858826932783968E-6i,1.1752711846082788E-8+7.934902885107253E-7i
70,3.773225540596534E-8+2.551974171432209E-5i,1.8879188451414612E-8+1.2768704331942577E-5i
70,8.046410838420257E-8-2.0639846482431407E-5i,4.0259906263653855E-8-1.032706757541149E-5i
70,2.510313901143206E-7+1.3139467393193675E-5i,1.2560258776472652E-7+6.574281828594404E-6i
70,8.482452881661275E-6+2.5507160744893135E-7i,4.244162580798451E-6+1.276240949241615E-7i
70,1.7898946565782066E-5+7.226775959234788E-8i,8.955668874322748E-6+3.615889476062864E-8i
70,2.3747550497392173E-5-3.264417949844361E-9i,1.188199529225257E-5-1.6333389296826611E-9i
70,2.68584892853088E-5+3.173659061237139E-8i,1.3438541515264937E-5+1.5879280698434744E-8i
70,3.1027039508604016E-5+2.2195920233197997E-9i,1.5524259540547222E-5+1.110564307451557E-9i
70,0.5984766154954633+3.0351875422417383E-14i,0.2994454661174948+1.5186443794268524E-14i
70,0.7036849727411563-2.888010155544389E-14i,0.3520860618554101-1.4450047416858578E-14i
70,0.7036849727443363+4.292218657507816E-14i,0.3520860618570012+2.147595049326332E-14i
70,0.7218022517232187+9.066953735627013E-15i,0.3611509725120663+4.536615328541894E-15i
70,1.0612021815549828-8.218641438911589E-16i,0.5309684182690393-4.112165542992874E-16i
70,1.0612021837476955+3.469320556030377E-16i,0.5309684193661547+1.7358611583369336E-16i
70,1.0779126416874751-8.847332355209512E-16i,0.5393294325406988-4.4267286179741945E-16i
70,1.2578023247925554+1.7378822018516498E-14i,0.6293365416113413+8.695426563324268E-15i
70,1.3126918443473774-4.84912775715972E-15i,0.6568003010005896-2.4262423692258392E-15i
70,1.3730926128185008-2.571054362122912E-14i,0.6870215925271045-1.2864171330101866E-14i
70,1.3730926132790315-1.4052082756188582E-14i,0.6870215927575293-7.030905405326399E-15i
70,1.3750640384401347-6.016639747808137E-15i,0.6880079877327008-3.0104024904162883E-15i
70,1.7587799622200204+2.383122958914566E-15i,0.8799987701258417+1.19238638030442E-15i
70,1.8568176435965922-1.778790287224782E-14i,0.9290515458513929-8.90010859058093E-15i
70,1.856817654302572,0.9290515512080888
70,1.8938679199092652-1.2423816369737887E-15i,0.9475895086940104-6.216208599419412E-16i
70,1.9461128984223706+3.054515161823578E-15i,0.9737300821735667+1.5283148793340782E-15i
70,2.0111466603235484-1.5393723276525762E-14i,1.0062694740924145-7.702190064697572E-15i
70,2.011146659694042+3.770699958821221E-15i,1.0062694737774436+1.8866551800418647E-15i
70,2.0705189225832323+6.226849076296066E-16i,1.0359761565031929+3.115579917105219E-16i
70,2.162007353816038-6.8277774035309276E-15i,1.0817520401810963-3.416252087734772E-15i
70,2.18831747772305+4.3485263472494396E-15i,1.0949162091944873+2.1757683846983764E-15i
70,2.1883174967721626+9.204819235734963E-15i,1.0949162187256372+4.6055957997457175E-15i
70,2.22649727980712+6.813543295145613E-15i,1.114019325900013+3.4091301065080226E-15i
70,2.2689164279402454-7.079863730747132E-14i,1.1352435830491667-3.54238250920932E-14i
70,2.2689164278616474+4.584995785191408E-14i,1.1352435830098404+2.294084955862069E-14i
70,2.320418538199003+7.202591965018917E-15i,1.1610124652630534+3.6037891078395225E-15i
70,2.3389657586598216-1.0242419940364514E-14i,1.170292495480234-5.124755310070799E-15i
70,2.3705068464645858+2.7449361599068746E-16i,1.1860739571029766+1.3734182198340398E-16i
71,4.55522804255106E-9-3.175741737548496E-5i,2.27919078065219E-9-1.5889701289025566E-5i
71,6.265110469236759E-8-2.530279979386559E-5i,3.1347238574811446E-8-1.2660158278831143E-5i
71,9.902336187082656E-8-2.0381055888102018E-5i,4.9545957158882174E-8-1.0197582699746577E-5i
71,1.1901700690444326E-7-2.9728628008522685E-5i,5.954970033190924E-8-1.4874604354717965E-5i
71,1.3299745490687372E-7+3.071878888480997E-6i,6.654476356450253E-8+1.5370027529917029E-6i
71,2.662838958858665E-7+1.2654422058513492E-5i,1.3323412019551199E-7+6.331591266305384E-6i
71,9.865495496269797E-6+3.266444960213816E-7i,4.936162618342018E-6+1.6343531365024282E-7i
71,1.7939735361982413E-5+1.1359313625246269E-7i,8.976077391170934E-6+5.683588757215968E-8i
71,2.3754899986187436E-5+9.402361581443573E-9i,1.188567258062281E-5+4.704435350460137E-9i
71,2.6890583314521056E-5-2.4807608149746373E-8i,1.345459963898811E-5-1.2412391049750676E-8i
71,3.091917099575265E-5+6.325930129553273E-9i,1.5470287946212768E-5+3.1651547399267494E-9i
71,0.5971641871337401+6.192430265664916E-15i,0.29878879764900895+3.0983585979662546E-15i
71,0.7039313136170788+2.743520911207501E-15i,0.35220931756249124+1.3727101056062096E-15i
71,0.7044702685657214+6.543951522059622E-16i,0.35247898159218605+3.2742409027145814E-16i
71,0.7204116426337891+1.0923226392299918E-15i,0.36045518661803144+5.465394192288144E-16i
71,1.0546698622953685-6.900323479862854E-16i,0.5276999975239713-3.452550237202525E-16i
71,1.0614542614669165-4.521962761716938E-16i,0.531094545480652-2.262546625697771E-16i
71,1.0861427611340337+7.077570379927152E-16i,0.5434473410605447+3.541235039972462E-16i
71,1.2570639426127195-3.2393369303277185E-16i,0.6289670949357502-1.6207897383100867E-16i
71,1.313471670658999+9.248218257199933E-16i,0.6571904840876612+4.62731033273689E-16i
71,1.3641545521632696+6.559434549150234E-16i,0.6825494683541721+3.2819877755981943E-16i
71,1.3738242727118979+3.8521239858175215E-16i,0.6873876757326053+1.9273953778804806E-16i
71,1.3839841302235372,0.6924711212499234
71,1.7576917682588133,0.8794542964747366
71,1.854902133999255-1.4264467930276288E-15i,0.9280931280128744-7.137171507968499E-16i
71,1.8577997028755453-1.2463143550771395E-15i,0.9295429154236156-6.235885802756616E-16i
71,1.8956567623959877-4.335557050035146E-15i,0.9484845491323138-2.1692792468624136E-15i
71,1.9448576846025543,0.9731020407804357
71,2.0097860138551105,1.0055886798802207
71,2.012385608660696-3.9675280748508124E-16i,1.0068893771140313-1.9851373686913158E-16i
71,2.071857170769182,1.036645743821138
71,2.1606375417479224,1.0810666599964576
71,2.186186977504369+1.9606819131100693E-15i,1.0938502216278414+9.81019632476913E-16i
71,2.186244545832591+6.957823639910658E-16i,1.0938790257188145+3.4813202204926675E-16i
71,2.2225009430762013+8.889946612399024E-16i,1.1120197742313789+4.448050497187135E-16i
71,2.270319203903305-2.1673430798912737E-15i,1.1359454565914924-1.0844217501418633E-15i
71,2.2729429893048536,1.1372582574966845
71,2.3228253961657757,1.162216727362989
71,2.3412339843082495-7.274503093232588E-16i,1.1714273934344184-3.6397695634654297E-16i
71,2.3697576488069876,1.1856990989448044
72,1.0397832137197964E-8-3.176449438480121E-5i,5.202515203300059E-9-1.5893242243339495E-5i
72,7.686520156522394E-8-2.5265995121626645E-5i,3.845920711849126E-8-1.2641743203039473E-5i
72,1.2534455840691717E-7-2.930786337948412E-5i,6.271566631952286E-8-1.466407639555301E-5i
72,1.4111874298533172E-7+3.3018664135669176E-6i,7.060821872910411E-8+1.6520761240599242E-6i
72,1.7176960953783436E-7-2.0452209723667066E-5i,8.594426158204138E-8-1.0233184246916777E-5i
72,2.673614370692789E-7+1.2581817307773736E-5i,1.3377326377033752E-7+6.2952637593239935E-6i
72,9.949431574724158E-6+3.9280148298089623E-7i,4.978159711438183E-6+1.9653670689452246E-7i
72,1.7959267696104713E-5+1.2670035083195099E-7i,8.985850319208853E-6+6.339403182982224E-8i
72,2.3683548958717723E-5+2.170088111634777E-8i,1.1849972369243719E-5+1.085795216186581E-8i
72,2.6859775828028057E-5+4.139716943013114E-9i,1.3439185231952059E-5+2.0712914047089442E-9i
72,3.079855841944157E-5+1.0471276569747046E-8i,1.5409939908882683E-5+5.2392628418359234E-9i
72,0.5933281887400815-2.019335274510362E-15i,0.2968694706489655-1.0103666156156412E-15i
72,0.704669347086497+4.64785575646585E-15i,0.3525785897621698+2.3255367000255805E-15i
72,0.7067338350621754-7.646099572259119E-16i,0.35361154835765185-3.8256964284233855E-16i
72,0.7162742128393241+1.7251471498835392E-15i,0.3583850395792766+8.631707222018603E-16i
72,1.045121000356476-5.052479179934264E-16i,0.5229222612847432-2.527988469243411E-16i
72,1.0622096852224756-8.773226135247362E-16i,0.5314725188429235-4.3896498566588496E-16i
72,1.1007493443948357+8.228738567076518E-16i,0.5507556886545336+4.1172176021235257E-16i
72,1.2549022758655584-9.772750139081397E-16i,0.6278855133167951-4.889757836610451E-16i
72,1.3158003344641516+2.830659253675541E-16i,0.6583556220404407+1.4163094391498372E-16i
72,1.3542853955139216,0.6776114738920092
72,1.3759657129086993-7.019741944167502E-16i,0.6884591370751056-3.5123008051961245E-16i
72,1.3938000181458283+5.136369179444334E-16i,0.6973824629099716+2.5699625069175363E-16i
72,1.7545452903832417+7.997600312629271E-16i,0.8778799684062973+4.0015684680579605E-16i
72,1.8499552164923845+2.2561188924900488E-15i,0.9256179569195755+1.12884038554935E-15i
72,1.860627286435775-2.5382370577067305E-16i,0.930957685951413-1.2699971213285479E-16i
72,1.900222632045079-1.4893063346626945E-15i,0.9507690643997517-7.4516867999195695E-16i
72,1.9413438371396943-6.938616448511517E-16i,0.9713439007560162-3.4717099763621384E-16i
72,2.0060184322247294,1.0037035849437859
72,2.0158485656485627+2.3074335606876943E-16i,1.008622054285583+1.1545154818509614E-16i
72,2.075555384275139+1.0693833027356186E-15i,1.038496130684084+5.350618106955272E-16i
72,2.156737811570286-3.672219404764284E-16i,1.0791154450441276-1.837380814678942E-16i
72,2.1802248657546044,1.0908671020109206
72,2.1803803688202152-2.230218139205063E-15i,1.0909449073699922-1.1158810435476648E-15i
72,2.213233420093203-4.940941088505902E-16i,1.1073828048535512-2.472180815422265E-16i
72,2.2743196297466106-1.3267587550000682E-15i,1.1379470542317365-6.638386254867367E-16i
72,2.2822971112617307,1.141938556337063
72,2.3295977096180462+1.2258139085928416E-14i,1.1656052282766465+6.133312609516222E-15i
72,2.3476665557725975-3.6062028461949203E-16i,1.1746459057548726-1.804349684238014E-16i
72,2.3676319024302916+5.491500742607806E-16i,1.1846354899446592+2.747651214731929E-16i
73,1.8914363384844512E-8-3.175238335385839E-5i,9.463728763072074E-9-1.588718253572196E-5i
73,8.345858961762515E-8-2.5262899729860297E-5i,4.175818339847553E-8-1.2640194435708734E-5i
73,8.432696199586564E-8-2.9107372824292734E-5i,4.2192670168439814E-8-1.4563761719595727E-5i
73,9.293065296075737E-8+3.5739093438705016E-6i,4.6497493756542754E-8+1.7881917549125775E-6i
73,2.3329737558544674E-7-2.0594144315941856E-5i,1.1672944199889449E-7-1.0304200672690967E-5i
73,3.0843877107851563E-7+1.2492416533898365E-5i,1.543261493982525E-7+6.250532426952363E-6i
73,1.0173765602862383E-5+2.7596295414492587E-7i,5.090404377115309E-6+1.3807699966134196E-7i
73,1.7985221809576723E-5+4.8318180291991594E-8i,8.998836359774294E-6+2.4175815136079034E-8i
73,2.3659434191307262E-5-1.274796044769156E-8i,1.1837906638385443E-5-6.378392838534096E-9i
73,2.6980105753407153E-5+3.542162369613513E-8i,1.349939184597857E-5+1.7723072787976105E-8i
73,3.102546894280883E-5+4.490448929294462E-9i,1.5523473714009588E-5+2.2467788012004264E-9i
73,0.5872257386658021+7.68776600330231E-16i,0.29381613329268713+3.846544066479973E-16i
73,0.705896113095228+4.1373555828144907E-16i,0.3531923974027532+2.070109907241808E-16i
73,0.7094909416480272+1.847377192108152E-15i,0.3549910560031636+9.243280523628874E-16i
73,0.7102448734870973-3.7771410722812606E-15i,0.3553682828907743-1.8898779663169148E-15i
73,1.0367578209656543-3.537816959402292E-15i,0.5187377767350243-1.7701330695595544E-15i
73,1.0634660037876746-6.260281545338024E-16i,0.5321011129911453-3.1323077240345503E-16i
73,1.117425348484929+3.2224641504589387E-15i,0.5590994629782825+1.6123475079844763E-15i
73,1.2514599958897068+4.0211357977192654E-16i,0.6261631818084497+2.011959786052689E-16i
73,1.3196442484444875,0.6602789095737462
73,1.3443826552376281+1.483785397936023E-15i,0.6726566759916429+7.424063005961392E-16i
73,1.3793740865168613-1.1547082512250735E-15i,0.6901645036631614-5.77753819556598E-16i
73,1.4036178357986844-5.556543171044605E-16i,0.7022947701032647-2.780194942918446E-16i
73,1.7496348546140126-2.193786386456782E-15i,0.8754230508097102-1.09765255658472E-15i
73,1.8432499620731586+5.30251092225913E-16i,0.9222630087344418+2.653090887092528E-16i
73,1.865004744406141+1.459189841412323E-15i,0.9331479301621429+7.301000087595547E-16i
73,1.9062893300559831+6.321531668352756E-15i,0.9538045133490232+3.1629539868308278E-15i
73,1.9361263287470332,0.9687333405567359
73,2.000506090885446,1.0009455062168937
73,2.020973668443418,1.0111863797004284
73,2.0809440390017433-1.354127161494237E-15i,1.0411923232914069-6.775323021106005E-16i
73,2.150814120815045,1.076151549223619
73,2.1714037978995-6.497270198276246E-16i,1.0864535147342664-3.2508840824189007E-16i
73,2.171559416084104-1.0929856062747586E-15i,1.0865313776926822-5.468711322324653E-16i
73,2.2018809835838056+3.0138046826916945E-15i,1.1017026570347237+1.507945548129013E-15i
73,2.2804177709212814-1.7058155971695323E-15i,1.1409982356467159-8.534982543671258E-16i
73,2.293779740736848-1.1803113063376375E-15i,1.1476838457041079-5.905642094259944E-16i
73,2.3396516444714277+2.1047568383750807E-15i,1.1706356758004703+1.0531069656070604E-15i
73,2.357337613187481-4.446243838348683E-15i,1.17948478202918-2.224660954453706E-15i
73,2.3644919550546315,1.1830644293866615
74,3.526105763910067E-8-3.175721095195228E-5i,1.764273418067475E-8-1.588959800580721E-5i
74,1.3981954238607425E-7+4.893555012849726E-6i,6.995816872054578E-8+2.4484713752454007E-6i
74,1.8012901639399157E-7-2.533677498648494E-5i,9.012685855859234E-8-1.267715763540903E-5i
74,2.72299143021036E-7+1.1867345352061759E-5i,1.362438258975661E-7+5.937780472146713E-6i
74,3.1709847513833263E-7-2.88770971645786E-5i,1.5865899892234745E-7-1.4448544181477672E-5i
74,5.004310170803599E-7-2.0654226863607506E-5i,2.503887291322518E-7-1.0334262743664905E-5i
74,1.1134138822364395E-5-2.2757926664096157E-7i,5.570923413138896E-6-1.13868408244427E-7i
74,1.7934384458540935E-5+2.286489942148843E-8i,8.973400087273509E-6+1.1440364230988305E-8i
74,2.3793884824418664E-5-2.9954135557739143E-7i,1.1905178494059377E-5-1.4987436187140078E-7i
74,2.6799034765855144E-5+1.9609741874519443E-7i,1.3408793675784438E-5+9.811658708165088E-8i
74,3.087326927351789E-5+7.527858642774554E-9i,1.5447321196544855E-5+3.766535035435025E-9i
74,0.5791729016007935,0.2897869273286355
74,0.700222247996344+2.7847548046547287E-15i,0.35035350088577477+1.3933413251450416E-15i
74,0.7076067024925224-5.595793455518853E-15i,0.3540482842095993-2.7998336713588304E-15i
74,0.7147293392316632-1.4614369284758425E-15i,0.3576120680285742-7.312243301043163E-16i
74,1.0300987657255138-4.148640850060239E-16i,0.5154059441309463-2.0757564471786538E-16i
74,1.0652191304772798-5.349312760877658E-16i,0.5329782831681241-2.676508006521127E-16i
74,1.1354854599014248-5.436235809323502E-16i,0.5681357700640144-2.719999618531181E-16i
74,1.2469278450004058-1.32180686623016E-15i,0.6238955375924129-6.613609670411521E-16i
74,1.3249242920048043+1.2864965036540265E-15i,0.6629207590029522+6.436935633254121E-16i
74,1.3344876692722394-8.645333716198999E-16i,0.667705757930828-4.3256593780949946E-16i
74,1.3838583685270454+1.5812734210294125E-15i,0.6924081968701721+7.911840569198437E-16i
74,1.4134273375914057-1.3549562165290603E-15i,0.7072029164880154-6.779471165994411E-16i
74,1.7433101856453599+9.388678635094982E-16i,0.8722585270867753+4.697589141032519E-16i
74,1.835562592361619+2.1845555804145726E-15i,0.9184166629510168+1.0930339583865911E-15i
74,1.8705802659376956-1.3576497098200272E-15i,0.935937620854539-6.792947955782265E-16i
74,1.9130754479860101-3.66882688307226E-15i,0.9571999212798792-1.8356833795359822E-15i
74,1.9297467730951454-2.2858150496829744E-16i,0.9655413544935536-1.1436987432567304E-16i
74,1.9938518433858459-4.702603888648011E-16i,0.9976160791472508-2.3529297167882773E-16i
74,2.0272054822669086-1.471098774054316E-15i,1.014304443709642-7.360585972718079E-16i
74,2.087404593181014-1.104522717695192E-15i,1.0444248366553373-5.52643681430701E-16i
74,2.1434402794824186-5.192675876565282E-16i,1.0724620761552408-2.5981353456356545E-16i
74,2.160685758883843-6.288297197563507E-16i,1.0810907852544323-3.146325247563519E-16i
74,2.1607165436096536+1.9810770852558646E-15i,1.081106188273249+9.912242781917472E-16i
74,2.189776356060283-1.678898393866169E-15i,1.0956461533433322-8.40030335519399E-16i
74,2.2880522203358686+2.058090876878662E-15i,1.1448181029636852+1.0297578317724032E-15i
74,2.30603506637527-3.3842614328094887E-15i,1.153815750616016-1.693302154123648E-15i
74,2.3510032544788246+5.329577488705842E-15i,1.17631541008221+2.6666335392129052E-15i
74,2.3616170691463614+2.9196181893726712E-15i,1.1816259913114764+1.4608196994932428E-15i
74,2.36850655678049-1.1907871977859874E-15i,1.1850731198750621-5.958057813045387E-16i
75,4.2787694304451865E-8-5.045950703887213E-6i,2.140865780441941E-8-2.5247219714349247E-6i
75,4.283295465741937E-8-3.176196226869185E-5i,2.1431303647448346E-8-1.589197530881106E-5i
75,5.5517957103661815E-8-2.8807348440096075E-5i,2.7778195692799155E-8-1.4413645676217815E-5i
75,7.27789557568612E-8-2.5236725585840574E-5i,3.6414669789755616E-8-1.2627098303707447E-5i
75,3.346316284356591E-7+1.191040983442772E-5i,1.6743164454573723E-7+5.959327619790081E-6i
75,3.726666502487846E-7-2.0803355109903245E-5i,1.86462321001143E-7-1.0408878486481092E-5i
75,1.1371481543594992E-5-4.429593411799033E-7i,5.689676928227623E-6-2.2163299777536597E-7i
75,1.7700933824959288E-5-3.769794265329788E-8i,8.856593963227363E-6-1.8862020197968696E-8i
75,2.3630643881281686E-5-3.9206898621978707E-7i,1.1823501517814208E-5-1.9617020496549002E-7i
75,2.6703459667910104E-5+2.4248790936891983E-7i,1.336097304418017E-5+1.2132789012770283E-7i
75,3.078409275605194E-5-8.736210430152304E-10i,1.5402702070002675E-5-4.371129191391617E-10i
75,0.5694678835196371-4.0811911526867963E-14i,0.28493105896595156-2.0420082512650114E-14i
75,0.6886753715896397-3.817644361045247E-16i,0.34457606581432393-1.9101436306205775E-16i
75,0.7097942922565229+1.186632652792194E-14i,0.3551428363100396+5.9372707074181665E-15i
75,0.7199442364367135-3.601465654365033E-14i,0.36022132173020516-1.8019794485782392E-14i
75,1.0252172149263572-6.164141373082191E-16i,0.5129634790177195-3.0842043596784833E-16i
75,1.0674633328280239-1.157974371163101E-15i,0.5341011611579755-5.793880100695034E-16i
75,1.1546399055915468+5.525179823724829E-16i,0.5777196230824859+2.7645024130617867E-16i
75,1.2415036873399257+7.480279521565066E-15i,0.6211815812290677+3.742729005660175E-15i
75,1.3243361345364544-1.2644122667390482E-14i,0.6626264766823058-6.3264380056838255E-15i
75,1.3318416153327517-4.078281283115088E-15i,0.6663818150485719-2.040552309248764E-15i
75,1.3892203201440778-7.652814311792214E-15i,0.6950910286796196-3.829056122448657E-15i
75,1.4232281138218281+7.82819569266799E-15i,0.7121066970713259+3.916807519888304E-15i
75,1.7358862536229114+1.4738301095427864E-15i,0.8685439913349544+7.374252104481492E-16i
75,1.8272644659091684+1.939175747119364E-15i,0.9142647273880894+9.702591052771068E-16i
75,1.8770362521255912+2.351027995126484E-16i,0.9391678486416047+1.1763277889698366E-16i
75,1.920202388162056-1.9593147714575438E-15i,0.9607658583069103-9.803355884244145E-16i
75,1.92260092669967+1.2315727735903147E-15i,0.961965957812556+6.162126868399979E-16i
75,1.9864667692738072-2.4844484041946975E-15i,0.9939209858010205-1.2430841760175455E-15i
75,2.0341225337237083-1.0005839754853826E-15i,1.0177653637255817-5.006383326788274E-16i
75,2.094493379073901+3.7313302855029175E-15i,1.0479716833339587+1.8669567158538643E-15i
75,2.135117679263713-5.529580901895311E-15i,1.0682978952377677-2.7667044755485366E-15i
75,2.1484984834662817-5.998424283024765E-15i,1.074992929008048-3.0012884528726695E-15i
75,2.1489267074913787+1.1205051669786825E-15i,1.0752071892472586+5.606404382821477E-16i
75,2.177454957927069-1.6541945790899913E-14i,1.0894811893135092-8.276698770837613E-15i
75,2.2967453652108842-2.0671656432796883E-14i,1.1491676844706766-1.0342983561379427E-14i
75,2.3184923822575096+4.569098442276915E-16i,1.1600487205673014+2.2861307816540774E-16i
75,2.353114979570695+2.1737005208088606E-15i,1.1773720035865753+1.0876026711830392E-15i
75,2.3684034643249072+2.9821124453280946E-15i,1.1850215379625597+1.4920884594075217E-15i
75,2.3690304158857503-5.149262310407376E-15i,1.1853352307577483-2.576413535263473E-15i
76,2.16486477808784E-8-3.1780444272912205E-5i,1.0831817413938278E-8-1.5901222708333877E-5i
76,2.503388275172925E-7+1.097582001815226E-5i,1.2525606674065783E-7+5.491709210119085E-6i
76,3.1593874428565435E-7-2.5863433273305095E-5i,1.5807873206352692E-7-1.294066907779169E-5i
76,4.961807345274355E-7+5.190444316592837E-6i,2.4826211665109774E-7+2.5970187932110206E-6i
76,9.30252957504885E-7-2.015350806610499E-5i,4.654484791132829E-7-1.0083730024708454E-5i
76,1.25635458167634E-6-2.7709897965775984E-5i,6.286121689273816E-7-1.386454056448077E-5i
76,1.1965054212242923E-5+3.5584078059563496E-7i,5.9866687234554724E-6+1.7804356202098064E-7i
76,1.90269137037598E-5+2.2497160685947013E-7i,9.520042881011935E-6+1.125636757310303E-7i
76,2.3815169403401275E-5+7.570620345863516E-8i,1.191582815105439E-5+3.787930688635027E-8i
76,2.7324567347990776E-5+1.8783022451751982E-7i,1.3671741876170266E-5+9.398012833807838E-8i
76,3.080102716378722E-5+2.5644511464228714E-8i,1.541117513559358E-5+1.2831132395046131E-8i
76,0.558358656124651+8.91470990451012E-16i,0.279372599889413+4.460440714877883E-16i
76,0.6750873412500655+1.4500325613841128E-15i,0.3377773472457063+7.255181990189256E-16i
76,0.7124501924413509+2.654774899517958E-14i,0.35647170572317277+1.3283063809687089E-14i
76,0.7257069351128126-9.490984337587953E-16i,0.36310466578489403-4.748777404661036E-16i
76,1.022062404874776,0.5113849819771529
76,1.0701912195812355-5.011485069988842E-16i,0.5354660487729325-2.507477224454814E-16i
76,1.1746904230382602+1.0851565740084134E-15i,0.5877518221480376+5.429539061361643E-16i
76,1.235366275204852-1.8520289563138984E-15i,0.6181107507405267-9.26655544640435E-16i
76,1.3144031405017262-7.442127483082989E-16i,0.6576565414306018-3.723639780365817E-16i
76,1.339843827453197-1.1192593868022495E-15i,0.6703856910168818-5.600171169760963E-16i
76,1.39528074394645+2.779637273230645E-15i,0.6981233383528531+1.3907807880363577E-15i
76,1.4330214829635317+8.5833825197585565E-16i,0.7170067715463667+4.294662335914346E-16i
76,1.7276099968243588+2.3849972697897193E-15i,0.8644029981689993+1.193324184521206E-15i
76,1.8185314065406215+6.47108971555379E-15i,0.9098951748182178+3.23778477887215E-15i
76,1.8841228902690563-1.7356305038925762E-15i,0.9427136207020873-8.684160279438598E-16i
76,1.914947450069326+5.955679116265593E-16i,0.9581365703015746+2.9799010735614936E-16i
76,1.9274849670011227,0.9644096685386542
76,1.9786046843414338-9.216815097328356E-16i,0.9899872219307634-4.611597882823502E-16i
76,2.0414171588440846+4.1936008035157865E-16i,1.0214152012677138+2.09825198647048E-16i
76,2.1018820477439113+8.256943970984591E-16i,1.051668575203405+4.1313300671749674E-16i
76,2.126251908842495+2.3640483409326806E-15i,1.0638619412045858+1.182842468771853E-15i
76,2.1355327608403845,1.0685055797036016
76,2.136560976315744-1.9433629152805978E-15i,1.069020043350662-9.723541387158233E-16i
76,2.1652158144917633-8.724486467703197E-15i,1.0833573811045123-4.365263152001908E-15i
76,2.306138190944481-7.250727669946418E-15i,1.1538673485964486-3.6278736221308234E-15i
76,2.330808407500924+5.31806393985614E-15i,1.1662109962924367+2.660872779456049E-15i
76,2.3483920608054243+2.4804087652797686E-15i,1.1750089093996274+1.2410629582681673E-15i
76,2.3613847287244574-1.7392843531121379E-15i,1.181509740677561-8.702442173072301E-16i
76,2.383986898074821-2.4423207431333043E-15i,1.192818648930865-1.2220057633004083E-15i
77,3.0106092248540015E-8-3.178350825956017E-5i,1.5063467131254522E-8-1.5902755762234768E-5i
77,6.994246959909183E-8-1.0174117538806431E-5i,3.4995444881617983E-8-5.090580466907425E-6i
77,1.352185080142924E-7-2.6362429896430218E-5i,6.765605891974726E-8-1.3190340113441187E-5i
77,9.138041376029498E-7+5.927764686857849E-6i,4.572183755217833E-7+2.965934196478943E-6i
77,1.2010705501773347E-6-2.0283262527887184E-5i,6.009510170085739E-7-1.0148652169171906E-5i
77,1.371936978000737E-6-2.6494572736420004E-5i,6.864433751035542E-7-1.325645727372835E-5i
77,1.2863742896746443E-5+3.862980913301218E-8i,6.4363241403223236E-6+1.932827599669578E-8i
77,1.8910088093486218E-5+1.220241921064976E-7i,9.461589637531617E-6+6.105433384843403E-8i
77,2.3748423692979353E-5+1.0514901190472678E-7i,1.1882432192296522E-5+5.2610902525469855E-8i
77,2.7504185202772148E-5+3.5707786771102006E-7i,1.3761612976987639E-5+1.7866253378746775E-7i
77,3.076028328639669E-5+3.1296599686879346E-8i,1.5390789093698624E-5+1.565913293599902E-8i
77,0.5460410776865913+1.3436260980106728E-14i,0.2732095470293275+6.722781355013304E-15i
77,0.6597065079606983-4.565726501608979E-16i,0.3300816066363642-2.2844436441471345E-16i
77,0.715563902545168+2.842699130418394E-14i,0.35802963856340636+1.4223335450378778E-14i
77,0.7318937795342535+7.296072346140006E-15i,0.36620022952724857+3.650561655960674E-15i
77,1.0205288620013944-3.829213738158224E-16i,0.5106176797156423-1.9159323238336221E-16i
77,1.073393721180473-1.1160194307262623E-15i,0.5370684080954129-5.583960174506435E-16i
77,1.1954790663623749+2.286036820903046E-15i,0.5981533396492457+1.1438097056312767E-15i
77,1.228664647577898+2.979218374635783E-15i,0.6147576172069168+1.4906404222996414E-15i
77,1.3043784271243213-4.504644317649525E-15i,0.6526407147595694-2.253881409009391E-15i
77,1.349154190950431-3.331462939906835E-16i,0.6750440954807629-1.6668846318542986E-16i
77,1.4018901135174895+3.7512864986959144E-15i,0.7014303109240441+1.8769417301498194E-15i
77,1.442809376162438+3.13511297303669E-15i,0.7219041061545508+1.5686416832924578E-15i
77,1.7186626951458437+9.49338901289554E-16i,0.8599262502857111+4.749980574675869E-16i
77,1.8094506890244282+5.944382091818648E-16i,0.9053516728351593+2.9742486509543784E-16i
77,1.891656168169657-1.739163625065918E-15i,0.9464828672422725-8.701838114949767E-16i
77,1.906950789339506-1.3284626239938196E-15i,0.9541354719501511-6.646911497655919E-16i
77,1.9348241766332714-7.885178011667175E-16i,0.96808181376928-3.9453184034071873E-16i
77,1.9704199226869874+1.2864937403539178E-15i,0.9858920080072464+6.436921807188613E-16i
77,2.0488243124777585-3.6485410512418466E-16i,1.025121342017429-1.8255334418262014E-16i
77,2.1092097183046774+1.8485979633865452E-15i,1.055334946904173+9.249388605632694E-16i
77,2.1171988438267264-9.1407476583764E-15i,1.0593322750434533-4.573537833151426E-15i
77,2.1221609688088074-3.5231127460860594E-16i,1.0618150551383152-1.7627758731439096E-16i
77,2.1239749082465726-1.0522327287299438E-15i,1.062722652739269-5.264805871450294E-16i
77,2.1533841082506497+8.484696727218305E-15i,1.077437432524061+4.245285280267944E-15i
77,2.3159725050898197+1.7440316695700015E-15i,1.1587879097461249+8.726195187855599E-16i
77,2.342647914050721-1.0061882724618961E-14i,1.1721348477272504-5.034424210541161E-15i
77,2.342788787716444+2.538278873098926E-15i,1.1722053333225166+1.2700180434987423E-15i
77,2.353809694502619-3.2989386847228335E-15i,1.1777196015231073-1.6506112462256305E-15i
77,2.400304104492001-5.856369099475962E-15i,1.2009829002229273-2.9302116897196736E-15i
78,2.9004823266446397E-8-3.17983279093159E-5i,1.451245144388175E-8-1.5910170716827656E-5i
78,7.082487716856979E-8+2.652620382840249E-5i,3.5436954105381354E-8+1.3272283768594247E-5i
78,2.1954180828591077E-7-9.75877738138682E-6i,1.0984689695858398E-7-4.882766621193729E-6i
78,1.0308938313995784E-6+6.191061580976672E-6i,5.158037521742349E-7+3.0976737818617866E-6i
78,1.196312461681952E-6-2.5857969257437217E-5i,5.985703257828213E-7-1.2937935178528016E-5i
78,1.2165454296624552E-6-2.029758114896298E-5i,6.08693813269206E-7-1.0155816435997357E-5i
78,1.3045426512253875E-5+8.221655140485278E-8i,6.527228836550922E-6+4.113673436950811E-8i
78,1.8576672123012804E-5+9.5312460036967E-8i,9.294766242758248E-6+4.768922174001138E-8i
78,2.371480770642049E-5+3.3619876514136707E-7i,1.1865612563085468E-5+1.682157553516742E-7i
78,2.7621876716812153E-5+3.002466519365344E-7i,1.3820499472077521E-5+1.5022725418422687E-7i
78,3.088038721075513E-5+1.989325956019402E-8i,1.545088262898618E-5+9.953515688607158E-9i
78,0.5326687963905316+5.3117927657336065E-15i,0.2665187776624445+2.65773502167303E-15i
78,0.6427761455112972-1.085418156397373E-15i,0.3216105650886473-5.43084787875504E-16i
78,0.7191231744085631+1.7834002429610977E-14i,0.3598105065114229+8.923174326292246E-15i
78,0.7384270056052349+5.669075636943631E-15i,0.36946910399188637+2.836500128170485E-15i
78,1.0204868894637067,0.5105966789183068
78,1.0770600616532595-1.4497660739862258E-15i,0.538902847409153-7.253848630772888E-16i
78,1.2168737682288564+7.336259715484722E-16i,0.6088580962044363+3.6706692512014704E-16i
78,1.221517612902424+5.819740973833772E-16i,0.6111816259746053+2.911884948336711E-16i
78,1.2943107838068497,0.6476034082586142
78,1.3596306858021816+5.163678631869882E-16i,0.6802859692698715+2.5836266861005636E-16i
78,1.4089291259358898-3.688376179282405E-15i,0.7049522536366924-1.8454647944891287E-15i
78,1.4525941273282335+7.655337367112416E-16i,0.7267998686585871+3.8303185234461846E-16i
78,1.7091746581535983+1.5415092838862306E-15i,0.8551789475739238+7.712882242785927E-16i
78,1.800068110052441+4.4957568470101115E-15i,0.9006571356370349+2.249434597355737E-15i
78,1.8987165684156035,0.9500155112719363
78,1.89950366600907+2.5300137352678837E-16i,0.9504093325168324+1.265882613665293E-16i
78,1.9421594747096742-3.023086738883935E-15i,0.9717520018680761-1.5125897891420278E-15i
78,1.9620080463161933,0.9816831581114326
78,2.056006878020262,1.028715110982009
78,2.1083720651167885-5.914022872251488E-15i,1.0549158303626114-2.9590585325456158E-15i
78,2.108642951343556-1.1388387989337007E-15i,1.0550513672413113-5.698136003143051E-16i
78,2.111414628754879-2.827639469425865E-15i,1.056438165343145-1.414798501748432E-15i
78,2.1156030967729773-8.125444380655774E-16i,1.0585338491602299-4.065534754374528E-16i
78,2.14280987208704-2.086108129892468E-15i,1.072146654246572-1.0437761562496352E-15i
78,2.3260627664495983-3.287252477621537E-15i,1.163836533097306-1.6447640975785672E-15i
78,2.336823561276367+1.1570882049395574E-15i,1.1692206552823121+5.789446202176761E-16i
78,2.346005700275925+1.0857293656058049E-15i,1.1738149031133691+5.432405002025459E-16i
78,2.353519650915142,1.17757447933287
78,2.4172913644977037,1.2094824102434742
79,2.305398662912075E-8-3.1801977227793657E-5i,1.1534973285979436E-8-1.591199663925184E-5i
79,1.574645056124248E-7-2.5078952411063565E-5i,7.878675801064921E-8-1.2548157104270898E-5i
79,1.6932265399567182E-7-2.7044875704313006E-5i,8.471993681492405E-8-1.3531799241083478E-5i
79,1.9855262762190534E-7+6.140940746002845E-6i,9.93450413728747E-8+3.0725960154088557E-6i
79,3.7187787749104993E-7+1.0417925905202312E-5i,1.8606766159426694E-7+5.2125690426152974E-6i
79,6.389080310863333E-7-2.0477451213155063E-5i,3.1967516895621826E-7-1.0245813728820555E-5i
79,1.2391579680822224E-5-1.3680683018732018E-7i,6.200079096463906E-6-6.845076979254103E-8i
79,1.7489448927240998E-5+3.518477398525091E-7i,8.75077831039415E-6+1.7604565948712547E-7i
79,2.3645115602175698E-5+1.1529770282371137E-7i,1.1830742387543166E-5+5.768876088122505E-8i
79,2.710720583148876E-5+1.0404749867642009E-7i,1.3562985879795929E-5+5.205976463044648E-8i
79,3.077032383174945E-5-1.3680670434104443E-8i,1.539581284183746E-5-6.845070682584236E-9i
79,0.518364512438217-1.5469452703846628E-14i,0.25936168436142765-7.74008099155381E-15i
79,0.6245224968836199-1.4569050966236603E-15i,0.3124774224058131-7.289568455172713E-16i
79,0.7231140781985913+3.2841820197178778E-15i,0.3618073398290383+1.6432278058098502E-15i
79,0.7452606231631304+1.7643356147634054E-15i,0.37288827817833076+8.827785194466459E-16i
79,1.0218007245307148,0.511254051226356
79,1.0811777192025331-1.9050910343647214E-15i,0.540963101481292-9.532049507219697E-16i
79,1.2140178002081028-5.129982771881497E-16i,0.6074291236213001-2.5667670925271395E-16i
79,1.238761594406368+1.6946209463106338E-15i,0.6198095856065704+8.478970539899141E-16i
79,1.284202925490444+1.2223368216163319E-15i,0.6425459803380595+6.115915138947551E-16i
79,1.3711740412093205-6.764165827641924E-16i,0.6860616426227709-3.384424281101456E-16i
79,1.416304693563732-5.069889200477074E-16i,0.7086425904502234-2.5366995058680266E-16i
79,1.4623784970964016+6.371256306384956E-16i,0.7316954403317919+3.187833517672227E-16i
79,1.6992406381568848+1.8920431133436557E-15i,0.8502084989860976+9.466764737675566E-16i
79,1.7904094205700034+1.4495556675767586E-15i,0.8958244476100212+7.252795870418921E-16i
79,1.890314422931305,0.9458115301876464
79,1.9075697100537834-1.92098982851865E-15i,0.9544451465422372-9.611598510520149E-16i
79,1.9494459455271989-5.1086942745775474E-15i,0.9753977594362291-2.556115475015159E-15i
79,1.953429964984779-2.954218404549512E-16i,0.9773911482046584-1.4781317836969294E-16i
79,2.0622843990764017+6.478283344295853E-16i,1.0318560444287768+3.241384083265957E-16i
79,2.095164635533505+3.653965119695185E-15i,1.0483075439143494+1.8282473535550977E-15i
79,2.0990600533087105-1.834293615125948E-15i,1.0502566011727572-9.177817350858513E-16i
79,2.1005146963379-4.161156442656725E-15i,1.0509844262015589-2.082018575659127E-15i
79,2.117443189959308+4.6575320893161E-16i,1.0594545326883977+2.330378215843625E-16i
79,2.137100452906583-5.282739109331586E-16i,1.069289968382018-2.643198136758123E-16i
79,2.330632662146246+1.6911666094059761E-15i,1.1661230627821095+8.461686898437465E-16i
79,2.3362725236755004-2.7320885643864962E-15i,1.1689449457441823-1.3669899749711996E-15i
79,2.3380427988793295+1.0384809634209583E-15i,1.1698306961141078+5.195999444160257E-16i
79,2.3625266019064872-1.077182510812632E-15i,1.1820810725197533-5.389641143737338E-16i
79,2.4346446134023862-9.34377553511582E-15i,1.2181650413979324-4.675122048158305E-15i
80,1.0181552814841516E-8-3.180003560355338E-5i,5.0943006785922124E-9-1.5911025155052453E-5i
80,5.80852571191575E-8+2.5468660648639233E-5i,2.9062734352955683E-8+1.2743146117758187E-5i
80,3.4879854962191867E-7-9.119365529692727E-6i,1.7452000891659455E-7-4.562839367539756E-6i
80,5.815561590046386E-7-2.7077921861278328E-5i,2.9097938097794237E-7-1.354833375825535E-5i
80,8.031834131404828E-7+6.927459697698797E-6i,4.0186972272355305E-7+3.466127739126844E-6i
80,8.953305367296467E-7-1.9776256578795565E-5i,4.4797518058125064E-7-9.894973698168667E-6i
80,1.2676346571661626E-5-1.8015328012976433E-7i,6.342561111891761E-6-9.01389988251961E-8i
80,1.7860418704755E-5+3.486434849786634E-7i,8.936391607667628E-6+1.7444242292045756E-7i
80,2.3888991287839115E-5+2.400212151874531E-7i,1.1952764646186887E-5+1.2009368920854563E-7i
80,2.7147346689247903E-5-1.4982612019010913E-7i,1.3583070203144286E-5-7.496492132739499E-8i
80,3.079836987999502E-5+2.4026960043301073E-8i,1.540984557389783E-5+1.2021796780808812E-8i
80,0.5032290006426314-9.736316266535442E-15i,0.25178868941524446-4.8715282890149155E-15i
80,0.605147882370463-1.0363890412978245E-15i,0.3027834087659718-5.185532592506836E-16i
80,0.7275210674923527-2.315810824000668E-16i,0.3640123599235205-1.1587070132368047E-16i
80,0.7523690058686251-2.712991624183417E-15i,0.3764449300465516-1.3574348946013594E-15i
80,1.0243394292038877+1.929140936771131E-16i,0.5125242823172794+9.652382266256665E-17i
80,1.0857323722422423-1.878260722460876E-15i,0.5432420045614902-9.397805076508341E-16i
80,1.206236905814924-3.1399956228180724E-16i,0.6035359831241606-1.5710846982772023E-16i
80,1.2610439033401117-2.0031552135999802E-15i,0.6309584529341854-1.0022709845489075E-15i
80,1.2740538746181969+5.81862206466026E-16i,0.6374679418810779+2.911325106447604E-16i
80,1.383687675898136,0.6923227914716934
80,1.4239447485945762-3.497423189171777E-15i,0.7124652625156648-1.7499222024316786E-15i
80,1.4721658116189718+1.2895893080213073E-15i,0.7365924854015031+6.452410360610075E-16i
80,1.68893253110797+9.267435075482524E-16i,0.8450508773846321+4.636925393641419E-16i
80,1.7804908949720015+2.979716593519294E-15i,0.8908617515848254+1.4908897041962745E-15i
80,1.8817917689100039-9.031744465012885E-16i,0.9415472531216932-4.51899850579941E-16i
80,1.915783300102009-3.0840664989395795E-15i,0.9585547846413847-1.54310077687457E-15i
80,1.9447257041028667-1.0059125710927547E-15i,0.9730360048464928-5.033044749375023E-16i
80,1.9566408125594597-1.8007435315435337E-15i,0.9789976834037597-9.009950801748658E-16i
80,2.0659433059117305+1.1014024488525082E-15i,1.0336867643506882+5.510824669507737E-16i
80,2.081864194720183+2.9228553851170882E-15i,1.041652719655901+1.4624394178974416E-15i
80,2.0870540188975144-5.679680042958968E-16i,1.0442494281648245-2.841806001816914E-16i
80,2.095391870990698+5.710609842662327E-16i,1.0484212402988626+2.857281607795981E-16i
80,2.1106500494505402+6.01758050515428E-16i,1.0560556110373565+3.0108731947257393E-16i
80,2.140332126794603-2.608495832682328E-16i,1.0709069239466675-1.3051508283852464E-16i
80,2.3242834159223595+9.638859554661355E-16i,1.1629462419243177+4.822766199139016E-16i
80,2.3299435556569295+4.579783823176262E-15i,1.1657782710082034+2.291477170771385E-15i
80,2.346497600750706+2.0177225306592182E-15i,1.1740610236185658+1.0095596854504016E-15i
80,2.368012478238803-4.2185965226828905E-16i,1.1848259095824902-2.1107584981421833E-16i
80,2.434244257488757-2.8134041976389174E-16i,1.217964724860802-1.4076759384181624E-16i
81,7.486623244113306E-9+3.181955228981826E-5i,3.745903062768163E-9+1.592079025374527E-5i
81,9.359212087178846E-8-2.6858997060200763E-5i,4.68284566744113E-8-1.3438795578473539E-5i
81,2.186125877578722E-7+2.526615130574157E-5i,1.0938196505157188E-7+1.264182134915894E-5i
81,5.58171775845611E-7-1.944171794795359E-5i,2.7927909506263046E-7-9.727588584610218E-6i
81,2.3954290423556853E-6-7.887892704278176E-6i,1.1985436816871252E-6-3.9466766893839815E-6i
81,3.315732383282847E-6+7.681843019386464E-6i,1.6590139085234324E-6+3.843580524323829E-6i
81,1.4959838665790842E-5+5.038550361445623E-7i,7.485097573297279E-6+2.521019238638896E-7i
81,1.8024476439756644E-5-6.664246494992511E-8i,9.01847726257175E-6-3.334430028419449E-8i
81,2.3676596931987366E-5+9.611272504081172E-7i,1.1846493949484562E-5+4.808963124790069E-7i
81,2.7541028566765865E-5+8.09528669584603E-8i,1.378004741204957E-5+4.0504454731042786E-8i
81,3.0854792901972866E-5+9.143800810283761E-9i,1.5438076615309414E-5+4.575065465931648E-9i
81,0.48734744666157537+5.891868499853234E-15i,0.24384241513919708+2.947973677770056E-15i
81,0.584828133831051+2.0556839063339137E-15i,0.29261650096166747+1.028553513344512E-15i
81,0.7323270389196196-5.1217615721065556E-15i,0.36641700918954717-2.5626536469305817E-15i
81,0.7597386961903004+1.5427310814068194E-15i,0.3801323261726119+7.718995459552984E-16i
81,1.0279825739368758-1.4099336791546477E-16i,0.5143471157320821-7.054548779649325E-17i
81,1.0907078269585158-1.053432795322217E-15i,0.5457314541374398-5.270810358355731E-16i
81,1.1982305960148232+1.736960777844392E-16i,0.5995300568976404+8.690816253845144E-17i
81,1.2638618936016217+1.2440641057540244E-15i,0.6323684234919721+6.224626767065089E-16i
81,1.2836319025200211,0.6422602711973601
81,1.397076442481454-1.2686481269423773E-15i,0.6990218091884689-6.347631968825465E-16i
81,1.4317934008208735-1.8512205931635133E-15i,0.7163923053832495-9.262510832561605E-16i
81,1.4819602088401171+3.932517878024949E-15i,0.7414930742721272+1.9676201517509235E-15i
81,1.678309327393632-4.937630159398688E-16i,0.839735598382014-2.470524204814396E-16i
81,1.7703250399368309+2.8739749598609395E-15i,0.8857753052297419+1.4379822856622394E-15i
81,1.8731820362987346,0.937239406619129
81,1.9240887650286014-4.175888687946314E-15i,0.9627103919815426-2.0893897977645156E-15i
81,1.9359223330076394,0.9686312720753832
81,1.9636917745513425-3.78537677703934E-15i,0.9825256050394081-1.8939986694258365E-15i
81,2.0644231650560365-2.6876380929811467E-16i,1.0329261677370332-1.3447493530580145E-16i
81,2.068849477743151-5.259214631437034E-16i,1.0351408562168452-2.631427754982265E-16i
81,2.0755243690965313+8.91951835288313E-16i,1.0384806123591+4.462846603474158E-16i
81,2.095607172962462-6.148080560496723E-16i,1.0485289658099712-3.076168394051155E-16i
81,2.1003964552309933-1.3240907798397256E-15i,1.0509252647197982-6.625037144061804E-16i
81,2.14733315776385+2.969857236338863E-16i,1.074409862787734+1.485956612860586E-16i
81,2.317817294194733+3.5194306998541636E-15i,1.1597109428590426+1.7609335755141797E-15i
81,2.3217104644346302,1.1616588755718282
81,2.3566544789193946+6.69886136355188E-16i,1.1791429784331304+3.3517494443865627E-16i
81,2.367843756112829,1.1847414901175544
81,2.432830040900562+1.267250508059268E-15i,1.2172571270458188+6.340639036652822E-16i
82,2.3334683241857435E-8+3.179422425552342E-5i,1.1675418753458484E-8+1.5908117469481212E-5i
82,1.326044007707497E-7-2.5306824326885212E-5i,6.634810044358238E-8-1.2662171938404073E-5i
82,1.4715593276093127E-7+2.7236931123541783E-5i,7.36289033466602E-8+1.3627893429297902E-5i
82,5.01921284630328E-7-1.8176595049116362E-5i,2.5113437875261424E-7-9.094589222012564E-6i
82,2.8364161177260152E-6-7.657908104163055E-6i,1.4191898638721001E-6-3.8316047818136185E-6i
82,4.277683177096185E-6+8.242722048250095E-6i,2.140322277768668E-6+4.124214182991602E-6i
82,1.3258192927746445E-5+1.2779319135509978E-6i,6.633685691859421E-6+6.394083037027225E-7i
82,1.8138297369606913E-5-9.358555020062386E-7i,9.075427125791926E-6-4.68251690644385E-7i
82,2.3572766859707026E-5+5.264640874815589E-7i,1.1794542973312738E-5+2.634142754926604E-7i
82,2.6689640965364838E-5-1.780846588657158E-7i,1.3354058909663183E-5-8.910397215482107E-8i
82,3.085240688441252E-5-2.2005885638605573E-8i,1.5436882780626447E-5-1.1010559998113213E-8i
82,0.47079363924027756-5.457153804489596E-15i,0.23555978144734258-2.7304658567275876E-15i
82,0.5637130477428118-2.378571418423964E-15i,0.28205164908258556-1.190109034576162E-15i
82,0.7375133812068718-3.101540977706591E-15i,0.3690119755482-1.5518440649230362E-15i
82,0.7673628769079931-1.1739953536521595E-14i,0.38394705558669845-5.8740404686172564E-15i
82,1.0326223603710594+7.518812676751693E-16i,0.5166686149778288+3.762008921227611E-16i
82,1.0960859217493113-3.101088165723409E-15i,0.5484223631216122-1.5516175021938388E-15i
82,1.190042569189705+2.769304666352799E-16i,0.5954332092585723+1.3856109080399878E-16i
82,1.253625092049706-6.371802689977461E-15i,0.6272464793208904-3.188106898595224E-15i
82,1.306441942075234+1.4652035752025025E-15i,0.653673186505863+7.331089572652804E-16i
82,1.4112470113785984-1.2617949519631512E-15i,0.7061119986773975-6.313342372157763E-16i
82,1.439806946225737+1.3306053897555566E-15i,0.7204018519167035+6.657632743493951E-16i
82,1.4917670309621482-5.940370604404671E-16i,0.7463998798939839-2.9722415186999154E-16i
82,1.667425315129258+1.4831962301817153E-15i,0.8342898248273767+7.421115127828107E-16i
82,1.7599239668120004+2.7944279281278527E-15i,0.8805711684107812+1.3981812351636207E-15i
82,1.8645096691794245,0.9329002211820607
82,1.927038651406346+8.789952268166926E-16i,0.9641863562523373+4.398018712749068E-16i
82,1.9324378873651615-1.6421563002766367E-15i,0.9668878431383828-8.216465707135819E-16i
82,1.970521360087771-3.567902794411145E-15i,0.9859427618194639-1.785186401059068E-15i
82,2.0562105066323997-3.064211262786096E-15i,1.0288169957726552-1.5331662860508464E-15i
82,2.0583893866889253+1.3195772297152409E-15i,1.0299071900045556+6.602453770110726E-16i
82,2.06460625627303-3.108390632086707E-16i,1.0330177767212358-1.5552712630716213E-16i
82,2.0895215332845694-2.7782432439335113E-16i,1.0454840394706841-1.3900832908545905E-16i
82,2.1005320646351295+1.200599442634204E-15i,1.0509931163620847+6.007153001665258E-16i
82,2.1552675400153327+1.6760653732690819E-15i,1.078379800342742+8.386128445911814E-16i
82,2.311262391816526+2.2132557142029266E-15i,1.1564312227376943+1.1073939596253584E-15i
82,2.3133323857738843+1.6567430579229904E-15i,1.1574669362298722+8.289449986378527E-16i
82,2.36147239642342,1.1815536048725848
82,2.3666718567723164+3.3861192396271713E-15i,1.1841551348027823+1.6942317005989377E-15i
82,2.436690292155953+3.6424934356425855E-15i,1.2191885888716816+1.822507540687991E-15i
83,1.9996821973774897E-8+3.180307938177192E-5i,1.0005332742781122E-8+1.5912548097743633E-5i
83,2.8059813268144596E-8-2.7151506990934706E-5i,1.4039619336326632E-8-1.3585151794046152E-5i
83,8.442873224046363E-8-2.5609892475673356E-5i,4.224359051777595E-8-1.2813810917654917E-5i
83,5.269918194097355E-7-1.847436424260419E-5i,2.636783241273545E-7-9.24357688941804E-6i
83,3.3068931158047264E-6-7.941480833929982E-6i,1.654591215135602E-6-3.97348930335498E-6i
83,3.7281329545687617E-6+7.70642710197059E-6i,1.8653569436537135E-6+3.855881075219005E-6i
83,1.37752742925575E-5+5.282619537609611E-7i,6.89240535825496E-6+2.643138309508245E-7i
83,1.798688250589458E-5-1.6403775160765197E-6i,8.999667282771295E-6-8.207565629001845E-7i
83,2.3386315893087214E-5+3.875099167373881E-7i,1.1701252951343699E-5+1.9388909213522716E-7i
83,2.6862836176737326E-5+1.1267947428166671E-7i,1.3440716465624357E-5+5.63787403292514E-8i
83,3.0805305486712147E-5-2.220169257852062E-8i,1.541331577796671E-5-1.1108531245232638E-8i
83,0.45363268129783435+1.5760687778233674E-14i,0.22697336233413568+7.885799337670632E-15i
83,0.5419285806846862+2.9412922547156217E-15i,0.27115187501715915+1.4716642344863233E-15i
83,0.7430600077224752-5.502882704601602E-16i,0.37178720873081894-2.7533461355129894E-16i
83,0.7752377949628969+1.5920690653298149E-15i,0.3878872404603138+7.965856159045609E-16i
83,1.038163563646633+3.3331384201388023E-16i,0.5194411346632174+1.6677229519256963E-16i
83,1.1018464030803263-2.725883456775157E-15i,0.5513045977362411-1.3638852733122242E-15i
83,1.1817077503042779-6.010942002367496E-16i,0.5912629147783353-3.007551645462423E-16i
83,1.2433416424614618,0.6221011949847627
83,1.3293898585072774-1.0548874213780573E-15i,0.6651550879778689-5.278088523718251E-16i
83,1.4261079180796044-9.85104103891609E-16i,0.7135475960237153-4.928930386358864E-16i
83,1.4479507547740715+3.926476635800601E-16i,0.7244765751115417+1.964597439506267E-16i
83,1.50159344758354+6.946677394941038E-15i,0.7513164895480159+3.475743239815445E-15i
83,1.6563378434594545+9.152970629323755E-16i,0.828742251144017+4.579653549518458E-16i
83,1.7493015446419131+3.5837796222814915E-15i,0.8752562804508143+1.7931303106438513E-15i
83,1.855793242622916-2.9894539235944377E-16i,0.9285389907755364-1.4957617397405161E-16i
83,1.9180880520292711+3.028851617593197E-16i,0.9597079583782947+1.5154742239679009E-16i
83,1.9407813967734182-1.8771369057515223E-15i,0.9710624858881964-9.39218210295098E-16i
83,1.9769988792758357-2.9483312049333883E-15i,0.989183763560107-1.4751861460771244E-15i
83,2.044030647381236+2.0909477468572793E-15i,1.0227228501765224+1.0461976399305944E-15i
83,2.0504460320242948+2.441406832591153E-16i,1.0259327631372375+1.2215484916857814E-16i
83,2.054474426243352+6.30364071734553E-16i,1.0279483546464092+3.1540023185033874E-16i
83,2.0786487295554714+1.9531353690235114E-15i,1.0400438740634386+9.772437482517545E-16i
83,2.1075946415664375+3.447342695473582E-16i,1.0545268494878735+1.7248646205804062E-16i
83,2.1635146005114954+4.561238199140555E-15i,1.0825061852514124+2.2821979393193513E-15i
83,2.3046387745031267+2.0696332915155374E-15i,1.1531171213635703+1.0355330344145302E-15i
83,2.3047852021104744+1.0779489658224645E-15i,1.1531903858521055+5.39347607181531E-16i
83,2.350610953338816+2.116059264858139E-15i,1.1761191237199915+1.058762091102108E-15i
83,2.3764835461694176+1.035682533744573E-15i,1.1890643757469461+5.181997609215571E-16i
83,2.4439636735577435+1.4650005588464947E-15i,1.222827797201161+7.330073788146271E-16i
84,1.5758926644010325E-8+3.180931208345597E-5i,7.884918160955031E-9+1.591566660599045E-5i
84,2.014566031353508E-8-2.7688032744791894E-5i,1.0079803431980474E-8-1.385360038549997E-5i
84,1.2237006551692822E-7+2.564464667456747E-5i,6.122739027523912E-8+1.2831200047017593E-5i
84,3.515512531859734E-7-1.877355828263767E-5i,1.758973135271335E-7-9.39327747329671E-6i
84,3.456514067346562E-6-8.533094343189512E-6i,1.7294534811212105E-6-4.269500840739718E-6i
84,3.4723945985467154E-6+7.3472168921962605E-6i,1.7373992436527784E-6+3.676151632305036E-6i
84,1.432501970373678E-5+1.1267098654029948E-6i,7.1674683542589885E-6+5.637449352059725E-7i
84,1.8075552214753758E-5-2.2302021282909295E-6i,9.044032829581935E-6-1.1158730325485351E-6i
84,2.322057915294126E-5+2.962551561678248E-7i,1.1618327212691883E-5+1.4823012467236157E-7i
84,2.7025538736080337E-5+1.728228699359772E-7i,1.3522124063614869E-5+8.647125635961321E-8i
84,3.097457263427716E-5-8.405693346959383E-9i,1.549800794235315E-5-4.2057562436874495E-9i
84,0.43592274859802344+2.0382094383088322E-15i,0.21811226581858678+1.019810230670729E-15i
84,0.5195798189212968-1.1188690082497633E-15i,0.25996975827255303-5.5982179257312895E-16i
84,0.7489453656706827+1.8882466075695717E-15i,0.3747319248791856+9.447769067473864E-16i
84,0.7833605330438396-1.197112783248046E-15i,0.39195142112806564-5.989707635914139E-16i
84,1.044522314764153+5.528985711836764E-16i,0.522622711257876+2.7664066744985105E-16i
84,1.1079667663887545-2.2876750320252503E-15i,0.5543668979101307-1.144629378247359E-15i
84,1.1732547563863027-2.6405848807591917E-16i,0.5870334918763881-1.3212064598165397E-16i
84,1.2330099001177486-5.884400909708608E-16i,0.6169317475547108-2.944237297845202E-16i
84,1.3523832104288076+7.489817548099885E-16i,0.6766597229217859+3.7475013204467693E-16i
84,1.4415688837816318-4.573844071610035E-16i,0.721283430576645-2.2885052389860494E-16i
84,1.456196900407168+7.44457927917527E-16i,0.7286025022720057+3.7248665270835145E-16i
84,1.5114494680520778+1.979053533373822E-15i,0.7562479113727792+9.90211801812817E-16i
84,1.6451163060575298+1.1858814913272732E-15i,0.8231275981887091+5.933512300002257E-16i
84,1.7384748543470614+2.3464061458102707E-15i,0.869839187722525+1.174015264491879E-15i
84,1.8470474693129153+2.1148522677160428E-16i,0.9241630768340985+1.0581581747376928E-16i
84,1.9090803326299963+3.414098464953461E-16i,0.9552009807214678+1.7082309980694012E-16i
84,1.949055593083729-1.8035037945310967E-15i,0.9752024480968075-9.02376167113799E-16i
84,1.9828836579920357-2.4681264969151353E-15i,0.9921281898919729-1.2349175726671226E-15i
84,2.032401546096354-1.731053943820522E-15i,1.0169042742044334-8.661261637645277E-16i
84,2.0418903950222345-1.7840583888135835E-15i,1.0216519831640831-8.926467333679137E-16i
84,2.045402735418662-1.169886230452684E-15i,1.0234093691336268-5.853480629185895E-16i
84,2.0679690537242994,1.034700339454987
84,2.1155261538973074,1.0584953510891728
84,2.171882874547775-8.654495993207704E-16i,1.0866932188873353-4.33024368805554E-16i
84,2.2960293319234597,1.1488094199771997
84,2.297961314526072+3.785287567345183E-15i,1.149776080020368+1.893954033699465E-15i
84,2.3371076652659197,1.1693628056176382
84,2.3860207779961295-2.9693371263993835E-16i,1.1938362929044044-1.4856963778585367E-16i
84,2.425377851604412-1.6629319641235442E-15i,1.2135284528760955-8.320415939834337E-16i
85,1.573758560945279E-8-3.1813357624842305E-5i,7.874240256630868E-9-1.5917690777018635E-5i
85,5.885578148422454E-8-2.5518557128078062E-5i,2.9448263246948255E-8-1.2768111628784569E-5i
85,2.1748912388118814E-7-1.932332010710539E-5i,1.0881984423430097E-7-9.668348681626303E-6i
85,3.6350440036853045E-7-9.091110319166293E-6i,1.818780246142135E-7-4.548701981938931E-6i
85,6.193504555376224E-7+2.8337806304456013E-5i,3.0988961146795547E-7+1.417871207976954E-5i
85,1.591660462256936E-6+7.791058555293335E-6i,7.96381172933111E-7+3.898226096448364E-6i
85,1.2739917923589164E-5+1.5267239159207714E-6i,6.374368792621109E-6+7.638904224472375E-7i
85,1.7316224202355857E-5-1.247407711590897E-7i,8.66410598746076E-6-6.241356369900224E-8i
85,2.3283938072638655E-5+9.297703799373986E-8i,1.1650028603774275E-5+4.6520702328879065E-8i
85,2.693631225039414E-5+2.8183713723295397E-8i,1.347747993566643E-5+1.4101612451152153E-8i
85,3.081693704069469E-5+1.3058520251455937E-8i,1.5419135581136612E-5+6.5337802384554664E-9i
85,0.41771626076681095-1.2846652822822118E-15i,0.20900271985835495-6.427773187754169E-16i
85,0.49675410136138803-6.065737347297397E-16i,0.24854899853487378-3.034968284941343E-16i
85,0.7551464138043942-1.222123609178617E-15i,0.37783459539418807-6.11484833873948E-16i
85,0.7917276799701786-9.348516847172522E-16i,0.396137890818877-4.677494345357674E-16i
85,1.05162438516943+6.824939443507498E-16i,0.5261762047910308+3.4148321253836363E-16i
85,1.1144220546798158-2.2306807298072703E-15i,0.5575967765072074-1.1161124989711734E-15i
85,1.1647078038146177-7.064433847142931E-16i,0.5827570571244746-3.534662226464148E-16i
85,1.2226284975371768+6.936084274147021E-16i,0.6117374528166966+3.4704430126859733E-16i
85,1.375309164945757+2.0576471470585723E-15i,0.6881306358342862+1.0295358132684775E-15i
85,1.4575391106517144-1.6784580826464923E-15i,0.7292740719906874-8.398100274990034E-16i
85,1.464522364398314+1.4591023231484868E-15i,0.732768116066973+7.300562193338199E-16i
85,1.5213496409926803-6.555724704434808E-16i,0.7612014247166352-3.280131569104454E-16i
85,1.6338549235387352+4.707779526656101E-16i,0.817493008882866+2.35551932730214E-16i
85,1.7274652012060467+3.292317176957484E-15i,0.864330550239883+1.6472982003557361E-15i
85,1.8382845421699832+6.601762503619179E-16i,0.9197785800385193+3.303166404349228E-16i
85,1.9000228864465332+5.57405814794438E-16i,0.9506691224599786+2.788958494051432E-16i
85,1.9571523562705577-2.76085967307333E-15i,0.9792536323264799-1.3813854882266568E-15i
85,1.987714231745203-4.892772241469705E-15i,0.9945451488368678-2.4480797186047147E-15i
85,2.0214540565326233+2.621247836809338E-15i,1.011426740027908+1.3115312444631299E-15i
85,2.0332099101686403+2.2461890396879843E-15i,1.0173087360499775+1.1238720220012927E-15i
85,2.0378768240315446+1.3565892793361463E-15i,1.0196438084000488+6.787642132759121E-16i
85,2.057566407798271+2.2377639053507666E-15i,1.0294954156910134+1.1196565385331175E-15i
85,2.1238648630119057-1.7590528124337376E-15i,1.06266759203057-8.801352896778365E-16i
85,2.180280178980117+3.9464459500865913E-16i,1.0908947777699518+1.9745890088835678E-16i
85,2.2870042611311954+1.6255879693750054E-15i,1.144293760617818+8.133566702543626E-16i
85,2.2912413862680525+1.86075788943772E-15i,1.1464137898365938+9.310230326596743E-16i
85,2.3220635359142157-8.243836653598388E-16i,1.1618355335247705-4.124771871478362E-16i
85,2.395201102653164+8.716343520866027E-15i,1.1984296329361779+4.3611888599609265E-15i
85,2.4053929132785488+1.1833000956122171E-15i,1.2035290660707092+5.92059638611164E-16i
86,2.696368027835171E-8-3.17874705330686E-5i,1.3491173422890967E-8-1.590473827050142E-5i
86,2.384436829123508E-7-2.5273242644140952E-5i,1.1930437701956004E-7-1.264536947297434E-5i
86,2.7023240979977773E-7-1.9856218745681688E-5i,1.3520974390211862E-7-9.934982459939845E-6i
86,3.3712868870952065E-7+5.195860408638228E-6i,1.6868103902209608E-7+2.599728713974967E-6i
86,4.1867526933793717E-7+2.855342404584698E-5i,2.094825560978274E-7+1.4286595584993157E-5i
86,1.108292151333555E-6+1.1461326627176406E-5i,5.545297030121861E-7+5.7346305692468774E-6i
86,1.13942470526154E-5+7.865472977282698E-7i,5.7010675628548E-6+3.935459065459227E-7i
86,1.7715482463125653E-5+7.345851688314952E-7i,8.863873318216857E-6+3.6754685578088916E-7i
86,2.3671024628686197E-5+1.0979895535443375E-7i,1.1843705869021325E-5+5.493748379475597E-8i
86,2.7025321153222186E-5-4.621236607582056E-8i,1.3522015196871056E-5-2.3122179115570288E-8i
86,3.084180572139277E-5-7.856790955556515E-9i,1.5431578529600353E-5-3.93111504937685E-9i
86,0.39906069847550485-2.8143848240196293E-14i,0.19966848122418654-1.4081665910452768E-14i
86,0.47352395402342345+4.974706779856417E-15i,0.23692588391771185+2.4890753488483773E-15i
86,0.7616385587779444-1.2989918420398763E-14i,0.3810829150901843-6.499455576897182E-15i
86,0.8003345844566973-1.0087557503070316E-15i,0.4004443222801308-5.04727048690647E-16i
86,1.0594033519577888+6.752590109760356E-16i,0.5300683808185338+3.378632415309305E-16i
86,1.1211846064327067-1.9909897656208754E-15i,0.560980393192233-9.961840495771623E-16i
86,1.1560882120941682-9.67668507512348E-16i,0.5784442776546607-4.841692052401538E-16i
86,1.2121964361394102-1.20842177941112E-15i,0.6065178111349002-6.046291762005166E-16i
86,1.3980134059955394+1.870099193493907E-15i,0.6994906152686833+9.356969181128834E-16i
86,1.4729076597825919+6.111108436283894E-15i,0.7369636662687117+3.057669534310246E-15i
86,1.4739240163708136+2.5530383480329746E-15i,0.7374721963673351+1.2774028898517059E-15i
86,1.5313160164192356-2.0171974342127312E-15i,0.7661880622189813-1.0092969554688053E-15i
86,1.6226941631047298+1.90703748455199E-16i,0.8119087654490276+9.541788495653165E-17i
86,1.7162988250662874+3.2608625447119847E-15i,0.8587434970093313+1.6315599964385952E-15i
86,1.8295150767715063-4.610516919842547E-16i,0.9153908118519977-2.306854357144575E-16i
86,1.8909215153779302+1.7187786218357513E-15i,0.9461152865516367+8.599842537578536E-16i
86,1.9648310154888329-1.5583808351041193E-15i,0.9830956198481982-7.797298398534692E-16i
86,1.990674363707845-2.672459444648838E-15i,0.9960262394465464-1.3371547749120682E-15i
86,2.011446964858142-1.3852023946414208E-15i,1.0064197303079627-6.930806751523185E-16i
86,2.0246151216448456+3.9338947085578475E-15i,1.0130083667639391+1.968309043597344E-15i
86,2.032729453290465-1.494311213438449E-15i,1.017068341304202-7.476728517825734E-16i
86,2.047488362229709+9.813737481725675E-16i,1.0244529044638486+4.910265695406024E-16i
86,2.1324235927090385-7.571944254523792E-16i,1.0669499194217746-3.7885931012266115E-16i
86,2.188633433899586-1.3522784185548528E-15i,1.0950742966487097-6.766072907118561E-16i
86,2.277619341169376+8.196819749894823E-16i,1.1395980521144609+4.1012471450640143E-16i
86,2.2844879607108908+1.1140114760062142E-15i,1.1430347394083995+5.573913450515561E-16i
86,2.306086190325679+8.577663731265178E-16i,1.1538413302874078+4.29180096215021E-16i
86,2.384869871912764-5.924401936514498E-16i,1.1932604414848709-2.9642516573154567E-16i
86,2.4039083529334415-8.426431295945746E-15i,1.202786272028285-4.216132396472302E-15i
87,2.6357010654405986E-9+3.1778162514847E-5i,1.3187628616597479E-9+1.5900081039487157E-5i
87,3.575529143881154E-8+2.5308747425584737E-5i,1.7890022156000103E-8+1.2663134153420598E-5i
87,1.5135487143736523E-7-2.008165736002385E-5i,7.572982611725604E-8-1.0047779801063498E-5i
87,1.7866001703150578E-7+4.065356431549006E-6i,8.939185039380099E-8+2.0340854096214486E-6i
87,1.9314807876101E-7+1.1838487440644686E-5i,9.664089619676655E-8+5.923341527479996E-6i
87,6.0165820934107E-7-2.89128159704548E-5i,3.0103736432609156E-7-1.4466415948223154E-5i
87,1.0653833971673003E-5-5.169731682017332E-8i,5.3306047337286605E-6-2.586655306393998E-8i
87,1.8284344858472474E-5+1.3988386926857076E-7i,9.14850142351103E-6+6.999035442808109E-8i
87,2.3577141036263378E-5-3.3369086482392433E-7i,1.1796731575680621E-5-1.6696093710132176E-7i
87,2.674280092623411E-5+1.2289582396705967E-7i,1.3380657291035375E-5+6.149045148780544E-8i
87,3.079298472660961E-5-1.5467818595747462E-9i,1.540715113317307E-5-7.739263371869479E-10i
87,0.37999920988570957-6.974190055686339E-16i,0.1901311389323091-3.489509093497445E-16i
87,0.44994968169736876+4.583383371563925E-16i,0.22513058769011898+2.293278190922964E-16i
87,0.7683955378471904-8.933085432245691E-16i,0.3844637435044432-4.469634839302241E-16i
87,0.8091749761613384+5.276159912966584E-16i,0.4048675781703646+2.639906261234189E-16i
87,1.0677988275262016+6.466446730400252E-16i,0.5342690246361375+3.235461679159513E-16i
87,1.1282237434518843-2.736405642400424E-15i,0.5645023982483997-1.369150008303623E-15i
87,1.1474156311762158-8.972098423663483E-16i,0.5741049852442665-4.489154839077114E-16i
87,1.2017131851765444,0.601272556951655
87,1.420260032338389-1.1915504987559657E-15i,0.7106216289495793-5.961876960006607E-16i
87,1.481335752632586-8.47752272197903E-16i,0.7411806300173431-4.241695794418065E-16i
87,1.4906193037644495+4.981115300958406E-16i,0.7458256190176319+2.4922818276627925E-16i
87,1.5413835125239197-1.1089564145073576E-15i,0.7712252950625861-5.548620645290004E-16i
87,1.611860953743306+1.3778479548473549E-15i,0.8064884109309243+6.894009095689233E-16i
87,1.7050073968162909+2.9982030682841474E-15i,0.853093874437774+1.5001393405387871E-15i
87,1.8207488154674376+2.5534889811633816E-16i,0.9110046468217543+1.2776283624003216E-16i
87,1.8817810091120524,0.941541869498291
87,1.9714007704448242-1.712439300420463E-15i,0.9863827713995513-8.568123987397622E-16i
87,1.9908173441436252-2.898806766564845E-15i,0.9960977791560846-1.4504067843652248E-15i
87,2.0030849801657076+6.360731403037052E-16i,1.0022358435209737+3.182567422878789E-16i
87,2.0162159094500067,1.008805853339716
87,2.030917272316351-1.0425873447171886E-15i,1.0161616235437538-5.216545564584493E-16i
87,2.037766822025098,1.0195887693204235
87,2.1411138463544575+3.6426923186718835E-16i,1.0712980543131894+1.8226070510445677E-16i
87,2.1968443686231685-1.459655192977127E-15i,1.099182606166414-7.30332845620049E-16i
87,2.2677398572356835+2.102134903436076E-15i,1.1346548904354108+1.0517950905736641E-15i
87,2.2777083551758874+1.0827668721419457E-15i,1.139642589929274+5.41758228024842E-16i
87,2.2895737927054847+3.541673564324472E-16i,1.1455794158298094+1.77206270695666E-16i
87,2.3642673067681077+2.2432471964184137E-15i,1.1829520274830134+1.1224000820686491E-15i
87,2.4119510437089104-5.933354610859763E-16i,1.2068104013355019-2.96873109339183E-16i
88,5.1925857384228844E-9-3.1782569916495536E-5i,2.5980902453637864E-9-1.590228626590176E-5i
88,7.165461756108116E-9+2.0158760595485183E-5i,3.5852111510297474E-9+1.0086358107523764E-5i
88,5.0010793318455126E-8+4.5318997320408745E-6i,2.5022707535118406E-8+2.267518550470443E-6i
88,1.0023678306099129E-7+2.5447284116183453E-5i,5.015308777096952E-8+1.2732450452197558E-5i
88,3.413273314005865E-7-2.9321464106569303E-5i,1.7078181369755462E-7-1.4670881466889323E-5i
88,3.788144370657346E-7+1.1622451489910155E-5i,1.8953834242174362E-7+5.815248772824442E-6i
88,1.0723506023315332E-5-4.9142064415050497E-8i,5.3654648760286684E-6-2.458804237916343E-8i
88,1.8101557122549413E-5+6.98526009245193E-8i,9.05704428489129E-6+3.4950479436937316E-8i
88,2.3527207522513483E-5-2.174880441951029E-7i,1.177174753467955E-5-1.088193040175328E-7i
88,2.674728698916724E-5-1.1473496264295026E-8i,1.3382901875320312E-5-5.7407196002384215E-9i
88,3.07914423800584E-5+5.341570760174781E-9i,1.540637942602532E-5+2.6726343263319087E-9i
88,0.3605710909393934+6.782925365733395E-15i,0.180410354555714+3.3938105436261815E-15i
88,0.42608157368660154+2.6969530278822643E-15i,0.213188271911064+1.349410044806196E-15i
88,0.7753892323029751+1.5031408465425947E-15i,0.3879630115492974+7.520907246485473E-16i
88,0.818240807239003-2.731347398742728E-16i,0.4094036317813254-1.3666191356001662E-16i
88,1.0767548161745029+9.12849468071331E-16i,0.5387501190112508+4.56740710303992E-16i
88,1.1355053885422703-3.2271692724934328E-15i,0.5681457412825927-1.6147016976458257E-15i
88,1.1387090942051628+2.6148762954091344E-16i,0.5697487030536785+1.3083432682998654E-16i
88,1.1911787948281807-7.640514742403006E-16i,0.5960017153741308-3.8229020803467006E-16i
88,1.4416502792973056+2.085813894187019E-15i,0.7213241565089534+1.0436289365493405E-15i
88,1.4897911815090765-7.463196483905681E-16i,0.7454112712413915-3.734181573660042E-16i
88,1.5075000987390648+7.838051109617272E-16i,0.7542718596705315+3.921738639744535E-16i
88,1.5516099752358619-3.2574731467210522E-15i,0.776342066234966-1.6298641242274274E-15i
88,1.6017499389585357-2.9541909188340836E-16i,0.8014294036835988-1.4781180313252327E-16i
88,1.693628369636484+1.5774030435819774E-15i,0.8474004220795728+7.892475284928502E-16i
88,1.8119951983237188-3.2003020140636087E-16i,0.906624808248371-1.601258768522927E-16i
88,1.8726055775637576-1.920822989190905E-15i,0.9369509777146016-9.610763736379108E-16i
88,1.974727312372094-8.420945647175305E-16i,0.9880471938217141-4.213387673269271E-16i
88,1.9880614135796832-1.705611208554892E-15i,0.9947188599285993-8.533959893121587E-16i
88,1.9985124366542164-2.0233098151041767E-15i,0.9999479890122268-1.0123552616711476E-15i
88,2.0080796651599813+1.4627380008617386E-15i,1.0047349148923457+7.318753166540993E-16i
88,2.028425398208262,1.014914823945435
88,2.032526297845384+1.4748587329056992E-15i,1.0169666932608679+7.379398781801739E-16i
88,2.14988784197824,1.075688089180469
88,2.2047085753848514-1.477716854391358E-15i,1.1031174316857821-7.393699282411691E-16i
88,2.2571687176977426+7.413108302382722E-16i,1.1293656615426308+3.709120145235302E-16i
88,2.270908777555662+2.118526623271673E-15i,1.136240447494344+1.0599966243672179E-15i
88,2.272918414573862-7.092150177999358E-16i,1.137245961624823-3.548529985700653E-16i
88,2.343952486877455+1.2746219689804975E-15i,1.172787585709105+6.377521857039999E-16i
88,2.418970636132605+7.902391927360149E-16i,1.2103226273287058+3.9539313197266037E-16i
89,2.972775282522379E-8-3.174851245486997E-5i,1.4874166460130124E-8-1.5885245746343943E-5i
89,4.0528931050032413E-7-2.5221939307270942E-5i,2.0278494322578527E-7-1.2619700046258806E-5i
89,4.625986136041631E-7-1.8753650671372605E-5i,2.3145943198018828E-7-9.383316776787928E-6i
89,1.467199765920762E-6-7.393267414396129E-6i,7.341077435914492E-7-3.6991928334615388E-6i
89,1.5134521965722351E-6+2.8525676239700788E-5i,7.5724996886291E-7+1.4272712077216824E-5i
89,4.632215172314234E-6+1.0148514074397258E-5i,2.317710994074224E-6+5.077769872248049E-6i
89,1.3854623508437072E-5+3.2315867902334205E-6i,6.9321074323542876E-6+1.6169119856077668E-6i
89,1.6485656260704798E-5-3.3539386051532046E-7i,8.24853452152462E-6-1.678130244267121E-7i
89,2.3724635001391003E-5+3.524834348770168E-7i,1.1870529612218098E-5+1.763637270406333E-7i
89,2.6859313567610782E-5-2.0677807265537207E-7i,1.3438953941735308E-5-1.0346061106816039E-7i
89,3.096018458306521E-5-2.223224354450298E-8i,1.5490808936426883E-5-1.112381730322064E-8i
89,0.340812188027391-6.211381015528416E-15i,0.1705240636977887-3.1078405325635723E-15i
89,0.40196173897004583-2.6091587552091572E-15i,0.20112000564572866-1.3054825191145186E-15i
89,0.7825893914793637+5.307848619484567E-15i,0.39156558342072945+2.655761583310695E-15i
89,0.827522214010268+1.441706316955593E-15i,0.41404754785905984+7.213521947351289E-16i
89,1.0862181884810833-3.873481857399973E-15i,0.5434850808427025-1.938081706545119E-15i
89,1.1299879790499265+1.8272248103626864E-15i,0.5653851267248656+9.142448858883666E-16i
89,1.142991602670247+2.513025403437095E-15i,0.5718914396456799+1.2573825673611984E-15i
89,1.1805940307083405-8.466022534762405E-16i,0.5907056694743503-4.2359417201027814E-16i
89,1.4614548923180186+6.713592790133988E-16i,0.7312333182434588+3.3591202568548206E-16i
89,1.498259295081792-3.8840392555015484E-16i,0.7496482592042685-1.943364059963217E-16i
89,1.5244007994262065-1.3093193477755015E-15i,0.7627280600699132-6.551128853492545E-16i
89,1.5620952850974612+7.558748083178663E-16i,0.781588350580251+3.7819904477943847E-16i
89,1.593090987148498+2.3612928707703547E-15i,0.7970969305447794+1.1814637799045403E-15i
89,1.6822052464616473-2.7511706485837253E-15i,0.8416849064603455-1.3765376221958151E-15i
89,1.8032638753986145+7.07258460148491E-16i,0.902256124501278+3.538740424960045E-16i
89,1.8633991935278944-5.899955631541408E-16i,0.9323445989731475-2.9520200429165273E-16i
89,1.9721774956391056+1.3982932519723985E-15i,0.9867714028545236+6.996306351237821E-16i
89,1.983429270135071+1.056719499389792E-15i,0.992401184823204+5.287255255383003E-16i
89,2.00025319688488,1.0008189716791738
89,2.0003689063850296+2.531091170226406E-15i,1.000876866481259+1.2664217040909043E-15i
89,2.0194823649339533-3.601149100154551E-16i,1.0104402117417275-1.8018210619000382E-16i
89,2.0365332071495548-5.952522444123559E-16i,1.018971534875748-2.9783216448311507E-16i
89,2.158716713289692-3.9733602870953083E-16i,1.0801055808864068-1.988055493591824E-16i
89,2.2116139312680976-5.009303762649625E-16i,1.1065724998666064-2.506385815741381E-16i
89,2.2456302025120087-1.549295960563287E-15i,1.1235924099758416-7.751842579191671E-16i
89,2.2568639512542177-1.2142973317145694E-15i,1.1292131728281591-6.07568986132351E-16i
89,2.26409474917974-9.8454467060532E-16i,1.1328310746795405-4.926131283489392E-16i
89,2.324307201438971+1.4637052798523583E-15i,1.162958142915809+7.323592909660648E-16i
89,2.4242598305906613-1.483774417724401E-15i,1.2129690553742989-7.424008066896071E-16i
90,2.3622455408423972E-8-3.177389237735145E-5i,1.1819404447004452E-8-1.5897944492662043E-5i
90,5.926832134381534E-7-2.5544167683902294E-5i,2.9654675974444623E-7-1.2780925771606113E-5i
90,6.788667929338548E-7-1.8787678282142937E-5i,3.396683813175787E-7-9.40034236058547E-6i
90,1.7880534897939473E-6+2.8880446243539328E-5i,8.946456667335243E-7+1.4450219880217599E-5i
90,2.416272811776246E-6-8.076285648216666E-6i,1.2089727813180575E-6-4.0409383722138195E-6i
90,6.411561134897988E-6+8.951779856943855E-6i,3.2079998831548263E-6+4.478988522591779E-6i
90,1.2477553528535046E-5+3.6222527125458645E-6i,6.243095779548453E-6+1.8123801729591198E-6i
90,1.6932593240542546E-5+1.1448582275679339E-7i,8.472157715459878E-6+5.728253982132868E-8i
90,2.3363693150072387E-5+4.153044580606239E-7i,1.1689933749136737E-5+2.0779598367712633E-7i
90,2.735480941254757E-5-9.460666765886126E-10i,1.3686873376521484E-5-4.733608124601049E-10i
90,3.095479690236099E-5-1.6508155275603568E-8i,1.5488113231167906E-5-8.259791816845956E-9i
90,0.32075525014845313+1.9726899582638772E-14i,0.16048865219373853+9.870278115521558E-15i
90,0.3776256122083699+8.905882253259243E-16i,0.18894351848989968+4.456023833624548E-16i
90,0.7899632410512836+8.000766442476072E-15i,0.3952550606116066+4.0031526289144034E-15i
90,0.8370075277955643+1.2171578811535312E-15i,0.41879348802475425+6.090002510104162E-16i
90,1.0961372214088114+6.756473436229381E-16i,0.5484480307083699+3.380575422729304E-16i
90,1.121272950674125-4.99899858109067E-15i,0.561024595892665-2.501229657897533E-15i
90,1.150640032141263-2.6778065590335526E-15i,0.5757183018299595-1.3398301829695557E-15i
90,1.169960539596503-2.3178202588338476E-15i,0.5853852432120737-1.1597124262047884E-15i
90,1.4783102341469563-3.1840923137691285E-16i,0.7396668235130966-1.5931483075046846E-16i
90,1.5067255387392595-1.0873404876914517E-14i,0.7538843115622639-5.440466189236746E-15i
90,1.5410793827643166-3.119058323198224E-15i,0.7710731249104589-1.5606088011718213E-15i
90,1.5730157324171812+4.656785029357584E-16i,0.7870523542742931+2.3300044272749433E-16i
90,1.5872529109936824-6.314815679743255E-16i,0.7941758716593609-3.1595936678349936E-16i
90,1.6707878212867349+2.22863859460837E-15i,0.8359722418134021+1.115090724501333E-15i
90,1.7945652204743212+3.0743540267829105E-15i,0.8979037860623837+1.5382411788939552E-15i
90,1.8541658875999558+2.89539883291828E-15i,0.9277247499668366+1.4487016379102571E-15i
90,1.9660429154282417,0.9837019893083375
90,1.9779790649980291+4.905711422799931E-16i,0.9896741957054316+2.454553788074247E-16i
90,1.9927720958344108-9.007615223574832E-15i,0.9970758316246955-4.506925532917258E-15i
90,2.006365886923522-2.511300011588599E-15i,1.0038774325621236-1.2565192742049896E-15i
90,2.010951871012559+4.421011846832441E-15i,1.0061720120120028+2.2120362248234614E-15i
90,2.041875058527775-3.691529749815953E-16i,1.0216443096082366-1.8470426713416282E-16i
90,2.1675811581827653+8.958294538986548E-16i,1.0845408716966947+4.482248118623392E-16i
90,2.215030568101531-3.5158083756964723E-16i,1.1082820009275538-1.7591211595939175E-16i
90,2.2327776198235836+1.3397980878350442E-15i,1.1171616698027056+6.703628053753661E-16i
90,2.2440432337365386-4.615385938393835E-15i,1.1227983762702956-2.30929055179592E-15i
90,2.2572714631734776+2.15948578317549E-15i,1.1294170698451047+1.0804903820373077E-15i
90,2.3057535320863622+1.402640082833565E-15i,1.153674886020496+7.018055551785587E-16i
90,2.426632219087976-4.836176392440889E-15i,1.2141560708081467-2.419762203844812E-15i
91,2.6136128247823547E-8-3.183045502558338E-5i,1.3077110956452186E-8-1.5926245395531288E-5i
91,1.436007585650433E-7-2.5540813556562568E-5i,7.185008565077542E-8-1.2779247546929233E-5i
91,1.1940819247452638E-6+1.898428735854181E-5i,5.974542852301827E-7+9.498714953600572E-6i
91,1.7115272337493836E-6-8.229629774271719E-6i,8.563560496989139E-7-4.117663514206077E-6i
91,1.9754121418542303E-6+2.838317691787167E-5i,9.883898456115748E-7+1.4201413091188404E-5i
91,6.047306089151815E-6+1.175501339894988E-5i,3.0257462760213E-6+5.881575612694305E-6i
91,1.147477964371848E-5+4.763063985246699E-6i,5.741361734182692E-6+2.3831806929145785E-6i
91,1.6055899822339383E-5+1.1279984229640853E-8i,8.033507545246209E-6+5.643896600114363E-9i
91,2.3243424733988168E-5+3.0752008668974054E-8i,1.1629757911048667E-5+1.5386648920788087E-8i
91,2.6831446371854705E-5-3.5365915430559234E-7i,1.3425010697828182E-5-1.769519937217328E-7i
91,3.0937622908549325E-5+7.718481833495703E-9i,1.5479520289607813E-5+3.861912613640052E-9i
91,0.3004302453642348+4.976500590128285E-15i,0.1503191144476197+2.4899728748988163E-15i
91,0.3531031800057641-1.6744577881065163E-15i,0.17667381412531935-8.378084955558737E-16i
91,0.7974749412258691-6.967683138385969E-15i,0.39901351081980974-3.4862533825247043E-15i
91,0.8466832805188986-3.714929741294738E-16i,0.4236347135785343-1.8587507668195265E-16i
91,1.1064601222919104+5.475121275567043E-16i,0.5536130543477066+2.7394558115770096E-16i
91,1.1125869517610871-2.247316431612437E-16i,0.5566785898401855-1.1244361082021135E-16i
91,1.1584032591718123-2.6444878109667677E-15i,0.5796026025303539-1.3231592758915074E-15i
91,1.1592810612121227,0.5800418073953628
91,1.48999578919044+2.2497319282813414E-16i,0.7455136459055485+1.1256446926433392E-16i
91,1.5151747237723914-1.0222589783165016E-15i,0.7581118287033715-5.114833367404967E-16i
91,1.5571697737431407+2.5904784583847246E-15i,0.7791238899728127+1.2961359046521066E-15i
91,1.5846699834763889-2.1867065994071483E-16i,0.7928835138389583-1.09411021244261E-16i
91,1.5864657562592135,0.7937820218241849
91,1.6594324460186025+2.595486976997519E-15i,0.8302906235979771+1.2986418976211463E-15i
91,1.7859109034908935,0.8935736319411812
91,1.8449100339547313+6.701048354715963E-16i,0.9230936192971528+3.3528436969798436E-16i
91,1.9590554756752196,0.9802058507798851
91,1.972333410984723-1.587484474546655E-15i,0.986849414496306-7.942917335899031E-16i
91,1.9856651849652023-9.982033411042594E-16i,0.9935199161840834-4.994471914488219E-16i
91,2.0028443427761204+4.760375946860378E-16i,1.002115441531281+2.381835743276292E-16i
91,2.0137714739109627-3.079764631813354E-15i,1.0075827894464389-1.5409483542511367E-15i
91,2.047920904706321-5.167915063723419E-16i,1.0246693254236172-2.5857463684377036E-16i
91,2.1764669161493733-3.3638000905566053E-16i,1.0889868264211169-1.6830644004509636E-16i
91,2.208416745428992,1.104972800264204
91,2.218263996168068,1.109899834188658
91,2.241086445625008-7.797257884892587E-16i,1.1213189587436225-3.901327907101279E-16i
91,2.250444122777487+2.1554287578218267E-15i,1.1260010364124071+1.0784604650503714E-15i
91,2.2886981230258905+1.396414814724876E-15i,1.1451412778832601+6.986907662924975E-16i
91,2.42516307965805+5.748742269858341E-16i,1.2134209925611519+2.876361020659003E-16i
92,5.5429566502543186E-8-3.182134357002245E-5i,2.773396979646992E-8-1.5921686513886106E-5i
92,2.0898029472941998E-7-2.505698845860573E-5i,1.0456248438849317E-7-1.2537167525378036E-5i
92,9.184873583137453E-7+1.9699680540757305E-5i,4.5956160694029797E-7+9.85665917290553E-6i
92,1.4439053907936279E-6+2.89989971705046E-5i,7.224524928477159E-7+1.450953637924971E-5i
92,1.9739148453831666E-6-8.333901002252157E-6i,9.876406790976542E-7-4.1698352209308195E-6i
92,4.314948728598893E-6+1.0999829950571279E-5i,2.1589679527222593E-6+5.5037224871937625E-6i
92,1.357313360685923E-5+2.6025699035509357E-6i,6.791265045863442E-6+1.3021858126018645E-6i
92,1.6679236538274486E-5+8.331336368851734E-7i,8.34539166672823E-6+4.168552016501229E-7i
92,2.351423113780723E-5+4.643190183786618E-7i,1.1765254850644323E-5+2.3232022987315866E-7i
92,2.6898453814016333E-5-5.959540066207236E-7i,1.345853761305246E-5-2.9818328849723275E-7i
92,3.086734486252438E-5+2.4563326306807802E-8i,1.5444356940355907E-5+1.2290165571880964E-8i
92,0.27986464953818335-3.910859159590287E-15i,0.14002919790172805-1.956783295524209E-15i
92,0.3284199756599101+2.015428293008449E-15i,0.1643236680389955+1.0084117724911788E-15i
92,0.8050848500505605-4.158082371361529E-15i,0.40282109934728266-2.0804804759438927E-15i
92,0.8565341563526249+8.358752452643032E-16i,0.4285635613051137+4.1822695482768103E-16i
92,1.1039563102220293+8.083692554462218E-16i,0.5523602816362525+4.0446443891838424E-16i
92,1.117133426442199-3.683749224680762E-15i,0.5589534009102052-1.843149715601299E-15i
92,1.1485597095583584,0.5746774204498292
92,1.1662280554697035+2.5176105367537756E-15i,0.5835177091761778+1.2596767211304105E-15i
92,1.4944413401357992+7.620057631851146E-16i,0.7477379601736674+3.8126664439893004E-16i
92,1.523590206724257-5.61926410222069E-16i,0.7623224831381132-2.8115771189050505E-16i
92,1.572190239156636-3.0561555796843456E-16i,0.7866393219054743-1.5291356560832888E-16i
92,1.5928133994677618+1.7566653358791993E-15i,0.7969580406194349+8.789407249927544E-16i
92,1.5974685498323693-3.0229464622137064E-16i,0.7992872271485075-1.5125196022511542E-16i
92,1.648202363347848-2.8342655418008754E-15i,0.824671695050371-1.4181138315031636E-15i
92,1.7773145860469828,0.8892724976658599
92,1.8356366733987954,0.9184537291122222
92,1.9521391553519307-1.1377298677301031E-15i,0.9767452965837772-5.692587508639575E-16i
92,1.9668060047064433+4.887122073286489E-16i,0.9840837980852957+2.445252678748087E-16i
92,1.9789568164221791+5.276404155589199E-16i,0.9901634098591195+2.640028467088321E-16i
92,1.9951664436617313+3.4147214274064534E-16i,0.9982738343246103+1.7085426949298638E-16i
92,2.0216587731775366+7.090675035518525E-16i,1.0115291692115564+3.547791903850292E-16i
92,2.0543456692902504-4.987697961155045E-16i,1.0278839316015667-2.4955754363015256E-16i
92,2.1853622967548176,1.0934375957957643
92,2.1937836510910698,1.0976511879550368
92,2.201886093364884-1.9543930514550942E-15i,1.1017052136939767-9.778730248052607E-16i
92,2.243618301758206,1.1225857631939857
92,2.2460648886816363+2.8272722521093556E-16i,1.123809903524142+1.414614765980548E-16i
92,2.273396218678852+1.344874182317959E-15i,1.1374850290657672+6.7290260967036685E-16i
92,2.4204649672926504+3.899377020911813E-16i,1.2110703101606963+1.9510382517253717E-16i
93,7.023671105395745E-8-3.195620201403134E-5i,3.514266745861104E-8-1.5989162416169593E-5i
93,5.229855219164444E-7-2.4845412066804493E-5i,2.616737886296882E-7-1.2431306093833335E-5i
93,1.0728701072961498E-6+2.0423130915814943E-5i,5.368064199080768E-7+1.0218634777570827E-5i
93,1.33013796158501E-6+3.0238295586027687E-5i,6.655293984672272E-7+1.5129614561231402E-5i
93,2.28698200268984E-6-9.880199046804384E-6i,1.1442826236925413E-6-4.9435194831374224E-6i
93,4.373169111032177E-6+9.885660269331918E-6i,2.188098296504933E-6+4.946251984764032E-6i
93,1.3608539973927443E-5+3.532727687502919E-6i,6.808980485056487E-6+1.7675866719950567E-6i
93,1.7031663108258302E-5+6.794756812183613E-7i,8.52172694163889E-6+3.3997303622212597E-7i
93,2.3861811571050368E-5+1.099808376457724E-7i,1.1939165379729316E-5+5.50284878976704E-8i
93,2.6541641540194387E-5-6.147161414181704E-7i,1.3280007968142942E-5-3.075708502737769E-7i
93,3.0760189462479E-5+8.293946336425052E-8i,1.539074214926331E-5+4.1498440579974755E-8i
93,0.25908371174064276+9.605396584658206E-15i,0.1296315358310195+4.806023131171402E-15i
93,0.303597885431388+9.593830869058904E-16i,0.15190403093698973+4.800236269982601E-16i
93,0.8127485344922811+8.029512445516455E-15i,0.40665559429731274+4.017535580656496E-15i
93,0.8665428351330449-2.6408217241328343E-16i,0.4335713651273933-1.3213249634849888E-16i
93,1.0954120382230337+1.7720011792651755E-15i,0.5480851880985446+8.8661395507747E-16i
93,1.128100121478979+5.263211102833999E-16i,0.5644405444710916+2.633427374030536E-16i
93,1.1378023623971691,0.5692950232909975
93,1.1740545501745838-2.1680207889653856E-15i,0.5874336656133876-1.0847608392630339E-15i
93,1.491984004523215+2.872294541505451E-16i,0.7465084417783525+1.437141494819785E-16i
93,1.5319528898875407,0.7665067194022975
93,1.5857710671252758+7.563888533283884E-16i,0.7934344367955759+3.7845624521767737E-16i
93,1.6059762645053801-2.0491358299791385E-15i,0.8035440293691678-1.0252772085976584E-15i
93,1.611703292851086-2.3784362169686327E-15i,0.8064095259116321-1.1900413870494863E-15i
93,1.6371681273658973+2.1366100299460413E-15i,0.8191507576380878+1.0690445871453718E-15i
93,1.768792822350359,0.8850086660704247
93,1.8263519440985712-2.4971563416718006E-15i,0.9138081506199388-1.2494425435171223E-15i
93,1.945592951063653,0.9734699285181748
93,1.9615538598736013-8.32835227320002E-16i,0.9814559076767708-4.167058935752156E-16i
93,1.9726681382254219+5.817253174875488E-15i,0.9870168939800787+2.910640187723879E-15i
93,1.9879207455968098+6.977183096441422E-16i,0.9946484772459535+3.4910066498944856E-16i
93,2.029722972990038-3.194949697682666E-15i,1.0155640604824878-1.5985807576666917E-15i
93,2.0609782423185172-1.0813339678857558E-15i,1.0312025139330807-5.410412799072596E-16i
93,2.1769335563799155+8.525274820157918E-16i,1.0892203080605427+4.2655883725523464E-16i
93,2.1837046813516645,1.0926082143225553
93,2.1942566104188104,1.0978878313303715
93,2.236800376031942+1.8991022233093465E-15i,1.1191744403549717+9.502084722104715E-16i
93,2.2532588551261177+8.566666046815909E-16i,1.127409376886051+4.286298313156318E-16i
93,2.2598368294891547+2.3613319264504704E-15i,1.1307006409860156+1.1814833212634406E-15i
93,2.4138929396617104+1.0573159513559862E-15i,1.2077820214851986+5.290239579789493E-16i
94,1.8933721766020545E-7+3.1151869669402147E-5i,9.4734146544243E-8+1.558671783000732E-5i
94,4.922228116061872E-7-3.22124044003692E-5i,2.4628178518396234E-7-1.6117352291949185E-5i
94,7.774072561405416E-7-2.48456665259964E-5i,3.8897272199249666E-7-1.2431433411508504E-5i
94,8.386966858458656E-7+2.079406621572338E-5i,4.196386517397974E-7+1.0404230824107345E-5i
94,2.6657374146057303E-6-1.04274904295445E-5i,1.3337914331082322E-6-5.217354615477601E-6i
94,4.306422792960081E-6+8.934169098059697E-6i,2.1547020337116423E-6+4.47017704731236E-6i
94,1.3589322489776867E-5+2.340715800358381E-6i,6.7993650909874785E-6+1.1711681220938425E-6i
94,1.9055527659248658E-5+1.8980498094252336E-6i,9.534359763270956E-6+9.496819009829294E-7i
94,2.5178489631935523E-5-2.111842585245318E-6i,1.2597960168798936E-5-1.0566522917224213E-6i
94,2.554608030420657E-5+6.021453912198239E-7i,1.2781882743797996E-5+3.0128112389996674E-7i
94,3.057263412995003E-5+1.3901203807082427E-7i,1.529689956207139E-5+6.955413705111833E-8i
94,0.2381106989058253-3.5432972187712067E-14i,0.11913776975628185-1.7728750961963192E-14i
94,0.2786558029047417+3.079058790446552E-15i,0.13942435615145213+1.5405951892458307E-15i
94,0.8204154583764564+1.5990759653667147E-14i,0.4104917100898797+8.000914913109895E-15i
94,0.8766896529718678-1.8746407123130829E-16i,0.43864828629471453-9.379692495364991E-17i
94,1.08699140625084+6.370835223463787E-16i,0.5438719573713424+3.187622830456822E-16i
94,1.127017223943849-3.1254018226602076E-16i,0.5638987208663445-1.563782746659461E-16i
94,1.1392972970743895+1.1925039346507865E-15i,0.5700430080904785+5.966647439730387E-16i
94,1.1818153437497736-2.45210513800391E-15i,0.5913167487437794-1.226901347533521E-15i
94,1.4849346587876313,0.7429813288303093
94,1.5402399231158532+4.541975503649527E-15i,0.7706531045133163+2.2725599239305377E-15i
94,1.597973568377597-7.203984769995287E-16i,0.7995399112296532-3.6044859924371183E-16i
94,1.6236645924251791+1.630029960749355E-15i,0.8123943160163718+8.155792035048568E-16i
94,1.6264081051619255+2.287926302536942E-15i,0.8137670220319179+1.1447551004786828E-15i
94,1.6272245917869388+2.4217306410230255E-15i,0.8141755479653887+1.2117035851297293E-15i
94,1.7603662801283526-2.0753387223690967E-16i,0.8807924781725258-1.0383877247351048E-16i
94,1.8170637450850036-4.375441569473326E-16i,0.9091608360699671-2.189235312320628E-16i
94,1.9395370770771665,0.9704398953277702
94,1.9566576495279064-8.25917816523619E-16i,0.9790061077159784-4.132447937651014E-16i
94,1.9668178280349213+2.421740783919082E-15i,0.9840897138420946+1.211708660088648E-15i
94,1.9811051968857591-6.566059094758095E-16i,0.9912383437373327-3.2853023414408714E-16i
94,2.037834703718744-2.5281253717122024E-15i,1.0196227336640056-1.264937778244009E-15i
94,2.067721228899889-2.1360109064346654E-15i,1.0345763412600035-1.0687448180073955E-15i
94,2.159556547528692+2.5494406816923778E-15i,1.0805257887084796+1.275602811375117E-15i
94,2.16401391086502+1.1798344553412658E-15i,1.0827560132608574+5.903256188692708E-16i
94,2.2031389488774287+4.960771963572462E-16i,1.1023320751171608+2.4821031172701126E-16i
94,2.229998094582622+2.786448533829575E-15i,1.1157709450695832+1.3941887760046192E-15i
94,2.2477783254917054+2.246661640678774E-15i,1.124667215022987+1.1241084860841165E-15i
94,2.261065937059181-8.345560414232962E-16i,1.131315620217761-4.175668962742699E-16i
94,2.4063698966899127+1.176263231474622E-15i,1.204017895952162+5.885387707825301E-16i
95,9.462797057477942E-8+3.147692801552091E-5i,4.7346740077820474E-8+1.5749359519671894E-5i
95,6.003860721041796E-7-2.4857522659032108E-5i,3.004008553665047E-7-1.2437365581941411E-5i
95,1.1471398498533186E-6+2.023042858036764E-5i,5.739669991230993E-7+1.0122216907321752E-5i
95,1.2701838787151481E-6-3.2620719280027245E-5i,6.355316043583465E-7-1.63216510670328E-5i
95,3.451424378756949E-6-9.566330781188855E-6i,1.7269068750673586E-6-4.786476707090236E-6i
95,5.360674976045928E-6+9.276765046470233E-6i,2.6821930470542027E-6+4.64159360863753E-6i
95,1.3501842681464542E-5+1.9682010698266724E-6i,6.755594906325766E-6+9.847818135371532E-7i
95,2.016377434874636E-5+1.9104544789130604E-6i,1.008886671962893E-5+9.558885295138382E-7i
95,2.63256235152771E-5-3.770125420723185E-6i,1.31719241826009E-5-1.8863677121206222E-6i
95,2.6386903578161313E-5+1.710277785394416E-6i,1.3202585425695388E-5+8.557308930338814E-7i
95,3.072146352605772E-5+2.0131031841396105E-7i,1.537136577634871E-5+1.0072484132370721E-7i
95,0.21696712151142056-1.3554407369649217E-14i,0.10855866236205676-6.781895445306306E-15i
95,0.253610161654359-1.922789375788601E-16i,0.12689286615794002-9.620602475873163E-17i
95,0.8280272654465567+1.7179856649695799E-15i,0.41430024839712115+8.595875008484602E-16i
95,0.8869519612095269+3.024988688890121E-16i,0.44378299263762344+1.5135414224914162E-16i
95,1.0787398832080703+1.6537843329702495E-16i,0.5397433396446903+8.274646120201509E-17i
95,1.116215674182075,0.5584942071068086
95,1.1506530355435642-3.5254634873543073E-15i,0.5757248080321441-1.763952057470192E-15i
95,1.1894346320151374+2.2154246084636338E-15i,0.5951290302382143+1.1084791575028383E-15i
95,1.475354752844879+1.077678528442675E-15i,0.7381880598434929+5.392122948816853E-16i
95,1.5484229362578386,0.7747474435753676
95,1.6091810802960027,0.8051475465883815
95,1.616009011588279-3.4498071250674347E-15i,0.8085638756737564-1.7260976884218855E-15i
95,1.643544933799439,0.8223413681404748
95,1.6438411438632552+1.6446825001604345E-15i,0.8224895757033629+8.229105450813747E-16i
95,1.7520614479600254,0.876637187430525
95,1.8077828818258548,0.9045171919364234
95,1.934032605866657-2.780120729327162E-16i,0.9676857543894534-1.3910226834294621E-16i
95,1.9521594713135924+5.07384986273914E-16i,0.9767554615968319+2.5386812079537735E-16i
95,1.9614225332933124+1.1627068508150526E-15i,0.9813901989288765+5.817558880092236E-16i
95,1.9747124861918675+9.977377649414954E-16i,0.9880397755996253+4.992142422116046E-16i
95,2.0459184789222475+9.009695767198284E-16i,1.0236674194063184+4.507966524894173E-16i
95,2.0745129315520177-1.1783525323510913E-15i,1.037974543485022-5.895841444172144E-16i
95,2.1421768353056874+1.3423743904115828E-15i,1.0718299167347736+6.716518484322157E-16i
95,2.1432005586408467+8.786107716847936E-16i,1.0723421327568121+4.396095106325825E-16i
95,2.211996975940607,1.1067641547910154
95,2.22322139587922-3.288844821068843E-16i,1.1123802500124371-1.6455608204804351E-16i
95,2.236895819949523,1.1192221953509864
95,2.2690595774868165,1.1353152073726365
95,2.3983627106598617,1.200011531307366
96,1.6145238087346176E-7+3.157621534342785E-5i,8.078207601546555E-8+1.5799037551218773E-5i
96,4.3288330091691904E-7-2.4996503755013905E-5i,2.1659148989511222E-7-1.2506904237237635E-5i
96,7.220131995222329E-7-3.3648884595950046E-5i,3.612565194296347E-7-1.6836089617012666E-5i
96,1.60212905401756E-6+1.886160579481516E-5i,8.01619092441058E-7+9.43733170639761E-6i
96,3.987147965166173E-6-9.633620412318995E-6i,1.9949541051327112E-6-4.820144814476451E-6i
96,7.706739302828397E-6+6.538565204619183E-6i,3.856037283713987E-6+3.2715458795593763E-6i
96,1.717121078497993E-5+2.6688482655311365E-6i,8.59154908342287E-6+1.3353479353695764E-6i
96,1.7670909731840107E-5+7.79097008731755E-6i,8.841571524044196E-6+3.898181831837919E-6i
96,2.5809096826124426E-5+2.7198991963285573E-6i,1.2913482046031536E-5+1.3608910716802743E-6i
96,2.671052161322691E-5-4.262560342374518E-6i,1.3364506461280078E-5-2.132755625747522E-6i
96,3.0622785403198904E-5+1.702000925785808E-7i,1.532199255819783E-5+8.515895982542402E-8i
96,0.1956729417426187-9.739911566333057E-15i,0.09790420165070599-4.873327183400853E-15i
96,0.2284753707609935+3.566928575292118E-15i,0.11431677048442966+1.7846989542806237E-15i
96,0.8355155770399199+1.5855498660109516E-16i,0.41804699621892416+7.933237596712413E-17i
96,0.8973029759970814,0.4489620829606134
96,1.0707135298810049+1.386005116828254E-16i,0.5357273847167653+6.934823141022383E-17i
96,1.10541360964479,0.5530894357813314
96,1.1620821338490315-2.9636640667594957E-15i,0.5814433132849349-1.4828578843498603E-15i
96,1.19682745367278+2.35575216419251E-15i,0.5988280000390036+1.1786915087399445E-15i
96,1.4644745915534052+7.430883710896825E-16i,0.7327442131082923+3.718014002321978E-16i
96,1.5564655524773896-3.0133454398690906E-16i,0.7787715355788184-1.507715767754116E-16i
96,1.6060663725105886-1.849607230400379E-15i,0.8035891145620091-9.254438434206936E-16i
96,1.6197608690638479-3.540260528062009E-16i,0.8104411030899822-1.771355699713104E-16i
96,1.6601690338561066+3.909118785344155E-16i,0.8306591724813037+1.9559125059831331E-16i
96,1.6653019640325242+2.7047232367602454E-15i,0.8332274142963216+1.3532978388470225E-15i
96,1.743913075402384,0.8725601806512343
96,1.7985252458096581+3.996986250800711E-16i,0.8998851694642989+1.9998766534016895E-16i
96,1.929120604297741-5.652695112159362E-16i,0.9652280533510323-2.828304195777681E-16i
96,1.9480809705825421+8.482372221107201E-16i,0.9747147994876553+4.244122222601344E-16i
96,1.9564971408346117-2.403046564730952E-15i,0.978925797810403-1.2023550796252613E-15i
96,1.968729519385762+7.553548017345704E-16i,0.9850462212357066+3.779388614912572E-16i
96,2.053905405844529,1.0276636474846852
96,2.081308456206364+1.2970674630687676E-15i,1.0413746580341077+6.489827020942439E-16i
96,2.1216375509892744-1.887663888065525E-15i,1.0615531650512406-9.44485345291204E-16i
96,2.1250738348319715+4.411305448160257E-16i,1.0632724964174907+2.2071796656873818E-16i
96,2.2164836487187873,1.1090090442095715
96,2.2208154224008743,1.1111764304628742
96,2.226901735990274-3.9838715747350356E-16i,1.1142216939911844-1.993314775818194E-16i
96,2.277073032836551-4.910837195850141E-16i,1.139324708847354-2.4571184488487735E-16i
96,2.390107277430843,1.1958809571341067
97,7.505376625319467E-8+2.522145756078151E-5i,3.7552862447190715E-8+1.2619459006261013E-5i
97,3.2029504117448486E-7+3.20798034954799E-5i,1.6025838840873285E-7+1.60510059406564E-5i
97,2.3092235152662463E-6+1.875315442014248E-5i,1.1554110787201221E-6+9.383068479399077E-6i
97,2.500229298330662E-6+3.174144026259366E-5i,1.2509800855283667E-6+1.5881707202217373E-5i
97,4.08131169640154E-6-8.617922315878642E-6i,2.042068564847722E-6-4.3119441896760325E-6i
97,9.335155728684491E-6+6.245007148163356E-6i,4.670809161258731E-6+3.1246652383246523E-6i
97,1.4259772295370918E-5+1.7994725029427596E-5i,7.134822065155613E-6+9.003591259170833E-6i
97,1.6062633375796512E-5-8.709851636566128E-7i,8.036876652745802E-6-4.3579406706919867E-7i
97,2.4647536336471047E-5-2.3017469642463735E-6i,1.233229973540781E-5-1.1516702152559022E-6i
97,2.632270813972633E-5+1.3501737516021647E-7i,1.317046548568927E-5+6.755542287202059E-8i
97,3.03873153945267E-5+6.641503529484174E-8i,1.5204176047614262E-5+3.3230506733515825E-8i
97,0.17424676552821883-2.2877937989662995E-14i,0.08718369702693729-1.1446888028282048E-14i
97,0.20326417293036364+6.01019810627752E-15i,0.1017024448945762+3.0071794399231616E-15i
97,0.8427992576460851-3.762758365461516E-15i,0.42169135771558586-1.8826816344366722E-15i
97,0.9077097315824647-1.0966161087879067E-15i,0.4541690629767934-5.486876401613346E-16i
97,1.0629818976039231-3.186111296369732E-16i,0.531858892329401-1.5941584976612716E-16i
97,1.0946336613465257,0.5476957302307414
97,1.1734800711644549+8.085427307436209E-16i,0.5871462272565516+4.045512366143085E-16i
97,1.2038992433286757-2.716803806999619E-15i,0.6023663427160043-1.3593423055690842E-15i
97,1.4529963999226934+4.649319278633265E-16i,0.7270011441995782+2.326268967696945E-16i
97,1.5643198172543122+4.927396951498679E-16i,0.7827013866644598+2.4654040587131845E-16i
97,1.596684736862043+2.3733857116509637E-15i,0.7988950493521302+1.187514386194614E-15i
97,1.6299450485589002+1.827361439137852E-15i,0.8155367180178862+9.143132475690157E-16i
97,1.6767003859199998+4.290533722485132E-16i,0.8389305707216956+2.146751998586868E-16i
97,1.6873712043705344+1.0438279997226549E-15i,0.84426967357391+5.222753134049764E-16i
97,1.7359677084162803,0.8685847469266289
97,1.78931640289299-1.267314057694985E-15i,0.8952775604313185-6.340957004803895E-16i
97,1.924839807856384-5.545429937049683E-16i,0.9630861733634992-2.7746344791550837E-16i
97,1.944432525516145,0.9728893140714758
97,1.9520549431453722-5.391628752981698E-15i,0.9767031613310493-2.697680649949021E-15i
97,1.9631375209443716,0.9822482863850287
97,2.0616658870429867-3.3465680950350947E-15i,1.031546574318584-1.6744424379590768E-15i
97,2.0880689260156364-1.15761082288914E-15i,1.0447572330266741-5.792061100929063E-16i
97,2.099697330135341-8.49992592649424E-16i,1.0505754601748558-4.252905151383548E-16i
97,2.108477223539336,1.0549684459737154
97,2.209803635800994+2.5042722577308203E-15i,1.1056667255123178+1.2530029646697216E-15i
97,2.2175906754471746+2.07756588148521E-15i,1.1095629407630936+1.0395020752082477E-15i
97,2.229573874443413+1.4821289271786233E-15i,1.115558688159233+7.415774918420178E-16i
97,2.2850094232402545+1.9827272214026226E-15i,1.1432956511735801+9.920499174478676E-16i
97,2.381737240497086-5.219170391002433E-16i,1.1916930414392308-2.611391773739568E-16i
98,1.1870268379043872E-7+3.225853552623312E-5i,5.939242997422506E-8+1.614043382283809E-5i
98,5.044933153054928E-7-2.5984304751165672E-5i,2.524212843800891E-7-1.300114665551343E-5i
98,1.0200723262130129E-6+2.0994595976262603E-5i,5.103892537948767E-7+1.0504565116309198E-5i
98,2.8268557323290053E-6+2.995070349574199E-5i,1.414406361915051E-6+1.498571896815796E-5i
98,3.5802475065768843E-6-8.40934844479342E-6i,1.7913630301751375E-6-4.207585057790256E-6i
98,6.944884440443956E-6+1.0062775664198402E-5i,3.4748461419486186E-6+5.0348709894154845E-6i
98,1.4483828402789752E-5-1.99729838413513E-6i,7.24692767427279E-6-9.993405425171488E-7i
98,2.090697729119368E-5+1.130229372220133E-5i,1.0460725445197996E-5+5.655059068664761E-6i
98,2.3130670043778434E-5-1.027250577959372E-6i,1.157334153671993E-5-5.13980864368195E-7i
98,2.9557320392786908E-5+1.8622846434629177E-6i,1.478889124995278E-5+9.31786938147182E-7i
98,3.056196015433971E-5-7.953794855231239E-7i,1.529155887954645E-5-3.979650576415387E-7i
98,0.15270601985794524-1.5604409651230478E-13i,0.07640586801783981-7.807606179621007E-14i
98,0.1779879410365305-3.148239935174747E-15i,0.0890555797620485-1.5752097081648798E-15i
98,0.8497812086757365-8.927792196472288E-15i,0.4251847499824711-4.466986389200102E-15i
98,0.918129375816153-1.4099901821274049E-15i,0.4593824917784387-7.05483149009408E-16i
98,1.0556313756095312+1.6905254412357046E-15i,0.5281810870019608+8.458478838228667E-16i
98,1.0839090511145835+6.149279376500586E-16i,0.5423297128681853+3.076768217014612E-16i
98,1.1847144199015909+6.703941829875109E-16i,0.5927672903140165+3.354291436115002E-16i
98,1.2105459581876663-1.886441120897056E-15i,0.6056920008579733-9.438735384549213E-16i
98,1.4413710531135424,0.7211844467649395
98,1.5719210279529183+4.192889423117611E-16i,0.7865046231180964+2.0978960500321917E-16i
98,1.5879773669354758+1.881259662115498E-15i,0.7945383503954637+9.41281015539506E-16i
98,1.6398584257074895+9.758429235429439E-16i,0.8204968380362772+4.882592427706823E-16i
98,1.6927916255782827+9.346761464864317E-15i,0.8469817604175431+4.67661604659063E-15i
98,1.7096195360396031+8.572535124207759E-16i,0.855401540508202+4.2892348833911084E-16i
98,1.7282888330116037,0.8647426512368784
98,1.7802025552765632+6.19737231878144E-16i,0.8907174819303976+3.100831335180607E-16i
98,1.9212395884313032,0.9612848174609365
98,1.941218184834302,0.9712810311096794
98,1.948107739950107-7.457155773254237E-15i,0.9747281934374614-3.731159127385838E-15i
98,1.957913881795421-3.2914095135753267E-15i,0.9796346586854867-1.6468440544835152E-15i
98,2.0680339682436735-2.421839103794867E-15i,1.0347328191843672-1.2117578540592573E-15i
98,2.0787277086722264+5.077292306983111E-16i,1.0400833909598683+2.540403621653039E-16i
98,2.0926261512697515-1.9193221854852546E-15i,1.0470374231044288-9.603254522926929E-16i
98,2.094753529789613-2.0082203758319194E-15i,1.0481018487411111-1.0048053189343005E-15i
98,2.2032088715992946+1.990331263886229E-15i,1.1023670606813403+9.958545707742066E-16i
98,2.2088400130867316+2.146732173904313E-15i,1.105184580604125+1.0741091628317312E-15i
98,2.2382431476966964+1.4043136065152666E-15i,1.1198963255923684+7.026428962975779E-16i
98,2.2927867478600414-1.759870604622716E-15i,1.1471870055483724-8.805444688452014E-16i
98,2.373343950491221,1.187493491159418
99,1.9764200599808352E-7-2.423347487493519E-5i,9.88894153558477E-8-1.2125125680247361E-5i
99,9.559128021376866E-7-3.280138750493548E-5i,4.782872834000813E-7-1.641204771649166E-5i
99,1.4754764049354793E-6+9.598598371602166E-6i,7.382489279977881E-7+4.802621671490898E-6i
99,1.958476018606158E-6+3.083899592833301E-5i,9.799159216704636E-7+1.5430172660480842E-5i
99,2.4203565351894988E-6-9.017382244317374E-6i,1.211016056576129E-6-4.511812424072409E-6i
99,5.075981262539845E-6-2.6893988437389753E-5i,2.5397476456228152E-6-1.3456303379081213E-5i
99,1.61226269120425E-5-3.0150045172102066E-6i,8.06689418719925E-6-1.5085458807023453E-6i
99,2.1472839796517812E-5-1.9652557893376507E-6i,1.0743852567090502E-5-9.833081538050152E-7i
99,2.3027682922807167E-5+4.043286367627387E-6i,1.1521812327984164E-5+2.023042738266978E-6i
99,3.119692556053914E-5+4.793522227173973E-7i,1.560926137134801E-5+2.3984203567792756E-7i
99,3.368652140797779E-5-5.639911895832075E-6i,1.6854921050737935E-5-2.8219081627957805E-6i
99,0.13106711683717054+1.4947952987249037E-14i,0.0655789263570319+7.47915061988436E-15i
99,0.15265692575572445-4.940516388763904E-15i,0.07638130397315954-2.4719683185445095E-15i
99,0.8563450029999929+2.4035611974516942E-15i,0.4284689191547271+1.2026125741220418E-15i
99,0.9285022244168281-7.590807708636407E-16i,0.4645725065656061-3.7980313577316914E-16i
99,1.0487686773864766+2.5741970750107596E-16i,0.524747362416874+1.2879895772815401E-16i
99,1.0732906701325817-1.2101746231049188E-16i,0.5370168469010893-6.055062047816354E-17i
99,1.1956127360003903+8.76242812347873E-16i,0.5982202207370358+4.384247113120536E-16i
99,1.2166551371173437-1.50342009101172E-15i,0.6087487049710955-7.522304435415717E-16i
99,1.4299496646740015-2.7385699604717E-16i,0.7154697991138262-1.3702329165023724E-16i
99,1.5791803117582544,0.7901367777695666
99,1.580065042733672+1.5655871286134612E-15i,0.7905794495005302+7.833354810147331E-16i
99,1.6495582586503774,0.8253501120350286
99,1.7080591201326354+6.811529517679413E-16i,0.8546207924279914+3.4081225207203576E-16i
99,1.72096427750818,0.8610778381430362
99,1.731701357360037-4.269955675491732E-16i,0.8664500946318188-2.1364558521474203E-16i
99,1.7712817753913885+5.504709191379879E-16i,0.8862540041241074+2.75426001112737E-16i
99,1.9183958100719911-5.34801244791681E-16i,0.9598619439278844-2.675857399946737E-16i
99,1.9384384684770475-1.457860323929226E-15i,0.9698902107522568-7.294347898151056E-16i
99,1.9446658984743825-1.3877462471079955E-15i,0.9730060813309632-6.943534819218145E-16i
99,1.9530379474499782-1.0357892789066585E-15i,0.977195003743212-5.182531704516688E-16i
99,2.0537194093299056-2.746419581541548E-16i,1.0275705848460197-1.3741604441270907E-16i
99,2.0777949005836094-8.824989659035458E-16i,1.039616664030759-4.4155495361238163E-16i
99,2.078156874557676-2.5344908472281634E-15i,1.0397977763124762-1.26812271936549E-15i
99,2.101311164557697-3.802539186045796E-16i,1.051382936003195-1.902585814573325E-16i
99,2.196741395017466+8.527771002480976E-16i,1.099131083719991+4.266837327749407E-16i
99,2.200600503991537+1.7959089155494592E-15i,1.1010619740098018+8.985760987103246E-16i
99,2.2467788608033663,1.1241671367213144
99,2.3003130335866726,1.1509527535812822
99,2.365008030381214+5.452363857235418E-16i,1.18332264568571+2.7280692250947575E-16i
100,9.310725269127003E-7-2.448776733263446E-5i,4.6585854750523783E-7-1.2252359930599618E-5i
100,1.134742111178734E-6-3.264150330844641E-5i,5.677638383978629E-7-1.6332050275484116E-5i
100,3.349804822405692E-6+3.136164860598608E-5i,1.6760619220142417E-6+1.56916799117672E-5i
100,3.587380151415601E-6+7.775827826560672E-6i,1.7949318215081316E-6+3.890605460074986E-6i
100,5.415406007250882E-6-9.898640933354347E-6i,2.709577507408916E-6-4.952746809938601E-6i
100,7.744586057727398E-6-2.7636306397220124E-5i,3.874973761545094E-6-1.3827719307011447E-5i
100,1.6817145199181304E-5-7.088500675824789E-6i,8.414393733271285E-6-3.546703971364478E-6i
100,2.0257622340101903E-5-1.1409836492485476E-7i,1.0135823200112945E-5-5.708867678962163E-8i
100,2.5797390425601155E-5+6.860150362869484E-6i,1.2907624793683679E-5+3.43244977307075E-6i
100,3.029475554242791E-5-6.437333601556556E-6i,1.5157864082638751E-5-3.220895037437811E-6i
100,3.060503421538641E-5+1.0269642505295658E-6i,1.5313110819845783E-5+5.138376015431144E-7i
100,0.10934560597036803-5.148302930022475E-15i,0.0547106521790992-2.5759335129884128E-15i
100,0.12728046445414168-1.358433040759283E-15i,0.06368428944306949-6.796867321922169E-16i
100,0.8623521734962634-5.04775490644376E-15i,0.43147458374166137-2.525624697224918E-15i
100,0.9387380882785143+1.8564769750326986E-15i,0.46969398156699843+9.288810936494767E-16i
100,1.0425236549956982-2.9956219808492417E-16i,0.5216226895519657-1.49884790339651E-16i
100,1.0628608660925967+1.2835821717791027E-15i,0.5317983346795518+6.42235388612963E-16i
100,1.2059461983389252+9.771780503073248E-16i,0.6033905287598622+4.889272682973857E-16i
100,1.222108312777394-1.0640047849716439E-15i,0.6114771803785973-5.32370690078356E-16i
100,1.419066730066065,0.7100245647604309
100,1.573073552509875+7.114668497235454E-16i,0.7870812843346487+3.5597969398727104E-16i
100,1.585974369646504+3.288800026283637E-16i,0.7935361584278935+1.6455384075824399E-16i
100,1.659054001988646-4.511380633055843E-16i,0.8301012705873236-2.257251898439608E-16i
100,1.7141164542486564,0.8576515561885765
100,1.7219298277719415-1.1406101606734472E-15i,0.861560947493186-5.706998943282858E-16i
100,1.7532460705863675+1.486949795787137E-15i,0.8772299087922856+7.439895948552198E-16i
100,1.7628193874000393+3.3872924117551356E-16i,0.8820198809337821+1.694818692748002E-16i
100,1.9164367905574184+6.507262664981154E-16i,0.9588817560701035+3.255883774591731E-16i
100,1.936092029403384-9.053728804336087E-16i,0.9687161790124406-4.52999828518172E-16i
100,1.9417383871107612+5.634041297210072E-16i,0.9715413123121801+2.818970831419351E-16i
100,1.9485043214913436-1.0321797364259667E-15i,0.9749266214819235-5.164471497941919E-16i
100,2.0318130804466694+1.237934458823238E-15i,1.016609837686445+6.19395731507981E-16i
100,2.0643044362134693+2.682903703960488E-15i,1.0328667622186158+1.3423805197730262E-15i
100,2.085007150599854-2.2288234113716626E-15i,1.0432252855072761-1.115183196855971E-15i
100,2.1076684296763832-9.193834002958001E-16i,1.054563769084069-4.600099380898034E-16i
100,2.1904682921128815+1.5682681021008623E-15i,1.095992360878312+7.846768957580959E-16i
100,2.192893269237119+2.3021235848423144E-15i,1.0972056888287958+1.151858655918379E-15i
100,2.2551092896386704-9.037788747454404E-16i,1.1283352346569058-4.522022739205002E-16i
100,2.307467013602723+4.0998066600750286E-16i,1.1545322198879615+2.0513224485829268E-16i
100,2.3568233776341465,1.1792274862535799
101,4.901870562257528E-7+3.265811680627021E-5i,2.4526320283168337E-7+1.6340362775038626E-5i
101,5.724904042709824E-7-2.396949732569054E-5i,2.8644336556541174E-7-1.1993045531697734E-5i
101,3.0874836808340773E-6-2.8217596776173435E-5i,1.5448105506547185E-6-1.4118565705965874E-5i
101,5.242245415384071E-6+8.532891394467746E-6i,2.622937273183872E-6+4.269399296129597E-6i
101,5.8743877689077836E-6-9.557772822265215E-6i,2.9392272614682236E-6-4.782194765352577E-6i
101,1.2923944832174277E-5+3.978785873276061E-5i,6.466445946502568E-6+1.9907701647097774E-5i
101,1.700382627586344E-5-6.503480429555514E-6i,8.507798889922428E-6-3.2539913476853616E-6i
101,2.1205037914254636E-5+4.1111106663293603E-7i,1.0609858928266283E-5+2.0569783645104375E-7i
101,2.1552169096772876E-5+1.6131982822511535E-5i,1.0783544676483927E-5+8.071575380914786E-6i
101,2.9702365982145242E-5-4.860288985973137E-6i,1.486146425111797E-5-2.4318268470115097E-6i
101,3.0043017798749335E-5+7.927278253530861E-7i,1.5031908073592699E-5+3.9663830970345127E-7i
101,0.0875563161885348+5.164560294581504E-15i,0.04380846508246788+2.5840678226375716E-15i
101,0.10186715952938805-1.9088417627128175E-15i,0.0509688403482392-9.5508161318362E-16i
101,0.8676418023249653+9.035284659721048E-16i,0.43412122912293144+4.520769828566392E-16i
101,0.9486877791825493+5.718492444618195E-16i,0.474672271032857+2.861225637279805E-16i
101,1.0370497962879157+1.7417933993686788E-16i,0.5188838654613097+8.714996089237902E-17i
101,1.0527620344190314+2.5236056867019786E-16i,0.526745423204925+1.262676371282485E-16i
101,1.2154098633248895+3.204002921056911E-16i,0.6081256370323146+1.603110503061877E-16i
101,1.226785172317945-1.2661570360645189E-15i,0.6138172290101166-6.335167891704529E-16i
101,1.4090924679542138,0.7050339811855176
101,1.5671294662475392+1.1915314448373718E-15i,0.784107183700835+5.961781624459871E-16i
101,1.5921326677852194-2.9959113278548225E-16i,0.796617439147795-1.498992677054682E-16i
101,1.6683054214228705+3.1082324712961733E-16i,0.8347301826166373+1.5551921279301364E-16i
101,1.7079151581204317,0.8545487615904758
101,1.7330143742522115-5.198136342825846E-16i,0.8671070575692458-2.600867468867002E-16i
101,1.7558575574592294,0.8785365561760877
101,1.7737491033729953+2.0880443680381825E-16i,0.8874885221627199+1.0447449455373801E-16i
101,1.9155896889326842-8.227787077319917E-16i,0.9584579120396105-4.116741527893899E-16i
101,1.934176675090416-9.153717298039269E-16i,0.967757838869857-4.580027142330213E-16i
101,1.9393327921323467-7.690371428354764E-16i,0.9703376821435982-3.847847680855315E-16i
101,1.9443475574002778+2.994889097744993E-15i,0.972846800602441+1.498481208162178E-15i
101,2.0100610006767323+1.6446008653411143E-15i,1.0057262684757393+8.228696994144099E-16i
101,2.0525200390608576,1.0269704845581158
101,2.0916412978468055-1.3651010000162366E-15i,1.046544655493037-6.830230198867627E-16i
101,2.1137090430990013-1.5729230019839148E-15i,1.057586166710205-7.870059569596883E-16i
101,2.1845013902159565+1.7060326966903395E-15i,1.093006844529736+8.536068792749647E-16i
101,2.1858195680828696+1.5982259966478427E-15i,1.0936663897409669+7.996662127410037E-16i
101,2.2631110797999736,1.1323388994995867
101,2.3140760425094995+3.134643471508433E-16i,1.1578390220091024+1.568406770013757E-16i
101,2.348927401931319,1.1752767652670497
102,2.8242119589910795E-7-2.4229202194735453E-5i,1.41308356012299E-7-1.2122987861190015E-5i
102,5.51390665684179E-7+3.25756895171865E-5i,2.7588619274947484E-7+1.6299120598884358E-5i
102,3.976609310882616E-6-2.8198042945151497E-5i,1.98968113011166E-6-1.410878202203714E-5i
102,4.322325804981086E-6+9.197238157031282E-6i,2.1626590444352103E-6+4.601802636258089E-6i
102,5.411547158698568E-6-1.0020578808994876E-5i,2.7076467474201275E-6-5.013757955676227E-6i
102,1.687112389111568E-5-6.150349190084394E-6i,8.441401763573891E-6-3.077303494114782E-6i
102,1.8181531712729246E-5+4.006495875742685E-5i,9.097059262609557E-6+2.0046347575608548E-5i
102,2.078038113480565E-5+5.330527278483293E-7i,1.039738354665629E-5+2.6671087628645213E-7i
102,2.9536751584692875E-5+2.664466579283938E-6i,1.4778599726160992E-5+1.333155575556843E-6i
102,3.2946073876799215E-5-1.769978531458318E-6i,1.6484440984569004E-5-8.856019310490715E-7i
102,3.492759741975462E-5+1.863418207152187E-5i,1.747588864614864E-5+9.323541123667229E-6i
102,0.06571348913477155-7.68140981013208E-15i,0.032879490818330505-3.843363769744374E-15i
102,0.07642503288202056+1.8785822926502143E-15i,0.0382389704156703+9.399414040547082E-16i
102,0.8720351069876053+3.572718349479612E-16i,0.4363194021650164+1.787595845463003E-16i
102,0.958080468478201-2.248310585535927E-16i,0.47937186689242917-1.1249335292830783E-16i
102,1.0325197102440107,0.5166172543827022
102,1.0432593398606798-6.537713773170992E-16i,0.5219907866364735-3.271119869118417E-16i
102,1.2236054850315914+2.37384523063877E-16i,0.6122262847410881+1.1877443047477046E-16i
102,1.2305696724429387-3.1200747104612065E-16i,0.6157107890500728-1.561117346618443E-16i
102,1.400466615487378-4.4358556153457185E-16i,0.7007180691753983-2.2194632471436548E-16i
102,1.5623539787573335,0.7817177869551342
102,1.597425396627765+4.643323245008545E-16i,0.7992656356090343+2.323268875400734E-16i
102,1.677188768398192,0.8391749310108688
102,1.702589600587773,0.8518841394207652
102,1.73661270830706,0.8689074701340852
102,1.754731411922121+1.8718871340102192E-15i,0.877973093600367+9.36591507253771E-16i
102,1.7924226433293433+5.50253156854144E-16i,0.8968317558522485+2.753170445939691E-16i
102,1.9162575914059905-6.293185486092995E-16i,0.9587920944658939-3.1487710838741283E-16i
102,1.9326900112299124+5.569596674555037E-16i,0.9670139923416179+2.7867262130498806E-16i
102,1.937455323968125,0.9693982981894051
102,1.9406771711089947+3.3818848005040985E-16i,0.9710103369790217+1.6921130153167987E-16i
102,1.9890567495201066+6.003736897041331E-16i,0.9952168724271776+3.0039465988040285E-16i
102,2.042829892112536,1.022122056909385
102,2.09760069109972-1.7309979790359085E-15i,1.0495264149205445-8.660981620004138E-16i
102,2.119236474414342-3.6611650333241787E-16i,1.0603517956484123-1.8318498025678378E-16i
102,2.1790340759799545+1.0602486280101375E-15i,1.0902712949402922+5.304913114309255E-16i
102,2.1795858629114866+1.7714505780199054E-15i,1.09054737940313+8.863384638681797E-16i
102,2.270558749325658,1.1360653122195912
102,2.31988918109345-9.79997706200981E-16i,1.1607476034771276-4.903380722477919E-16i
102,2.3415546793377815,1.1715878519554592
103,1.8954241538264003E-8-2.4557015226734836E-5i,9.483681643317392E-9-1.228700784730957E-5i
103,7.242595727968799E-7-3.2718015875235745E-5i,3.6238048363288703E-7-1.6370333043152678E-5i
103,5.276330346625417E-6+9.737626211370967E-6i,2.6399915370579885E-6+4.872183714860649E-6i
103,5.509311656988859E-6-1.02548001360244E-5i,2.7565628370421807E-6-5.1309496932162975E-6i
103,7.364928254206442E-6+2.94820706930364E-5i,3.685013443970516E-6+1.4751240352935962E-5i
103,8.52481738230839E-6-2.983176178216548E-5i,4.265359495288765E-6-1.492620694055226E-5i
103,1.534766584735313E-5-6.362954274667347E-6i,7.679145407663888E-6-3.183679628124941E-6i
103,2.0968842992443632E-5+1.2691233796935265E-6i,1.0491679710189856E-5+6.350009877634378E-7i
103,2.692038180353028E-5+2.4879718135469146E-6i,1.3469509198025061E-5+1.2448471002964229E-6i
103,3.2064647225967174E-5-3.4018302206889493E-7i,1.6043422559666513E-5-1.7020926293727587E-7i
103,1.1500283981853872E-4+1.997942132044085E-5i,5.754122731393331E-5+9.99662639300328E-6i
103,0.043830905210037956+6.825284801335196E-14i,0.021930624357153417+3.4150049238406106E-14i
103,0.05096166201787422-2.2784728362708667E-14i,0.025498471021179366-1.1400250950963882E-14i
103,0.8753482953018706+3.5987904602755895E-15i,0.43797714315841985+1.800640925534352E-15i
103,0.9663844983674487,0.4835267562171871
103,1.0291123292680027,0.514912384454316
103,1.0348799696330584+2.1241254627321918E-16i,0.5177982010640132+1.0627979820954292E-16i
103,1.2300441468442236-1.415048182799306E-15i,0.6154478443438145-7.080139001358596E-16i
103,1.233357900386313+7.598219085605678E-16i,0.6171058681467797+3.801739611611082E-16i
103,1.3937046363659387+9.7440148900262E-16i,0.6973347390043108+4.875380265583366E-16i
103,1.5588550240658265+2.1786389982225427E-16i,0.7799670984714164+1.0900736193082662E-16i
103,1.6015627388855842+3.342424174337962E-16i,0.8013357388491662+1.6723690432222091E-16i
103,1.685381197672194-2.896450103345086E-16i,0.8432739813982548-1.4492276370133464E-16i
103,1.698429137204071,0.849802467614481
103,1.731967117473573,0.8665830666795358
103,1.7599459439678524-2.6999878015936984E-16i,0.8805821645959414-1.3509284821269744E-16i
103,1.8080020127193253+1.6490263445922504E-15i,0.9046268332337393+8.25083970887745E-16i
103,1.9190984480931654-1.6043198088840303E-15i,0.9602135061515618-8.027152281883107E-16i
103,1.9316298524829463+7.391289641718112E-16i,0.9664835460018208+3.698203262530763E-16i
103,1.936110817536168+7.726666150459641E-16i,0.9687255795822095+3.8660076050643876E-16i
103,1.937705846281047+9.065385308294486E-15i,0.9695236460623603+4.5358305719758056E-15i
103,1.9694404933346557,0.985401954308665
103,2.0356033569515377+8.102219594043566E-16i,1.018506287915791+4.053914321975821E-16i
103,2.102478362911816+3.5994063487754204E-16i,1.0519669391975577+1.8009490829696355E-16i
103,2.1239111855465898+7.430953126377213E-16i,1.0626907693321237+3.718048734089841E-16i
103,2.1744037099848934+2.914857517057784E-16i,1.0879545091749239+1.4584377154633676E-16i
103,2.174537661896322,1.0880215314971275
103,2.2770221301045463-1.022994072032096E-15i,1.1392992398617376-5.118511380456888E-16i
103,2.3245543023382402-3.607812977917084E-16i,1.16308177889764-1.8051553074345939E-16i
103,2.335141260622417,1.1683789226390828
104,4.741199666800159E-12+3.180142801347662E-5i,2.3722409655149624E-12+1.591172184198674E-5i
104,1.315478776652555E-10+2.3096862169207955E-5i,6.581947318297221E-11+1.1556425897082418E-5i
104,2.468613113216095E-10-2.480363872199545E-5i,1.2351610492563297E-10-1.241040496188639E-5i
104,4.327691706560856E-10+2.725572781562421E-5i,2.1653438525932778E-10+1.3637298281678691E-5i
104,2.092971024260682E-9-2.5924578473621666E-5i,1.0472099789751959E-9-1.2971262842920651E-5i
104,2.1927606660588567E-9+3.1213100209108305E-5i,1.0971393413400296E-9+1.561735429437069E-5i
104,3.791496577751882E-9+2.6689073952469902E-5i,1.897060688107045E-9+1.3353775206948285E-5i
104,4.562880401252476E-9-1.8918274608151266E-5i,2.2830196088117447E-9-9.465685728567226E-6i
104,5.7519945101468235E-9-2.1365881796156075E-5i,2.8779882665427943E-9-1.0690336544168202E-5i
104,1.569268591159981E-8-1.6393159243659753E-5i,7.851774865997367E-9-8.202253995825881E-6i
104,4.362802277263024E-8-1.1341012059995883E-6i,2.1829112912155165E-8-5.674431639635786E-7i
104,5.679922195908466E-8+8.377244704456942E-6i,2.8419271621111623E-8+4.191522075143536E-6i
104,6.172901011558395E-8-1.3017139423008778E-5i,3.08858721100235E-8-6.513075500556177E-6i
104,4.58575268943405E-6-4.3293991455466025E-8i,2.294463669980342E-6-2.1661981631038576E-8i
104,1.1319875562638045E-5+2.2269687540547406E-8i,5.663856074710548E-6+1.1142552262212382E-8i
104,1.5087849108807186E-5+4.83564327822562E-8i,7.54914710469827E-6+2.4194954622035322E-8i
104,1.7744443977027185E-5-2.3464992723183392E-8i,8.878364099987057E-6-1.1740618599809834E-8i
104,2.017615748425597E-5-5.091607600658863E-9i,1.0095062573716898E-5-2.5475662236267108E-9i
104,2.2221868052991022E-5+4.709019654415872E-9i,1.1118625966063005E-5+2.3561398204433176E-9i
104,2.4252928281819987E-5-3.5524433177795256E-8i,1.2134859117346434E-5-1.777451311556773E-8i
104,2.4821810515561553E-5+1.0889888153177006E-9i,1.2419497148704898E-5+5.448713532935344E-10i
104,2.6018809605345998E-5+1.0377468511563301E-9i,1.3018411026210337E-5+5.19232634176039E-10i
104,2.6778390096529447E-5-2.7227840111480525E-9i,1.3398464195117999E-5-1.3623344776478928E-9i
104,2.839446039619736E-5+1.1568686574550831E-10i,1.4207058736046E-5+5.7883477048065845E-11i
104,3.0922336024320836E-5-3.926091537446501E-9i,1.5471871556048704E-5-1.964404757030196E-9i
104,0.021922003838309938+5.170824809267395E-13i,0.010968590062884405+2.5872022483971534E-13i
104,0.025484302401360737+7.685306555300703E-15i,0.01275097240839898+3.8453134911589585E-15i
104,0.8774155318394575+7.485749629492882E-15i,0.439011476986251+3.745465953062543E-15i
104,0.9725499849850324+2.53219595155344E-16i,0.48661163366476307+1.2669744771665203E-16i
104,1.0269899866097694,0.513850478491575
104,1.0286705796429252+4.1916538334448877E-16i,0.5146913567333263+2.0972778275053642E-16i
104,1.2342003870880704+1.9958211686569669E-16i,0.6175274031183619+9.986014234505693E-17i
104,1.2350668602198094,0.6179609396076647
104,1.3893484380731276,0.6951551319912428
104,1.5567184759571187,0.7788980848663236
104,1.604226092591593,0.8026683376028724
104,1.6919909434371965,0.8465811421966442
104,1.6957520417164993-3.718270868949802E-16i,0.8484629932133745-1.8604224871543308E-16i
104,1.726317498584955,0.8637563016603415
104,1.764560454296097+9.277213111598444E-16i,0.8828910170395766+4.641817796296152E-16i
105,5.4616004097050885E-6i,2.7326906984957015E-6i
105,1.4796322859415122E-5i,7.403283070290807E-6i
105,2.0356279691470653E-5i,1.0185186025328888E-5i
105,2.4436444335699746E-5i,1.222668066704654E-5i
105,2.671048693688211E-5i,1.336448911110471E-5i
105,3.139047225617946E-5i,1.5706101713962792E-5i
105,3.197350037721915E-5i,1.599781758546732E-5i
105,8.908219632472087E-7,4.457193332297949E-7
105,1.197235476554347E-5,5.990321527139687E-6
105,1.812364432030014E-5,9.068095529091065E-6
105,2.2161604606349144E-5,1.1088473382984075E-5
105,2.598148907703628E-5,1.2999737843823416E-5
105,2.840413527107213E-5,1.4211899522371638E-5
105,3.101774163981149E-5,1.5519607387760647E-5
105,0.8781189336966139,0.4393634213923156
105,0.9749376960761046,0.4878063156992951
105,1.0262684515592508,0.513489461212155
105,1.0262684515973817,0.5134894612312335
105,1.2356427358098683,0.618249076737882
105,1.235642737312156,0.6182490774895457
105,1.3878384809002626,0.6943996307440109
105,1.5559998788034888,0.7785385375522799
105,1.605149328758287,0.8031302752577687
105,1.6948242470418222,0.847998774726592
105,1.6948242467296968,0.8479987745704213
105,1.7237145111551602,0.8624539069400939
105,1.7662489467751579,0.8837358477386168
105,1.8225060299110336,0.9118838622906753
105,1.9307828171845198,0.96605973515744
105,1.930782829333499,0.9660597412361349
105,1.9350331364285995,0.9681863659968721
105,1.9350331365268554,0.968186366046034
105,1.9422921446145203,0.9718183827432311
105,2.0296308868128343,1.015517985518919
105,2.1069314536583224,1.0541950259760984
105,2.128390371628314,1.0649319128109858
105,2.1699608050041737,1.0857315188050063
105,2.169960848113264,1.0857315403744732
105,2.283482616060372,1.1425317190903308
105,2.328718750726449,1.1651654445855584
