% Model,yuin.mph
% Version,COMSOL 5.4.0.388
% Date,"Aug 12 2026, 12:36"
% Table,Table 3 - Global Evaluation 1 (freq*a/(c_const))
% U,lambda (THz),freq*a/(c_const) (1)
0,1.0225267778220427E-6i,1.0232346583802745E-6i
0,3.1928663372610947E-6i,3.195076712631404E-6i
0,4.1675558695510725E-6i,4.1704410084436534E-6i
0,4.907493133749433E-6i,4.91089052055082E-6i
0,3.28433919116925E-7,3.2866128918786047E-7
0,2.7564722735910794E-6,2.7583805396376036E-6
0,4.124722905141452E-6,4.127578391389805E-6
0,5.145961727022812E-6,5.1495242021960525E-6
0,5.839378971884918E-6,5.8434214898277225E-6
0,0.4390594712388094,0.43936342578585746
0,0.4874688783092518,0.48780634599145095
0,0.513134257510158,0.5134894929646542
0,0.513134258433203,0.5134894938883382
0,0.6178206990247401,0.6182484073946317
0,0.6178206994991126,0.6182484078693326
0,0.6938632211550028,0.6943435726675312
0,0.7779999126816333,0.7785385108136709
0,0.8025748424906799,0.803130453492609
0,0.8474123437863924,0.84799899514456
0,0.8474123530845208,0.8479990044491253
0,0.861857452347537,0.8624541038462717
0,0.8831245437033882,0.8837359181031046
0,0.9112494028161954,0.9118802476507217
0,0.9653863645116384,0.9660546875848741
0,0.9653863666497359,0.9660546897244517
0,0.9675166780852165,0.9681864759438508
0,0.9675166789021052,0.9681864767613051
0,0.9711437823140758,0.9718160911647173
0,1.0148156142446023,1.0155181564753728
0,1.053434449373963,1.0541637268679682
1,8.90444331401639E-12+4.313690484122703E-6i,8.910607731849334E-12+4.316676789903804E-6i
1,3.4667026898679026E-10+4.948477228741618E-6i,3.469102638200361E-10+4.951902988241569E-6i
1,8.188546170140964E-10-4.561557805362767E-6i,8.194214982694091E-10-4.564715706119699E-6i
1,8.258877001230753E-10-3.1312736885386294E-6i,8.264594502805089E-10-3.133441424205504E-6i
1,1.6596797081035676E-9+2.0446783089855243E-6i,1.6608286804568989E-9+2.0460938103241315E-6i
1,5.086771223571608E-9-3.783848287640495E-6i,5.09029272201198E-9-3.786467791301636E-6i
1,1.6857233594689816E-8+5.602816301605672E-7i,1.68689036146698E-8+5.606695050619658E-7i
1,9.016419508869909E-7-6.4332451574119874E-9i,9.022661446209473E-7-6.437698800360069E-9i
1,2.450970464712519E-6-6.627060361431842E-9i,2.4526672362576767E-6-6.631648179853651E-9i
1,3.420744508823199E-6-4.44836688850371E-9i,3.4231126409689722E-6-4.451446428819476E-9i
1,4.1042712889140416E-6-1.9558579530652977E-9i,4.1071126168030966E-6-1.957211965351007E-9i
1,4.629301845046147E-6-2.303789937622448E-9i,4.632506644025861E-6-2.305384818208917E-9i
1,4.991074502226423E-6+2.2506490266823654E-10i,4.994529751205172E-6+2.252207118581714E-10i
1,5.414580915544564E-6-3.085935627497096E-10i,5.4183293519124134E-6-3.088071976277431E-10i
1,5.852273899848498E-6+6.276387280177817E-12i,5.856325344764174E-6+6.280732332677112E-12i
1,0.0077509842885723455+1.3730567334594533E-13i,0.007756350183338179+1.3740072808563985E-13i
1,0.009009750898434862+3.1810323911505594E-14i,0.009015988219191485+3.183234574050451E-14i
1,0.4388821050423227-4.0391274474202634E-15i,0.43918593680130813-4.041923677166284E-15i
1,0.48686491408704835,0.48720196365351687
1,0.5131468326629471,0.5135020768230405
1,0.5139111045714665,0.5142668778259923
1,0.6172319670344057+7.383133310531329E-17i,0.6176592678336215+7.388244547364159E-17i
1,0.6179040172150984,0.618331783264973
1,0.6942411878591606+1.5050097302778655E-16i,0.6947218010325935+1.506051626833653E-16i
1,0.7781799962854808-9.013417186049175E-17i,0.7787187190868031-9.0196570449239E-17i
1,0.8023418590838878-1.4529681178968603E-15i,0.8028973087947606-1.4539739867940842E-15i
1,0.8468988089798145+2.979249692959412E-16i,0.8474851048252333+2.9813121846041355E-16i
1,0.8474130693574795,0.8479997212179494
1,0.8625489716079906-1.5622720223130387E-15i,0.8631461018355477-1.5633535607287077E-15i
1,0.882699537318137+4.822562777655648E-16i,0.8833106174920553+4.82590136839498E-16i
2,1.7044072611709626E-11+4.948569814511758E-6i,1.7055871977649575E-11+4.951995638107505E-6i
2,7.115713948197667E-10+3.6085329634075674E-6i,7.120640054458275E-10+3.611031098795254E-6i
2,8.650223392547293E-10+4.42897053642673E-6i,8.65621181759078E-10+4.432036648927369E-6i
2,1.6278232021687024E-9-1.0236622004732904E-6i,1.628950120721885E-9-1.0243708670682672E-6i
2,2.4982721829562993E-9+4.594507935084571E-6i,2.50000170079959E-9+4.597688646741644E-6i
2,2.7278170640753186E-9+4.110519113555349E-6i,2.7297054925330897E-9+4.1133647667234E-6i
2,3.316591247181601E-9-3.077763693265876E-6i,3.318887275524724E-9-3.0798943847338637E-6i
2,1.2979566622096397E-8-2.274085337132882E-6i,1.2988552189091158E-8-2.2756596536523434E-6i
2,4.492293335431466E-7-8.408825242683567E-9i,4.495403285393656E-7-8.414646551265375E-9i
2,1.6922864489089714E-6+1.0931598222534615E-10i,1.6934579944392442E-6+1.0939166010508457E-10i
2,2.8319649758502765E-6+5.7178495948748E-9i,2.833925504407062E-6+5.721807979780599E-9i
2,3.574681142528205E-6-4.3481886878388105E-9i,3.5771558427879515E-6-4.351198876229378E-9i
2,4.081070350049997E-6-2.7194725589884265E-9i,4.083895616263298E-6-2.7213552106655327E-9i
2,4.465594928924543E-6+2.5949759683351767E-9i,4.468686395964514E-6+2.596772432816015E-9i
2,4.898928258804196E-6-2.168735204533063E-9i,4.90231971626604E-6-2.170236588673351E-9i
2,5.075286871460342E-6-5.640650840945073E-12i,5.078800419449186E-6-5.644555782265616E-12i
2,5.415047718370841E-6+4.0525894395908497E-10i,5.418796477899561E-6+4.055394988880124E-10i
2,5.852306734503142E-6-5.615597841421149E-13i,5.856358202149777E-6-5.619485438911024E-13i
2,0.015499654836950868+4.070961398192145E-13i,0.015510385024713531+4.0737796661237003E-13i
2,0.018015821161266692-3.6040392074449817E-14i,0.018028293254728937-3.606534231870151E-14i
2,0.4383431516161797-4.655407366765308E-15i,0.438646610265472-4.6586302382216445E-15i
2,0.48526314235692747,0.48559908303990174
2,0.5131844624320423+9.528199405530692E-17i,0.5135397326426828+9.534795640720246E-17i
2,0.5160382524109336-1.4553664143018173E-16i,0.516395498259266-1.4563739435050938E-16i
2,0.6155066895226741-1.4713941562867204E-16i,0.6159327959371219-1.4724127812648845E-16i
2,0.6181538992706348,0.6185818383102567
2,0.6953339159146481,0.6958152855679725
2,0.7787205452885805-1.0946093541494411E-16i,0.7792596423041906-1.0953671364368756E-16i
2,0.801645679790493-9.484410794427073E-16i,0.8022006475464698-9.490976715391958E-16i
2,0.8456124690076519+6.952528140812178E-16i,0.8461978743384383+6.957341275889113E-16i
3,5.421121896389184E-8+4.575125981190483E-6i,5.424874860983844E-8+4.578293275000083E-6i
3,3.170867273902905E-7-4.774255033121752E-6i,3.1730624196385605E-7-4.777560181105441E-6i
3,8.892323720035943E-7+1.2826137471058027E-6i,8.898479747648564E-7+1.2835016821261753E-6i
3,1.5596936028000948E-6-1.047772073869788E-6i,1.5607733562130786E-6-1.0484974313828014E-6i
3,4.0417358699557735E-6-9.854922700140714E-8i,4.04453390547514E-6-9.861745121160499E-8i
3,4.460129784036372E-6-2.3037939672763124E-6i,4.463217467635264E-6-2.305388850652453E-6i
3,5.7646629872716305E-6+9.236012584741557E-8i,5.7686537804146124E-6+9.242406543204189E-8i
3,7.975816714640742E-6+1.3416028758352765E-6i,7.981338257656308E-6+1.3425316481796981E-6i
3,3.521053881328814E-5+3.316950184329333E-6i,3.523491456208161E-5+3.319246461159473E-6i
3,0.023243687798296546+2.4307907105321508E-14i,0.023259779068521343+2.43247351192419E-14i
3,0.027014488061682693+6.381621591419732E-15i,0.0270331898026094+6.386039496116742E-15i
3,0.4374234585763542-1.5387146146481048E-15i,0.43772628053540374-1.5397798446098047E-15i
3,0.4830889293070558,0.4834233648136563
3,0.513246867789454+7.556888512175732E-17i,0.5136021812024244+7.562120037231622E-17i
3,0.5191091080789971+1.0430447939983981E-16i,0.5194684798364712+1.0437668788836555E-16i
3,0.6127539172673026-2.0572022871065887E-16i,0.6131781179771733-2.058626458614835E-16i
3,0.6185701280775332-1.6904939893103393E-16i,0.6189983552663622-1.6916642939466534E-16i
3,0.6970318271218892,0.697514372214683
3,0.7796222263719136,0.7801619476083487
3,0.8004953378482144+6.36521469512804E-16i,0.801049509239036+6.369621241567097E-16i
3,0.8439850555424844+4.6453077956495E-16i,0.8445693342383727+4.648523675318243E-16i
3,0.8474187918823234+2.8711370731525624E-15i,0.8480054477044149+2.8731247199880144E-15i
3,0.8666678700151278-1.465969894766886E-15i,0.8672678516967173-1.4669847646069394E-15i
3,0.8797163749260518-3.242286836584202E-15i,0.8803253898996203-3.244531425054264E-15i
3,0.9035591657657658+4.0244753449018356E-16i,0.9041846867599641+4.027261431208355E-16i
3,0.9541418551951663-1.0509742075784834E-15i,0.9548023938565855-1.0517017818825347E-15i
3,0.9647952722221002+1.1342141892194892E-15i,0.9654631860906588+1.1349993893637135E-15i
3,0.9723881660274492-1.3122341639008417E-15i,0.9730613363470096-1.3131426047090634E-15i
3,0.9733001365728051+1.678403079999246E-16i,0.9739739382364366+1.6795650142732201E-16i
3,0.9831781040855323+6.2231839091407E-16i,0.9838587441237754+6.22749212971265E-16i
4,2.7879311278074346E-8+4.9828561811622775E-6i,2.7898611723655513E-8+4.986305740715742E-6i
4,9.690739652019154E-7+3.2394665735939364E-6i,9.697448411479872E-7+3.2417092096365576E-6i
4,1.4564212987675579E-6-1.7615925692648778E-6i,1.4574295582521535E-6-1.7628120944238808E-6i
4,1.7855236193906898E-6+1.061940638362742E-6i,1.786759711670955E-6+1.062675804568848E-6i
4,4.074878201778797E-6-2.8246706635347427E-7i,4.077699181257053E-6-2.826626142344191E-7i
4,5.9087204204551E-6+1.260199778126841E-7i,5.912810942483849E-6+1.261072196279375E-7i
4,3.944367201446375E-5+3.1083140491912104E-5i,3.9470978300391814E-5+3.110465890230511E-5i
4,0.03098073922549285-5.723583860817419E-14i,0.03100218674496426-5.727546215472924E-14i
4,0.03600194365321744+7.736132401330852E-15i,0.03602686728018098+7.741488014349098E-15i
4,0.4360959102398034+4.847805300833478E-16i,0.4363978131562636+4.851161366607972E-16i
4,0.4807128807280318+1.7959541346978128E-16i,0.4810456713304293+1.797197447873568E-16i
4,0.5133335841873546,0.5136889576328381
4,0.5227795522205639,0.5231414649736424
4,0.6091193226639418-8.818287622291554E-17i,0.6095410071963269-8.824392395780237E-17i
4,0.6191523426140014-3.016143234515268E-16i,0.6195809728615669-3.0182312670273395E-16i
4,0.6991891043057883+2.0884797472933707E-16i,0.6996731428504999+2.0899255717367351E-16i
4,0.7808854186083775+1.3458827686515482E-16i,0.7814260143346008+1.3468145039041124E-16i
4,0.7989077211710253-4.968407693809207E-16i,0.7994607934776917-4.971847250883015E-16i
4,0.8423020523293583-4.700921896869194E-16i,0.8428851659063666-4.704176277379058E-16i
4,0.8474237844272886+1.938796140044141E-15i,0.848010443705647+1.94013834068248E-15i
4,0.8687718796255871,0.8693733178827204
4,0.8779774123887666+3.5060511768624245E-16i,0.8785852235036211+3.508478365585592E-16i
4,0.8986291095990531+5.158362908357676E-16i,0.8992512175863875+5.161933968690108E-16i
4,0.9497864969580917-9.156226311057747E-16i,0.9504440204677447-9.162565034632471E-16i
4,0.9628991576217596-4.982967970848145E-16i,0.9635657588374951-4.986417607792001E-16i
4,0.9758904810109665+1.507809468035289E-15i,0.9765660759327373+1.508853302809194E-15i
4,0.9784009501518083,0.9790782830352006
4,0.9881454864539909+7.298974729919659E-16i,0.9888295653394898+7.30402770497948E-16i
4,1.0203091648021705+9.823318173230392E-16i,1.0210155101388545+9.83011871489148E-16i
4,1.0483799681177883-4.1494095385222757E-16i,1.0491057464672326-4.1522821149712934E-16i
5,7.3590106406592E-8-4.968697665798356E-6i,7.364105177715178E-8-4.9721374236155966E-6i
5,9.103115547206573E-7+2.813572715972622E-6i,9.109417502964573E-7+2.8155205118328447E-6i
5,1.4212963908475455E-6-1.97841109140681E-6i,1.4222803338643817E-6-1.9797807169053033E-6i
5,2.015047670138099E-6+1.0877461876156518E-6i,2.016442658612278E-6+1.0884992186317627E-6i
5,4.147826820954796E-6-1.2316650975910434E-7i,4.150698301711241E-6-1.2325177615953E-7i
5,5.945020744577941E-6+1.0619742907866295E-7i,5.949136396798155E-6+1.0627094802898237E-7i
5,2.333887776467719E-5+2.0912671710156243E-5i,2.3355034933544446E-5+2.0927149251522773E-5i
5,0.03870843403246165+6.757710587240948E-14i,0.03873523132372628+6.762388852931998E-14i
5,0.04497424956606901+8.901461309510736E-15i,0.04500538459116508+8.907623662944917E-15i
5,0.4343325952013413-4.2758115216663697E-16i,0.4346332774002019-4.278771604387429E-16i
5,0.4783834487214697-6.681032183719528E-17i,0.4787146266916458-6.685657366056416E-17i
5,0.5134439649418023-7.892280066193215E-17i,0.5137994148022919-7.897743777990453E-17i
5,0.5268281695199902-7.142702069766191E-17i,0.5271928850725026-7.147646859514582E-17i
5,0.6047542257894029-1.224508033933756E-16i,0.6051728884281034-1.225355743205944E-16i
5,0.6199000392497561-1.3466353896570414E-16i,0.6203291871169314-1.3475676459382855E-16i
5,0.7016556682418453+2.5814392931699276E-16i,0.7021414143532376+2.5832263864055526E-16i
5,0.7825092151397005+5.059001263072987E-16i,0.7830509349968708+5.062503536769747E-16i
5,0.7969087134270868,0.797460401849489
5,0.8407019931688612+3.656587098085206E-16i,0.8412839990479626+3.6591185006580843E-16i
5,0.8474301829417276+1.5595389174709698E-15i,0.8480168466496854+1.5606185637975286E-15i
5,0.8690702586970098-2.1388754111635105E-15i,0.869671903517676-2.1403561237989954E-15i
5,0.8778336360740981-1.1269054308290041E-15i,0.8784413476546812-1.1276855712250813E-15i
5,0.8931065277656132+3.288512623120913E-16i,0.8937248125491+3.2907892130370867E-16i
5,0.9454990978163512-8.951634147037988E-16i,0.9461536532213406-8.957831234404825E-16i
5,0.960676988403467+1.2517189480678755E-15i,0.9613420512434642+1.2525854950639306E-15i
5,0.9801024416629379+4.4107456893992665E-16i,0.9807809524643926+4.413799185100847E-16i
5,0.984138829779411-2.5282893083827087E-16i,0.9848201349142122-2.5300396066495196E-16i
5,0.9932163063780421+7.232777111504062E-16i,0.9939038957191265+7.237784258906268E-16i
5,1.0230249331902115-1.5830208321097368E-15i,1.0237331586142284-1.5841167346275302E-15i
5,1.0456523075586364-5.142872273552306E-16i,1.0463761975879688-5.146432609941415E-16i
6,1.0955028081965132E-7-4.8847652451512575E-6i,1.0962612090093139E-7-4.888146897762775E-6i
6,8.722782359331308E-7+2.4906216837310092E-6i,8.728821015902249E-7+2.492345905243896E-6i
6,1.4936402617003089E-6-2.105301202941426E-6i,1.4946742873367835E-6-2.106758672636213E-6i
6,2.1931034448071644E-6+1.222535786475714E-6i,2.1946216987291563E-6+1.2233821303893982E-6i
6,4.351216505728939E-6-1.4339124737395057E-8i,4.354228790234214E-6-1.4349051506887865E-8i
6,5.9472095852238165E-6+1.0995933492519032E-7i,5.951326752746878E-6+1.1003545818873501E-7i
6,1.6668067862180045E-5+1.4267310458121153E-5i,1.667960692544845E-5+1.4277187511622944E-5i
6,0.046424354037820324-2.6964123843139438E-14i,0.04645649294935264-2.6982790717643172E-14i
6,0.053927288573999414-3.896761291117445E-15i,0.05396462165902727-3.899458962824319E-15i
6,0.43211365192637763-2.1639254239252425E-16i,0.43241279798277404-2.165423478323703E-16i
6,0.4762522607493958-1.456202573482538E-16i,0.4765819633288398-1.4572106815467698E-16i
6,0.5135771849280548,0.5139327270148218
6,0.5311220807237291,0.5314897688891117
6,0.599796103710544-4.442203661326541E-16i,0.6002113339127537-4.445278934928917E-16i
6,0.6208125735154119-2.1006792600842097E-16i,0.6212423531169138-2.1021335300745386E-16i
6,0.7042978653842561+5.459006245174159E-16i,0.7047854406506677+5.462785436557739E-16i
6,0.7844902315388294-5.286081103067254E-16i,0.7850333228251152-5.289740580866033E-16i
6,0.7945327152900588+1.6943464444048036E-16i,0.7950827588431781+1.6955194160402829E-16i
6,0.8392382437069866+1.2332247714549118E-16i,0.8398192362534216+1.2340785151989164E-16i
6,0.8474379714418756-4.009886187558496E-16i,0.8480246405416999-4.012662174001551E-16i
6,0.8668289741107408+2.282001691855944E-16i,0.8674290673223748+2.28358148875374E-16i
6,0.8800636689929255-2.7398540318052553E-16i,0.8806729243931735-2.7417507932823864E-16i
6,0.8872002171157933+9.850494203712525E-16i,0.8878144130455009+9.857313558948029E-16i
6,0.9412956082481699-5.686203975314262E-16i,0.9419472536378849-5.690140452413511E-16i
6,0.9582193719240752+7.104143135823351E-16i,0.9588827333915871+7.109061231777235E-16i
6,0.9848918136822196+7.596263053858196E-16i,0.9855736400969296+7.601521837342081E-16i
6,0.9903013258357455-1.1734803857797318E-15i,0.9909868971777922-1.174292769346184E-15i
6,0.9983708095935077+5.596466051400814E-16i,0.9990619673229147+5.600340404228061E-16i
6,1.026086636103992-6.133342694287568E-16i,1.0267969811008308-6.137588719080686E-16i
6,1.042563538872033-4.4348697498128076E-16i,1.0432852905912993-4.437939946253892E-16i
7,1.1790305539435357E-8+4.80931201578921E-6i,1.1798467798114544E-8+4.812641433216985E-6i
7,1.1818660446339605E-6+2.4185049508588526E-6i,1.1826842334712375E-6+2.4201792469964534E-6i
7,1.5206480732991097E-6-1.9747317982985286E-6i,1.521700796054492E-6-1.976098876675405E-6i
7,2.036945840080823E-6+1.6729556261118823E-6i,2.038355988342598E-6+1.6741137891920037E-6i
7,4.537517276860943E-6+1.2370319708656987E-7i,4.5406585347063096E-6+1.2378883502790106E-7i
7,5.886716034559905E-6+1.377144658519484E-7i,5.890791323269285E-6+1.378098035928059E-7i
7,1.3882346566378628E-5+9.560718647615756E-6i,1.389195711492378E-5+9.567337395408148E-6i
7,0.05412602452535671+3.838716880567325E-14i,0.054163495192420794+3.841374368964937E-14i
7,0.06285671167403142+3.5800055864502565E-15i,0.06290022647003823+3.582483972745829E-15i
7,0.429435103210508+3.9606136552308777E-16i,0.4297323949462144+3.9633555310096E-16i
7,0.47440268342913156,0.4747311055728408
7,0.513732245348271,0.5140878947811331
7,0.535580553454494+8.938396233418559E-17i,0.5359513281563214+8.944584156368494E-17i
7,0.5943609164362209-2.8867054483722986E-16i,0.5947723839365775-2.8887038729696444E-16i
7,0.6218891623331073-4.3393704867041705E-16i,0.6223196872415389-4.3423745703811237E-16i
7,0.7070073278835722,0.7074967788718409
7,0.7868214258306594+9.082866872999019E-17i,0.7873661309691714+9.089154810891558E-17i
7,0.7918203167073906,0.7923684825060447
7,0.8379166994045476-1.6133535834185404E-16i,0.8384967770648996-1.6144704848631053E-16i
7,0.8474471296740242-3.044339088638808E-16i,0.8480338051139608-3.046446640734512E-16i
7,0.8633996074925021-5.397286631418253E-16i,0.8639973266030282-5.401023095202334E-16i
7,0.8810452166239854+5.599884501941816E-16i,0.8816551515355185+5.603761221313129E-16i
7,0.8833818301334395,0.8839933826488452
7,0.9371843790642653-8.180500893197818E-16i,0.9378331783092408-8.186164136121616E-16i
7,0.9555998979228342+1.746773347610707E-16i,0.9562614459662299+1.7479826136360378E-16i
7,0.9901462734343898-3.5389624578339258E-15i,0.9908317374358927-3.541412430562805E-15i
7,0.9967483322377234-4.245879875246072E-16i,0.9974383667494297-4.2488192367194957E-16i
7,1.0035936960175094+6.890852913550295E-16i,1.004288469475949+6.895623351755861E-16i
7,1.0294211428170377+8.19028174859159E-16i,1.0301337962448383+8.195951762660675E-16i
7,1.0392296429394998-6.322795040488871E-16i,1.0399490866506385-6.3271722204121E-16i
8,2.1470675977252083E-7+4.770055935046748E-6i,2.1485539816934369E-7+4.7733581760553305E-6i
8,1.393300868785946E-6+1.600990182941137E-6i,1.3942654309061498E-6+1.6020985253816529E-6i
8,1.4616035537558282E-6-1.824820577447816E-6i,1.462615400840899E-6-1.8260838744460502E-6i
8,1.6862499027027898E-6+3.1423479035803986E-6i,1.6874172692190838E-6+3.1445233057668167E-6i
8,4.577512712758293E-6+2.2773501634433859E-7i,4.580681658867775E-6+2.2789267401550697E-7i
8,5.806850633211636E-6+1.1945963517323516E-7i,5.8108706322541665E-6+1.195423353577846E-7i
8,1.2401772908405633E-5+6.527785219576425E-6i,1.2410358477135839E-5+6.5323043112476404E-6i
8,0.061810898801362556+2.566863356147185E-14i,0.06185368959618312+2.5686403586715828E-14i
8,0.07175787924949004+2.255825774744205E-15i,0.07180755619558317+2.2573874504316634E-15i
8,0.42631250337116033-1.804156872155494E-15i,0.4266076333759807-1.805405863968226E-15i
8,0.4728686018940906+6.103758483318342E-16i,0.4731959620152525+6.107984027388383E-16i
8,0.5139079795822733,0.5142637506734141
8,0.5401525875391231-4.49421191973054E-16i,0.5405265273942846-4.497323197901004E-16i
8,0.5885428513533266-4.353147259737848E-16i,0.5889502910910387-4.3561608808763105E-16i
8,0.6231288866746101-3.514188646328353E-16i,0.6235602698263444-3.5166214685044073E-16i
8,0.7097021726493501+1.360224557165608E-15i,0.7101934892398294+1.3611662210317591E-15i
8,0.7888148836652937+2.4937374482920714E-16i,0.7893609688459478+2.49546382680388E-16i
8,0.7894911606262779+3.67784766453239E-16i,0.79003771398373+3.68039378548915E-16i
8,0.8367140974281494+5.282052971077839E-16i,0.8372933425444773+5.28570966025887E-16i
8,0.8474576326594472-1.3959712114458744E-15i,0.8480443153704491-1.3969376222058338E-15i
8,0.8595319562005895-6.970465050023846E-15i,0.8601269977918419-6.975290602564637E-15i
8,0.8747294508530082+1.1152280139645522E-15i,0.8753350134508803+1.1160000702531537E-15i
8,0.887109700003642,0.8877238332696566
8,0.9331710234394325-7.244442718318058E-16i,0.9338170442961234-7.249457941651812E-16i
8,0.9528761872959362+1.3716242151011385E-15i,0.9535358497537014+1.3725737707862603E-15i
8,0.9957742770623356-2.3370317648590326E-15i,0.9964636372496757-2.3386496582836307E-15i
8,1.003384942776708-1.0261900642409683E-15i,1.0040795717182864-1.0269004808396163E-15i
8,1.0088648573494643+1.8698294696905573E-16i,1.0095632799569605+1.8711239256965137E-16i
8,1.0329713561122311+1.0754647634592172E-15i,1.0336864673015533+1.0762092922223051E-15i
8,1.0357378481196595-1.0057745446143014E-15i,1.0364548745115456-1.0064708278428086E-15i
9,5.744783918727667E-7+4.788856994999288E-6i,5.748760949877864E-7+4.792172251710836E-6i
9,1.2071777675956367E-6+3.867308959952643E-6i,1.2080134793740908E-6+3.869986242234929E-6i
9,1.2764685753085601E-6+1.4215112733435936E-6i,1.277352256115022E-6+1.4224953651204864E-6i
9,1.3506377562889778E-6-1.6921708277852887E-6i,1.3515727833509852E-6-1.6933422932727232E-6i
9,4.600868312570171E-6+2.947415081790256E-7i,4.604053427424952E-6+2.949455534792262E-7i
9,5.764907912326724E-6+8.282954700737577E-8i,5.768898875027794E-6+8.28868887095643E-8i
9,1.1279770182552557E-5+4.462090363121084E-6i,1.1287579004958713E-5+4.465179404000634E-6i
9,0.06947634009780121-2.337255450411984E-14i,0.06952443756720644-2.338873498690868E-14i
9,0.08062579466049842+4.8485123881411636E-15i,0.08068161073668347+4.851868943422015E-15i
9,0.42277896469898857-1.2292171219515973E-15i,0.42307164848588874-1.2300680912575834E-15i
9,0.4716487990505824+5.990213807217697E-17i,0.47197531471980764+5.994360745944145E-17i
9,0.5141030601324914,0.5144589662750869
9,0.5448045245301084,0.5451816848542351
9,0.5824173286581928-5.675287955015651E-16i,0.5828205277847845-5.679216875111298E-16i
9,0.6245306946048697-3.371517348337542E-16i,0.6249630482080403-3.373851401229255E-16i
9,0.7123244945488542+6.701905287421696E-16i,0.7128176265350085+6.706544919907587E-16i
9,0.7855591875567012+6.875870335955804E-16i,0.7861030188658393+6.880630401938734E-16i
9,0.7924827082823538,0.7930313326451531
9,0.8355847589283144,0.8361632222198675
9,0.8474694501366513+1.8358105504790193E-15i,0.8480561410287226+1.8370814556772667E-15i
9,0.855507571478734+2.6854364255427303E-15i,0.8560998270464169+2.687295514494961E-15i
9,0.8683115222681005+7.032104846748894E-16i,0.8689126418264669+7.036973071633003E-16i
9,0.8910416753342079+2.1986576026338294E-16i,0.8916585306501018+2.2001797016192743E-16i
9,0.9292601317876051-1.4647835433742302E-16i,0.9299034451903441-1.4657975919203047E-16i
9,0.9500927676916061+3.0535161804817833E-15i,0.950750503228076+3.0556300857459693E-15i
9,1.0017025012933074+1.4248701085361199E-15i,1.0023959655048833+1.4258565255862306E-15i
9,1.0101428990405066-9.41328851071731E-16i,1.0108422064178544-9.419805194749737E-16i
9,1.014140951629366+6.8786057896362E-16i,1.014843026800927+6.883367749334306E-16i
9,1.032171276775821-1.0011159648265034E-15i,1.0328858340817444-1.0018090229873328E-15i
9,1.03669332668867+5.81278383831714E-16i,1.0374110145446054+5.816807944832094E-16i
10,5.127995647727941E-7+3.818361388056072E-6i,5.131545685243297E-7+3.82100478463945E-6i
10,7.534392093976047E-7+5.378030066487091E-6i,7.539608045085691E-7+5.381753199228671E-6i
10,1.2015882538742938E-6+1.2918153692810746E-6i,1.2024200961129186E-6+1.2927096744519246E-6i
10,1.2441001448573733E-6-1.626883915190072E-6i,1.2449614174657189E-6-1.6280101834884105E-6i
10,4.603853934397006E-6+3.586959059596124E-7i,4.60704111615477E-6+3.589442259680986E-7i
10,5.753720567174994E-6+3.8872608919496405E-8i,5.757703785038175E-6+3.8899519866670294E-8i
10,1.0469399758728001E-5+2.650312961405928E-6i,1.047664757336357E-5+2.65214773488991E-6i
10,0.0771196000037115+4.327112284577363E-15i,0.07717298879184428+4.330107882077569E-15i
10,0.08945502831714752+1.521524436584847E-15i,0.08951695674460315+1.5225777660339073E-15i
10,0.4188790413244498+1.0903108916107234E-15i,0.4191690252505783+1.091065698134464E-15i
10,0.4707199175556053+2.461567793255132E-16i,0.4710457901735526+2.4632719011781797E-16i
10,0.5143160066734299,0.5146720602358481
10,0.5495132211369002,0.5498936412238564
10,0.5760448107725011-4.3529049751087743E-16i,0.5764435982967601-4.3559184285170787E-16i
10,0.626093404659855-6.588743926060952E-16i,0.626526840104685-6.593305218566524E-16i
10,0.7148364989034157-2.0200883410817666E-16i,0.715331369913998-2.0214868191398265E-16i
10,0.7820928911904276+9.181606542643702E-17i,0.7826343228325252+9.187962836587137E-17i
10,0.7957743086044181-2.283217070031745E-16i,0.7963252116947032-2.284797708318344E-16i
10,0.834457701785975-7.907281857565132E-16i,0.8350353848321043-7.912755954886428E-16i
10,0.8474825458936326-1.8904027005996845E-16i,0.8480692458517076-1.8917113991570308E-16i
10,0.8514943160758511+1.1869320056623193E-15i,0.8520837933246317+1.187753701591438E-15i
10,0.86183166923615+1.5742008958309124E-15i,0.8624283028856082+1.575290692433876E-15i
10,0.8950992808225985,0.8957189451603199
10,0.9254560227456211-9.160289933369765E-16i,0.9260967026184704-9.166631470131677E-16i
10,0.9472840947517438+2.8210702061245386E-16i,0.9479398858843977+2.8230231923891883E-16i
10,1.0078722352929999-1.0845857316383688E-15i,1.0085699707225455-1.0853365747163345E-15i
10,1.0169684638818492-8.307112086013464E-16i,1.0176724964994108-8.312862980042142E-16i
10,1.0192470094331405,1.0199526194549637
10,1.0287244816601404-5.071305184486855E-16i,1.029436652799458-5.074815976011166E-16i
10,1.0405532198850975-1.735631828526163E-16i,1.0412735798894888-1.7368333814383315E-16i
11,1.2654969956090148E-7+3.7740611191757645E-6i,1.2663730809489022E-7+3.7766738473211664E-6i
11,2.0442846755518577E-7+5.679353943307512E-6i,2.0456999043837097E-7+5.683285678228281E-6i
11,1.1848644886317045E-6+1.1564164277337724E-6i,1.185684753248567E-6+1.1572169981678848E-6i
11,1.1864981855576122E-6-1.5966480080073027E-6i,1.187319581159322E-6-1.597753344422663E-6i
11,4.538253208056926E-6+3.442870942642849E-7i,4.541394975376858E-6+3.4452543926000116E-7i
11,5.749594275825927E-6+3.100248383942007E-8i,5.753574637117049E-6+3.102394641237445E-8i
11,9.602750799440306E-6+9.319499166477316E-7i,9.60939864548591E-6+9.325950921497813E-7i
11,0.08473779237355004-8.97543282408935E-15i,0.08479645512651626-8.981646386937473E-15i
11,0.09823962992283254+1.4116066960808573E-15i,0.09830763980343282+1.4125839310615919E-15i
11,0.4146615768092953+1.54763593192088E-16i,0.41494864104549484+1.5487073379820116E-16i
11,0.4700475129884186+2.781776928239228E-16i,0.47037292011037046+2.7837027123336384E-16i
11,0.5145451952138251,0.5149014074401682
11,0.5542621726789464+8.628950239010161E-17i,0.554645880396644+8.634923936955907E-17i
11,0.5694743310224535-4.938118370217513E-16i,0.5698685698982328-4.941536958428933E-16i
11,0.6278157094972109-7.408973802276218E-16i,0.628250337268869-7.414102928109237E-16i
11,0.7172163753357662-5.679933745294689E-16i,0.7177128939005192-5.683865881604021E-16i
11,0.7784511444131417-2.311031185347228E-16i,0.7789900549264067-2.3126310789451823E-16i
11,0.7993397580861464-9.735938847747817E-17i,0.7998931294857455-9.742678897960619E-17i
11,0.833223052530862-5.53434394964404E-16i,0.8337998808470979-5.538175296235144E-16i
11,0.8474968769841597,0.8480835868634422
11,0.8476517327142952,0.848238549797969
11,0.855318405934526+1.5716517845753127E-15i,0.8559105305456276+1.5727398164652754E-15i
11,0.8992441205266505+1.8007807265179337E-16i,0.8998666542771904+1.8020273810736763E-16i
11,0.9217631508427913-1.1673920712605526E-15i,0.9224012741936202-1.1682002399745686E-15i
11,0.9444771024558168+2.1190537159931737E-16i,0.9451309503481408+2.1205207063546344E-16i
11,1.0142358375536826+3.2560162448629394E-16i,1.0149379784134023+3.258270338004573E-16i
11,1.0223273830973605-8.347722655242649E-16i,1.0230351256174968-8.353501663383388E-16i
11,1.0238139570295712-1.3425862272198787E-15i,1.0245227286834258-1.3435156803242983E-15i
11,1.0272561141204126+2.600854411800539E-16i,1.0279672687300352+2.6026549458431064E-16i
11,1.044524751011148-2.5702089667636686E-16i,1.0452478604493258-2.571988285406101E-16i
12,1.4366407867997415E-8+4.0003272347202016E-6i,1.437635352520851E-8+4.0030966036379085E-6i
12,1.325437618480913E-7-5.340796868380189E-6i,1.3263551998505374E-7-5.344494225115085E-6i
12,1.1696306089543739E-6+1.0425562145473213E-6i,1.170440327375788E-6+1.043277961196063E-6i
12,1.3224437439461858E-6-1.504557393633276E-6i,1.3233592526995983E-6-1.5055989770429207E-6i
12,4.312197092449511E-6+1.5409877719390193E-7i,4.315182364377069E-6+1.5420545755747657E-7i
12,5.710296338698389E-6+1.1219790585533985E-7i,5.714249494593745E-6+1.1227557884929162E-7i
12,8.857181981812845E-6+2.081252130460759E-7i,8.86331368130633E-6+2.082692951329108E-7i
12,0.0923278613405161+2.807038685000425E-15i,0.09239177858888907+2.8089819574451314E-15i
12,0.10697302611918183-7.348324034101937E-15i,0.10704708200415952-7.353411172974141E-15i
12,0.4101740286402955+1.1358696132481312E-15i,0.4104579862115432+1.1366559594185631E-15i
12,0.46959405167741736-1.526984356409256E-16i,0.46991914487463593-1.528041465682158E-16i
12,0.5147888683758922-1.1899788426194072E-16i,0.5151452492936551-1.1908026478298602E-16i
12,0.5590392210672926+1.5407377678625533E-16i,0.5594262358667734+1.541804398424079E-16i
12,0.562746409278999-1.0918364973702819E-16i,0.5631359905114748-1.0925923600489127E-16i
12,0.6296961797457967-5.371874581192441E-16i,0.6301321093399188-5.375593452580225E-16i
12,0.7194543851205344+3.655996889093779E-16i,0.7199524530272217+3.6585278830734743E-16i
12,0.7746641284579213+3.850010749965564E-16i,0.7752004172745947+3.8526760569462667E-16i
12,0.803149384993586,0.8037053937430133
12,0.8317123486970199-2.3033327447730756E-16i,0.8322881311747541-2.304927308851521E-16i
12,0.8441779783073726+8.607421862811659E-16i,0.844762390560912+8.61338065697269E-16i
12,0.8475123928245861-3.3696160424733515E-16i,0.8480991134452617-3.371948779118404E-16i
12,0.8487925829477958+6.757428626977569E-16i,0.8493801898256517+6.762106697471591E-16i
12,0.9034538811807711,0.904079329287968
12,0.9181863882846293-1.5959376564644462E-15i,0.9188220354942643-1.5970425011136665E-15i
12,0.9416931703919352-6.298548867604022E-16i,0.9423450910081954-6.302909262251041E-16i
12,1.0197898405043089-4.64556678970507E-16i,1.0204958263202628-4.648782848671668E-16i
12,1.0207536001984852-3.612239579155966E-16i,1.0214602532113917-3.61474028058034E-16i
12,1.0306308089207876-2.1541233248518542E-16i,1.031344299783006-2.155614593398331E-16i
12,1.031343802264497,1.0320577867217362
12,1.0485872011426667+5.9730680635536E-16i,1.0493131229565489+5.977203132528703E-16i
13,1.570192812026911E-7+5.036170802341105E-6i,1.5712798338911954E-7+5.039657270838787E-6i
13,3.040517909212631E-7+3.958196865135496E-6i,3.042622815960865E-7+3.96093706780525E-6i
13,1.2619825534680984E-6+1.095515542482614E-6i,1.2628562058103192E-6+1.0962739521111775E-6i
13,1.3280044201567252E-6-1.338912057402919E-6i,1.3289237784861736E-6-1.3398389669325026E-6i
13,4.239994586340843E-6+1.6091067779382953E-7i,4.242929873513539E-6+1.6102207393806035E-7i
13,5.72107360875341E-6+1.997881251217798E-7i,5.725034225597573E-6+1.99926435562745E-7i
13,8.699479662797909E-6+8.718532791386247E-7i,8.705502187247728E-6+8.724568506042517E-7i
13,0.09988654162936125+2.6463733957850873E-14i,0.09995569164321129+2.648205441964541E-14i
13,0.11564790020420392-3.109876860212805E-15i,0.11572796157954438-3.1120297831636622E-15i
13,0.405459168850987-1.8532655363652911E-16i,0.40573986239272264-1.854548525398819E-16i
13,0.46932366146476306+5.537445975868263E-17i,0.46964856747473244+5.5412794699474353E-17i
13,0.5150451467904152,0.5154017051260328
13,0.5558953496101644,0.5562801879527246
13,0.5638351412770296+1.5973148468872965E-16i,0.5642254762229838+1.5984206449456072E-16i
13,0.631733267964607-6.056998835305345E-16i,0.6321706078055576-6.061192008344665E-16i
13,0.7215493794508042-4.472209418663825E-16i,0.7220488976918866-4.475305464819756E-16i
13,0.770757231510101+3.6025951719939326E-16i,0.7712908156382983+3.605089196734161E-16i
13,0.8071711884723328+3.382379303260043E-16i,0.8077299814583723+3.384720875726676E-16i
13,0.8297131788765204-1.2863473815672305E-15i,0.8302875773577869-1.2872379013289557E-15i
13,0.8413054928223035-1.2074155971768136E-15i,0.8418879164955211-1.2082514736012607E-15i
13,0.8422699194103023+8.89180055684336E-16i,0.8428530107421537+8.89795622227764E-16i
13,0.8475290341719446-1.424981942530474E-16i,0.8481157663131851-1.4259684370016481E-16i
13,0.9077140344427007-2.924185679932543E-16i,0.9083424317926309-2.9262100515542747E-16i
13,0.9147312747390227-4.521010475131015E-16i,0.915364530023323-4.524140305555334E-16i
13,0.9389495794774994-1.2667874983834122E-16i,0.9395996007452923-1.26766447711978E-16i
13,1.0160618515357975-1.3130249504089543E-15i,1.016765256518692-1.313933938667284E-15i
13,1.0273909467484452+3.923953626254133E-15i,1.0281021947007538+3.926670122822902E-15i
13,1.0365199098740214+3.3811950832450016E-16i,1.0372374776759943+3.383535835893178E-16i
13,1.0373624483210924-4.121398718855773E-16i,1.0380805994002948-4.124251903817846E-16i
13,1.052723941456696+7.745265532342501E-16i,1.0534527270763054+7.750627468095778E-16i
14,1.405033038648024E-7+4.866820726572945E-6i,1.4060057227804152E-7+4.870189956452752E-6i
14,5.256971819915363E-7+3.844253059565303E-6i,5.260611145776752E-7+3.8469143805798834E-6i
14,1.2376885844328373E-6-1.2678934111202614E-6i,1.2385454184102628E-6-1.2687711554640859E-6i
14,1.4276601092975465E-6+1.103293023427464E-6i,1.4286484578249928E-6+1.1040568172940467E-6i
14,4.137191151043474E-6+1.2236390821326792E-7i,4.140055268878852E-6+1.224486189842053E-7i
14,5.822797998230351E-6+2.3222686223785395E-7i,5.826829037403954E-6+2.3238762954922694E-7i
14,8.263793863707085E-6+1.7114591196448448E-6i,8.269514769154486E-6+1.7126439381388756E-6i
14,0.10741030875500038-2.1815528056638837E-13i,0.10748466736444755-2.1830630632447896E-13i
14,0.12425604991741651+1.3704923805038657E-15i,0.12434207059079835+1.3714411526362004E-15i
14,0.40055384323372983-5.533991824607846E-15i,0.4008311408892046-5.537822927427859E-15i
14,0.4692043284937113+5.902133378716435E-15i,0.46952915189118394+5.9062193406310785E-15i
14,0.515312041598855+1.2374001717185918E-15i,0.5156687847019036+1.23825680603205E-15i
14,0.5489510254008693-3.181107967067746E-16i,0.5493310562878162-3.1833102022877563E-16i
14,0.5686427326604033-5.38160865271241E-16i,0.5690363958326162-5.385334262857683E-16i
14,0.6339253126009667-6.327361066498683E-16i,0.6343641699628415-6.331741407415942E-16i
14,0.723505860728139+8.882956075036071E-16i,0.7240067334130257+8.889105617563004E-16i
14,0.7667515586427197-5.756317402971461E-15i,0.7672823697012948-5.760302418586655E-15i
14,0.8113719089947314+8.247701178977625E-16i,0.8119336100790748+8.25341094369121E-16i
14,0.8270951804292149-6.3885255094385035E-15i,0.8276677665078702-6.3929481936185036E-15i
14,0.8357626191612516+8.625067659074721E-16i,0.8363412055828817+8.631038669166308E-16i
14,0.8391796180434856+6.279923952347955E-15i,0.8397605700042182+6.284271453234445E-15i
14,0.8475467319903448+1.2307734383154992E-15i,0.8481334763835301+1.2316254850368843E-15i
14,0.9114042891912112-1.0582738673302645E-16i,0.9120352412513437-1.0590064950836066E-16i
14,0.9120143761015892-1.6565032127578784E-15i,0.9126457505161012-1.657649986069241E-15i
14,0.9362605694150363+3.691074361840659E-15i,0.9369087291198995+3.693629639449427E-15i
14,1.0121419506458782-6.513888641421237E-16i,1.0128426419378551-6.518398112691584E-16i
14,1.0341155866926641-7.558992127318374E-15i,1.034831490016334-7.564225108676723E-15i
14,1.041698692269632+6.434710545974515E-16i,1.0424198452680542+6.439165203389988E-16i
14,1.0439355582224397,1.0446582597709375
14,1.0569213523110164-5.349468984409713E-15i,1.0576530437376943-5.3531723447256095E-15i
15,5.7003796540492306E-8+4.712648067862605E-6i,5.704325944766659E-8+4.7159105662317275E-6i
15,1.157343343695695E-6+3.976052873135536E-6i,1.158144555820375E-6+3.978805437262403E-6i
15,1.1802696538000305E-6-1.271614697243588E-6i,1.1810867374789299E-6-1.2724950177801884E-6i
15,1.5041733838817501E-6+1.2729396133927956E-6i,1.5052147014469756E-6+1.27382085114976E-6i
15,3.87937933166061E-6+2.3974942858663755E-7i,3.882064970087349E-6+2.3991540366232714E-7i
15,5.958318394881422E-6+2.4161702867655315E-7i,5.962443252873381E-6+2.417842966648812E-7i
15,6.897522535533953E-6+1.9937552002234943E-6i,6.9022975910227405E-6+1.995135448227481E-6i
15,0.11489531585193048-3.3780716859238285E-14i,0.11497485622396526-3.380410276289034E-14i
15,0.13278821848399716-1.1819750721274151E-15i,0.13288014585476712-1.1827933364428552E-15i
15,0.39548905091655084-2.6026801460886698E-15i,0.39576284228926545-2.604481944060784E-15i
15,0.469208485581122+1.7542847399410973E-15i,0.46953331185648634+1.7554992059951328E-15i
15,0.5155874680438802-2.0424172579789403E-16i,0.515944401820689-2.0438311940245077E-16i
15,0.5419402755465378-3.0325165385156273E-16i,0.5423154529923543-3.0346159060301914E-16i
15,0.5734562102296531-1.6042425771337014E-16i,0.5738532057030464-1.6053531711598643E-16i
15,0.6362705418095462-5.825205203309293E-16i,0.6367110227398178-5.829237908956294E-16i
15,0.7253316316837394+6.114424591916516E-16i,0.7258337683235574+6.118657519979887E-16i
15,0.762664567222848-6.807575736679045E-16i,0.7631925489161384-6.812288523294717E-16i
15,0.81571783709246+9.27469621960163E-17i,0.81628254680022+9.281116958187416E-17i
15,0.8239444945628173+6.918470224084339E-15i,0.8245148994670345+6.923259781356146E-15i
15,0.8292804273994339,0.8298545262930869
15,0.8377264284769502+4.381237311790718E-15i,0.83830637441548+4.3842703792675644E-15i
15,0.8475654062211901+1.0573084758679765E-15i,0.8481521635422764+1.058040435294716E-15i
15,0.9082131895288686-8.849285547139023E-16i,0.9088419324366745-8.855411780044536E-16i
15,0.9163473567765358+8.600656482131699E-16i,0.9169817308511501+8.606610592717144E-16i
15,0.9336381018604123-1.521304888599015E-15i,0.9342844460687657-1.5223580660581675E-15i
15,1.0081387613343047-3.9013572492114166E-16i,1.0088366812759892-3.904058102633873E-16i
15,1.040893733048135+3.2910592960109245E-16i,1.0416143287848838+3.2933376489520533E-16i
15,1.0465887075063356,1.0473132457918628
15,1.0502487473058355-2.468104032480411E-16i,1.0509758193841907-2.4698126653477163E-16i
15,1.0611680324414885-1.3454770238795358E-15i,1.061902663783645-1.3464084782408392E-15i
16,1.8070209894879277E-8+4.658016453428818E-6i,1.80827196408783E-8+4.661241131118267E-6i
16,1.184019025139299E-6-1.3314525516498452E-6i,1.1848387044539648E-6-1.332374297071054E-6i
16,1.324006455463302E-6+1.40720022756503E-6i,1.3249230460593863E-6+1.4081744120110888E-6i
16,1.3790374338421564E-6+4.4762466309033526E-6i,1.3799921215918209E-6+4.479345471963159E-6i
16,3.5863632162611268E-6+3.1584315301809295E-7i,3.588846003852232E-6+3.1606180668303495E-7i
16,5.936392187595997E-6+9.973994293376603E-7i,5.940501866390511E-6+9.980899145945094E-7i
16,6.21887579405495E-6+2.1029339418765516E-7i,6.223181032180886E-6+2.1043897727506055E-7i
16,0.12233731269335692-2.5974677461482124E-14i,0.12242200505259898-2.599265935650935E-14i
16,0.14123389318353186+5.613111783464177E-16i,0.14133166737323175+5.616997659891941E-16i
16,0.3902906885926177-6.593138296431787E-16i,0.3905608812139807-6.597702631096663E-16i
16,0.4693127681221293+6.285831328685714E-16i,0.46963766659079464+6.290182919163743E-16i
16,0.5158692601177789+2.2199581677633024E-16i,0.5162263889751811+2.2214950128231397E-16i
16,0.5348880212665098-6.335662189940191E-17i,0.5352583165382796-6.340048277605627E-17i
16,0.5782707789104693+2.4190666172180507E-16i,0.578671107440404+2.4207413021891803E-16i
16,0.6387670769532462-6.159978630183243E-16i,0.6392092861988338-6.164243094651076E-16i
16,0.7270360182898951+8.333394391710147E-17i,0.7275393348520078+8.339163480600448E-17i
16,0.7585107068553304-1.3949164920354856E-15i,0.759035812890927-1.395882172628391E-15i
16,0.8201752243825545+1.55278135562869E-16i,0.8207430198753244+1.5538563237925317E-16i
16,0.8204741235931975-7.829145014512164E-16i,0.821042126009585-7.834565018822619E-16i
16,0.8228313380930015+9.09596843332641E-16i,0.8234009723750302+9.102265441240428E-16i
16,0.836743574529159-1.3530755415239575E-15i,0.8373228400520593-1.3540122562295652E-15i
16,0.8475849644841081+4.3763300725029463E-16i,0.848171735345098+4.3793597427687247E-16i
16,0.9051674739864438+1.2214269778013381E-15i,0.9057941083892548+1.22227255410275E-15i
16,0.9207071805039211-2.6132064466977593E-16i,0.9213445728216964-2.615015531876148E-16i
16,0.9310924110811574+2.0708776671822404E-15i,0.9317369929444562+2.0723113059591114E-15i
16,1.0040807159380196-1.0161822101147275E-15i,1.0047758265533346-1.0168856984201325E-15i
16,1.0476829074692642+1.1985051651909508E-15i,1.0484082032536632+1.1993348730516938E-15i
16,1.050811478547202+1.7031330404787612E-15i,1.0515389401962896+1.7043120949481268E-15i
16,1.056160242294077+2.136090063268508E-16i,1.0568914068152544+2.1375688476477693E-16i
16,1.0647718661730539-8.762366048561989E-15i,1.0655089923973875-8.768432108350758E-15i
17,1.7788349057381422E-7+4.631533765042769E-6i,1.7800663675183003E-7+4.634740109148545E-6i
17,8.828236722092925E-7+4.527498453947735E-6i,8.834348383200078E-7+4.530632775906325E-6i
17,1.050920076445716E-6-1.2746403610673133E-6i,1.0516476132755642E-6-1.2755227762273923E-6i
17,1.261411549618721E-6+1.4605856990082308E-6i,1.2622848066632026E-6+1.4615968414471226E-6i
17,3.617292073691843E-6+3.696051321617157E-7i,3.6197962728854002E-6+3.698610044703483E-7i
17,5.5150703033535425E-6+6.073082806255009E-7i,5.518888307076966E-6+6.077287113995717E-7i
17,6.2955014882894595E-6-7.874735763118399E-8i,6.2998597732796785E-6-7.880187329247354E-8i
17,0.12973154076590823+7.803043394198206E-15i,0.12982135204272705+7.808445328732926E-15i
17,0.14958106468779514+2.268418782803556E-15i,0.14968461750408188+2.2699891764490844E-15i
17,0.3849805368207128-9.294666386430132E-16i,0.38524705330049974-9.301100950074731E-16i
17,0.469497434356481-2.893856338312582E-16i,0.46982246066692007-2.8958597133680214E-16i
17,0.5161551862239439,0.5165125130238705
17,0.5278181918774539-3.9179084686567315E-16i,0.5281835928081826-3.92062078024998E-16i
17,0.5830823208094738+2.1333050141654036E-16i,0.5834859803005521+2.1347818704952912E-16i
17,0.6414129355473395-4.392879978562725E-16i,0.6418569764827167-4.3959211060900587E-16i
17,0.7286286058040109,0.7291330248915177
17,0.7543020070109511+1.0803419605830167E-15i,0.754824199424274+1.0810898657594147E-15i
17,0.8164220786004966+1.003622502539718E-15i,0.8169872758445077+1.0043172959404981E-15i
17,0.8168695078641854+2.12237802063545E-15i,0.8174350148570302+2.1238473123651258E-15i
17,0.8247102022217029+4.4100821907815876E-16i,0.825281137214302+4.413135227152633E-16i
17,0.8360553577658114,0.8366341468461604
17,0.8476053007496243,0.8481920856891179
17,0.9022790420958255-1.066980190688405E-15i,0.9029036768788481-1.0677188457039887E-15i
17,0.9250892731406684+3.368397331664304E-16i,0.9257296991180495+3.3707292246134196E-16i
17,0.9286324023919346+8.148239527177182E-16i,0.9292752812266556+8.153880436022024E-16i
17,0.9999793119024772-9.540975941601894E-16i,1.0006715831748614-9.547581021803318E-16i
17,1.0539167751661447+3.839217041509511E-15i,1.0546463865673479+3.841874876161338E-15i
17,1.0544125764267296-5.584365239891866E-15i,1.0551425310640032-5.588231215501624E-15i
17,1.061484615794166+7.593086707829483E-16i,1.0622194663024171+7.598343292374771E-16i
17,1.0676501495418729-8.504001825065242E-15i,1.0683892683603196-8.509889023023962E-15i
18,3.8373520595108585E-7+4.857540140017339E-6i,3.840008603062514E-7+4.860902945080766E-6i
18,6.284472789597907E-7+4.2031907074671625E-6i,6.288823439578897E-7+4.206100515844694E-6i
18,7.987006106163125E-7-1.1862068112489809E-6i,7.992535395433254E-7-1.1870280051364541E-6i
18,1.2264074049243918E-6+1.6893784389269317E-6i,1.2272564291037553E-6+1.6905479712837855E-6i
18,3.665569324640876E-6+5.336507452300783E-7i,3.6681069454798054E-6+5.340201839534719E-7i
18,5.144645679474917E-6+3.911185647523576E-7i,5.148207243567399E-6+3.9138933050046E-7i
18,6.074415805252493E-6-1.4960576265633084E-7i,6.078621035809206E-6-1.4970933257066544E-7i
18,0.13707259584581755+2.975610324141889E-15i,0.1371674892293163+2.9776702963040073E-15i
18,0.15781593936322888+6.150806818292389E-15i,0.1579251930646256+6.155064933246976E-15i
18,0.37957727059267554-1.5342438801147159E-16i,0.3798400464690898-1.5353060150513018E-16i
18,0.4697457178175796,0.4700709160110822
18,0.5164429657902678+3.1217740104041903E-16i,0.5168004918158426+3.1239351695807405E-16i
18,0.5207545284437582-4.1101213496355094E-16i,0.5211150393020477-4.112966727437329E-16i
18,0.5878871512333151+5.629482103708727E-16i,0.5882941370392799+5.633379313073373E-16i
18,0.644206033317763-8.710851876494174E-16i,0.6446520078744906-8.716882273763711E-16i
18,0.7301184000265938-2.2792849949688437E-15i,0.7306238504771795-2.2808629111365206E-15i
18,0.7500485949566409-1.2007688179641391E-16i,0.7505678427940714-1.2016000929190878E-16i
18,0.810058449285691,0.810619241080799
18,0.8132502579920047+4.639387377743618E-16i,0.8138132594303001+4.642599158792331E-16i
18,0.8292881157947202-1.1070656740711773E-15i,0.8298622200109386-1.1078320796894536E-15i
18,0.8355513584503905,0.8361297986192738
18,0.8476262940416579,0.8482130935145051
18,0.8995631759377142-5.898948037704919E-16i,0.900185930565719-5.903031794453867E-16i
18,0.9262659415238347+8.95137611806193E-16i,0.926907182091787+8.957573026799022E-16i
18,0.9294899464234766+1.9046483367019117E-16i,0.9301334189235774+1.9059668973079151E-16i
18,0.995840462756545-5.119061686424321E-16i,0.9965298687632879-5.122605539086964E-16i
18,1.055824607457217+7.181234887674639E-16i,1.056555539623232+7.186206353137781E-16i
18,1.060911462357293+4.563899814291885E-16i,1.0616459160796763+4.56705933638786E-16i
18,1.0660230586779282+3.9595333088678334E-16i,1.066761051084809+3.9622744367383316E-16i
18,1.0717685925129388-2.4844814838904154E-14i,1.0725105624701259-2.4862014546314056E-14i
19,2.580112437834872E-7+4.983640806919582E-6i,2.581898612507662E-7+4.987090909658156E-6i
19,6.60753582907863E-7+3.908037351384691E-6i,6.612110130947953E-7+3.910742829345651E-6i
19,7.999102073919872E-7-1.2528978445403688E-6i,8.004639737054231E-7-1.253765207669469E-6i
19,1.2282577320285272E-6+1.5436377431987103E-6i,1.2291080371626897E-6+1.5447063813713854E-6i
19,4.015158999375153E-6+4.651362005421153E-7i,4.01793863610987E-6+4.654582076332106E-7i
19,4.796574088818461E-6+7.144182759578979E-7i,4.799894687962891E-6+7.149128574387597E-7i
19,6.025826190410645E-6-9.469336677104076E-9i,6.029997783076963E-6-9.47589216247469E-9i
19,0.14435424599185834-4.238622452599144E-15i,0.14445418035685706-4.241556789863417E-15i
19,0.16592259581252383+1.1946866434424465E-14i,0.1660374616353996+1.1955137077955909E-14i
19,0.3740974098689304+8.639216117462414E-16i,0.374356392116706+8.645196922327925E-16i
19,0.4700432343799469,0.4703686385398797
19,0.513721318797475-2.1915835537341554E-16i,0.5140769606660434-2.1931007554574523E-16i
19,0.5167302867547713+1.9049687106894287E-16i,0.5170880116885107+1.9062874930857286E-16i
19,0.5926818131463994+2.81601337266915E-16i,0.5930921182277368+2.8179628581608444E-16i
19,0.6471441849037936-9.32819220129744E-16i,0.6475921935005385-9.334649974380715E-16i
19,0.7315133183843043+2.7090078261348204E-15i,0.7320197345167745+2.7108832332281224E-15i
19,0.7457591483506475,0.7462754266659845
19,0.8037455671550812+1.213831277094541E-15i,0.8043019886328305+1.214671595001774E-15i
19,0.8096892447259827-1.9382480967779156E-15i,0.8102497809260925-1.9395899180137974E-15i
19,0.8338721317910661+6.032019067031996E-16i,0.8344494094555235+6.036194946937586E-16i
19,0.8351675425617003,0.835745717020373
19,0.847647807247257+1.376001264587421E-16i,0.8482346216133865+1.3769538504408482E-16i
19,0.8970400346812784-8.633476782545962E-16i,0.8976610425749386-8.639453614152591E-16i
19,0.9240000654438739+2.232502655893892E-15i,0.9246397373784572+2.2340481853221523E-15i
19,0.9339061737387907,0.9345527035294438
19,0.9916677029166031+2.85387804070041E-16i,0.9923542201818196+2.855853739356322E-16i
19,1.056916430876532-3.6377309311780463E-16i,1.0576481188961717-3.6402492798982084E-16i
19,1.0665182822392738+1.202843103271881E-15i,1.0672566174822922+1.203675814224667E-15i
19,1.0696447772371078+4.804788077366765E-15i,1.0703852769075743+4.8081143629371405E-15i
19,1.0767325980213944-3.058400774580267E-13i,1.077478004488086-3.0605180613785824E-13i
20,9.099372834328484E-8+4.977177495344624E-6i,9.105672199060276E-8+4.980623123625703E-6i
20,5.062553684738967E-7+3.852788617170054E-6i,5.066058417726073E-7+3.855455847228205E-6i
20,1.0057991594756865E-6-1.2323883827741591E-6i,1.0064954597447077E-6-1.2332415474983287E-6i
20,1.2293551758610267E-6+1.1912259258510176E-6i,1.2302062407397455E-6+1.1920505943992269E-6i
20,3.995224981240467E-6+1.635696508797746E-7i,3.99799081794159E-6+1.636828877927689E-7i
20,5.388361464882279E-6+1.004077966171879E-6i,5.392091749902139E-6+1.0047730748835706E-6i
20,6.049669724791083E-6+1.5324679033670383E-7i,6.053857823992772E-6+1.5335288088205056E-7i
20,0.15156918769221264-2.55752274969891E-14i,0.1516741168574154-2.55929328585602E-14i
20,0.1738825764229746-3.843902672804823E-16i,0.17400295282575914-3.8465637512516973E-16i
20,0.3685562008622564-4.397920549856064E-15i,0.3688113470108608-4.4009651668982915E-15i
20,0.4703774871881385+1.2054616350833749E-15i,0.4707031227464753+1.2062961588080126E-15i
20,0.5067441056535902,0.5070949172980097
20,0.5170148238236331+2.2546656800523757E-16i,0.5173727457382865+2.2562265526229903E-16i
20,0.597462886691141-1.7182664281665587E-15i,0.5978765016408194-1.7194559592622161E-15i
20,0.6502251025107659-1.618478005712067E-16i,0.6506752439823879-1.6195984547203654E-16i
20,0.7328199226001239-3.918589395459224E-15i,0.7333272432758704-3.92130217844829E-15i
20,0.741441298139407-1.675979390512236E-15i,0.7419545872692437-1.6771396469008928E-15i
20,0.7974880452971903+2.095940970644506E-15i,0.7980401347827005+2.0973919603853136E-15i
20,0.8062327187045121+5.967505382804935E-15i,0.8067908620014503+5.9716366008162896E-15i
20,0.8348662441873068-9.957369644512349E-16i,0.8354442100614554-9.96426298807592E-16i
20,0.8384208693653348-2.850442858894134E-15i,0.8390012960552878-2.8524161794231666E-15i
20,0.8476696861321278+1.1392281711085487E-15i,0.8482565156446942+1.1400168423602057E-15i
20,0.8947369680281315+7.661197352559323E-16i,0.8953563815419248+7.666501089122785E-16i
20,0.9218411361376994+6.182593234157954E-16i,0.9224793134766245+6.186873354390343E-16i
20,0.9383354337241504-7.2171072188837525E-16i,0.9389850298276853-7.22210351824503E-16i
20,0.9874633872295969-4.853589674578021E-15i,0.9881469939076287-4.856949744791132E-15i
20,1.0575679933569335+5.80613674587721E-16i,1.0583001324438925+5.810156250705823E-16i
20,1.068561352305559+2.8076401730252228E-15i,1.0693011019365526+2.809583861871424E-15i
20,1.0723671107390487+6.92321729222155E-15i,1.0731094950417817+6.928010135820244E-15i
20,1.0798364161902818-8.152042629283849E-15i,1.0805839713855794-8.157686170961494E-15i
21,9.625174470136452E-9+4.913783808338604E-6i,9.631837839766254E-9+4.917185550083388E-6i
21,4.215596941866413E-7+3.842442388584386E-6i,4.2185153389013E-7+3.84510245609753E-6i
21,9.839883777644279E-7-9.609299756441656E-7i,9.846695787434663E-7-9.61595213623585E-7i
21,1.4880215378667242E-6+1.2425742339504766E-6i,1.4890516737416296E-6+1.2434344501926827E-6i
21,3.958068490338948E-6+1.0370374128038936E-7i,3.96080860413668E-6+1.0377553388656898E-7i
21,5.293753745072556E-6+6.691144682708292E-7i,5.2974185345308686E-6+6.695776865782553E-7i
21,6.167352841826637E-6+1.1232537425795257E-7i,6.1716224113549614E-6+1.1240313549644322E-7i
21,0.15870871521297272+7.728499653998437E-14i,0.1588185869702293+7.733849982975659E-14i
21,0.18167440511757685+5.836535212243282E-13i,0.1818001756911211+5.840575761492254E-13i
21,0.36296845878030487+1.4608531960851152E-14i,0.3632197366155604+1.4618645237083802E-14i
21,0.47073747479441824+9.681728843223647E-16i,0.4710633595669891+9.68843136463124E-16i
21,0.49985040016605087-3.6023027418402105E-16i,0.5001964393974689-3.604796564135256E-16i
21,0.517294257380204+3.9342744732513033E-16i,0.5176523727426832+3.936998114793772E-16i
21,0.6022267924787205+9.774364118351254E-16i,0.6026437054117489+9.781130769825357E-16i
21,0.6534463914502472+6.234510622113435E-15i,0.6538987629737976+6.238826684005607E-15i
21,0.7340433196848908+1.2289066885167905E-13i,0.7345514873008153+1.2297574429141815E-13i
21,0.7371020037661633-6.965176552345192E-16i,0.7376122888650154-6.969998443735224E-16i
21,0.7912901294822626+2.3255503552526962E-15i,0.7918379282399386+2.3271603002628197E-15i
21,0.80291220919906+7.241377240568795E-15i,0.8034680537551014+7.246390341716462E-15i
21,0.8346243112071648+5.717303968939566E-16i,0.8352021095945964+5.72126197611639E-16i
21,0.8428846464641784+4.533487518360531E-14i,0.8434681633627137+4.536625986462139E-14i
21,0.847691758681455-2.020100394752095E-16i,0.8482786034745292-2.0214988811547368E-16i
21,0.8926921048287099+1.9447631106873448E-13i,0.8933101027131675+1.946109442173503E-13i
21,0.9197949525544834+8.390209403608599E-16i,0.9204317133499904+8.396017824713186E-16i
21,0.942775597118767+4.518066881279458E-16i,0.9434282670834572+4.521194673896157E-16i
21,0.9832292451011563+1.3205718156815902E-13i,0.9839099205435877+1.3214860285260312E-13i
21,1.0579875722007919-7.310132930893466E-14i,1.05872000175614-7.315193630615082E-14i
21,1.0661623210548432+2.8034777963062724E-16i,1.0669004098710613+2.8054186035990327E-16i
21,1.074340798444254-2.444448935426453E-14i,1.0750845491025534-2.446141192210832E-14i
21,1.0847887921789414+4.652329474512324E-15i,1.0855397758327943+4.655550215188193E-15i
22,3.5585163715737037E-8-4.796432613429368E-6i,3.56097988119538E-8-4.799753114632425E-6i
22,3.029651826410555E-7+3.948036371507206E-6i,3.0317492107261967E-7+3.950769540213589E-6i
22,9.325179275808139E-7+1.149006032056724E-6i,9.331634963086502E-7+1.14980147238066E-6i
22,1.044167491998975E-6-1.4114797813911217E-6i,1.0448903541118853E-6-1.4124569285106449E-6i
22,4.013279057558622E-6+5.12493203264453E-8i,4.0160573928367025E-6+5.1284799492632964E-8i
22,5.121918511306962E-6+3.5536953307388503E-7i,5.125464341708318E-6+3.5561555028234065E-7i
22,6.1539924024029734E-6-4.9338322002468464E-8i,6.158252722691549E-6-4.937247821204541E-8i
22,0.16576226668056082-2.190983118595974E-15i,0.16587702150988815-2.1924999046466748E-15i
22,0.18927302476468155-1.2904180718713764E-15i,0.18940405575314526-1.291311409713359E-15i
22,0.3573494262274695-1.4063244643801048E-16i,0.35759681408743393-1.4072980425479264E-16i
22,0.47111339219937465,0.4714395372141496
22,0.49307042457240574-1.6250504470542357E-16i,0.4934117701243896-1.6261754460689958E-16i
22,0.5175662929011586+2.2201275084613603E-16i,0.5179245965899102+2.221664470753324E-16i
22,0.6069695651622633,0.6073897614484983
22,0.6568055408832377+3.233957329574614E-16i,0.6572602378975502+3.236196151646964E-16i
22,0.7327479282096925,0.7332551990447596
22,0.735187175159358-1.6264289793576312E-15i,0.7356961346499498-1.6275549327104465E-15i
22,0.7851558071068068+3.524184215090062E-16i,0.7856993591614704+3.5266239570543784E-16i
22,0.7997508327989445+1.249349396798631E-16i,0.8003044887796456+1.250214303388477E-16i
22,0.8344268040487306,0.8350044657048016
22,0.8471998153062217,0.8477863195339841
22,0.8477138349040422,0.8483006949801675
22,0.8909597795031903,0.8915765781237801
22,0.9178668315113977-1.6534936351866807E-16i,0.918502257496482-1.6546383250108452E-16i
22,0.9472248422194787,0.947880592332458
22,0.9789666885132353-1.7115900496954871E-15i,0.9796444130491454-1.7127749588305057E-15i
22,1.0582773590522012,1.059009989222812
22,1.062403689349471,1.0631391761191047
22,1.0757592662025828+4.314917766290787E-16i,1.0765039988456775+4.3179049217016525E-16i
22,1.0910158534273897-2.0960151722035107E-14i,1.0917711479860406-2.0974662133129887E-14i
23,2.8941098795674083E-8-4.738554938447493E-6i,2.896113430145806E-8-4.741835371769919E-6i
23,2.878367591849575E-7+3.856358811676412E-6i,2.8803602442689614E-7+3.85902851332879E-6i
23,9.766416275634357E-7+1.1749503002952288E-6i,9.77317742493144E-7+1.175763701462325E-6i
23,1.0492973224453084E-6-1.3255718780369185E-6i,1.0500237358659384E-6-1.3264895523524997E-6i
23,4.095126915710249E-6+1.7095596330238684E-8i,4.097961913081465E-6+1.7107431365306742E-8i
23,5.1048009536642765E-6+3.6462767477162333E-7i,5.108334933827064E-6+3.6488010125820774E-7i
23,6.136542401898723E-6+1.3982047743657518E-8i,6.140790641803326E-6+1.3991727313891449E-8i
23,0.17271679305524706+1.6957659353340808E-14i,0.17283636240299985+1.6969398896626818E-14i
23,0.19664915322121698+3.3714901328244635E-15i,0.19678529059715402+3.373824166875269E-15i
23,0.3517157211213248-1.828321156031203E-15i,0.3519592088484009-1.8295868764295627E-15i
23,0.47149640977323065,0.4718228199455545
23,0.48643789742755816-3.704672410733695E-16i,0.48677465137654474-3.707237102075825E-16i
23,0.5178286807134322,0.5181871660494863
23,0.61168656656374-2.4742034847666825E-16i,0.6121100283620944-2.4759163401969394E-16i
23,0.6602999069973318+9.786763794501074E-17i,0.6607570231109667+9.793539030092353E-17i
23,0.7283858483819625-2.0825968184145708E-16i,0.728890099412003-2.0840385701910193E-16i
23,0.7362537982909757+1.014973515629757E-15i,0.7367634961893962+1.015676167173382E-15i
23,0.7790889003875345+1.1102821479831795E-16i,0.7796282524100735+1.11105078032001E-16i
23,0.796766628075641+5.472875017951599E-16i,0.7973182181344011+5.476663810486786E-16i
23,0.8342636435957294+1.0223211753229638E-15i,0.8348411922981691+1.0230289135455473E-15i
23,0.8477357072512209-2.07614718157697E-15i,0.848322582469257-2.077584468362746E-15i
23,0.8512809714289666-3.5332959582313996E-16i,0.8518703009823215-3.535742008124233E-16i
23,0.8896180351835619-4.967827704118981E-16i,0.8902339049338878-4.971266859674282E-16i
23,0.9160616652884118,0.9166958415829245
23,0.951681589684874,0.952340425139922
23,0.9746770189283359-3.1546496026799606E-15i,0.9753517737877875-3.156833521155453E-15i
23,1.0582902052884564,1.0590228443523315
23,1.0584889403489035+3.83923065589154E-16i,1.059221716994198+3.841888499968408E-16i
23,1.0767888884902141-3.527152076851198E-16i,1.0775343339259862-3.529593873423458E-16i
23,1.0959221045087266+4.1677806310369125E-13i,1.0966807955943239+4.170665925528632E-13i
24,2.1449673593913657E-8+4.731613058977453E-6i,2.1464522893948508E-8+4.734888686536723E-6i
24,1.787122907803804E-7+3.904112859986311E-6i,1.788360107248399E-7+3.90681562107841E-6i
24,1.0039433792496343E-6+1.1152372041423648E-6i,1.0046383947887385E-6+1.116009266793194E-6i
24,1.130795693877559E-6-1.2876407482440452E-6i,1.1315785274467032E-6-1.2885321633848891E-6i
24,3.989676746311253E-6+1.2427776174360112E-7i,3.99243874204926E-6+1.2436379744776747E-7i
24,5.310671001086034E-6+9.161277499561886E-8i,5.314347502116981E-6+9.167619720001647E-8i
24,6.1205615280512E-6-1.51224250470712E-8i,6.124798704627052E-6-1.513289408408453E-8i
24,0.1795558699030195-1.4231686622728798E-14i,0.1796801738451534-1.4241539014362524E-14i
24,0.2037685680499474-1.6192233112178235E-15i,0.2039096340942113-1.620344276190387E-15i
24,0.3460864724868177+5.671535722800929E-15i,0.3463260631661564+5.675462045280267E-15i
24,0.4718785151002108+9.436977463323958E-17i,0.47220518979854803+9.443510546877025E-17i
24,0.47999086056717677-6.147971662711466E-17i,0.48032315132541803-6.152227814928685E-17i
24,0.5180792359035353,0.5184378946953382
24,0.6163720929079584+3.0542747916223127E-16i,0.6167987984287033+3.056389222062063E-16i
24,0.6639266838834459-1.9910627998950608E-16i,0.6643863107624735-1.9924411839890854E-16i
24,0.7240231507687865-8.217706344148044E-16i,0.7245243815661164-8.223395343869568E-16i
24,0.7372442721017586-7.232103384736289E-16i,0.7377546556909299-7.23711006572716E-16i
24,0.7730931548206583+1.2146685789967604E-15i,0.7736283560749133+1.2155094765560384E-15i
24,0.7939743655995494+5.292656429834059E-16i,0.7945240226152215+5.296320459636838E-16i
24,0.8341277664205103+1.3655136682432347E-15i,0.8347052210571391+1.3664589936847923E-15i
24,0.8477571518052519,0.8483440418690438
24,0.8550128118381983+9.851253803410805E-16i,0.8556047248909093+9.858073684506238E-16i
24,0.8887764386678746-1.3527790939574284E-15i,0.8893917257930564-1.3537156034366566E-15i
24,0.9143839615056358-7.66364332625276E-16i,0.9150169763499879-7.668948756128575E-16i
24,0.956144450418634-2.669938698496667E-16i,0.956806375447878-2.671787058595717E-16i
24,0.9703615982153331-4.290521758383345E-16i,0.9710333655711909-4.293492024789374E-16i
24,1.0540405233480379,1.0547702204183247
24,1.0586500479620353-9.155032301512404E-16i,1.0593829361398095-9.161370198491521E-16i
24,1.0775499202447123-5.637764884019431E-16i,1.078295892531805-5.641667827433568E-16i
24,1.1002589752356409+1.3111728888096594E-13i,1.1010206686743675+1.3120805949124237E-13i
25,1.3067537368679242E-7+4.8261557378962035E-6i,1.3076583836554595E-7+4.829496815990151E-6i
25,2.1692710531931128E-7+3.842336262248886E-6i,2.170772808293709E-7+3.844996256292297E-6i
25,1.0510157550852766E-6-1.190152144788762E-6i,1.0517433581520684E-6-1.1909760699738103E-6i
25,1.0904649972463976E-6+1.1957482661082455E-6i,1.09121991045525E-6+1.1965760654074682E-6i
25,3.955341758787296E-6+3.8786800018552657E-7i,3.9580799849080546E-6+3.881365156146055E-7i
25,5.6427189304495975E-6-2.959637480694842E-7i,5.646625303478712E-6-2.9616863950875395E-7i
25,6.0742287018940645E-6+1.7544511678154734E-7i,6.078433802921817E-6+1.755665749085129E-7i
25,0.18625843241173684+1.2892910931472834E-14i,0.18638737644134146+1.2901836507981297E-14i
25,0.2105913497305455+8.5315260297711855E-16i,0.210737139088281+8.537432282340323E-16i
25,0.3404847789194367-6.880940961423397E-15i,0.3407204916270142-6.885704537727293E-15i
25,0.47225240460207746-1.6489550227512006E-16i,0.4725793381387307-1.6500965705593573E-16i
25,0.47377252475652387-4.366315432335626E-16i,0.47410051065046194-4.3693381696102827E-16i
25,0.5183158581704519,0.5186746807724414
25,0.6210188033213377-8.870972029505453E-16i,0.6214487256927634-8.877113275650302E-16i
25,0.6676828536656567-8.089857244453114E-16i,0.6681450808869147-8.095457736084654E-16i
25,0.719668488832253-8.050835439813832E-16i,0.7201667049598556-8.056408917212151E-16i
25,0.7381586105770198+1.1349643872953328E-15i,0.738669627149546+1.1357501067908779E-15i
25,0.7671723357355336+7.146847916931907E-16i,0.7677034380920286+7.151795576790567E-16i
25,0.7913865605847882+1.1706398621337238E-15i,0.7919344261003272+1.171450279246575E-15i
25,0.8340140651699472+1.81479119522845E-15i,0.8345914410928381+1.8160475490298526E-15i
25,0.8477779303821557-9.736633518255185E-16i,0.8483648348306569-9.743374049378372E-16i
25,0.8582496483244404-2.3188652809406856E-16i,0.8588438021924224-2.320470597970165E-16i
25,0.888576198934058+2.8718455964615E-16i,0.8891913474361567+2.8738337337974323E-16i
25,0.9128378693844348-2.5545984665351016E-15i,0.9134698138914837-2.5563669782531037E-15i
25,0.9606121818321101+4.247252124712156E-16i,0.9612771998074515+4.2501924361741175E-16i
25,0.9660220231540402-4.568669031771451E-16i,0.9666907862845969-4.571831855527984E-16i
25,1.0497224747141607+1.0771599333339557E-15i,1.0504491824615823+1.077905635638728E-15i
25,1.0587765481260292-4.128677084222958E-16i,1.0595095238780448-4.1315353078925265E-16i
25,1.0781233935236596-3.5135818502380633E-16i,1.0788697628180421-3.5160142523379256E-16i
25,1.1045704802369378+1.2350326730293655E-13i,1.1053351584684672+1.2358876683575866E-13i
26,5.8165903522913366E-8+4.855672682687151E-6i,5.820617094001081E-8+4.859034194936769E-6i
26,1.6194164465464205E-7+3.6190167071362513E-6i,1.62053754522379E-7+3.621522100268698E-6i
26,8.96902596191747E-7-1.2243653370171853E-6i,8.975235089387208E-7-1.2252129475023536E-6i
26,1.1858495120071987E-6+1.2157374101801021E-6i,1.1866704585415541E-6+1.216579047675811E-6i
26,4.228634867428477E-6+4.4304399440928697E-7i,4.231562290431412E-6+4.4335070738432683E-7i
26,5.216141687058143E-6+7.982987490857628E-8i,5.219752746806735E-6+7.988513998098273E-8i
26,5.868004018450891E-6+1.7986005987004498E-7i,5.872066353101075E-6+1.7998457439851105E-7i
26,0.1927969560785156-5.565387800267691E-15i,0.19293042663386373-5.5692406380693785E-15i
26,0.2170711459302226-3.3273401905116234E-16i,0.21722142115752216-3.3296436601933697E-16i
26,0.334939679434541-1.727698571156563E-15i,0.3351715533496253-1.7288946319889372E-15i
26,0.4678320765213519,0.4681559499285522
26,0.47261141397972206-1.3420621769950118E-16i,0.47293859605339567-1.34299126730701E-16i
26,0.5185365513952207,0.5188955267799505
26,0.6256168462431889-7.113182342431807E-17i,0.6260499517734921-7.118106696098213E-17i
26,0.6715651000637445-1.389801121274289E-15i,0.6720300149082581-1.390763260569706E-15i
26,0.7153327284056707-1.4612233268458366E-16i,0.7158279429487889-1.462234910705295E-16i
26,0.7389959321800263+1.7531497556694075E-16i,0.7395075284182362+1.7543634359901815E-16i
26,0.7613303518620902+1.0264232481469595E-15i,0.7618574098973064+1.0271338261754663E-15i
26,0.7890140527727678+6.794501538437441E-16i,0.7895602758353258+6.799205273974011E-16i
26,0.8339187532987036-2.8314172738626897E-16i,0.8344960632385591-2.833377423253279E-16i
26,0.8477977936656607+3.1626132691408475E-16i,0.848384711865227+3.1648027007479093E-16i
26,0.8608407520509332,0.8614366997026988
26,0.8891643954517533+1.2643360431100544E-15i,0.8897799511538278+1.265211324739251E-15i
26,0.9114271954578733+1.7687397486269553E-15i,0.9120581633756842+1.7699642216752717E-15i
26,0.9616603405168768-1.4037358340796638E-15i,0.9623260841173764-1.4047076201760189E-15i
26,0.965083648295131-1.1984092989604095E-16i,0.9657517618022908-1.199238940454342E-16i
26,1.0453637537487088,1.0460874440163956
26,1.0588780157183562-2.86971266596711E-16i,1.0596110617149241-2.8716993267059877E-16i
26,1.078562903183426+4.1569768767039095E-16i,1.0793095767440148+4.1598546919121386E-16i
26,1.1088479489112832-7.729192389177598E-15i,1.1096155883727565-7.734543197725405E-15i
27,9.06675103081903E-8+4.873953771904242E-6i,9.073027811946186E-8+4.877327939888576E-6i
27,2.3196739277232117E-7+3.6709205155904568E-6i,2.32127980456721E-7+3.673461840981793E-6i
27,8.889509393688378E-7-1.2599533046367223E-6i,8.895663472983411E-7-1.2608255521592098E-6i
27,9.416365153608456E-7+1.1350674574256905E-6i,9.422883967556438E-7+1.1358532482752023E-6i
27,4.22053284523497E-6+2.665935749645018E-7i,4.2234546593246544E-6+2.6677813385602427E-7i
27,5.067675676950661E-6+1.2871927384329425E-8i,5.0711839558191895E-6+1.288083843423048E-8i
27,5.9932082579732775E-6+1.2385387576763921E-7i,5.997357269714848E-6+1.239396180216507E-7i
27,0.19913482469614432+1.0782795134123783E-15i,0.199272682866636+1.0790259907863107E-15i
27,0.22315456941768247-6.402433723322224E-16i,0.22330905611142737-6.40686603595834E-16i
27,0.32948890450612556+9.680310599063591E-16i,0.32971700492824824+9.687012138641183E-16i
27,0.46222533737072274-4.46514856367089E-16i,0.4625453293131771-4.468239721698625E-16i
27,0.47294947850823077+6.438470644139978E-17i,0.47327689461910755+6.442927904617245E-17i
27,0.5187394426857483-2.55466806568148E-16i,0.5190985585291958-2.556436625581968E-16i
27,0.630152465852862+3.5928238852580603E-16i,0.630588711327283+3.595311145477242E-16i
27,0.6755696540462605-3.3669871682817703E-16i,0.6760373411858084-3.36931808499509E-16i
27,0.7110304011787417+2.431424245218966E-16i,0.711522637282698+2.433107485197943E-16i
27,0.7397546429552995+1.5886165042017096E-16i,0.7402667644380494+1.5897162805226838E-16i
27,0.7555714394721693+5.234153629455514E-16i,0.7560945106952983+5.237777158612356E-16i
27,0.7868663419542394,0.7874110781875368
27,0.8338389688411602,0.834416223547385
27,0.8478164854394463,0.8484034165790584
27,0.8626943089379847-2.575200076388783E-16i,0.8632915397804818-2.576982850304509E-16i
27,0.8906294946722098+1.4409041908732522E-16i,0.8912460646413689+1.4419017080875852E-16i
27,0.9101554110847446+1.2133469441305485E-15i,0.9107854985645548+1.2141869267410474E-15i
27,0.9572793551749924-2.4365582063199366E-16i,0.9579420658824502-2.438245000466226E-16i
27,0.9695577808936643,0.9702289917783697
27,1.0409780130348532,1.0416986671174226
27,1.0589604860276083,1.0596935891171833
27,1.0789040831432548+1.4716287469319805E-16i,1.0796509928978146+1.472647534313869E-16i
27,1.1130814261775785+3.3109254440522846E-15i,1.113851996414378+3.31321755004152E-15i
28,9.511944160041195E-8+4.931157977759846E-6i,9.518529141958462E-8+4.934571747391837E-6i
28,1.2875083144746983E-7+3.572687887700122E-6i,1.2883996379335518E-7+3.5751612080582644E-6i
28,8.23629067679372E-7-1.1724322759508841E-6i,8.241992542181017E-7-1.1732439339260004E-6i
28,9.56498440782936E-7+1.092063116553965E-6i,9.571606108746098E-7+1.0928191361177921E-6i
28,4.608998837769331E-6+2.719415587412711E-7i,4.612189581269583E-6+2.7212981996492164E-7i
28,4.6978718724892615E-6+3.137913250895778E-8i,4.701124141511186E-6+3.140085583036026E-8i
28,6.027732779492699E-6+1.5630335667142686E-7i,6.031905692063172E-6+1.5641156323361562E-7i
28,0.20522252937046073+9.630564103812212E-14i,0.20536460197120174+9.637231204607767E-14i
28,0.22878091173750545+1.5952660072438698E-15i,0.22893929346698785+1.5963703869200102E-15i
28,0.32418277078746455+1.890612057501722E-14i,0.32440719784965155+1.8919209009938354E-14i
28,0.4570150961618312-1.5268672408559225E-16i,0.45733148112935307-1.527924269051414E-16i
28,0.4732611158614135-1.3921991730792527E-16i,0.47358874771434056-1.3931629725113893E-16i
28,0.5189228006451618+2.87744135581149E-16i,0.5192820434246833+2.8794333670110103E-16i
28,0.6346056897925552+1.0013626013989015E-16i,0.6350450181697583+1.0020558303026771E-16i
28,0.6796920051973026-8.525259242215035E-16i,0.6801625461811677-8.531161156377424E-16i
28,0.7067820666870454+7.409750446355967E-16i,0.7072713617302328+7.414880109848494E-16i
28,0.7404326247550611+8.359482892214322E-16i,0.7409452155948444+8.365270041797703E-16i
28,0.749900475075937+9.115646479335356E-16i,0.7504196203721079+9.121957110077155E-16i
28,0.784951780555134-4.501243155740416E-15i,0.7854951913651549-4.504359301534279E-15i
28,0.8337725184698971-1.5772642499921023E-15i,0.8343497271734871-1.5783561673110222E-15i
28,0.8478337479132629-3.0243065319581984E-15i,0.848420691003437-3.0264002158034923E-15i
28,0.8638417372100923-3.436444958678412E-16i,0.8644397624006528-3.438823960019446E-16i
28,0.8929363126308857+1.0734128660047565E-15i,0.8935544795768868+1.0741559742687954E-15i
28,0.9090256536426857-4.716311898561108E-16i,0.9096549590076936-4.719576933347444E-16i
28,0.9528831279118558-8.93466479866249E-16i,0.9535427951745095-8.940850138393896E-16i
28,0.9740335287819881+6.772192032069331E-16i,0.9747078381624811+6.776880323056022E-16i
28,1.0365730133149338+9.546814764587775E-16i,1.0372906178796537+9.553423886922238E-16i
28,1.0590278971760316+1.4366681310013467E-16i,1.0597610469333736+1.437662715652453E-16i
28,1.0791709761328374,1.0799180706535694
28,1.1172591671106848+6.656687852428671E-14i,1.1180326295373495+6.661296181535699E-14i
29,5.429648840245115E-8+4.887405532682498E-6i,5.433407707920172E-8+4.890789013127039E-6i
29,9.052234524661957E-8+3.603700952581003E-6i,9.058501256221018E-8+3.606195742837202E-6i
29,9.133905523837306E-7-1.1738701169327062E-6i,9.140228795052582E-7-1.1746827703044212E-6i
29,1.1253751589027077E-6+1.1025923936130198E-6i,1.1261542399135748E-6+1.103355702443675E-6i
29,4.293016560562043E-6+2.521772383405999E-7i,4.295988554083682E-6+2.5235181700995283E-7i
29,5.1430066185248926E-6+2.9359969556717996E-8i,5.146567047919089E-6+2.938029504069578E-8i
29,5.95622103479509E-6+1.8401824172268298E-7i,5.960344440814876E-6+1.8414563490054474E-7i
29,0.21099227014655156+2.7062641163704142E-14i,0.2111383370557156+2.7081376240329707E-14i
29,0.2338824387817404-9.595216326036671E-16i,0.23404435222490524-9.601858956074877E-16i
29,0.31908965342236884+2.6142127619695212E-15i,0.31931055459277313+2.616022543805476E-15i
29,0.45227085064772454,0.4525839512424203
29,0.4735414254250689-2.543161637482252E-16i,0.4738692513322688-2.5449222316482546E-16i
29,0.5190850526070914,0.5194444077113087
29,0.6389463478378188,0.6393886811900572
29,0.6839263263522515-3.4478133047829397E-16i,0.6843997986956544-3.450200176266215E-16i
29,0.702618334502334+6.077020447521353E-16i,0.7031047470537106+6.081227481234387E-16i
29,0.741027424956539+1.1083635922829951E-16i,0.7415404275679333+1.1091308964313521E-16i
29,0.7443235702895868+1.03700228482908E-15i,0.7448388547749125+1.0377201865722852E-15i
29,0.783277680368951+2.397060036099043E-15i,0.7838199322235293+2.3987194862310807E-15i
29,0.8337177071508882-6.75402498705805E-16i,0.8342948779093917-6.758700701261187E-16i
29,0.8478493280461242-5.696093358902721E-16i,0.8484362819221999-5.700036682279766E-16i
29,0.8644289303728613-1.6335289410301886E-16i,0.8650273620687895-1.634659809584191E-16i
29,0.8959336561627453-1.5317975761620382E-16i,0.8965538981264952-1.532858017557638E-16i
29,0.9080407229637456+4.855601225398359E-16i,0.908669346475433+4.858962688179126E-16i
29,0.948477871377498-6.346075696274841E-16i,0.949134488944513-6.3504689930607E-16i
29,0.9785097864207639,0.9791871946499372
29,1.032153752468384,1.0328682976424817
29,1.0590828880933751+4.560946475341363E-16i,1.059816075920137+4.564103952883327E-16i
29,1.0793800760958399,1.080127315373464
29,1.1213669068613612-8.462429836011228E-14i,1.1221432130170812-8.468288254280795E-14i
30,2.1264438655875553E-8+4.863340471429199E-6i,2.127915972043121E-8+4.866707291978505E-6i
30,3.203204897192872E-8+3.642724787773944E-6i,3.2054224297992897E-8+3.6452465936690885E-6i
30,9.56429021927935E-7-1.1797127070160269E-6i,9.570911439619354E-7-1.1805294051286908E-6i
30,1.0505718359914687E-6+1.0334214066367507E-6i,1.0512991317394669E-6+1.0341368293895679E-6i
30,4.218314854840027E-6+1.9992011885005128E-7i,4.221235133446913E-6+2.0005852066837312E-7i
30,5.139346604459942E-6-3.4021664331944E-8i,5.142904500079126E-6-3.404521704006042E-8i
30,5.9748134926445745E-6+1.264717282834918E-7i,5.978949769955094E-6+1.2655928283908842E-7i
30,0.21635063956176653-2.4649754767380445E-14i,0.2165004159928865-2.4666819437512777E-14i
30,0.2383856121693127+4.1296406116546268E-16i,0.2385506430945431+4.132499502360356E-16i
30,0.31430336077537285-1.0858924403638624E-15i,0.31452094846432677-1.0866441880574551E-15i
30,0.44806761595809996-1.683497990833379E-16i,0.44837780671397004-1.6846634522407288E-16i
30,0.47378609904715524+6.946593793931079E-16i,0.4741140943383792+6.951402820745156E-16i
30,0.5192248005823469-1.3745133832696254E-16i,0.5195842524320744-1.3754649390842501E-16i
30,0.6431269909752053-5.804331295146519E-16i,0.6435722185264634-5.8083495500876E-16i
30,0.6882642241028022-8.402426336449586E-16i,0.6887406995103281-8.408243215160789E-16i
30,0.6985869782940622+2.9210503327224985E-16i,0.6990705999956098+2.923072533788523E-16i
30,0.7388493371354831+9.119454422086859E-16i,0.7393608318880553+9.125767689012569E-16i
30,0.7415364439032404+1.1841225727748134E-15i,0.7420497989011187+1.1849423237740157E-15i
30,0.7818503670329023-1.7287111730905537E-15i,0.7823916307790194-1.7299079349326598E-15i
30,0.8336732219712559+7.52462949209904E-16i,0.8342503619333105+7.529838684700039E-16i
30,0.8478629846639011+6.347959321109476E-16i,0.8484499479942564+6.352353921901674E-16i
30,0.8646413810675125,0.8652399598399962
30,0.899427181382174+7.13846722251885E-16i,0.9000498418631071+7.143409080543496E-16i
30,0.9072030743791172+1.8627192506122146E-16i,0.907831117998756+1.8640087843159296E-16i
30,0.9440737539959314-9.04551081748917E-16i,0.9447273226559268-9.051772894322615E-16i
30,0.982985257940567-4.899230436578709E-16i,0.983665764474202-4.902622103233873E-16i
30,1.0277239251802586+7.255398811500675E-16i,1.0284354036487389+7.26042161957991E-16i
30,1.0591272609383897-6.280812946966336E-16i,1.059860479483833-6.285161063290994E-16i
30,1.0795428603089272-2.3463060612565217E-16i,1.0802902122797169-2.3479303751429146E-16i
30,1.1253867017029386+2.6906900608093547E-14i,1.1261657907047202+2.6925527867775994E-14i
31,3.9470522073268075E-8+4.8508521818999595E-6i,3.949784694710506E-8+4.854210356986324E-6i
31,6.63263854201791E-8+3.73062740690714E-6i,6.637230222133783E-8+3.7332100665192253E-6i
31,9.611237404431195E-7-1.2435710099085299E-6i,9.61789112563118E-7-1.2444319162043728E-6i
31,1.0053559856530531E-6+1.0353717690329573E-6i,1.006051979119221E-6+1.0360885419935654E-6i
31,4.059154651637711E-6+2.596594747733028E-7i,4.061964745928709E-6+2.598392332871524E-7i
31,5.0326137185704325E-6-1.2053872642613474E-7i,5.036097724550261E-6-1.2062217365001364E-7i
31,5.9085127142104365E-6+1.0587405047721778E-7i,5.912603092447145E-6+1.0594734555718988E-7i
31,0.2211697864869295+9.985109714033189E-15i,0.22132289914404332+9.992022261647276E-15i
31,0.24221360575115272-9.773498666350482E-16i,0.24238128674119555-9.780264718684633E-16i
31,0.30995201634199243-9.038110457612882E-16i,0.31016659165787863-9.044367411283791E-16i
31,0.44448343196371887+2.1819059825338028E-16i,0.44479114144064175+2.1834164846139685E-16i
31,0.4739914389467854+1.0306877301316597E-16i,0.47431957639186373+1.0314012603996125E-16i
31,0.5193408356691787+7.545485193905237E-17i,0.5197003678483252+7.55070882460816E-17i
31,0.6470700552890603,0.6475180125669409
31,0.6926916935517692-6.978683067984667E-16i,0.6931712340326144-6.983514309740907E-16i
31,0.6947657983547482-2.990794657923563E-16i,0.69524677470847-2.99286514198122E-16i
31,0.7334919460312403+8.778150127840389E-16i,0.7339997319391274+8.784227114719865E-16i
31,0.7419571156042776+1.321988310061401E-15i,0.7424707618271146+1.3229035035244956E-15i
31,0.780675202892021-1.065136174717349E-15i,0.7812156530889323-1.06587355314724E-15i
31,0.8336380514669767-1.8161290896365965E-16i,0.8342151670809976-1.8173863696430245E-16i
31,0.8478744960586215,0.8484614673581496
31,0.8646407479533993,0.8652393262875872
31,0.9032384826035874-3.6259162687122894E-16i,0.9038637815934522-3.6284264383118233E-16i
31,0.9065148096168971+1.4357995414160344E-16i,0.907142376760756+1.4367935247550833E-16i
31,0.939689040933129-6.984164978268204E-16i,0.9403395741194354-6.989000015071964E-16i
31,0.9874581446734864+3.107593165859586E-16i,0.988141747722172+3.109744507841741E-16i
31,1.0232868710181782,1.0239952777779802
31,1.059162259587561+3.642493914612323E-16i,1.059895502362065+3.645015560677303E-16i
31,1.0796673827108472,1.080414820886702
31,1.129294782253453-1.013678091030781E-12i,1.1300765767631014-1.0143798457706173E-12i
32,3.272557179973376E-8+4.889508547023423E-6i,3.2748227241661054E-8+4.892893483354497E-6i
32,4.158838135396366E-8+3.7272052852560903E-6i,4.161717239127175E-8+3.729785575782654E-6i
32,8.826012313539864E-7+9.511808039576477E-7i,8.83212243472102E-7+9.518392927259507E-7i
32,9.600922795565853E-7-1.2587987537162432E-6i,9.607569376110709E-7-1.2596702019597603E-6i
32,4.270682515876751E-6+2.1553651209845314E-7i,4.273639047860988E-6+2.1568572492085822E-7i
32,4.85884755546853E-6-1.6063157812718544E-8i,4.8622112656368395E-6-1.6074278105473762E-8i
32,5.959818475567692E-6+1.1268104476050838E-7i,5.963944372043901E-6+1.1275905222456434E-7i
32,0.22527972792977644+4.0720888628595345E-15i,0.2254356858401452+4.074907911318637E-15i
32,0.24529038641681297-3.025558021757255E-16i,0.24546019741778793-3.027652571990909E-16i
32,0.3062057825036455-5.334066894306821E-17i,0.3064177643558119-5.3377595919776144E-17i
32,0.44159530131622954+1.204468212820978E-16i,0.44190101138191024+1.2053020488136944E-16i
32,0.47415437913821457,0.47448262938444025
32,0.5194321506938182,0.5197917460890409
32,0.6506450336702891-1.7768234205487075E-16i,0.6510954658542035-1.7780534898066455E-16i
32,0.6912854704780015-1.3235806138494826E-16i,0.6917640374508702-1.324496909641552E-16i
32,0.6971804089444041-7.26949899646056E-16i,0.6976630568982534-7.274531565894722E-16i
32,0.7282798453121483+1.1836107016480014E-15i,0.7287840229577905+1.1844300982861963E-15i
32,0.7422870763337189+8.347263979388936E-16i,0.7428009509836156+8.353042669994989E-16i
32,0.7797565914460041+1.9792807124248377E-15i,0.7802964057014442+1.980650939949434E-15i
32,0.8336114290259636+4.925365460338054E-16i,0.8341885262096522+4.928775219893678E-16i
32,0.8478836676589889-1.2929639210890551E-15i,0.8484706453078837-1.2938590213857764E-15i
32,0.864544367653552-2.228788079876937E-16i,0.8651428792650466-2.230331037757731E-16i
32,0.9059776667109731,0.906604861998536
32,0.9072141700839104+9.557310274194185E-16i,0.9078422213849459+9.563926662418758E-16i
32,0.9353613169722681-1.3928391309880167E-15i,0.9360088541376195-1.3938033734537944E-15i
32,0.9919252426838168,0.9926119382401042
32,1.0188468065180687,1.0195521394851788
32,1.0591887424140587-1.9498826238905185E-16i,1.059922003522242-1.9512324995419182E-16i
32,1.0797592862008538,1.0805067880001709
32,1.1330564892052437+3.63066825516566E-14i,1.1338408878904254+3.63318171449696E-14i
33,8.879931486110091E-8+4.790443809063112E-6i,8.886078934757683E-8+4.793760164303178E-6i
33,1.1495476658371969E-7+3.981226370397648E-6i,1.1503434811263966E-7+3.9839825160621426E-6i
33,9.34359871098765E-7+1.0910339374656902E-6i,9.350067149775646E-7+1.0917892445436605E-6i
33,9.524724095137854E-7-1.3674591723655861E-6i,9.531317924420087E-7-1.3684058446516217E-6i
33,3.836523918286747E-6+3.938863025127121E-7i,3.839179888528163E-6+3.941589843257952E-7i
33,4.859966945468476E-6-9.350179199187304E-8i,4.8633314305743565E-6-9.356652193552482E-8i
33,5.830521006769473E-6+6.803135046104506E-8i,5.834557392470634E-6+6.807844758494064E-8i
33,0.22846947072966836+3.1911731308946585E-16i,0.2286276368530275+3.1933823340825924E-16i
33,0.24754632673457014+2.5733367539675637E-16i,0.247717699490529+2.5751182379320195E-16i
33,0.30327576593594957+4.724611222716024E-15i,0.30348571937985463+4.727882003004916E-15i
33,0.4394735913639683+1.0737887751912051E-16i,0.4397778326004135+1.0745321436917585E-16i
33,0.47427250728345866,0.47460083930809754
33,0.5194979508694826,0.5198575918172189
33,0.6536329656358744-1.3683362158494054E-16i,0.6540854663220458-1.3692834953000108E-16i
33,0.6883650717182541-1.3680776940582596E-15i,0.6888416169411314-1.3690247945379526E-15i
33,0.7016562770889576-6.928881279487652E-16i,0.7021420236218461-6.933678044183138E-16i
33,0.7232872157223955+1.007007081448082E-15i,0.7237879370424944+1.0077042179440837E-15i
33,0.7425243150236125+1.0774563465494431E-15i,0.7430383539104367+1.0782022540568145E-15i
33,0.7790979720885775-1.747348141278322E-15i,0.7796373303913243-1.7485578052250284E-15i
33,0.8335927932136561-5.773758785750952E-16i,0.8341698774960403-5.777755875784192E-16i
33,0.8478903392903293-3.780011625772337E-16i,0.8484773215578986-3.782628473367735E-16i
33,0.8644296324932158,0.8650280646752118
33,0.9055930099985884-5.295716011501306E-16i,0.9062199389938506-5.299382159408399E-16i
33,0.9111833542248261+5.290230660331961E-16i,0.9118141533348642+5.293893010809459E-16i
33,0.9311854589276615-7.74866336531136E-16i,0.931830105206644-7.754027653335454E-16i
33,0.9963784139248506,0.9970681923474377
33,1.0144125347812907,1.0151147979659554
33,1.0592072914766402,1.0599405654260723
33,1.07982244991455,1.080569995441196
33,1.1366094567269365+2.536909781436659E-12i,1.1373963150803512+2.5386660475327822E-12i
34,1.607872831286992E-7-4.471473924732027E-6i,1.6089859384858092E-7-4.474569461716106E-6i
34,6.297044189522405E-7+4.481428167677511E-6i,6.301403542502464E-7+4.484530595840585E-6i
34,9.778818232661716E-7-1.500377080958353E-6i,9.785587967654993E-7-1.5014157703977524E-6i
34,9.825076621526262E-7+1.3483103930825973E-6i,9.831878380535773E-7+1.3492438089445836E-6i
34,3.165318060698919E-6+4.42357920189934E-7i,3.1675093647942122E-6+4.4266415820567497E-7i
34,4.8913926666107935E-6-2.1705061627872377E-7i,4.894778907290715E-6-2.1720087729364135E-7i
34,5.734197043102053E-6+5.254286484611976E-8i,5.738166745110765E-6+5.257923951454418E-8i
34,0.23051089270509675+2.2862157902189364E-15i,0.23067047207548172+2.287798504476323E-15i
34,0.2489248008199101-1.0345640208536242E-16i,0.24909712787362062-1.0352802346218038E-16i
34,0.30139015638021227+8.175386747051366E-17i,0.3015988044437852+8.181046449525457E-17i
34,0.4381754490945098-2.639908420486656E-16i,0.4384787916457622-2.6417359910568417E-16i
34,0.4743440844159119,0.47467246599236856
34,0.5195376622900543,0.5198973307294351
34,0.6556972018702057,0.6561511315973857
34,0.6863413271426774-2.974505757812082E-16i,0.686816471356338-2.976564965298842E-16i
34,0.7058378672352699-6.437571321868692E-16i,0.7063265086227785-6.442027959758106E-16i
34,0.7187955464591806+7.212041846581307E-16i,0.7192931582613535+7.21703463925831E-16i
34,0.7426672990307808-3.275658739755111E-16i,0.7431814369033733-3.2779264311129977E-16i
34,0.7787018110048725-5.595212230948705E-15i,0.7792408950510079-5.5990857157741155E-15i
34,0.8335817604797132-1.1640105749297595E-15i,0.8341588371242947-1.1648164026825778E-15i
34,0.8478943915151866-3.7003937866354095E-16i,0.8484813765880527-3.702955515947712E-16i
34,0.8643439550522508,0.8649423279209888
34,0.9053618211823569-6.108525542126918E-16i,0.905988590128932-6.112754386363099E-16i
34,0.914776107083343+3.606419763095017E-16i,0.9154093934044294+3.6089164355445694E-16i
34,0.9274850720527075,0.9281271566071627
34,1.0007808575475092+1.5621084101344024E-16i,1.0014736837183966+1.563189835283717E-16i
34,1.0100212765409586+2.9205083331381685E-16i,1.0107204997208021+2.922530158985689E-16i
34,1.0592182815692566,1.0599515631269716
34,1.0798594004852482+2.1371266889369201E-16i,1.0806069715922422+2.138606190957199E-16i
34,1.1397746567640301-5.2175468581222343E-11i,1.1405637063398337-5.221158890650512E-11i
35,1.290006651343033E-7-4.555103477321155E-6i,1.2908997043645103E-7-4.558256909839761E-6i
35,4.688195111043344E-7+4.3762967062968415E-6i,4.691440680982719E-7+4.379326353463677E-6i
35,9.844752714084478E-7-1.2147361697380713E-6i,9.851568094569421E-7-1.2155771140894457E-6i
35,1.1742016692819797E-6+1.2239409883519853E-6i,1.17501455218261E-6+1.2247883050666858E-6i
35,3.5070613697226883E-6+4.975449590512395E-7i,3.5094892577878206E-6+4.978894022589849E-7i
35,4.895138289108137E-6-1.4810383106593E-7i,4.898527122828557E-6-1.482063612146607E-7i
35,5.826395882807256E-6+4.5103825171514496E-8i,5.830429412744522E-6+4.51350498999356E-8i
35,0.23121617371551592+1.8077133461069615E-14i,0.23137624134178444+1.8089648000153773E-14i
35,0.24938862046800264+5.8313883050833035E-15i,0.24956126861737396+5.835425291202593E-15i
35,0.30073680921765905-3.085667059869895E-14i,0.30094500497840315-3.087803222724731E-14i
35,0.43773837246181635+1.9071434245157228E-16i,0.4380414124312123+1.9084637124350767E-16i
35,0.47436806050896835-4.2046407105743194E-15i,0.4746964586837288-4.207551522768114E-15i
35,0.5195509381086114-6.017217240541125E-16i,0.5199106157386502-6.021382873355464E-16i
35,0.6564489166201475-2.3503679967427717E-16i,0.6569033667486199-2.351995122648587E-16i
35,0.6856031050441854+3.4837930505877766E-16i,0.6860777381973218+3.486204830330765E-16i
35,0.7081470419734796-4.546552395411144E-16i,0.7086372819693946-4.549699908138927E-16i
35,0.716383008386994-1.8998076852931936E-15i,0.7168789500238135-1.901122894785959E-15i
35,0.7427150691799396-8.36739909378152E-15i,0.7432292401231183-8.37319172363721E-15i
35,0.7785695921715785-3.8218718356140844E-15i,0.7791085846845204-3.824517662429737E-15i
35,0.833578107369217+1.314076313742894E-15i,0.8341551814848027+1.3149860298449141E-15i
35,0.8478957505721688-3.0001300140499043E-16i,0.8484827365858905-3.0022069608401267E-16i
35,0.8643127361399577-7.14199758251441E-15i,0.8649110873962924-7.146941884556424E-15i
35,0.9052846922909145,0.905911407842269
35,0.9166004561647656-3.913857259069618E-15i,0.9172350054564403-3.9165667660688295E-15i
35,0.9256274248807081+8.181329315506508E-16i,0.9262682234127865+8.186993131935134E-16i
35,1.0042391217879538-2.0736559093122502E-16i,1.0049343420653567-2.0750914714261258E-16i
35,1.0065667159506697-5.456970023405347E-15i,1.0072635475879814-5.460747805141929E-15i
35,1.0592219224313173+7.615331565818728E-16i,1.0599552065095486+7.620603550158751E-16i
35,1.0798715636990728-6.850970770615694E-16i,1.0806191432264842-6.85571359898823E-16i
35,1.14151675597784-1.0225966962441556E-9i,1.1423070115838339-1.0233046252059037E-9i
36,1.343820471585493E-7-4.7210870026861895E-6i,1.344750779139507E-7-4.724355343208323E-6i
36,6.497391917937048E-7+4.3704361393071515E-6i,6.501889968763371E-7+4.373461729287884E-6i
36,9.411040364133394E-7-1.4745868159293514E-6i,9.417555491806329E-7-1.4756076511397941E-6i
36,1.0069265817187142E-6+1.2725935384853562E-6i,1.007623662485913E-6+1.2734745366596474E-6i
36,3.3311310620789333E-6+7.360632855383022E-7i,3.3334371561264555E-6+7.365728515474883E-7i
36,4.724928322430291E-6-1.1562747107592206E-7i,4.7281993222427475E-6-1.157075183084713E-7i
36,5.770064208998301E-6+4.832280159682856E-8i,5.774058741329277E-6+4.83562547762578E-8i
36,0.2313044736200858+1.4223917519168617E-15i,0.23146460237510627+1.4233764532363868E-15i
36,0.24956679100699874-1.9536216807555852E-15i,0.2497395625012675-1.9549741449021895E-15i
36,0.30082919805124075-6.833510800326816E-16i,0.3010374577714434-6.838241541413441E-16i
36,0.43782893623934843-9.458357156916073E-17i,0.43813203890474295-9.464905041323027E-17i
36,0.4738572673853708-5.958240016641591E-17i,0.4741853119454101-5.962364820373424E-17i
36,0.520056935540879-1.306655275552987E-16i,0.5204169634656508-1.3075598541771724E-16i
36,0.6564556732582827,0.6569101280642784
36,0.6856044848306591+1.0092356347676781E-15i,0.6860791189390019+1.0099343140590395E-15i
36,0.7076315471840146-8.697884054194272E-17i,0.7081214303103126-8.703905474027241E-17i
36,0.7152161101540524+5.335709724253308E-16i,0.7157112439640348+5.339403559231608E-16i
36,0.743858890155142-3.1806287557542045E-16i,0.7443738529491045-3.182830659223126E-16i
36,0.778145131715567+1.6986707451486602E-15i,0.7786838303806498+1.6998467104352505E-15i
36,0.8322577415089728-2.1706405117100864E-15i,0.832833901554294-2.172143214867086E-15i
36,0.8492112813907048-8.99052054041895E-16i,0.8497991781274612-8.996744548275742E-16i
36,0.8648281911769855-2.9249165436473366E-16i,0.8654268992754168-2.92694142123549E-16i
36,0.9057513469236443+4.252492065856365E-16i,0.9063783855332789+4.255436004854096E-16i
36,0.9166075592903724-2.608811673352718E-16i,0.9172421134994386-2.610617716092829E-16i
36,0.9256660066727309+7.183174715766359E-16i,0.9263068319144281+7.188147524144545E-16i
36,1.004239577809676,1.0049347984027763
36,1.0065690697272682,1.0072659029940656
36,1.0585422588579334-1.6518011441800003E-16i,1.0592750724148636-1.652944662317022E-16i
36,1.0805430636401636-4.721766447803009E-16i,1.081291108037311-4.725035258695209E-16i
36,1.1407494060401653-3.9459648796321626E-10i,1.1415391304208513-3.948696614274561E-10i
37,6.898220925091794E-8+4.886471636632145E-6i,6.90299646406561E-8+4.8898544705539026E-6i
37,1.8538242833642066E-7+4.0250538508965665E-6i,1.8551076592102323E-7+4.0278403376944526E-6i
37,8.744921918065194E-7+1.0451135968380963E-6i,8.750975901533714E-7+1.0458371139257575E-6i
37,9.356091197067779E-7-1.369489764700096E-6i,9.362568284223925E-7-1.3704378427359527E-6i
37,4.0740196814841674E-6+4.025072224738269E-7i,4.076840066621189E-6+4.0278587242561005E-7i
37,4.610830674887222E-6+9.208465248754981E-8i,4.614022686541923E-6+9.214840136593743E-8i
37,5.857187151710353E-6+6.435202980377253E-8i,5.8612419979995155E-6+6.439657978697969E-8i
37,0.23156909167883769+4.755968050713277E-15i,0.2317294036251282+4.75926053888248E-15i
37,0.25010025862583074-1.2587449118443754E-16i,0.25027339943204713-1.2596163228139403E-16i
37,0.30110579291876977+1.3142084787199552E-15i,0.3013142441216147+1.3151182863178851E-15i
37,0.4381004882871077-4.230730803763784E-16i,0.438403778944073-4.2336596777532513E-16i
37,0.4723885011875119-1.084069225390376E-16i,0.47271552894187074-1.0848197108985068E-16i
37,0.5215112985469162,0.5218723333062464
37,0.6564759838588049,0.6569304527255367
37,0.6856086079251843+3.122352463689318E-16i,0.686083244887886+3.1245140233207446E-16i
37,0.706106297665305,0.7065951248833333
37,0.7121729203651177+9.518037515534388E-16i,0.7126659474186481+9.524626715793885E-16i
37,0.7468328548578058-1.4174096559222316E-15i,0.7473498764846904-1.4183909082084695E-15i
37,0.7768913998673171-3.016818698499584E-16i,0.777429230591902-3.0189071986256414E-16i
37,0.829165883597229,0.8297399031938578
37,0.852288608740473-9.657615250758555E-16i,0.852878635866623-9.664301078673455E-16i
37,0.8663517433263223+1.0566517055936796E-15i,0.866951506157959+1.0573832103478197E-15i
37,0.9071317845988424+4.913343707814843E-16i,0.9077597788655933+4.916745144884375E-16i
37,0.9166288547123898+1.5807137070885424E-16i,0.91726342366397+1.5818080124169188E-16i
37,0.9257833701005674,0.926424276591275
37,1.0042409474327345+2.197400764762182E-16i,1.004936168974005+2.1989219936568738E-16i
37,1.006576184811738,1.007273023004206
37,1.0567154114668438+6.960475867039164E-16i,1.057446960323642+6.965294504212474E-16i
37,1.0823452048807185-3.3989740464984484E-16i,1.083094496874286-3.4013271072667694E-16i
37,1.1389949937668988-5.322213979253857E-11i,1.1397835035932413-5.3258984713223074E-11i
38,5.34570871911E-8+4.830224571587786E-6i,5.349409476248398E-8+4.833568466476684E-6i
38,3.7791827384792733E-7+4.124612450194141E-6i,3.7817990122479394E-7+4.127467859976125E-6i
38,9.447001498603025E-7+1.120657575980828E-6i,9.453541521651313E-7+1.1214333910769977E-6i
38,9.756243964397242E-7-1.4113539756955432E-6i,9.762998071549794E-7-1.4123310357215957E-6i
38,3.907664366868523E-6+5.679641741959166E-7i,3.9103695866176745E-6+5.683573676118796E-7i
38,4.6804038989702445E-6+1.1660076712438866E-7i,4.6836440751657375E-6+1.166814881557714E-7i
38,5.814663580117624E-6+7.091186355019501E-8i,5.818688987950749E-6+7.096095481180685E-8i
38,0.23200918514846117+1.7200940832122408E-15i,0.23216980176512095+1.7212848795671579E-15i
38,0.25098590858891334-1.6942945324500435E-16i,0.25115966251784094-1.6954674681476244E-16i
38,0.3015648814427643+7.412693484858148E-16i,0.301773650465981+7.417825185773833E-16i
38,0.43855261156524533-1.869395807001016E-16i,0.4388562152206431-1.8706899627885393E-16i
38,0.4701186717864663-4.5091221341462265E-16i,0.47044412817062886-4.512243734443339E-16i
38,0.5237570676374005-2.1743026421600345E-16i,0.5241196571103204-2.1758078805571897E-16i
38,0.6565099723672647+8.782423056573001E-17i,0.6569644647637514+8.788503001539486E-17i
38,0.6856154253673694+5.345217936506401E-16i,0.6860900670496881+5.348918353883073E-16i
38,0.7036310790601702,0.7041181927200152
38,0.7080238018552703+5.180042071620902E-16i,0.7085139565338266+5.183628140125762E-16i
38,0.7508666191194318-1.4012022803692038E-15i,0.7513864332632061-1.4021723125228224E-15i
38,0.7748635487232262+4.612879348992044E-16i,0.7753999755956763+4.616072778914316E-16i
38,0.8253318818150982-7.458122680279469E-16i,0.8259032471875242-7.463285831172713E-16i
38,0.8560983074861751-9.585846316829498E-16i,0.856690972011886-9.59248246014531E-16i
38,0.8688185978744336+1.3145926288895488E-16i,0.8694200684739376+1.3155027024291072E-16i
38,0.9093712196985045-1.6227080439571549E-16i,0.9100007642939147-1.6238314213599943E-16i
38,0.9166643013447177,0.9172988948354907
38,0.9259846462718098+3.682412374018846E-16i,0.9266256921031113+3.684961655058226E-16i
38,1.0042432354155715-2.2796999211313323E-16i,1.0049384585407797-2.281278124546414E-16i
38,1.0065882269052355-2.0510099615133262E-16i,1.007285073434271-2.0524298461637678E-16i
38,1.0541400952818778+3.9686362062282027E-16i,1.05486986128438+3.9713836359034114E-16i
38,1.0848785918600936,1.085629637680972
38,1.1368788745366312-3.039146221299627E-11i,1.137665919404114-3.0412501784480784E-11i
39,5.887130348344675E-8+4.863428432028201E-6i,5.891205923877519E-8+4.866795313471362E-6i
39,3.661953302576422E-7+4.069811706592319E-6i,3.664488420095367E-7+4.072629178608942E-6i
39,1.0337554988419388E-6+1.0822899174886389E-6i,1.0344711528819768E-6+1.0830391712075412E-6i
39,1.0640833589296825E-6-1.3148011681809805E-6i,1.0648200085103699E-6-1.3157113860892861E-6i
39,3.979101003635341E-6+4.6761851607464474E-7i,3.981855677939044E-6+4.679422416370241E-7i
39,4.878935139598119E-6+3.2588755415857853E-7i,4.882312756111548E-6+3.26113161417735E-7i
39,5.8363308910308335E-6+8.824469848954924E-8i,5.840371298831174E-6+8.830578902310067E-8i
39,0.23262335674779208+3.7142849597254046E-15i,0.2327843985466026+3.7168563056967276E-15i
39,0.2522186060732952-4.196621835235896E-16i,0.25239321338093357-4.1995270960778093E-16i
39,0.30220361796179573-7.629049902190852E-15i,0.30241282917310314-7.634331383537525E-15i
39,0.4391846137075178-3.564963554016911E-16i,0.43948865488889427-3.567431526930118E-16i
39,0.4672311976049705-3.94739069485437E-16i,0.46755465503235283-3.950123416568108E-16i
39,0.5266107374181369+5.780612919838708E-16i,0.5269753024455374+5.784614754890239E-16i
39,0.6565578517274908+2.9921640859648112E-16i,0.6570123772701688+2.9942355180577735E-16i
39,0.6856248549726665-2.2848210517610465E-15i,0.6860995031829651-2.286402800461091E-15i
39,0.700294062228111,0.7007788657192746
39,0.7032779350644467+4.274738134846071E-16i,0.7037648042477906+4.2776974744768964E-16i
39,0.7554510289098642-1.008968690811532E-15i,0.7559740167744954-1.009667185301438E-15i
39,0.7721424642984339+9.637100468005777E-15i,0.7726770074033356+9.643772093832105E-15i
39,0.8211856178958907+2.439174944646586E-16i,0.8217541128695346+2.4408635503231234E-16i
39,0.8602103654623945-3.6298771284594694E-16i,0.8608058767066059-3.6323900401051475E-16i
39,0.8721312448551991+2.0150476244386303E-15i,0.8727350087524874+2.016442612881172E-15i
39,0.9123893649691672+4.0611468959363196E-16i,0.9130209989830702+4.0639583694293465E-16i
39,0.9167138333333659-3.543722829488726E-16i,0.917348461114421-3.546176097754326E-16i
39,0.9262793851368367+2.4696926584008345E-16i,0.9269206350116087+2.471402391050979E-16i
39,1.0042464499752641-4.960716817750307E-16i,1.0049416753258658-4.964151050541411E-16i
39,1.0066054876096677+4.620875154915676E-16i,1.0073023460880404+4.624074120219204E-16i
39,1.0511233725913292+1.3733113543633044E-15i,1.0518510501601703+1.3742620780306332E-15i
39,1.0878349007467736-2.401651884873834E-16i,1.0885879931777072-2.4033145138766307E-16i
39,1.1346512970233942-2.2388418087402392E-11i,1.1354367997710544-2.2403917266726958E-11i
40,5.296341906760232E-8+4.942502146076841E-6i,5.300008487965596E-8+4.945923769113139E-6i
40,3.023432164719491E-7+4.084936253775807E-6i,3.025525243252941E-7+4.087764196298568E-6i
40,9.670081863357345E-7+1.0707097893461123E-6i,9.676776321728557E-7+1.0714510263091198E-6i
40,1.1470501321850502E-6-1.278405995167656E-6i,1.147844218467681E-6-1.2792910172219767E-6i
40,3.8066355204833977E-6+2.0744661187287572E-7i,3.8092707994175734E-6+2.0759022417389402E-7i
40,5.044150787798589E-6+2.067559188050938E-7i,5.047642780725246E-6+2.068990529492511E-7i
40,5.848372459005412E-6+1.0912981927594863E-7i,5.852421203009795E-6+1.0920536827775898E-7i
40,0.23340966520300746-1.0847399611040372E-15i,0.23357125135183435-1.0854909109528403E-15i
40,0.25379127693181897+6.2075177194717215E-16i,0.2539669729768375+6.211815094566243E-16i
40,0.30301803563086677-2.766389443622318E-15i,0.3032278106517944-2.768304575182793E-15i
40,0.43999553102450667-5.031575175728112E-16i,0.44030013359226-5.035058462739692E-16i
40,0.46388851949440685-6.411445625381817E-17i,0.46420966283388637-6.415884176827907E-17i
40,0.5299097360977758+2.0292086259081206E-16i,0.5302765849744383+2.0306134178079824E-16i
40,0.6566199337093476-1.6935919651242964E-16i,0.6570745022304871-1.6947644144446387E-16i
40,0.6856367803417147+1.2604804506325115E-15i,0.6861114368077745+1.2613530630905779E-15i
40,0.6961990995110039+3.3662465083468804E-16i,0.6966810681184687+3.368576912311997E-16i
40,0.6981981672957756+6.717517191851547E-16i,0.69868151982907+6.722167632233977E-16i
40,0.7603232638451115-2.2144149899288747E-16i,0.7608496246878014-2.21594799752655E-16i
40,0.7688227512000093+4.0901832489333235E-15i,0.7693549961153551+4.093014823875246E-15i
40,0.8168882054248205+8.490503070408432E-16i,0.8174537253617172+8.496380923373762E-16i
40,0.864463481807829+1.6313983352026147E-15i,0.8650619374232179+1.6325277287688953E-15i
40,0.8761703884086106+1.4509466497838573E-16i,0.8767769485467949+1.4519511192478268E-16i
40,0.91609242633035+3.2032951697007796E-16i,0.9167266239202889+3.2055127648015546E-16i
40,0.9167773640952973-2.412569652011217E-16i,0.9174120358577839-2.4142398392269266E-16i
40,0.9266833412453286-1.1660067343165416E-16i,0.9273248707730952-1.1668139439817476E-16i
40,1.0042506032315577-3.259659477112124E-16i,1.0049458314573987-3.261916092410961E-16i
40,1.0066284099807787-1.4376726481904247E-16i,1.0073252843279787-1.4386679282543105E-16i
40,1.0478448515516479+5.7032776491309E-16i,1.048570259447602+5.707225946088576E-16i
40,1.0910324439104628-5.310463030429609E-16i,1.0917877499544661-5.314139387485467E-16i
40,1.1324044397812019-1.268658186828664E-11i,1.1331883870619606-1.2695364606156941E-11i
41,2.85304470498365E-8-4.894461797382806E-6i,2.8550198267332496E-8-4.89785016277775E-6i
41,2.9811524664587034E-7+4.031709026618041E-6i,2.98321627536611E-7+4.034500120698208E-6i
41,9.71323796387931E-7+1.0419533584374764E-6i,9.719962298597227E-7+1.0426746877376179E-6i
41,1.085637224451228E-6-1.2261982138351103E-6i,1.0863887954625209E-6-1.2270470931944962E-6i
41,3.683085154724787E-6+3.404299915631731E-7i,3.685634901520558E-6+3.406656663422531E-7i
41,4.965522231754055E-6+7.477223407262262E-8i,4.96895979126405E-6+7.48239978131364E-8i
41,5.835696275835841E-6+9.632378877395311E-8i,5.839736244301223E-6+9.639047234532474E-8i
41,0.23436563923544185+9.619126739203222E-15i,0.23452788719132003+9.62578592207602E-15i
41,0.25569501339969664+1.0469581098857186E-15i,0.2558720273740475+1.0476829039031914E-15i
41,0.30400306268593186+1.6099162732931928E-15i,0.3042135196268999+1.6110307951374743E-15i
41,0.44098413401448544-3.332900083477961E-16i,0.4412894209778474-3.335207402193514E-16i
41,0.4602163218380331-8.948518849513371E-16i,0.46053492296797516-8.95471378020461E-16i
41,0.5335281947042806+5.479899446886031E-16i,0.5338975485877104+5.48369310233218E-16i
41,0.6566966432359981-1.374544232347053E-16i,0.6571512648620379-1.3754958095180495E-16i
41,0.6856510492207327-3.362554590055389E-15i,0.686125715564932-3.364882438158656E-15i
41,0.6914541278299674-1.6081880199998526E-16i,0.6919328115618912-1.6093013453992753E-16i
41,0.6929184629799633+1.001008412373648E-15i,0.6933981604500169+1.0017013960774635E-15i
41,0.7650020200274261+9.789456478385822E-15i,0.7655316199056209+9.796233578083363E-15i
41,0.765349376420486-5.037367281280109E-16i,0.7658792167685078-5.040854578082923E-16i
41,0.8125079482442819,0.8130704357922325
41,0.8687891036335227+6.95007479602521E-16i,0.8693905538145885+6.95488623268689E-16i
41,0.8808033819708422+2.2227736516143315E-16i,0.8814131494637287+2.2243124457930804E-16i
41,0.9168547921870207+1.6844396632827601E-16i,0.9174895175518597+1.6856057765963815E-16i
41,0.920383781226571+1.503171743556106E-15i,0.9210209496596853+1.5042123677001634E-15i
41,0.9272216518106877-3.2342222358214266E-16i,0.9278635540031039-3.2364612412845553E-16i
41,1.0042557118583257+3.4204422374574805E-16i,1.0049509436207955+3.4228101603451414E-16i
41,1.006657629704528-2.747620164511261E-16i,1.0073545242801216-2.7495223023701893E-16i
41,1.0444035576173167+1.3070145196898078E-15i,1.0451265831550538+1.3079193470135338E-15i
41,1.0943688481012046+2.403485223644805E-16i,1.0951264638897664+2.4051491218416227E-16i
41,1.130177664488049-5.171445791333139E-12i,1.13096007020435-5.17502590875699E-12i
42,3.247411514653729E-8-4.838767198840984E-6i,3.2496596508645945E-8-4.842117007667668E-6i
42,1.3042850912390427E-7+3.9823936374567454E-6i,1.3051880290187714E-7+3.98515059120341E-6i
42,7.510215870854236E-7+1.0189018580094494E-6i,7.515415085112885E-7+1.0196072290879138E-6i
42,9.651322230172219E-7-1.324075968018522E-6i,9.658003701519622E-7-1.3249926067371466E-6i
42,3.4645855809907715E-6-1.4886942153064794E-8i,3.4669840636792517E-6-1.4897248168662862E-8i
42,4.890765636062601E-6-3.12864407875536E-8i,4.8941514426583076E-6-3.130809993981263E-8i
42,5.8364633693784996E-6+2.533904834168455E-8i,5.8405038688916905E-6+2.5356590199828722E-8i
42,0.23548829423332543+5.111806681222798E-15i,0.2356513193870862+5.115345511349853E-15i
42,0.25791919808462715+2.7700719636473683E-15i,0.25809775182999484+2.771989644563408E-15i
42,0.30515254225659016+2.9604313948639724E-15i,0.30536379496570604+2.9624808588720123E-15i
42,0.4421489342906565-3.266559198514522E-16i,0.44245502762847-3.268820590391091E-16i
42,0.4563060455639262+3.4128384757390073E-16i,0.45662193966593334+3.4152011346519666E-16i
42,0.5373744208815109-5.535430007084472E-16i,0.5377464374519163-5.539262105537497E-16i
42,0.6567885378188874+3.5548858462622207E-16i,0.6572432230622232+3.5573468425235235E-16i
42,0.6856674708999662+2.1349164503022188E-15i,0.6861421486126574+2.1363944222061304E-15i
42,0.6861627530729286+1.471350950829726E-16i,0.6866377736623333+1.4723695458973746E-16i
42,0.6875112277707196+1.2389209249404503E-16i,0.6879871818897321+1.2397786120494567E-16i
42,0.760773364679529-4.877373119563391E-16i,0.7613000371205425-4.880749654712852E-16i
42,0.7704569537449673-3.3930979580012325E-16i,0.7709903299951933-3.395446950838135E-16i
42,0.8080779454689313+4.3774998822333315E-16i,0.8086373661897771+4.3805303623415354E-16i
42,0.873153814289958+1.0358349145503633E-15i,0.8737582860973354+1.0365520081399412E-15i
42,0.885887173201224-1.1072472144338353E-16i,0.8865004601295446-1.1080137457298896E-16i
42,0.9169460092299094+2.5018261947906197E-16i,0.9175807977429933+2.503558173025106E-16i
42,0.9251714462269186+4.937303444563472E-16i,0.9258119290915435+4.940721468613601E-16i
42,0.9279343291438463+5.444582830766747E-16i,0.9285767247125138+5.448352037028309E-16i
42,1.0042617979743553+2.2390929616802675E-16i,1.0049570339501555+2.2406430534822864E-16i
42,1.0066940389092454-1.6659988341568334E-16i,1.007390958690407-1.6671521811501009E-16i
42,1.0408552723438647+3.113334903724004E-16i,1.0415758414548217+3.1154902206285695E-16i
42,1.09778284662412+2.9126000055190703E-16i,1.0985428258746786+2.9146163565453038E-16i
42,1.127990607188857-4.954687816805571E-12i,1.1287714988368955-4.958117875806173E-12i
43,3.930741552206225E-8+4.8131817121310975E-6i,3.933462747958347E-8+4.816513808493905E-6i
43,1.1389499510697923E-7+4.010069605242712E-6i,1.1397384297137243E-7+4.012845718663188E-6i
43,7.235351083783913E-7+1.027281642540367E-6i,7.240360013110049E-7+1.0279928148229468E-6i
43,9.364926970593238E-7-1.3820918808795559E-6i,9.371410174628113E-7-1.3830486831789033E-6i
43,3.539597401609848E-6+5.6957347687104994E-8i,3.5420478139011565E-6+5.69967784384072E-8i
43,4.940792835445598E-6+1.1979515566850448E-7i,4.944213275150769E-6+1.198780881290594E-7i
43,5.851335494949411E-6+3.824002490712131E-9i,5.855386290220893E-6+3.826649792549615E-9i
43,0.23677415065030707-1.498318957563842E-15i,0.23693806598394185-1.4993562221940638E-15i
43,0.26045163856506487-9.142576312765198E-16i,0.2606319454824959-9.14890558664274E-16i
43,0.3064592550199128-1.2986000271888804E-15i,0.3066714123474508-1.2994990292806635E-15i
43,0.44348819281014384-4.0394049386506204E-16i,0.4437952132973377-4.042201360499823E-16i
43,0.4522228656138642-4.742864187467906E-16i,0.4525359329892123-4.746147604021352E-16i
43,0.5413829041088428,0.5417576956944422
43,0.6568963329416563-1.3282503829157287E-16i,0.6573510928100028-1.329169911521652E-16i
43,0.6804193800574283-1.2976111542756176E-16i,0.6808904245924309-1.2985094717849282E-16i
43,0.6820185580513045+7.565300675891795E-16i,0.6824907096741952+7.570538024567443E-16i
43,0.6856858121408723+7.894698568792916E-16i,0.6861605025509404+7.900163954884664E-16i
43,0.7562212216852718+5.28513208144569E-15i,0.7567447427432665+5.288790902250473E-15i
43,0.7756038496465169-1.4067497598667169E-15i,0.7761407890186317-1.4077236324604773E-15i
43,0.8036161245973171-3.277769699291718E-16i,0.8041724564638485-3.2800388520364823E-16i
43,0.8775392914233056+5.815164401367493E-16i,0.8781467992333271+5.819190155911954E-16i
43,0.8912639312462984-6.597610185927004E-16i,0.8918809404267585-6.602177616416557E-16i
43,0.9170509102030605,0.917685771337577
43,0.9288855311306984+1.700125942416092E-16i,0.9295285852027989+1.7013029151147876E-16i
43,0.9303721296655149-4.109701665413518E-16i,0.9310162128883658-4.112546752673996E-16i
43,1.0042688903175339-3.1683826260073345E-16i,1.0049641312032611-3.1705760516570443E-16i
43,1.0067388846061034-7.407308901560539E-16i,1.007435835433295-7.412436874806776E-16i
43,1.0372328877902102+6.184318924065951E-16i,1.0379509491765233+6.188600238968604E-16i
43,1.1012321572487271+1.7409067531719789E-15i,1.1019945244073421+1.7421119578384914E-15i
43,1.1258544686472833-2.4519890967461013E-11i,1.126633881477382-2.4536865734755422E-11i
44,7.014035180619203E-8+4.057001010361981E-6i,7.018890896133755E-8+4.059809613718148E-6i
44,1.1472817694777704E-7+4.7711895867456265E-6i,1.148076016119562E-7+4.7744926125649495E-6i
44,7.453417538755347E-7+1.0264971638105773E-6i,7.458577432346894E-7+1.0272077930098333E-6i
44,9.080925368828219E-7-1.3401070957616873E-6i,9.08721196264539E-7-1.3410348325991116E-6i
44,3.5869821223743893E-6+4.820008098269681E-8i,3.5894653384252808E-6+4.823344920441275E-8i
44,4.970367090054662E-6+1.9095604210349356E-7i,4.973808003590266E-6+1.9108823822061615E-7i
44,5.8534542370974374E-6-2.792004799491217E-8i,5.857506499143588E-6-2.7939376641935576E-8i
44,0.23821925298160643+2.8532264643996337E-15i,0.2383841687387677+2.8552017119786584E-15i
44,0.2632787043947842+1.2068105088797095E-15i,0.2634609684491638+1.2076459664102452E-15i
44,0.30791494395210933-2.4953541920220736E-15i,0.30812810903212506-2.497081689782276E-15i
44,0.44499992926871107-1.3819213711510734E-16i,0.44530799630927775-1.3828780554089922E-16i
44,0.448013339503279+1.852756759043384E-16i,0.44832349268434124+1.854039395857701E-16i
44,0.5455066449021316-3.9878281520404733E-16i,0.5458842912940775-3.990588868023297E-16i
44,0.6570209345155279-1.235322387215789E-16i,0.6574757806437491-1.2361775831089673E-16i
44,0.6743072209780541+4.792516694015691E-16i,0.6747740341533749+4.795834484284148E-16i
44,0.6764667383938693+3.7490367633133823E-16i,0.676935046571988+3.751632167457711E-16i
44,0.6857057907995666-3.1485312963442475E-16i,0.6861804950405723-3.150710979204401E-16i
44,0.7514198610498843-9.213726228226145E-16i,0.7519400581950775-9.220104758165206E-16i
44,0.7807636638752197-1.1262753002901076E-15i,0.7813041753123953-1.12705500445589E-15i
44,0.7991331296902057-5.886328216936403E-16i,0.7996863580439428-5.890403237165229E-16i
44,0.881934407413066,0.8825449578985731
44,0.8967484400103025,0.8973692460371726
44,0.917169406513862+5.989699759893557E-16i,0.9178043496816675+5.993846342752448E-16i
44,0.9301781938713904+5.220726835326141E-16i,0.9308221428352849+5.224341069306828E-16i
44,0.935912599028186+7.565569260345411E-16i,0.9365605178381632+7.570806794958208E-16i
44,1.0042770257613658-1.5082341900802539E-16i,1.0049722722791437-1.5092783188831128E-16i
44,1.0067939225375333+2.361225042744281E-16i,1.007490911466692+2.362859684826642E-16i
44,1.0335568017392465+4.329940360065792E-16i,1.0342723182241427+4.3329379154019194E-16i
44,1.1046791993651217+7.350174469818138E-15i,1.1054439528613376+7.355262889720332E-15i
44,1.1228856978445918-5.589590861647978E-12i,1.1236630554374303-5.5934604548804E-12i
45,6.654815653502895E-8+4.865982496029994E-6i,6.659422686513576E-8+4.869351145614872E-6i
45,1.4421275356573518E-7+4.011074667637784E-6i,1.443125899775656E-7+4.013851476848477E-6i
45,7.830926676926118E-7+9.917493846161823E-7i,7.836347914655795E-7+9.92435958428463E-7i
45,9.51450736775783E-7-1.253117070146696E-6i,9.521094124146875E-7-1.2539845850425254E-6i
45,3.5904424371941684E-6+5.5635495524633616E-8i,3.5929280487711617E-6+5.567401117672575E-8i
45,5.032662998291902E-6+2.0577072290113026E-7i,5.0361470383873716E-6+2.0591317500835553E-7i
45,5.855240849390539E-6-1.436314411899172E-8i,5.859294348282642E-6-1.4373087516756395E-8i
45,0.23981918797646606+2.2662213473813125E-15i,0.2399852113455763+2.2677902197739536E-15i
45,0.2663854582275622+5.955193411674651E-16i,0.2665698730428657+5.959316106285753E-16i
45,0.3095103404648506+3.045385990871887E-15i,0.3097246100148896+3.047494267722926E-15i
45,0.44371122659149687+9.529924517988191E-17i,0.44401840148176464+9.536521947448248E-17i
45,0.44668193250547333-4.4406819625159953E-16i,0.44699116397265065-4.443756182668207E-16i
45,0.5497113073378879,0.5500918645570675
45,0.6571634798727913,0.6576184246831099
45,0.6678982116081809,0.6683605879186402
45,0.6708733073571438+4.579469620883639E-16i,0.6713377432835322+4.582639921732426E-16i
45,0.6857270657594292-4.4156512845574767E-16i,0.6862017847287831-4.4187081763319174E-16i
45,0.746433542656932-5.551643678001673E-16i,0.7469502878457323-5.555487000945507E-16i
45,0.7859186470642091-1.003527778069507E-15i,0.7864627272219861-1.004222505893901E-15i
45,0.794635800018764-1.5905838335439886E-16i,0.795185914935956-1.591684971818726E-16i
45,0.8863317362041946-6.028479744658374E-16i,0.8869453308970779-6.032653174342071E-16i
45,0.902109685167039-1.2471810491522598E-16i,0.9027342027066996-1.2480444546262665E-16i
45,0.9173014423765358+1.687813235582527E-16i,0.9179364769508669+1.6889816843716533E-16i
45,0.9319725703139506+5.244306773396088E-16i,0.9326177614988072+5.247937331428218E-16i
45,0.9417292921948431,0.942381237817707
45,1.0042862512510393,1.0049815041554908
45,1.00686166347796,1.0075586993031957
45,1.0298403125784024+3.053831606415095E-16i,1.0305532561913906+3.0559457300441104E-16i
45,1.1080762445756218+5.5821339963341824E-14i,1.1088433497973005+5.5859984272861684E-14i
45,1.1190228650848075-7.494015769830498E-13i,1.1197975484941727-7.499203768992579E-13i
46,6.653784828550118E-8+4.010884000154762E-6i,6.658391147935534E-8+4.013660677369104E-6i
46,1.5421892827909504E-7+4.84728814711521E-6i,1.543256918215351E-7+4.850643854871636E-6i
46,7.106164479359677E-7+1.0296428510014298E-6i,7.111083974660572E-7+1.030355657914613E-6i
46,9.12196049093132E-7-1.3116302575365446E-6i,9.128275492772388E-7-1.31253828026909E-6i
46,3.5700170610271636E-6-1.3422520745841387E-7i,3.5724885324104747E-6-1.343181296359502E-7i
46,5.03399746188057E-6+2.333975593970125E-7i,5.037482425805958E-6+2.3355913716516425E-7i
46,5.882214208935823E-6-6.159849485512629E-8i,5.886286381096174E-6-6.164113860575467E-8i
46,0.24156910053853625+1.427707346018483E-15i,0.24173633534690478+1.4286957272472307E-15i
46,0.26975577304162107+3.8861498510539685E-16i,0.26994252107731914+3.8888401766137504E-16i
46,0.3112351913143983+9.887344579584303E-16i,0.31145065495383306+9.894189445804173E-16i
46,0.43934156225478904-1.6921781649250298E-16i,0.43964571208938386-1.6933496354918607E-16i
46,0.44853177174360737-6.569647186519309E-16i,0.4488422838278413-6.574195258627194E-16i
46,0.5539711093947999-1.3235395524677623E-16i,0.5543546156135788-1.3244558198336286E-16i
46,0.657325389187801+8.31381019022485E-17i,0.6577804460856059+8.319565721254586E-17i
46,0.6612539852821461+2.492073761577137E-16i,0.6617117618904336+2.493798988342599E-16i
46,0.6652507071575636+4.47900326623079E-16i,0.6657112506388305+4.482104015669522E-16i
46,0.6857492207902686+9.081189184432742E-16i,0.6862239550972311+9.087475960885656E-16i
46,0.7413175419849581+5.646147080300387E-16i,0.7418307454401919+5.650055826588259E-16i
46,0.7901288563025292+2.500492406890163E-16i,0.7906758511275114+2.5022234617625E-16i
46,0.7910560146818465-1.6373361277827236E-15i,0.7916036513652186-1.6384696319972702E-15i
46,0.890725848640181-2.9445880384038593E-16i,0.8913424853138042-2.946626534284454E-16i
46,0.9070628775369782-2.1867610102469935E-16i,0.907690824100363-2.1882748733929058E-16i
46,0.9174470151753109-4.2528641075605184E-16i,0.9180821505275935-4.255808304117362E-16i
46,0.9344932832064039,0.9351402194444837
46,0.9477669008925571-2.88179966337662E-16i,0.9484230262649473-2.883794691769684E-16i
46,1.004296626259296,1.0049918863462164
46,1.0069457806046325-1.5440409595052282E-16i,1.0076428746629436-1.5451098768187439E-16i
46,1.0260925348855559+7.978646622906572E-16i,1.0268028839660361+7.984170125026865E-16i
46,1.1113366304633314+6.406517500416127E-13i,1.1121059928031927+6.410952640192295E-13i
46,1.1150914756887649-4.5405485571755927E-13i,1.115863437453885-4.543691913532654E-13i
47,1.46252003690053E-7+4.830441439960025E-6i,1.4635325184536797E-7+4.833785484983773E-6i
47,2.6749531785761883E-7+4.002138946302929E-6i,2.6768050101275615E-7+4.004909569442466E-6i
47,8.121709906609883E-7+1.1698447518373148E-6i,8.127332449380581E-7+1.1706546185067618E-6i
47,8.758863922891917E-7-1.3235983394129183E-6i,8.764927558209537E-7-1.3245146474761397E-6i
47,3.571935879086474E-6+4.645161899572414E-8i,3.574408678839886E-6+4.648377678239404E-8i
47,4.960219210849927E-6+3.491075664128184E-7i,4.9636530991549425E-6+3.4934924855196157E-7i
47,5.906985593296497E-6-2.708665692008121E-8i,5.911074914329396E-6-2.710540862246896E-8i
47,0.2434637055280503-3.562492393164334E-15i,0.24363225194416024-3.5649586553284806E-15i
47,0.27337242793701483+2.4814050019080758E-15i,0.2735616797307971+2.483122842844908E-15i
47,0.3130782858445561+3.555402353043295E-15i,0.3132950254317833+3.557863706874802E-15i
47,0.4349234297913632-1.1112971739889347E-16i,0.4352245210164992-1.112066509013647E-16i
47,0.4505468084755313-4.276753870658908E-16i,0.45085871554066703-4.279714605754599E-16i
47,0.5582660066530665-1.2821314001309516E-16i,0.558652486167347-1.2830190012294618E-16i
47,0.6544273122831069-6.229460318016383E-16i,0.6548803628840191-6.233772883655781E-16i
47,0.6575084297313659+1.1688118761139214E-16i,0.6579636133455025+1.1696210277383842E-16i
47,0.6596082759855622+1.4310960201062582E-15i,0.660064913293011+1.4320867472652612E-15i
47,0.6857717380858245+3.719739479651408E-15i,0.6862464879811864+3.722314601708301E-15i
47,0.7361195184842898-2.005933986605822E-15i,0.7366291234227345-2.0073226658081793E-15i
47,0.785615785503897,0.7861596559949786
47,0.7961659096242013-4.979946011615205E-16i,0.7967170838142311-4.983393556500215E-16i
47,0.8951124043076095-1.0368430831247868E-15i,0.8957320777305305-1.0375608746549456E-15i
47,0.9113152521598752,0.9119461425809536
47,0.9176062006679909,0.9182414462220969
47,0.9379821465047483+1.0643362476517009E-15i,0.9386314980326306+1.0650730723036076E-15i
47,0.9539763218669159-6.253195982778865E-16i,0.9546367459319968-6.257524980277054E-16i
47,1.0043082258913483,1.0050034940085266
47,1.0070518110518738-6.351961264448455E-16i,1.0077489785135358-6.356358635728376E-16i
47,1.0223200517213902,1.0230277891661206
47,1.1111095295227862+2.1556262337381748E-14i,1.1118787346439376+2.157118542726823E-14i
47,1.1142552889822797-6.1590863779406995E-12i,1.1150266718673887-6.163350224715158E-12i
48,1.3478505444445927E-7+4.813836591342705E-6i,1.3487836419599913E-7+4.817169141068958E-6i
48,2.9290638520587666E-7+3.856541218675447E-6i,2.9310916007687886E-7+3.859211046605562E-6i
48,8.702681875406598E-7-1.217632929412646E-6i,8.708706616702076E-7-1.2184758791490136E-6i
48,9.645188404807573E-7+1.1956018671701341E-6i,9.651865629796034E-7+1.1964295651194807E-6i
48,3.6735032336016736E-6+2.500383340652979E-7i,3.6760463469714835E-6+2.502114320020331E-7i
48,4.965874116197802E-6+4.5563092039189505E-7i,4.969311919312328E-6+4.5594634711447114E-7i
48,5.948815492980704E-6+2.5021397418821894E-9i,5.952933772250571E-6+2.5038719371808104E-9i
48,0.2454972933834685+1.294372439576995E-15i,0.24566724762315584+1.2952685149707752E-15i
48,0.27721717557081926+7.444787162850496E-16i,0.2774090890280027+7.449941081757129E-16i
48,0.31502748337518016-4.241680572249811E-15i,0.3152455723637786-4.244617026606263E-15i
48,0.4304718411150447-4.642763852043703E-16i,0.43076985056946765-4.645977970576934E-16i
48,0.4527242087829299-5.309437029352755E-16i,0.4530376232309319-5.313112676122848E-16i
48,0.5625797563148761-1.8875794902330082E-16i,0.5629692221759055-1.8888862343224873E-16i
48,0.647463651774244-6.295724721170789E-16i,0.6479118815333013-6.300083160701915E-16i
48,0.6539533909642596+1.2950260958367834E-15i,0.6544061134762699+1.2959226237473761E-15i
48,0.6577147959853833-2.4794850554193156E-16i,0.6581701224639046-2.4812015672048517E-16i
48,0.685793953553976+1.432610649324572E-15i,0.6862687188287865+1.4336024250395638E-15i
48,0.7308809324736762+3.599943458152535E-15i,0.7313869108144904+3.60243564714947E-15i
48,0.7810993382078487+3.0829942840876644E-16i,0.7816400820275292+3.0851285966183287E-16i
48,0.8012402034340571-1.2394865496699136E-15i,0.8017948904845935-1.2403446283527722E-15i
48,0.8994876245097092-3.061414060644271E-16i,0.9001103268345487-3.06353343349712E-16i
48,0.9146912434522716-5.19425404097054E-16i,0.9153244710234888-5.197849948217048E-16i
48,0.9177791841036574,0.9184145494117041
48,0.9425715088805253,0.943224037557868
48,0.960312002171-5.09038229067065E-16i,0.9609768123362862-5.093906289000755E-16i
48,1.004321144804612,1.0050164218653679
48,1.0071884241592115,1.0078856861961598
48,1.0185278988094666+4.769762039918745E-16i,1.019233011001364+4.773064077467964E-16i
48,1.1070910101037146+5.576577126002066E-15i,1.1078574332617612+5.58043771001277E-15i
48,1.1161324415281109-4.6219841288030204E-11i,1.1169051239388859-4.6251838618331954E-11i
49,1.3613330942015876E-7+3.8196262265864355E-6i,1.3622755254919598E-7+3.822270498799308E-6i
49,1.3842385453202856E-7+4.839495648004682E-6i,1.3851968337245017E-7+4.842845961126228E-6i
49,9.369489151558665E-7+1.1062892173538519E-6i,9.375975513925701E-7+1.1070550854423282E-6i
49,9.415889367340119E-7-1.09899460032499E-6i,9.42240785190812E-7-1.09975541845518E-6i
49,3.695753324602339E-6+2.1531347043622406E-7i,3.698311841389624E-6+2.154625288500994E-7i
49,5.142154299263353E-6+3.135047161450086E-7i,5.145714138609203E-6+3.1372175094378987E-7i
49,5.979524746815955E-6-5.837089972618208E-9i,5.98366428565987E-6-5.841130905919795E-9i
49,0.24766372708736642-3.3723848232978E-15i,0.2478351811178983-3.374719476729931E-15i
49,0.28127077486235313+2.653554852361094E-15i,0.28146549456793185+2.655391870159483E-15i
49,0.3170697408737275-3.8348664649416935E-15i,0.31728924368777234-3.837521287752035E-15i
49,0.4259990281763789+1.7899645053303757E-15i,0.42629394116683766+1.7912036719720037E-15i
49,0.455060955861453-4.593491093017764E-16i,0.45537598800579526-4.596671100729723E-16i
49,0.5668985572767343+9.675759860990992E-16i,0.567291012981455+9.682458250158173E-16i
49,0.6404026354550737+4.49508582681351E-16i,0.640845976974251+4.498197709977257E-16i
49,0.6482921533032379+1.8317896030476756E-15i,0.6487409566219686+1.83305772460194E-15i
49,0.6579472093678277-7.522872202864439E-16i,0.6584026967427856-7.528080178919417E-16i
49,0.6858149782577911,0.6862897580877012
49,0.7256383791954681+6.295172833591155E-15i,0.7261407281921696+6.299530891058462E-15i
49,0.7765818266102976+1.26977889905425E-16i,0.7771194430217763+1.2706579486942094E-16i
49,0.8062717420273103-1.9897317481331582E-16i,0.8068299123395328-1.9911092107592226E-16i
49,0.9038479565492964-1.5410296266153605E-16i,0.904473677469194-1.5420964592264963E-16i
49,0.9172274719289758,0.9178624552946316
49,0.9179662985900258,0.9186017934347358
49,0.948187865830235+8.536124023442459E-16i,0.9488442826305873+8.542033459136379E-16i
49,0.9667282279426819-1.4584008499757485E-15i,0.9673974799686406-1.4594104798751291E-15i
49,1.004335502154975+3.205391607820749E-16i,1.0050307891551176+3.207610654255434E-16i
49,1.0073698496243855,1.0080672372595698
49,1.0147201825285306-3.968747699761937E-16i,1.0154226586932988-3.9714952066225134E-16i
49,1.1030471487366027+4.048403685995821E-16i,1.1038107723876789+4.0512063375481787E-16i
49,1.114404631695375-1.6218189403681707E-12i,1.1151761179682929-1.6229417022574035E-12i
50,1.1668384925804293E-7+4.818013949947283E-6i,1.1676462780598996E-7+4.821349391598719E-6i
50,2.299793722433088E-7+3.843595225026651E-6i,2.301385836497349E-7+3.846256090631857E-6i
50,9.150258672115853E-7-1.0596036652013796E-6i,9.156593264380105E-7-1.0603372135546315E-6i
50,9.235991013910616E-7+1.1615069699538078E-6i,9.242384957440073E-7+1.1623110644969671E-6i
50,3.6367873620750553E-6+2.7422293178925383E-7i,3.63930505757592E-6+2.7441277237460104E-7i
50,5.084980103345186E-6+8.857988760723039E-8i,5.088500361818828E-6+8.864121018737942E-8i
50,5.8947342361300905E-6-5.2985497259565905E-8i,5.89881507572491E-6-5.3022178356033796E-8i
50,0.24995642746373392-5.768914160713489E-15i,0.25012946869770875-5.772907896882605E-15i
50,0.2855129830465668+1.1731130498793702E-15i,0.2857106395717601+1.1739251791444703E-15i
50,0.3191911414474547+2.1378680787725755E-15i,0.3194121128765568+2.139348094046357E-15i
50,0.42151535026921194+1.0241948794431838E-15i,0.42180715927404544+1.0249039148041379E-15i
50,0.45755386249372815-7.962688023671602E-16i,0.4578706204414203-7.968200477883538E-16i
50,0.5712100584868088+5.506576753622351E-16i,0.5716054989817078+5.510388877383651E-16i
50,0.6332794089315646-9.361950885381302E-17i,0.6337178191436337-9.368432029115257E-17i
50,0.6426298153791912+8.3338527937341585E-16i,0.6430746987429462+8.339622199969578E-16i
50,0.6582090421125648-1.817455223409931E-16i,0.6586647107505601-1.8187134214796667E-16i
50,0.68583355325263+2.4451040608370386E-16i,0.6863083459417414+2.446796771155302E-16i
50,0.720424817007306+3.8305627830309303E-16i,0.7209235567300087+3.8332146264642823E-16i
50,0.7720653148096196+2.768874826538527E-16i,0.7725998045050415+2.770791678693791E-16i
50,0.8112538329415164-4.124581661335814E-16i,0.8118154522835092-4.1274370498031146E-16i
50,0.9081898352353851+1.447262412991231E-16i,0.90881856197535+1.4482643319111426E-16i
50,0.9181680723513137-2.6841151047175133E-16i,0.918803706881092-2.685973278938371E-16i
50,0.9191074845607337+8.371027118292244E-16i,0.9197437694320518+8.37682225977704E-16i
50,0.9546158733222708+2.301534293781002E-16i,0.955276740139611+2.3031276128177333E-16i
50,0.9731730245649336-9.015354376701667E-16i,0.9738467382307532-9.021595576665573E-16i
50,1.0043514478378537-1.6582771776718812E-16i,1.005046745876963-1.6594251790735986E-16i
50,1.0076208473233497-1.324339550144867E-15i,1.0083184087206254-1.3252563713376007E-15i
50,1.0109004916181703+5.607594443545342E-16i,1.011600323465946+5.611476500398161E-16i
50,1.0989873254593014-5.262639583011673E-16i,1.0997481385532069-5.266282832583807E-16i
50,1.1127558090870995-4.238883086540275E-13i,1.1135261539038779-4.2418176042376704E-13i
51,1.7269285475741424E-7+4.789836109756628E-6i,1.728124075330283E-7+4.793152044295218E-6i
51,3.6267161961879044E-7+3.887045098541429E-6i,3.6292269195657055E-7+3.889736043868149E-6i
51,8.884735045920741E-7-1.1125216624378203E-6i,8.890885820003591E-7-1.1132918451582465E-6i
51,9.0993460000207E-7+1.2549438833600655E-6i,9.105645346175486E-7+1.2558126629323665E-6i
51,3.67866591429074E-6+3.559884865632475E-7i,3.6812126017100197E-6+3.5623493226428747E-7i
51,5.044975865260662E-6+1.879238382790374E-7i,5.04846842937656E-6+1.8805393524513287E-7i
51,5.858474954544282E-6-4.6909443272283346E-8i,5.862530692360794E-6-4.69419180041047E-8i
51,0.2523683430366761-9.96562679626264E-16i,0.25254305400505717-9.972525856133418E-16i
51,0.28992250141757664+7.567417039594536E-16i,0.2901232105888167+7.572655853398289E-16i
51,0.3213769246631117-2.646585738229703E-14i,0.32159940927844655-2.6484179314107723E-14i
51,0.41702995340035676+2.402065609151787E-15i,0.4173186572295525+2.4037285245699414E-15i
51,0.4601995831776252-5.685718904706469E-16i,0.46051817271963386-5.689655045998324E-16i
51,0.5755025967466469+2.0385421842021056E-15i,0.5759010089039468+2.03995343758992E-15i
51,0.6261258162391864-1.7337519835038917E-16i,0.6265592741220858-1.734952235026431E-16i
51,0.6369710565462418+1.213891597375883E-15i,0.6374120224327742+1.2147319570419777E-15i
51,0.6585044706227744+8.019504461381048E-16i,0.6589603437816715+8.0250562487943375E-16i
51,0.6858477634549207+2.3596765001003916E-15i,0.6863225659815506+2.3613100701489875E-15i
51,0.7152707558899642+2.786042855394053E-15i,0.7157659275304026+2.7879715927283795E-15i
51,0.7675517490214114+3.14164842488825E-16i,0.7680831140402585+3.143823342835646E-16i
51,0.8161798632024118-6.7849705790708725E-16i,0.8167448927641918-6.789667716461571E-16i
51,0.9125094907979424-1.9639589006912235E-15i,0.9131412079732262-1.9653185211462757E-15i
51,0.9183852868549478-3.240619146266106E-16i,0.919021071759198-3.2428625802181845E-16i
51,0.9205312133753198-1.2962046592153322E-16i,0.9211684838735869-1.297102003028374E-16i
51,0.9616278134803131+4.559669355006431E-16i,0.9622935345628139+4.562825948416385E-16i
51,0.9795762242751047+1.2881853527196852E-14i,0.980254370783842+1.2890771448823625E-14i
51,1.0043691703601176+1.8577001957768556E-16i,1.0050644806682738+1.8589862548612101E-16i
51,1.0070721914057463+5.749207554220352E-16i,1.0077693729764339+5.753187647789677E-16i
51,1.0079876622968007+1.054336110599823E-15i,1.0086854776347982+1.0550660123009062E-15i
51,1.0949197311519883-3.2271591531517704E-16i,1.0956777283089505-3.2293932689445144E-16i
51,1.1111889150869438-2.2516638178009632E-13i,1.1119581751655778-2.253222612225585E-13i
52,1.733970717754087E-7+4.750862738715166E-6i,1.735171120703197E-7+4.754151692550417E-6i
52,4.119940344270108E-7+3.90622229923766E-6i,4.122792519620465E-7+3.908926520664165E-6i
52,8.500802864630308E-7-1.0970434700071028E-6i,8.506687847994801E-7-1.0978029373978807E-6i
52,8.586757454521978E-7+1.3199771521683986E-6i,8.592701943010833E-7+1.320890953335856E-6i
52,3.6394658334407367E-6+3.45374680425385E-7i,3.641985383208743E-6+3.4561377834133334E-7i
52,5.106592837792532E-6+1.8100670379155254E-7i,5.110128058450889E-6+1.8113201212508742E-7i
52,5.827540072622908E-6-8.119915215331241E-8i,5.8315743946663E-6-8.12553651566302E-8i
52,0.25489189960864667-8.382337327041866E-16i,0.2550683575988893-8.38814029842125E-16i
52,0.294476869175174+8.24033492849932E-16i,0.29468073126960453+8.246039593663812E-16i
52,0.3236115202342683-3.5797645724521E-15i,0.3238355518279265-3.5822427918971536E-15i
52,0.4125512726301886-6.007782555281861E-16i,0.412836875933205-6.011941656599507E-16i
52,0.4629946255618404-7.15028093218227E-16i,0.46331515007142743-7.155230968667934E-16i
52,0.5797645708489982+3.472901531661407E-16i,0.580165933509573+3.4753057713627413E-16i
52,0.618971442633216-2.2521313338082394E-16i,0.6193999476463307-2.253690451887458E-16i
52,0.6313201673027344+6.768719293055516E-16i,0.6317572211600477+6.773405179915014E-16i
52,0.6588386641663944+1.21998590951449E-16i,0.6592947686826675+1.2208304881850865E-16i
52,0.6858544244685116+2.6747243979051738E-15i,0.6863292316064651+2.676576071074984E-15i
52,0.7102056056753498-3.760228605490847E-15i,0.7106972707852609-3.76283175758629E-15i
52,0.7630430539494576+7.128372325669568E-16i,0.7635712976636566+7.133307195142548E-16i
52,0.8210429830578404-7.245264964114465E-16i,0.8216113792874407-7.250280756677139E-16i
52,0.9168027726941494-8.023113406213576E-16i,0.917437462046643-8.028667692047384E-16i
52,0.918619048119882+2.2145972947282161E-16i,0.9192549948536883+2.216130428532878E-16i
52,0.9216505506257769-2.426745414151645E-16i,0.9222885960250976-2.4284254150432743E-16i
52,0.9690470984630678+6.161259820903054E-16i,0.9697179558096833+6.165525172320767E-16i
52,0.9858227264011166+3.098409458792648E-15i,0.9865051972732914+3.1005544430266966E-15i
52,1.0032386526819244+7.948966458737353E-16i,1.0039331803489775+7.954469413707552E-16i
52,1.004388906755768+2.1549013242341788E-16i,1.0050842307271466+2.1563931313784205E-16i
52,1.008563914119545+7.922250403404344E-16i,1.0092621283883783+7.927734863234295E-16i
52,1.0908518768695268-5.265742025010813E-16i,1.091607057909569-5.269387422358849E-16i
52,1.1097071591098604-1.7151625838349905E-13i,1.110475393390177-1.7163499661839294E-13i
53,1.5290037210340385E-7+4.753950541171159E-6i,1.53006222828398E-7+4.757241632647569E-6i
53,3.556085815435269E-7+3.89613588590294E-6i,3.558547642417944E-7+3.898833124650794E-6i
53,7.302513199156759E-7+1.3126949943789539E-6i,7.307568623847861E-7+1.313603754213477E-6i
53,8.065874333688665E-7-1.0771742777890353E-6i,8.071458222296572E-7-1.0779199900242673E-6i
53,3.5953669324185637E-6+2.437462359975548E-7i,3.597855953152661E-6+2.4391497800543877E-7i
53,5.21062515258722E-6+1.2373471023207652E-7i,5.214232393318467E-6+1.238203699895044E-7i
53,5.832930110152657E-6-1.1887702506288809E-7i,5.836968163641385E-6-1.1895932191485093E-7i
53,0.2575189231875491-4.702554383480655E-16i,0.25769719982837164-4.705809894137485E-16i
53,0.29915229972132135+3.00627310679291E-16i,0.2993593985489668+3.008354306357743E-16i
53,0.32587858719542523-2.728003041062488E-15i,0.3261041882468823-2.729891598269448E-15i
53,0.4080874398868213+2.8475198246792277E-15i,0.40836995294273337+2.8494911216337813E-15i
53,0.46593536075522873-8.575566216852763E-16i,0.4662579210934273-8.581502957808993E-16i
53,0.5839838888666142+3.0843168653108116E-16i,0.5843881725002711+3.0864520934454042E-16i
53,0.6118445433950842,0.6122681145585231
53,0.6256811764774289+1.3594857313629867E-15i,0.6261143265426266+1.360426883750678E-15i
53,0.6592180146951889-1.4865389246150341E-16i,0.6596743818303683-1.4875680340981434E-16i
53,0.6858476152138877-7.352388402917255E-16i,0.6863224176378923-7.357478355493441E-16i
53,0.705259731811179-5.480361390980802E-16i,0.7057479729638618-5.484155366224191E-16i
53,0.7585412106695377+8.462208085223679E-16i,0.7590663378224856+8.468066349978369E-16i
53,0.8258358146060634-9.480773868651588E-16i,0.826407528843901-9.48733727182515E-16i
53,0.9188708737667575-2.5590276408689767E-16i,0.9195069948358315-2.560799218840565E-16i
53,0.9210649681921014+3.2461179012394157E-16i,0.9217026082011389+3.24836514190035E-16i
53,0.9225658076221077+5.049059493114572E-16i,0.9232044866406622+5.052554884267208E-16i
53,0.9767510154970884+8.34264973902121E-16i,0.9774272061544875+8.348425235255129E-16i
53,0.991689727148305+1.3741612213202483E-15i,0.9923762596605797+1.3751125333382283E-15i
53,0.9994034480972334-2.095070921097608E-16i,1.0000953207074008-2.0965213085156475E-16i
53,1.004410955035264,1.0051062942703488
53,1.0095526053484185-2.4462914198876444E-15i,1.010251504073947-2.447984952197474E-15i
53,1.086791010997325,1.0875433807584227
53,1.1083141819743612-1.6040796292248008E-13i,1.1090814519166732-1.6051901104444737E-13i
54,1.1433332320233972E-7+4.751868020726601E-6i,1.14412474514959E-7+4.755157670504106E-6i
54,2.421359813068043E-7+3.89685149176529E-6i,2.423036085585625E-7+3.899549225916774E-6i
54,6.436380912465961E-7+1.2873713512625039E-6i,6.440836726252094E-7+1.2882625799036985E-6i
54,7.582671267030716E-7-1.032991174470019E-6i,7.587920641116378E-7-1.033706299379305E-6i
54,3.5176433306388486E-6+1.4259973995551897E-7i,3.5200785444430843E-6+1.4269845970126336E-7i
54,5.258976264327188E-6+8.533994901577982E-8i,5.262616977836568E-6+8.539902863311507E-8i
54,5.787395547482345E-6-1.3772400599923864E-7i,5.791402078049287E-6-1.378193503446027E-7i
54,0.26024052771018147+1.423936109111101E-15i,0.26042068847860883+1.4249218795668644E-15i
54,0.3039234537012619+8.294468535561955E-16i,0.3041338555300766+8.300210676642793E-16i
54,0.3281610612917123-2.1517546166629873E-15i,0.32838824246710596-2.1532442453869074E-15i
54,0.40364664275354706+1.0529415771953189E-15i,0.4039260815095759+1.053670513481015E-15i
54,0.4690180319391998-9.69537602586922E-16i,0.46934272636625146-9.702087995024763E-16i
54,0.5881474459344174+3.729908155766805E-16i,0.5885546119386539+3.732490317451687E-16i
54,0.6047728899422606-8.855628035306276E-16i,0.6051915655018852-8.861758659024979E-16i
54,0.620057942426676+1.5290531115266838E-15i,0.6204871996079461+1.530111652968952E-15i
54,0.6596504120789011+3.249901982594922E-16i,0.6601070785565604+3.2521518429208664E-16i
54,0.6858145967544923-9.506708852506546E-17i,0.6862893763202931-9.513290210095825E-17i
54,0.7004689992320304-1.103935306968247E-15i,0.7009539238295618-1.1046995454784724E-15i
54,0.7540483256676522,0.7545703424610357
54,0.830550156737415-1.806512409165664E-15i,0.8311251346463974-1.8077630316827352E-15i
54,0.919142798355853+2.6181427863256684E-16i,0.9197791076744029+2.6199552888608707E-16i
54,0.9233402158252078-2.042662943627708E-16i,0.9239794309554055-2.044077049757911E-16i
54,0.925290598345493+2.9555165973936E-16i,0.9259311636974131+2.9575626589581514E-16i
54,0.9846555177446115-2.100687333626895E-16i,0.9853371805750477-2.1021416092064212E-16i
54,0.9955705390124651+8.095568292306553E-16i,0.9962597581548883+8.101172737614253E-16i
54,0.996733540328585+1.1371234832238152E-15i,0.9974235646000656+1.1379106974303687E-15i
54,1.0044356897136744,1.0051310460722207
54,1.0113785807097326+4.37300730583519E-16i,1.0120787435316991+4.376034675797471E-16i
54,1.0827444889978137+3.529830034259991E-16i,1.0834940574100236+3.532273684743588E-16i
54,1.1070142692958969-1.2221156926749188E-13i,1.107780639327388-1.2229617457637165E-13i
55,1.1527756819090975E-7+4.8326441167489004E-6i,1.1535737319073225E-7+4.8359896866540585E-6i
55,1.4365122358308582E-7+3.7354708719490606E-6i,1.4375067125579836E-7+3.7380568846222216E-6i
55,5.591443031615983E-7+1.0547475679265923E-6i,5.595313907078992E-7+1.0554777544736554E-6i
55,6.433579209539808E-7-1.0986173399116201E-6i,6.438033083747364E-7-1.0993778968698606E-6i
55,3.582875920554101E-6+1.5969996702611738E-7i,3.585356293940624E-6+1.5981052501272466E-7i
55,5.240044958823827E-6-6.247415983067899E-8i,5.243672566463123E-6-6.251740979155552E-8i
55,5.8250696553096635E-6-7.71378157785561E-8i,5.829102267118737E-6-7.719121717720739E-8i
55,0.2630469558982197+3.884621548763275E-15i,0.2632290595164536+3.887310816301398E-15i
55,0.30876314333333843-4.4203837237844317E-16i,0.3089768956095671-4.423443891758376E-16i
55,0.3304412139097798,0.3306699736019842
55,0.39923747051585196+1.1169204510039855E-16i,0.3995138568654572+1.117693678942369E-16i
55,0.47223876048817093-6.427096233799432E-16i,0.4725656845792007-6.431545619936275E-16i
55,0.5922406062118951-1.8595677306782396E-16i,0.5926506058520276-1.8608550826301036E-16i
55,0.5977845633838741-2.508584678696685E-16i,0.598198401025693-2.5103213357322196E-16i
55,0.6144542215783588+9.466011940612776E-16i,0.6148795993844103+9.472565124316213E-16i
55,0.6601455648153632+1.1065584926002163E-16i,0.660602574080129+1.1073245471040665E-16i
55,0.6857217671424207-2.455977297394474E-16i,0.6861964824436184-2.457677535097771E-16i
55,0.6958891727261125+9.333126174569172E-16i,0.6963709267757288+9.33958736337107E-16i
55,0.7495666976363172-4.469061701486359E-16i,0.7500856118631749-4.472155568523033E-16i
55,0.8351766642795977-1.4794127632391199E-15i,0.8357548450531043-1.480436939383365E-15i
55,0.9194374989342132+1.076339732896393E-15i,0.9200740122697281+1.0770848673882179E-15i
55,0.9240133426224431+5.188476179183155E-16i,0.9246530237486258+5.192068086499182E-16i
55,0.929473174354239-3.654335781277321E-16i,0.9301166352432778-3.656865625296005E-16i
55,0.991744471187832+2.4589952138506196E-16i,0.9924310415986168+2.460697540814005E-16i
55,0.9927011473628268+6.487807658475826E-16i,0.993388380066746+6.49229907425739E-16i
55,1.0003501582391636-3.6667155042839364E-16i,1.0010426862431245-3.669253918606521E-16i
55,1.0044635809458833,1.0051589566131278
55,1.014627230829777+2.494988398250914E-16i,1.0153296426454232+2.4967156427773585E-16i
55,1.0787201316016346,1.0794669140091924
55,1.1058126471140115-1.2431958118929243E-14i,1.1065781852797758-1.2440564584445859E-14i
56,6.732038935568047E-8+3.747091509853724E-6i,6.736699429144458E-8+3.7496855673271048E-6i
56,1.5765440540322792E-7+4.8015668757962755E-6i,1.577635472769911E-7+4.8048909313752066E-6i
56,6.553658754364148E-7+1.0567499178784059E-6i,6.558195757910774E-7+1.0574814906234957E-6i
56,7.404976470578037E-7-1.020424545823887E-6i,7.410102829115904E-7-1.0211309710371901E-6i
56,3.6849129972013568E-6+8.913953602970272E-8i,3.6874640093861433E-6+8.920124604639259E-8i
56,5.230067210385787E-6-6.861391755872953E-8i,5.233687910573573E-6-6.866141798543464E-8i
56,5.851866259000226E-6-6.804316743224572E-8i,5.855917421712015E-6-6.809027273686022E-8i
56,0.2659273571569811-3.603653952711387E-15i,0.2661114548355127-3.606148710430254E-15i
56,0.3136419636218529-1.913133962467556E-16i,0.3138590934350852-1.9144583975500369E-16i
56,0.3327007264202383-9.157412950550991E-16i,0.3329310503404041-9.163752495619144E-16i
56,0.39486928020157336-9.78652609821477E-16i,0.39514264251595016-9.79330116925233E-16i
56,0.475593548428544-9.407107595713382E-16i,0.47592279499093737-9.413620000787392E-16i
56,0.5909087218919211-3.307373300380216E-16i,0.5913177994877253-3.309662947271558E-16i
56,0.5962466795382837+1.156809616392545E-15i,0.5966594525252703+1.1576104590255018E-15i
56,0.6088737233948637-1.8674129591711558E-16i,0.6092952379024128-1.8687057422616905E-16i
56,0.6607153571418167-1.7223754965935247E-16i,0.661172760865602-1.7235678723380608E-16i
56,0.6854492193225176+3.7427087239135887E-16i,0.6859237459427857+3.745299747247399E-16i
56,0.6916616212423455-4.0051880679285475E-16i,0.6921404486189697-4.007960801931062E-16i
56,0.7450988870638475+4.905334224771545E-16i,0.7456147082898071+4.908730116991347E-16i
56,0.8397044828298118-6.732570470016263E-16i,0.840285798146875-6.737231331566316E-16i
56,0.9197584408168061+1.492090417473267E-16i,0.9203951763357631+1.4931233701749099E-16i
56,0.9246100932946699,0.9252501875427465
56,0.9336048953884066+1.08934877873978E-16i,0.9342512166083976+1.0901029192066398E-16i
56,0.9879305967166409,0.9886145268370702
56,1.0008433720959513+3.1016775906297364E-16i,1.0015362415447602+3.103824837344376E-16i
56,1.0024444480065897+8.535448560773913E-16i,1.0031384258571872+8.541357528854758E-16i
56,1.0044952176017874,1.0051906151706331
56,1.019374471767462+1.2159887094278637E-15i,1.020080170029623+1.2168305208944217E-15i
56,1.0747266034991623,1.0754706212447434
56,1.1047159076080024+6.47037617531581E-14i,1.105480686516806+6.474855523532693E-14i
57,1.0316307218460357E-7+3.886819965407704E-6i,1.0323449049335682E-7+3.889510754878E-6i
57,1.9474280476906432E-7+4.769543044919464E-6i,1.9487762240742993E-7+4.772844930861599E-6i
57,7.786171678113004E-7+1.0580286736142804E-6i,7.791561932601723E-7+1.0587611316235449E-6i
57,9.153611257396689E-7-1.036227420039244E-6i,9.159948170607436E-7-1.0369447853547176E-6i
57,3.5856802691802246E-6+3.38351383640499E-8i,3.588162583976903E-6+3.3858561942925754E-8i
57,5.1898866013189825E-6-1.1955954009616777E-8i,5.1934794850499355E-6-1.1964230944345614E-8i
57,5.828823494121598E-6-1.3626258098909932E-7i,5.832858704659206E-6-1.3635691361098147E-7i
57,0.26886948017194073+1.5086109520596882E-14i,0.26905561463985267+1.509655341689438E-14i
57,0.3185278487114756+2.471470094152584E-16i,0.31874836095257164+2.473181057295895E-16i
57,0.334920784216233+9.150887827821285E-15i,0.33515264505042985+9.15722285564097E-15i
57,0.39055261638266353+6.502806834300053E-16i,0.3908229903328624+6.507308633794969E-16i
57,0.47907827542632625-8.125939401798396E-16i,0.4794099344150207-8.131564872587684E-16i
57,0.5841763623490898-5.162004177415774E-16i,0.5845807792293658-5.16557775854632E-16i
57,0.6001464053233384-5.121152931591356E-16i,0.6005618780343083-5.124698231992903E-16i
57,0.6033201586610024+8.8614712356208065E-16i,0.6037378285156885+8.867605904502915E-16i
57,0.6613742162833703+9.298012104069367E-16i,0.6618320761258479+9.304448983906093E-16i
57,0.6844236518523671+9.52401331885588E-16i,0.6848974684870495+9.53060665607793E-16i
57,0.6883805871944245+1.752279584292541E-16i,0.6888571431584425+1.7534926622062064E-16i
57,0.7406477929391537+1.5615731456999027E-15i,0.7411605327367712+1.5626542002933603E-15i
57,0.844120823603952-9.79398981176056E-16i,0.8447051962901134-9.800770049819492E-16i
57,0.9201100392371578,0.920747018162636
57,0.925146244614214+1.4948162815438519E-16i,0.9257867100321255+1.4958511213219232E-16i
57,0.9376762652391636-6.919654555243712E-16i,0.938325405009852-6.92444493241092E-16i
57,0.984135341557801-3.253520772657286E-16i,0.9848166442777566-3.2557731382194604E-16i
57,1.0035697767065372-1.1655846066213522E-15i,1.0042645336059828-1.1663915240536358E-15i
57,1.00453133402476+1.5025626888690699E-15i,1.005226756596485+1.503602891373341E-15i
57,1.009046332268899-7.893907579031681E-16i,1.0097448805088673-7.899372417532613E-16i
57,1.0250461050766615-6.618013541435558E-16i,1.0257557297288595-6.622595096874209E-16i
57,1.0707738448370894+1.9733257794569904E-15i,1.0715151261447904+1.9746918844672773E-15i
57,1.103732639201813+2.0360974978920514E-13i,1.1044967374080634+2.03750705885875E-13i
58,5.127921909300692E-8+3.925779678626922E-6i,5.131471895767997E-8+3.928497439345443E-6i
58,2.552089839126644E-7+4.7747724473296204E-6i,2.553856614158029E-7+4.778077953511713E-6i
58,8.443269325193156E-7+1.0360530139857655E-6i,8.449114478917101E-7+1.0367702585624405E-6i
58,1.0032086925969845E-6-1.0837670905845482E-6i,1.0039031995231024E-6-1.0845173669291054E-6i
58,3.600504703362831E-6+3.968867636521786E-8i,3.60299728090174E-6+3.971615226412852E-8i
58,5.1822790229841835E-6-2.4736561724858405E-8i,5.185866640098247E-6-2.47536864901969E-8i
58,5.824499463042009E-6-1.7429346208807728E-7i,5.82853168011519E-6-1.7441412294108876E-7i
58,0.2718592491381677+8.925878272836807E-16i,0.2720474533800657+8.93205752978296E-16i
58,0.3233855571920919+8.273259533886552E-16i,0.32360943235479117+8.278986992281058E-16i
58,0.337082194931833+1.6798833254031959E-15i,0.33731555207953196+1.6810462844297394E-15i
58,0.38629972377010174+3.7889611942228453E-16i,0.38656715350401016+3.7915842374755593E-16i
58,0.4826886873673981-7.713914820903932E-16i,0.48302284579226945-7.719255053011304E-16i
58,0.5776210880316603-3.8095400456807146E-16i,0.5780209667899587-3.812177335375843E-16i
58,0.5977972873880072+1.7540098111722364E-15i,0.5982111338384708+1.7552240868970454E-15i
58,0.6039174882253717+1.3511184580409594E-15i,0.6043355716027102+1.3520538178858649E-15i
58,0.6621394345431991+7.798373985868218E-16i,0.6625978241352546+7.803772687838815E-16i
58,0.6816500912587011+1.0974772182372431E-15i,0.6821219877973392+1.0982369859056723E-15i
58,0.6870615696372521-3.885051831114622E-16i,0.6875372124644163-3.8877413965310177E-16i
58,0.7362167407164044+1.2279905332220944E-15i,0.7367264129603998+1.2288406533783727E-15i
58,0.8484104668483695-6.40383685354851E-16i,0.8489978091927544-6.408270137551469E-16i
58,0.9204978234357485+8.685721762750206E-16i,0.9211350708186412+8.691734762804013E-16i
58,0.9256317907177575+7.184496038741414E-16i,0.9262725922722419+7.189469761852463E-16i
58,0.941675600070403+1.1544858913141133E-16i,0.9423275085229824+1.1552851252656728E-16i
58,0.9803665431080804-7.142518023997647E-16i,0.9810452367431607-7.147462686333803E-16i
58,1.0042112676386616-4.0270428201442015E-16i,1.0049064686330385-4.029830683876845E-16i
58,1.0045728388088238+5.637389097492193E-16i,1.005268290113713+5.641291780754732E-16i
58,1.017278640846531-1.0455612572092365E-15i,1.017982888195137-1.046285084205724E-15i
58,1.0311332055198272-3.4041117683824917E-15i,1.031847044183974-3.406468385921661E-15i
58,1.066873591542995,1.067612172761526
58,1.1026980994765734-1.2783506589634265E-12i,1.1034614814858752-1.2792356427092903E-12i
59,1.8815800873584072E-8+3.9416331875750124E-6i,1.882882678147701E-8+3.944361923449401E-6i
59,2.9344022499561584E-7+4.782417490145741E-6i,2.9364336943621426E-7+4.785728288880844E-6i
59,8.91705258159479E-7+1.0212989704111876E-6i,8.923225728642036E-7+1.0220060009760361E-6i
59,1.0522107314073791E-6-1.0956088767885779E-6i,1.0529391617390646E-6-1.096367351031137E-6i
59,3.6302185534647423E-6+6.029145352060902E-8i,3.6327317014740336E-6+6.033319242535016E-8i
59,5.15571664978098E-6-1.0776114515802864E-8i,5.159285878146721E-6-1.0783574664646364E-8i
59,5.845535117910641E-6-1.8956174930409042E-7i,5.849581897664658E-6-1.8969298017239353E-7i
59,0.27488018072520654-8.949810804945949E-16i,0.2750704763145241-8.956006630039321E-16i
59,0.32817610048433504+3.677480962985194E-16i,0.32840329207114505+3.680026830079755E-16i
59,0.3391655351950986-7.314528331394189E-16i,0.3394003346092502-7.319592073988253E-16i
59,0.38212520114648535+5.13810115559736E-16i,0.3823897409185177+5.141658189010238E-16i
59,0.48642037154589807-7.365991935458908E-16i,0.48675711336196925-7.371091305564707E-16i
59,0.5712798809555807-1.1098484861986166E-16i,0.5716753697875688-1.1106168183176408E-16i
59,0.5923089735691242+7.340190334731539E-16i,0.5927190205389932+7.34527184276084E-16i
59,0.6075342754724317-9.209177842807208E-16i,0.6079548626994795-9.215553223964569E-16i
59,0.6630313473755728-3.3454264307469703E-16i,0.6634903544260337-3.347742421272289E-16i
59,0.6781323794964238+2.473104400936963E-16i,0.6786018407738834+2.4748164954873175E-16i
59,0.6867208732137373-3.712768611660407E-16i,0.6871962801816754-3.7153389078858084E-16i
59,0.731809585856953-4.041749260789626E-16i,0.7323162070911267-4.044547305579275E-16i
59,0.8525551907017744-1.3708612941762722E-15i,0.853145402378776-1.371810321702228E-15i
59,0.9209285722308893+1.9548335889270182E-16i,0.9215661178149677+1.956186892060191E-16i
59,0.9260729890743405+3.5439001166971667E-16i,0.9267140960640916+3.5463535076961475E-16i
59,0.9455883939051956-6.345315087070353E-16i,0.9462430111285809-6.349707857297417E-16i
59,0.9766338915714688+4.636617269440848E-16i,0.9773100011456612+4.639827132783488E-16i
59,1.0046104555435418-3.9701705849105165E-16i,1.0053059328899545-3.9729190768139836E-16i
59,1.0046208409006205+7.294706900062212E-16i,1.0053163254366664+7.299756920564905E-16i
59,1.02551023878235,1.0262201847476264
59,1.0373655388527607+1.8468800952161993E-15i,1.0380836920714935+1.848158663700805E-15i
59,1.063040027253422-1.733329309262994E-15i,1.0637759545506198-1.734529268174245E-15i
59,1.1013621055341918-2.26153285785691E-13i,1.102124562654133-2.2630984844757938E-13i
60,8.295703225123054E-8+3.954563999832909E-6i,8.30144622096169E-8+3.957301687522348E-6i
60,2.397957620620573E-7+4.822278134773334E-6i,2.399617692137445E-7+4.825616528458499E-6i
60,8.614924354991699E-7+1.055074346022028E-6i,8.620888343019988E-7+1.055804758792859E-6i
60,1.0106286584085423E-6-1.1265199077853963E-6i,1.011328302070103E-6-1.1272997812894241E-6i
60,3.625279599885684E-6-1.0830860846148982E-7i,3.62778932872856E-6-1.083835889508833E-7i
60,5.113967972277352E-6-1.3841070989864024E-7i,5.11750829863507E-6-1.385065296392215E-7i
60,5.754412545946796E-6-1.6771573023438364E-7i,5.758396242856913E-6-1.6783183741838857E-7i
60,0.2779125836802822-3.9948768104043267E-16i,0.27810497855848215-3.9976424060717957E-16i
60,0.332856146127019+3.5267054711214743E-16i,0.33308657764200894+3.529146958515021E-16i
60,0.341151329692058+8.105681160362549E-16i,0.3413875038431334+8.111292606663122E-16i
60,0.3780468588036476+1.3629991016029386E-16i,0.37830857519802674+1.3639426862462348E-16i
60,0.4902687095956028-9.277004493349405E-16i,0.49060811556066847-9.283426829919857E-16i
60,0.5651938574294965-3.663435577222428E-16i,0.56558513299507-3.665971720898757E-16i
60,0.5868592571883995+5.945156280014485E-16i,0.5872655313981243+5.94927202606393E-16i
60,0.6109677217472494-7.287905542725464E-16i,0.6113906858996928-7.29295085474645E-16i
60,0.6640732134359844-7.709935997568363E-16i,0.6645329417553103-7.715273475193658E-16i
60,0.674643975168244+1.228465213291319E-15i,0.6751110214736395+1.229315662061771E-15i
60,0.6866047781524713,0.687080104749471
60,0.7274308376692669-3.460727060835766E-16i,0.7279344275591484-3.463122872326327E-16i
60,0.8565331387853904-5.545384505873963E-16i,0.8571261043385457-5.549223495683099E-16i
60,0.9214103578730793,0.9220482369904174
60,0.9264736405427487+1.4031316987702655E-15i,0.9271150248977399+1.404103066632449E-15i
60,0.9493965043461399+5.450596299578916E-16i,0.9500537578695257+5.45436966887831E-16i
60,0.9729495248139555+1.6862620724967337E-15i,0.9736230837541171+1.6874294474380008E-15i
60,1.0046766622267271+5.302760096338339E-16i,1.005372185407073+5.30643112076389E-16i
60,1.0048778197992314-4.530159463513296E-16i,1.0055734822380669-4.533295627650476E-16i
60,1.0337096044733352,1.0344252267413627
60,1.0435961804786793-1.5606150552735653E-15i,1.044318647080854-1.5616954465948225E-15i
60,1.0592906185310216-2.2872089686426423E-16i,1.0600239501665731-2.2887923704631443E-16i
60,1.1001317817701304-1.0984108669191473E-13i,1.1008933871546531-1.0991712809391095E-13i
61,1.0005401952652437E-7+3.9074669702365396E-6i,1.0012328548291E-7+3.910172053330846E-6i
61,1.8822643505509695E-7+4.822601068450887E-6i,1.883567415045814E-7+4.8259396856983834E-6i
61,8.965881845688363E-7+1.0393520249413844E-6i,8.972088796531729E-7+1.0400715533758199E-6i
61,9.654091152293746E-7-1.0615936949297384E-6i,9.660774540526045E-7-1.0623286209519037E-6i
61,3.700416843949693E-6-1.1685852945730201E-7i,3.702978589224242E-6-1.1693942893383461E-7i
61,5.1111271358282E-6-1.3532396826836584E-7i,5.114665495515767E-6-1.3541765110218265E-7i
61,5.719513058612865E-6-1.605820468824409E-7i,5.723472595110646E-6-1.6069321552022586E-7i
61,0.28093246566818925-1.0606542443888283E-15i,0.28112695116718633-1.0613885200429173E-15i
61,0.3373774560060416-5.735893141491924E-16i,0.33761101755872874-5.739864017685118E-16i
61,0.3430202651681106+1.4116407935435033E-15i,0.34325773315629304+1.41261805212942E-15i
61,0.37408685786697776+6.027282572112605E-17i,0.3743458328097544+6.031455173010995E-17i
61,0.4942287915856625-9.501098088120993E-16i,0.4945709390584427-9.507675561458914E-16i
61,0.5594089551498523-4.464367391105714E-16i,0.5597962259109123-4.467458008338935E-16i
61,0.5814524611270501+9.385932326295487E-16i,0.5818549922897494+9.392430072035519E-16i
61,0.6141858377460726,0.6146110297538632
61,0.6652905928116581+4.955382153386342E-16i,0.6657511639051888+4.958812693066156E-16i
61,0.6713601893303981-7.697744294246912E-16i,0.6718249623181628-7.703073331731626E-16i
61,0.6865572139768467,0.6870325076458528
61,0.7230858086906452+2.616199835761969E-16i,0.7235863905795574+2.6180109932204853E-16i
61,0.8603181694370315-1.3943506443981468E-15i,0.8609137553123817-1.3953159332628842E-15i
61,0.9219523782253892+3.0962953000600683E-16i,0.9225906325756091+3.098438820692482E-16i
61,0.9268359127495844-3.2304669598563452E-15i,0.9274775479004055-3.23270336559602E-15i
61,0.9530771231766588+1.547258972864857E-15i,0.9537369247394396+1.5483301179626644E-15i
61,0.9693288535555592+1.8052870223773814E-15i,0.9699999059571663+1.8065367965768317E-15i
61,1.0047418144311857+7.207351632986645E-16i,1.005437382715464+7.212341178696342E-16i
61,1.0050669233510603-7.103429943827001E-16i,1.0057627167035605-7.108347546048341E-16i
61,1.0418407430466903-3.5295023282867103E-15i,1.042561994384819-3.531945751904182E-15i
61,1.0497231053814837+7.301965660232616E-16i,1.050449813565507+7.307020705870407E-16i
61,1.0556471935916374+2.1057321047941442E-16i,1.056378002936589+2.1071898727960768E-16i
61,1.099010501360479-8.063271694328908E-14i,1.0997713304987269-8.068853781167077E-14i
62,1.5311293580771869E-7+3.924879923468634E-6i,1.5321893368750325E-7+3.9275970612996215E-6i
62,2.0217787555034914E-7+4.844335946970765E-6i,2.023178403811104E-7+4.847689610961559E-6i
62,3.962864915886459E-7-7.718704098871232E-7i,3.9656083501805023E-7-7.72404764652675E-7i
62,8.510495525877467E-7+1.862385099170061E-6i,8.516387219331715E-7+1.863674401545546E-6i
62,3.7911686733350185E-6-8.398879323987495E-8i,3.793793244793721E-6-8.404693747153068E-8i
62,5.091198177361589E-6-6.289699263068384E-8i,5.094722740518297E-6-6.294053531261667E-8i
62,5.767959012040186E-6-1.3683435918007904E-7i,5.771952086973636E-6-1.3692908763576606E-7i
62,0.28391005818219867-1.5670735091653225E-14i,0.2841066050255994-1.5681583715811715E-14i
62,0.3416864612420707+1.0894093115689675E-14i,0.34192300585700924+1.0901634939418329E-14i
62,0.3447534401771038+1.1073599421608166E-14i,0.34499210801737756+1.1081265514966524E-14i
62,0.37027322289018294-1.151651127446064E-15i,0.3705295577084026-1.1524483989314342E-15i
62,0.49829525846356315-8.010533702254116E-16i,0.4986402210927833-8.016079279340092E-16i
62,0.5539764568631982+1.4677278256103187E-15i,0.5543599667839524+1.468743912440571E-15i
62,0.5760933665349315-2.110515006679972E-14i,0.5764921876736453-2.1119760858159797E-14i
62,0.6171548228016147-3.157829359247626E-15i,0.6175820701949895-3.1600154790227832E-15i
62,0.666710015492308+1.0478815367573917E-15i,0.667171569231713+1.0486069700499852E-15i
62,0.6683404294663206-3.904545292617278E-15i,0.6688031119178326-3.9072483530762586E-15i
62,0.6865373673759576+1.7971196369426595E-15i,0.6870126473054478+1.798363756978829E-15i
62,0.718780795368249+7.405817621371694E-15i,0.7192783969584541+7.410944562226139E-15i
62,0.8638792777635692-1.1521883640184395E-15i,0.8644773289429141-1.1529860074249493E-15i
62,0.9225643619709353+5.490421689651079E-15i,0.9232030399886864+5.494222629494313E-15i
62,0.9271608855088063+5.2176773418304576E-15i,0.9278027456335871+5.221289464690727E-15i
62,0.9566015150743709+7.970676235471751E-16i,0.9572637565228916+7.976194219807641E-16i
62,0.9657917408559763-6.1217662181682294E-15i,0.9664603445654154-6.126004228733696E-15i
62,1.0048178966877594+1.282250585416228E-15i,1.005513517642688+1.2831382690249944E-15i
62,1.005205909347807+3.954430582357708E-16i,1.0059017989183106+3.957168177684151E-16i
62,1.0498593451691411-8.245836041915394E-15i,1.050586147670007-8.251544515421458E-15i
62,1.05213732613748+1.2485333317687391E-15i,1.0528657056517545+1.249397673408521E-15i
62,1.055651419073492-1.641602548119737E-15i,1.0563822313436837-1.6427390059156229E-15i
62,1.09800100392529-3.005488621518299E-14i,1.098761134203006-3.0075692779952775E-14i
63,5.927660309337876E-8+3.7900036640640157E-6i,5.931763943178861E-8+3.792627429003583E-6i
63,1.329064270859882E-7+4.847120440164628E-6i,1.3299843629087046E-7+4.850476031819947E-6i
63,7.720297442114336E-7-6.353463902701382E-7i,7.725642092818428E-7-6.357862314236118E-7i
63,1.2146216831657205E-6+1.1055668934579402E-6i,1.21546254825969E-6+1.1063322614919888E-6i
63,3.986604711805308E-6-1.7138593989226505E-7i,3.989364580818082E-6-1.7150458790954476E-7i
63,5.086050177414195E-6+9.12362873647432E-8i,5.0895711766847E-6+9.129944893217748E-8i
63,5.734765168995907E-6-1.561510111341697E-7i,5.738735264309992E-6-1.5625911222973763E-7i
63,0.2868078767044029+4.15881325330895E-15i,0.2870064296658219+4.161692339814249E-15i
63,0.3457241312258042-1.6110302419837458E-15i,0.34596347106150765-1.6121455350125044E-15i
63,0.3463326488720201-2.8123376627197683E-15i,0.34657240997572397-2.8142846035704156E-15i
63,0.36664181221591297+1.583957113401739E-16i,0.36689563306083534+1.5850536640935834E-16i
63,0.5024620034002265-9.326413729073106E-16i,0.502809850606942-9.33287027094568E-16i
63,0.5489531985202742-3.2088445686232087E-16i,0.5493332309116403-3.211066005492915E-16i
63,0.5707875266478711-6.956291523624052E-15i,0.5711826746300647-6.961107264036694E-15i
63,0.6198409790542252,0.620270086034878
63,0.6656171640142159+3.546084887516088E-16i,0.6660779611882857+3.548539791000434E-16i
63,0.6683568351465+8.074172601683937E-17i,0.6688195289554282+8.079762235063235E-17i
63,0.6865305173992524-2.3855554572258613E-16i,0.6870057925866024-2.3872069429036744E-16i
63,0.7145232961617084+1.0383492437717824E-15i,0.7150179503465444+1.03906807799526E-15i
63,0.8671802502494411+2.804705448207255E-15i,0.8677805866444857+2.8066471053857412E-15i
63,0.9232551800289104-2.9839519807881485E-15i,0.9238943362900512-2.986017727758997E-15i
63,0.9274489228361215-1.1811010837513689E-14i,0.9280909823649947-1.1819187430172465E-14i
63,0.9599335621474702+2.0002041372107269E-16i,0.9605981103241797+2.0015888497208895E-16i
63,0.9623642428174672-5.65156485999777E-15i,0.9630304737193894-5.65547735693648E-15i
63,1.0049063387266448,1.0056020209087229
63,1.0053106695378735-1.5058656075794816E-16i,1.0060066316323475-1.5069080966467958E-16i
63,1.0487960637658078,1.049522130172275
63,1.0577073001958344+2.0811319923854676E-15i,1.058439535722911+2.082572730083958E-15i
63,1.0612717793090467+3.0507869185664736E-16i,1.062006482473665+3.052898934401952E-16i
63,1.0971055471905862+4.4996752553632455E-14i,1.097865057556504+4.502790315722263E-14i
64,2.621020132591781E-10+3.778997781534159E-6i,2.622834627072354E-10+3.7816139272597966E-6i
64,1.3301612361573726E-7+4.8721593594333965E-6i,1.3310820876194684E-7+4.875532285171826E-6i
64,7.452704100133305E-7-8.179833755890803E-7i,7.457863499821571E-7-8.185496536965051E-7i
64,8.99364612745283E-7+1.1446447405906828E-6i,8.999872299108501E-7+1.1454371616553637E-6i
64,4.106907848568977E-6-1.8077610219299188E-7i,4.1097510017103E-6-1.80901250884362E-7i
64,4.94527481656925E-6+1.3949848000591532E-7i,4.948698359085388E-6+1.3959505279407195E-7i
64,5.742393573398669E-6-1.4327416869041832E-7i,5.74636894974723E-6-1.4337335533346037E-7i
64,0.2895783006689011+2.2479088577012535E-16i,0.28977877155492127+2.24946505262109E-16i
64,0.34774069397341-2.6550248282237706E-15i,0.34798142984645397-2.656862863665273E-15i
64,0.34942635836809016-1.0700752712803758E-15i,0.34966826120231165-1.070816068975667E-15i
64,0.36323876282788164-1.140781459432934E-16i,0.3634902277907354-1.141571206003722E-16i
64,0.5067215727200605-9.163791580840104E-16i,0.5070723687652547-9.170135541742118E-16i
64,0.5444012446891945-1.6162214851613857E-16i,0.5447781258284968-1.6173403720130132E-16i
64,0.5655418787555997+9.51412890929784E-16i,0.5659333952513238+9.520715403685545E-16i
64,0.6222132481367958+2.046500548705177E-16i,0.6226439974051606+2.047917311554092E-16i
64,0.6632136073213704-2.764374539181456E-16i,0.6636727405477663-2.766288275852612E-16i
64,0.6702524198730551-3.727320767894895E-16i,0.6707164259679825-3.729901138368426E-16i
64,0.686530106015936-1.2189857755880292E-15i,0.6870053809184912-1.2198296618803156E-15i
64,0.7103222734394623-5.730464685976718E-16i,0.7108140193167857-5.734431804128359E-16i
64,0.8701797901639408,0.8707822030972581
64,0.9240300725790211-1.6031515576554383E-15i,0.9246697652871118-1.604261396384533E-15i
64,0.9276999337839108-1.2832691088147475E-15i,0.9283421670840472-1.2841574975325906E-15i
64,0.9590812627088414+4.693241555358762E-16i,0.9597452208509275+4.69649061887884E-16i
64,0.9630282747435397-7.643973307970626E-16i,0.9636949653451984-7.649265120576142E-16i
64,1.0050078713354462+2.4036512930211392E-16i,1.0057036238070869+2.405315306185394E-16i
64,1.0053907168711296+1.93359110866361E-16i,1.0060867343812192+1.9349297059337062E-16i
64,1.0456679592214164,1.0463918600861697
64,1.0653043465905134-2.2182136449034335E-15i,1.0660418414433694-2.2197492822552263E-15i
64,1.0664461152578548-2.6955160418545047E-15i,1.0671844005407116-2.697382108779906E-15i
64,1.096326002606267+7.620667617027726E-14i,1.097084973304699+7.625943295439133E-14i
65,2.3390373272185683E-8-3.77385660500411E-6i,2.3406566090650968E-8-3.776469191567297E-6i
65,1.2568322809991781E-7+4.87219828630244E-6i,1.257702367881961E-7+4.8755712389893815E-6i
65,7.692886467171716E-7-8.543202672657299E-7i,7.698212141652724E-7-8.549117008798099E-7i
65,8.568951831404938E-7+1.117448419865485E-6i,8.574883993317408E-7+1.1182220133091057E-6i
65,4.1281198561335936E-6-1.7704458757005573E-7i,4.130977694042182E-6-1.7716715298760692E-7i
65,4.731162150098763E-6+9.421074197539334E-8i,4.7344374655003125E-6+9.427596271490592E-8i
65,5.775278269458232E-6-1.1790870997152105E-7i,5.779276411408154E-6-1.1799033647289524E-7i
65,0.2921608734734968+2.1691041235887347E-15i,0.2923631322374662+2.17060576312637E-15i
65,0.34896172044842844-7.469960759951471E-16i,0.3492033016205115-7.475132106176738E-16i
65,0.3527251339715629+1.5015193441517896E-15i,0.352969320500614+1.5025588243635432E-15i
65,0.3601232104376826+1.2691569209689014E-16i,0.3603725185484979+1.2700355400223925E-16i
65,0.5110638622340627-1.1594080008529172E-15i,0.5114176643837344-1.1602106423100047E-15i
65,0.5403867592794994+1.5831409709232837E-16i,0.5407608612483835+1.5842369566114471E-16i
65,0.5603660587854494+1.5592684773115627E-15i,0.5607539921355686+1.560347936416295E-15i
65,0.6242458467347677-6.866835576121184E-16i,0.6246780031418612-6.871589387470032E-16i
65,0.6611484121231573-2.944696563547441E-16i,0.6616061156446676-2.946735134558429E-16i
65,0.672411195162707,0.6728766957466692
65,0.6865327678301162,0.6870080445754071
65,0.7061884668246513+8.631486291529384E-16i,0.7066773509272051+8.637461745147754E-16i
65,0.8728324062707153-4.484844795013813E-16i,0.873436655571951-4.487949588458772E-16i
65,0.92488560900616+7.866089484340409E-16i,0.9255258939897947+7.87153506477512E-16i
65,0.9279135597998901-8.532161445036381E-16i,0.9285559409902401-8.538068137494353E-16i
65,0.9559907085457648+4.076487367216777E-16i,0.956652527141725+4.0793094606970834E-16i
65,0.9658306611127211+3.8409488717389373E-16i,0.9664992917660934+3.843607905311884E-16i
65,1.0051215826259519+3.1195941615288097E-16i,1.0058174138182807+3.1217538116273854E-16i
65,1.0054520067769221,1.0061480667171308
65,1.042809154347517-1.828853652877467E-16i,1.043531076102839-1.8301197419157224E-16i
65,1.0710049810821036+5.16378380740338E-15i,1.0717464224020974+5.167358620546131E-15i
65,1.0725350632553412+2.3551740989451565E-15i,1.073277563829182+2.356804552046292E-15i
65,1.0956639172144604+8.652902120841523E-14i,1.0964224295607132+8.65889240033002E-14i
66,3.5532016225387085E-8-3.780412306785972E-6i,3.55566145283619E-8-3.7830294317670643E-6i
66,1.1402897115747769E-7+4.876875712418029E-6i,1.1410791177156066E-7+4.880251903219689E-6i
66,7.791856698070978E-7+1.0732307264395432E-6i,7.797250888217117E-7+1.073973708610985E-6i
66,7.880218828591907E-7-9.144372001232862E-7i,7.885674190568102E-7-9.150702518239663E-7i
66,3.995165068206638E-6-1.6182587523173557E-7i,3.9979308634308316E-6-1.6193790495396877E-7i
66,4.61153446366782E-6+1.0005558889669238E-8i,4.614726962545355E-6+1.0012485593953037E-8i
66,5.795738905374241E-6-9.567984757694172E-8i,5.7997512119276596E-6-9.574608535709899E-8i
66,0.2944800373717869-2.491452229924497E-15i,0.2946839016595143-2.493177026412549E-15i
66,0.3499815577284847+5.840271879096846E-16i,0.3502238449192255+5.844315015186452E-16i
66,0.35555079665859185+7.412915590428329E-16i,0.355796939353216+7.418047445104501E-16i
66,0.3573695707412883+3.3406557116477544E-16i,0.35761697254700936+3.3429683994729655E-16i
66,0.5154729419446024-8.81570512129351E-16i,0.5158297964366425-8.821808106953954E-16i
66,0.5369777928884508,0.5373495348790104
66,0.5552755857424322-2.411137486653409E-16i,0.5556599950313948-2.412806682401672E-16i
66,0.6259201997208064,0.6263535152583523
66,0.659437102371049-1.7520586287554695E-15i,0.6598936211774704-1.7532715537047992E-15i
66,0.6748383230125607,0.6753055038621693
66,0.6865366002193013,0.6870118796176999
66,0.7021347747831274+1.1033931059263385E-16i,0.7026208525730763+1.1041569690785934E-16i
66,0.8750903243736916-1.2834076267495181E-16i,0.8756961367991034-1.284296111361332E-16i
66,0.9258012368491322+4.454208644894463E-16i,0.9264421557087326+4.457292229374025E-16i
66,0.9280893118259418-3.1433737253843974E-16i,0.9287318146868874-3.145549837732473E-16i
66,0.9531600383618906-5.698707200326863E-16i,0.9538198973256597-5.702652333228672E-16i
66,0.9682757086509123-2.5847637943585236E-16i,0.9689460319754731-2.5865531890984294E-16i
66,1.0052434974020503-7.736596098774207E-16i,1.0059394129942225-7.741952032803513E-16i
66,1.005498386911577,1.0061944789600847
66,1.0402888272169568,1.0410090041861129
66,1.0747725357984619+1.1530555352163714E-15i,1.0755165853423123+1.1538537789530097E-15i
66,1.079229029760159+9.286474098771811E-16i,1.079976164470581+9.29290299101368E-16i
66,1.0951205544076916+8.315108937005992E-14i,1.0958786905917008+8.320865367139414E-14i
67,3.880375276331205E-8-3.7792517479039162E-6i,3.883061604236093E-8-3.7818680694468135E-6i
67,9.342872837369064E-8+4.880697519651419E-6i,9.349340773645209E-8+4.884076356235171E-6i
67,6.84269671693733E-7+1.0103524756798174E-6i,6.847433817301697E-7+1.0110519281440535E-6i
67,7.773618859647784E-7-9.68837621310422E-7i,7.779000424001111E-7-9.695083336390225E-7i
67,3.8018093186741856E-6-1.2964947716634457E-7i,3.8044412564983727E-6-1.297392316317156E-7i
67,4.619256053057223E-6-1.3760638376392694E-8i,4.622453897479858E-6-1.377016466811119E-8i
67,5.815429155974846E-6-8.26870473684472E-8i,5.819455093805108E-6-8.274429042018848E-8i
67,0.2964449849123189-5.31064613607576E-15i,0.29665020950492244-5.314322619893018E-15i
67,0.3507880549709924+2.2000432405353533E-15i,0.3510309004881561+2.2015662987779565E-15i
67,0.3550677007764577+1.4584912525672862E-16i,0.3553135090307619+1.4595009450510788E-16i
67,0.3578355375760392+2.0380817983784044E-15i,0.3580832619638875+2.039492733047745E-15i
67,0.5199180030590381-8.950580694202385E-16i,0.5202779348028543-8.956777052279E-16i
67,0.5342408047114593-9.212761335053625E-17i,0.5346106519245317-9.219139197011044E-17i
67,0.550300922223765+7.80433229481601E-16i,0.5506818876248364+7.809735121638059E-16i
67,0.6272254388790727+1.2474709014873145E-16i,0.627659658014885+1.248334507621917E-16i
67,0.6580924792017412+3.146457873928016E-16i,0.6585480671449124+3.1486361213876993E-16i
67,0.6775286772406168-1.860358348531127E-16i,0.6779977205837013-1.8616462478163411E-16i
67,0.6865404581125008-6.187685855600304E-16i,0.6870157401816633-6.191969501381155E-16i
67,0.6981767759632826-7.373933332924004E-16i,0.6986601136876659-7.379038200744865E-16i
67,0.8769064941033635,0.8775135638369163
67,0.9267265655090771+4.442364128765664E-16i,0.9273681249603787+4.445439513457337E-16i
67,0.9282266716176094-4.2100434710970564E-16i,0.9288692695707601-4.2129580235441304E-16i
67,0.9506859748716026+1.320681805241883E-15i,0.9513441210768576+1.321596094230512E-15i
67,0.9702906258537893,0.9709623440765036
67,1.0053649669198748-2.659762062212418E-16i,1.0060609666036442-2.6616033771727685E-16i
67,1.005532384956262,1.0062285005411262
67,1.0381885664263586,1.0389072894152245
67,1.0776276358529138+1.3808691647878458E-15i,1.0783736619414024+1.381825120618457E-15i
67,1.0851336415955142-1.0895369911769993E-15i,1.0858848639836503-1.0902912619406181E-15i
67,1.0946969210417643+8.941133727768174E-14i,1.095454763950497+8.947323545846013E-14i
68,2.6875688401945643E-8-3.7798637979195316E-6i,2.6894294053867398E-8-3.7824805431758373E-6i
68,7.40505204433473E-8+4.864775410879539E-6i,7.41017845519122E-8+4.868143224816754E-6i
68,5.966680364639075E-7+9.498807589631909E-7i,5.970811011502237E-7+9.505383477290721E-7i
68,7.12708648138626E-7-1.020583670455628E-6i,7.132020460687767E-7-1.0212902058286216E-6i
68,3.6385907615407916E-6-6.421747462076482E-8i,3.641109705509127E-6-6.426193145335712E-8i
68,4.6616347303158755E-6+1.6939218077209025E-8i,4.6648619128862894E-6+1.6950944853865227E-8i
68,5.830567240812268E-6-7.290553961857118E-8i,5.83460365852059E-6-7.295601107340517E-8i
68,0.29795455486405714+3.849585894826531E-15i,0.2981608245101921+3.852250907686141E-15i
68,0.3513713914974246-1.330199777924314E-15i,0.3516146408500622-1.3311206560683195E-15i
68,0.3533180129034466+3.0349466118624375E-16i,0.3535626098740415+3.0370476616817734E-16i
68,0.35951809416964087+3.0544976469497406E-15i,0.3597669833671808+3.0566122316690236E-15i
68,0.5243209120136897-7.19811715550487E-16i,0.5246838918279488-7.203100308318834E-16i
68,0.5322359889054937,0.5326044482134641
68,0.5455199264213286+1.2048420791226404E-15i,0.5458975820078789+1.2056761739376116E-15i
68,0.6281572346528321+1.4709011934052278E-16i,0.6285920988574356+1.4719194771122907E-16i
68,0.6571246600941139-1.7490380306362061E-15i,0.6575795780300588-1.7502488644689712E-15i
68,0.6804669171998222+7.564010188380342E-16i,0.6809379946441035+7.569246643670076E-16i
68,0.6865436324086839+9.997180764829531E-16i,0.687018916675366+1.0004101669058197E-15i
68,0.694333820332037+1.0110164215977268E-15i,0.6948144976335966+1.0117163337021574E-15i
68,0.8782384219149931+4.926621547142654E-16i,0.8788464137229828+4.930032176269077E-16i
68,0.9275664630602818+3.6835841101521845E-16i,0.9282086039605592+3.68613420236761E-16i
68,0.9283251663873395-2.0803047612754548E-16i,0.9289678325270005-2.081744926293764E-16i
68,0.9487055800803845-3.5411369400822876E-16i,0.9493623552868542-3.5435884181739034E-16i
68,0.9718005895647971+3.9777496249757474E-16i,0.9724733531136368+3.9805033637394717E-16i
68,1.0054719075493481,1.006167981266575
68,1.0055556550818372,1.0062517867762741
68,1.0365973897606608-1.364307658899282E-16i,1.037315011200843-1.3652521494379442E-16i
68,1.079559952328983+1.7625108990048042E-15i,1.0803073161323318+1.7637310599102572E-15i
68,1.089888615385035+2.0435619202557543E-15i,1.0906431295730277+2.044976648734526E-15i
68,1.094393785466838+1.0765861700198154E-13i,1.0951514185191789+1.0773314751165108E-13i
69,1.7912636086430705E-8-3.7695548832535417E-6i,1.7925036746352078E-8-3.7721644917967295E-6i
69,4.860424763393634E-8+4.849383867639128E-6i,4.863789565440269E-8+4.852741026232682E-6i
69,5.568758645349747E-7+9.177365847150646E-7i,5.572613816738925E-7+9.183719205321681E-7i
69,6.285630491484004E-7-1.0033226588885014E-6i,6.289981942925333E-7-1.0040172447118413E-6i
69,3.557251968076874E-6-5.158807229321171E-9i,3.5597146023702244E-6-5.1623785972506056E-9i
69,4.703378495871252E-6+4.262812056886925E-8i,4.706634577049219E-6+4.265763140265781E-8i
69,5.84867241168097E-6-6.626437391134953E-8i,5.85272136333827E-6-6.6310247782834E-8i
69,0.29891038587027957-3.480635866541371E-15i,0.2991173172244509-3.4830454606113247E-15i
69,0.35172434367381955-6.620374648048961E-16i,0.35196783737016446-6.624957838047708E-16i
69,0.35221832851860857+3.349576872574895E-16i,0.3524621641935454+3.351895736391302E-16i
69,0.3605491579672818-2.354116749555293E-15i,0.36079876095543584-2.355746470668678E-15i
69,0.5283928352661614-1.015851993272492E-15i,0.52875863401423-1.016555252973534E-15i
69,0.5310118812457303,0.5313794931216018
69,0.5412212319386841+1.122717881714046E-15i,0.541595911600969+1.1234951231301949E-15i
69,0.6287154091330214,0.6291506597537767
69,0.6565409909917257+3.064721243638951E-16i,0.6569955048619591+3.066842906006946E-16i
69,0.6836240279360587+1.0000647624961882E-16i,0.6840972910026228+1.0007570929247874E-16i
69,0.6865456918944681-3.1703521805682964E-16i,0.6870209775869025-3.1725469697122567E-16i
69,0.6906348736053852-6.978409532967682E-16i,0.6911129901794113-6.98324058535957E-16i
69,0.8790522033767014+1.0456268723013618E-14i,0.879660758553874+1.0463507447222321E-14i
69,0.9281770217565076+2.0185700802605578E-16i,0.9288195853377748+2.0199675072485224E-16i
69,0.9283844224980211-4.0756973023876974E-15i,0.929027129659834-4.078518848917505E-15i
69,0.9473962610572407-7.070166136641645E-15i,0.9480521298410121-7.075060710808454E-15i
69,0.9727384480572348+1.591667839566828E-16i,0.9734118608719984+1.5927697282833192E-16i
69,1.0055466806776883,1.0062428061592747
69,1.0055692367678182,1.0062653778646606
69,1.035600164565914-1.3018549041689162E-16i,1.0363170956414594-1.3027561595651443E-16i
69,1.0806529937712486+4.830690733472233E-16i,1.0814011142714424+4.834034951078289E-16i
69,1.0930385877249116+2.8234897073132548E-14i,1.0937952825933783+2.825444368563723E-14i
69,1.094211689330686+2.466760226824285E-13i,1.0949691963204948+2.4684679293942926E-13i
70,2.93171537244995E-9+4.9358684708670685E-6i,2.9337449567693423E-9+4.93928550150558E-6i
70,1.3188081155105166E-8+4.221763865983231E-6i,1.3197211073707363E-8+4.224686532290847E-6i
70,3.78140083521751E-8+2.9845559266757525E-6i,3.7840186445425953E-8+2.9866220917496387E-6i
70,1.256464798029128E-7+1.1231076114532078E-6i,1.2573346305087448E-7+1.1238851226736408E-6i
70,6.845635920279883E-7-2.0034203413640587E-7i,6.850375055412385E-7-2.0048072804060255E-7i
70,2.9312906454084766E-6+8.065895142989672E-9i,2.9333199356954568E-6+8.071479046003556E-9i
70,4.390605423028047E-6+1.3322102807421477E-8i,4.3936449759133505E-6+1.3331325507282918E-8i
70,5.3039414362731056E-6+1.5474320839690094E-8i,5.307613278523276E-6+1.5485033489091402E-8i
70,5.937012596683229E-6+6.433600294093043E-11i,5.941122704978017E-6+6.438054182897133E-11i
70,0.2992383089664686-7.587942926125646E-15i,0.29944546733707544-7.593195949704958E-15i
70,0.3518424906277272-2.8973509817556055E-15i,0.35208606611550636-2.8993567761023582E-15i
70,0.3518424905444536+8.325221900864705E-15i,0.35208606603217507+8.330985332057323E-15i
70,0.36089657483538934+4.064943786467695E-15i,0.3611464183352364+4.0677578884933404E-15i
70,0.5306001685937213-4.093518015107762E-16i,0.5309674954468546-4.0963518986602673E-16i
70,0.5306001680973655+1.851236501254212E-16i,0.5309674949501554+1.8525180856159615E-16i
70,0.538938322196643+5.089180449798338E-16i,0.5393114214333999+5.092703616111321E-16i
70,0.628901240758343+4.0893144382391583E-16i,0.6293366200276556+4.092145411715953E-16i
70,0.6563459353297597-4.899209227411045E-16i,0.6568003141657683-4.902600879383407E-16i
70,0.6865464053435721-1.2357405611551307E-15i,0.6870216915299171-1.2365960465441035E-15i
70,0.6865464029255687+2.2277948017383584E-16i,0.6870216891102396+2.229337071987006E-16i
70,0.6875321259225552-6.017705904299296E-16i,0.6880080945090571-6.021871875408516E-16i
70,0.8793259792942296-2.0161298304505816E-16i,0.879934724002526-2.017525568088756E-16i
70,0.928404201750712-6.15845646173259E-15i,0.9290469226054165-6.162719872425133E-15i
70,0.9284042030850973+1.632128621351196E-15i,0.9290469239407256+1.633258520484057E-15i
70,0.9469336713903628-1.0231777457261518E-15i,0.9475892199299718-1.0238860769400861E-15i
70,0.9730567995440009-1.0222073197374466E-15i,0.9737304327489127-1.0229149791394484E-15i
70,1.0055737029511693-1.8136244955534766E-16i,1.0062698471398863-1.814880041665501E-16i
70,1.0055737145473758+1.442500321777569E-15i,1.0062698587441208+1.443498943970334E-15i
70,1.035259909717684-4.084521754597022E-16i,1.0359766052396993-4.087349410167972E-16i
70,1.081003876586861+1.1360366457053245E-15i,1.0817522399981734+1.1368231075099204E-15i
71,1.4558084247341263E-8-3.770179547886481E-6i,1.4568162599348576E-8-3.772789588875996E-6i
71,4.3847364698261846E-8+4.833688591313862E-6i,4.3877719597197314E-8+4.837034884293716E-6i
71,5.352460588064084E-7+9.00057763992913E-7i,5.356166019424095E-7+9.006808610171036E-7i
71,6.319260508087496E-7-1.0542056957720665E-6i,6.32363524110486E-7-1.054935507188843E-6i
71,3.5377589693075957E-6-3.2900340864401165E-8i,3.540208108878705E-6-3.2923117296434285E-8i
71,4.7235082594926295E-6+3.972768998485773E-8i,4.72677827621597E-6+3.975519289233526E-8i
71,5.849367331100056E-6-6.399043014903018E-8i,5.853416763840058E-6-6.403472980200539E-8i
71,0.29858209477131703+1.1840154235023007E-15i,0.2987887988542897+1.1848351003236052E-15i
71,0.35196566103870436-2.106144671834655E-15i,0.3522093217955847-2.1076027254508065E-15i
71,0.35223513851519167-1.055104892857264E-16i,0.35247898582744697-1.055835326775229E-16i
71,0.36020128848766914-2.520919520481453E-15i,0.3604506506507936-2.5226647167502652E-15i
71,0.5273298635907621-1.2339407803410924E-15i,0.5276949264588524-1.2347950197677343E-15i
71,0.5307262085885229+2.2495335130933607E-16i,0.5310936226973291+2.251090832738722E-16i
71,0.5430574985008445+1.6505342694801855E-15i,0.543433449384018+1.6516769105781025E-15i
71,0.6285320494072121+8.755526024286873E-17i,0.6289671730906705+8.761587348825372E-17i
71,0.6567358485335657-1.8167328961430268E-16i,0.6571904973008683-1.817990594156001E-16i
71,0.6820773748602327+2.5410048971585535E-16i,0.6825495672011528+2.542763998244299E-16i
71,0.6869122349216525-1.252637059944724E-15i,0.6873877743665445-1.2535042425364057E-15i
71,0.6919921700171477-4.594364284677478E-16i,0.692471226227927-4.597544896887443E-16i
71,0.8787824646224746+4.824834014944154E-15i,0.8793908330633933+4.828174178028342E-15i
71,0.9274466959427012,0.9280887539299284
71,0.928894658925544+1.0057961558230077E-15i,0.9295377193166854+1.0064924540126432E-15i
71,0.9478278520592844-8.306787235414829E-15i,0.9484840196272892-8.312537904554118E-15i
71,0.9724291917051202,0.9731023904261663
71,1.0048933848197534+4.3924872569552527E-16i,1.0055890580340283+4.395528112607074E-16i
71,1.006193184564679+2.089580302925687E-16i,1.0068897576115932+2.0910268892678614E-16i
71,1.035929034087401-1.3816571280100728E-16i,1.0366461928345787-1.3826136293362718E-16i
71,1.0803189697609077+8.919655520038964E-16i,1.0810668590210908+8.925830469062998E-16i
71,1.0930857807514627+1.563793390566808E-12i,1.0938425082909817+1.564875982203803E-12i
71,1.0931146049505764+1.9885396361538412E-11i,1.093871352444673+1.9899162734979554E-11i
72,1.2064206306983862E-8+3.7726281664296185E-6i,1.2072558183218734E-8+3.775239902562477E-6i
72,5.6192971097544446E-8+4.805721173410294E-6i,5.623187268194496E-8+4.80904810494962E-6i
72,6.078666503813594E-7+9.274613647905468E-7i,6.082874677067687E-7+9.281034329328058E-7i
72,7.160349890945441E-7-1.0736847869477274E-6i,7.165306898026208E-7-1.074428083458718E-6i
72,3.5976703651586195E-6-4.488736376615969E-8i,3.60016098052602E-6-4.491843864146811E-8i
72,4.709707665601123E-6+2.758536631208041E-8i,4.7129681283721185E-6+2.760446326379606E-8i
72,5.837147358304692E-6-8.260362809327266E-8i,5.8411883313335635E-6-8.266081339505144E-8i
72,0.29666409553376716-2.462210531586444E-15i,0.29686947181349754-2.4639150844679793E-15i
72,0.3523346777678176+6.012543009145583E-15i,0.3525785939896635+6.016705406056862E-15i
72,0.3533669218668868,0.3536115526964525
72,0.3581326261856477-2.4245200488588182E-15i,0.3583805562436608-2.426198509162113E-15i
72,0.522553277529841-8.568855128390192E-16i,0.5229150336362108-8.574787223356557E-16i
72,0.5311039217980229,0.5314715973922428
72,0.5503628642485319+6.89101616164691E-16i,0.5507438725311747+6.895786712866783E-16i
72,0.6274512152809406+1.5073408618287436E-16i,0.6278855907185036+1.5083843721933225E-16i
72,0.657900180585049+1.5043818076285454E-16i,0.6583556354026581+1.5054232694825284E-16i
72,0.6771427942238926+5.922744123474065E-16i,0.6776115704257235+5.926844353910396E-16i
72,0.687982955866207-1.7930358386868545E-16i,0.6884592365557844-1.794277131568321E-16i
72,0.6969001163888541+5.771194731936698E-16i,0.6973825703002049+5.775190046912419E-16i
72,0.8772107781647125,0.8778180585497376
72,0.9249737273502597+4.4143426443765067E-16i,0.9256140733369547+4.4173986301982017E-16i
72,0.9303069425551769-3.3466503384826607E-16i,0.9309509806499303-3.3489671763016735E-16i
72,0.9501103198626485+4.801314036037981E-16i,0.9507680675502335+4.80463791657959E-16i
72,0.97067226544593,0.9713442478722363
72,1.0030095929825746+1.9444733060754066E-16i,1.0037039620748978+1.945819436934007E-16i
72,1.007924665527795+2.526087140017907E-16i,1.0086224372540367+2.527835913755282E-16i
72,1.0377781418409866,1.0384965806988247
72,1.078369102519012+2.4957705150709824E-16i,1.0791156419141925+2.497498301045634E-16i
72,1.0901049097038322+5.166441420751539E-13i,1.090859573629266+5.170018073721727E-13i
72,1.0901828408372918+5.7513337729772975E-12i,1.0909375587133265+5.755315338497239E-12i
73,5.6505090720232715E-8+3.8210582766182845E-6i,5.6544208380551766E-8+3.823703540218764E-6i
73,7.179068432905115E-8+4.76865190877195E-6i,7.18403839856283E-8+4.771953177793368E-6i
73,6.664190148703206E-7+9.679949530037751E-7i,6.66880367154187E-7+9.68665081965246E-7i
73,8.32386181488134E-7-1.123023279306377E-6i,8.329624304506026E-7-1.1238007321448797E-6i
73,3.5821419591196936E-6-6.937918322785037E-8i,3.5846218243952894E-6-6.942721343695414E-8i
73,4.751362512616288E-6-1.5069091080676854E-8i,4.754651812437811E-6-1.5079523195353555E-8i
73,5.826482613108024E-6-1.0057477517075132E-7i,5.830516203087427E-6-1.006444016387677E-7i
73,0.29361287043448886-4.778820188641514E-15i,0.29381613439503756-4.782128497016607E-15i
73,0.35294806076314045-1.0948125206141277E-15i,0.35319240162119797-1.095570443550779E-15i
73,0.3547410721926246-7.337998585956797E-16i,0.35498665432666543-7.343078576669995E-16i
73,0.3551224412461455+1.1890569380823635E-15i,0.3553682873964883+1.1898801050715859E-15i
73,0.5183706973319832-1.1673568532784957E-15i,0.5187295578983343-1.1681649976116101E-15i
73,0.5317320832921546+2.7800907773111127E-16i,0.5321001937535279+2.7820153941075254E-16i
73,0.5587017273638796-3.6132609338898294E-16i,0.5590885085213314-3.6157623423833723E-16i
73,0.6257300741279036+2.7852749187715874E-16i,0.6261632580442402+2.7872031244744526E-16i
73,0.6598221378569913-2.0531469991702492E-16i,0.6602789232179329-2.0545683632610754E-16i
73,0.6721914216118589-1.834489880828503E-16i,0.6726567700497577-1.835759871746176E-16i
73,0.6896871439913029+8.371335535507076E-16i,0.6901646044657698+8.377130890504666E-16i
73,0.7018090278204204+7.396783711131496E-16i,0.7022948801004397+7.40190439794002E-16i
73,0.8747576543114409-4.0550237317871704E-16i,0.8753632364341609-4.057830966301864E-16i
73,0.9216215627905093+3.7013021833936454E-16i,0.9222595881219693+3.703864541575937E-16i
73,0.9324936530940559-6.391322099867561E-16i,0.9331392050170146-6.395746720086828E-16i
73,0.9531432452253474+2.1934505573234462E-16i,0.95380309256347+2.194969051546433E-16i
73,0.9680635076516085-1.4761535449199938E-16i,0.9687336840724743-1.4771754647543474E-16i
73,1.0002534203304372,1.0009458813641374
73,1.0104872203663355,1.011186766112377
73,1.0404724710814923,1.0411927751846501
73,1.0754072541439723+4.787203861006778E-16i,1.0761517430941898+4.790517973277478E-16i
73,1.0856945760529633+5.821744681025064E-13i,1.0864461867679438+5.825774991002339E-13i
73,1.0857727858475494+1.3952747925559645E-12i,1.0865244507060443+1.3962407211951587E-12i
74,9.591199247994676E-8+3.889219537681071E-6i,9.597839097067621E-8+3.891911988340685E-6i
74,1.1230605086683722E-7+4.735878708103079E-6i,1.1238379872802259E-7+4.73915728870979E-6i
74,7.265659724483295E-7+1.0158169488710304E-6i,7.270689636044775E-7+1.016520184311338E-6i
74,9.624441750893234E-7-1.1589619732838594E-6i,9.63110461327206E-7-1.1597643059624862E-6i
74,3.577314437290199E-6-6.239761075375956E-8i,3.5797909605419747E-6-6.244080772081287E-8i
74,4.801559725124974E-6-1.0076048682212335E-7i,4.804883775753598E-6-1.0083024185564068E-7i
74,5.8109095346479E-6-1.1684401985521216E-7i,5.814932343609425E-6-1.1692490928695626E-7i
74,0.2895864518249131-1.738930755813096E-14i,0.2897869283538611-1.740134592525102E-14i
74,0.35010682870138005-6.622473223258867E-16i,0.35034920261541075-6.627057866071E-16i
74,0.3538033554497152-5.010434692406734E-15i,0.35404828841596325-5.01390334416625E-15i
74,0.3573646743421972-1.2593218843953549E-15i,0.3576120727582118-1.2601936947947049E-15i
74,0.5150405580002546-1.2585870377845977E-15i,0.5153971131591188-1.2594583394602251E-15i
74,0.53260864971627+5.187964780841225E-16i,0.5329773670119513+5.191556334123547E-16i
74,0.5677322233185252+2.7773857232061837E-16i,0.5681252561582373+2.779308467332608E-16i
74,0.6234639972040521-1.65441489539804E-15i,0.6238956123479785-1.6555602229973776E-15i
74,0.6624621605171991,0.6629207735277974
74,0.6672439256444062+9.733541790853615E-16i,0.667705849002118+9.74028018161846E-16i
74,0.6919292866941474-3.748379144022399E-15i,0.6924082993717081-3.750974092906366E-15i
74,0.7067137813997788+8.650712998474745E-16i,0.7072030291700454+8.656701762465363E-16i
74,0.8715975582037498+2.06561250807804E-16i,0.8722009526374573+2.0670425018611106E-16i
74,0.9177782604874049+5.336191651622347E-16i,0.9184136251560453+5.339885820232022E-16i
74,0.935279284948767+4.486469629537211E-16i,0.9359267653245301+4.489575547831704E-16i
74,0.9565359772426961,0.9571981733203202
74,0.9648737256093736+1.2301493178203018E-15i,0.965541693790082+1.2310009324720589E-15i
74,0.9969262936879499+8.132113426283775E-16i,0.9976164513998045+8.137743171261274E-16i
74,1.013603131124138+2.1816269429107335E-15i,1.0143048339703107+2.183137251815788E-15i
74,1.0437027507244578-1.4363156168666808E-15i,1.0444252911036784-1.4373099574773298E-15i
74,1.0717203302080527-2.675724439905451E-16i,1.0724622667539414-2.6775768053899317E-16i
74,1.0803363933304633-1.1399741933521488E-13i,1.0810842946527328-1.1407633810642581E-13i
74,1.0803511046518222-2.756476738067206E-12i,1.0810990161585272-2.758385007204423E-12i
75,1.1945136576796425E-7+3.8748284683744005E-6i,1.195340602277235E-7+3.877510956304044E-6i
75,1.326807465508849E-7+4.735100995218751E-6i,1.3277259952038377E-7+4.738379037426035E-6i
75,7.939357864475552E-7+1.0492163495021884E-6i,7.94485416755436E-7+1.0499427068664165E-6i
75,9.623806781089237E-7-1.0910990889324034E-6i,9.63046920388761E-7-1.0918544411137954E-6i
75,3.6272506801619804E-6-3.2929876647341665E-9i,3.6297617735553373E-6-3.2952673526571836E-9i
75,4.8989805111249655E-6-1.0351724333358718E-7i,4.902372004760339E-6-1.0358890682992482E-7i
75,5.80327569292288E-6-1.3965608582156135E-7i,5.807293217085747E-6-1.3975276771795372E-7i
75,0.2847339426985173+3.5686902521460795E-15i,0.28493105990530015+3.571160804998717E-15i
75,0.34433350815565933+9.322948623359691E-16i,0.34457188528304405+9.329402766389497E-16i
75,0.35489715031719293+5.8154423888282284E-15i,0.35514284050187106+5.8194683358194034E-15i
75,0.3599721232193589+1.7035162868131877E-15i,0.36022132673466944+1.7046956065984697E-15i
75,0.5125993379113476-1.6589011241243857E-15i,0.5129542030487113-1.6600495574752439E-15i
75,0.5337307548220527,0.5341002489349341
75,0.5773096834579904-1.8651513023930567E-16i,0.5777093466353883-1.8664425197711845E-16i
75,0.6207519166730149+4.64375977622081E-16i,0.6211816542826586+4.646974584218002E-16i
75,0.6621681556329513+4.827172373613961E-16i,0.6626265651082035+4.83051415551017E-16i
75,0.6659208228315721,0.6663818302242667
75,0.6946102644849957-2.087047988224173E-16i,0.69509113316486-2.0884928214813593E-16i
75,0.7116141722517744+1.2935908964926637E-15i,0.7121068124920351+1.2944864308354253E-15i
75,0.8678877335439997-5.453036064367501E-16i,0.8684885597195374-5.456811122680913E-16i
75,0.913629515594889-9.219435234832E-16i,0.9142620081472053-9.225817717034094E-16i
75,0.9385052838716695-1.3021529596109369E-15i,0.9391549975600149-1.303054421346654E-15i
75,0.960099202374716-5.778882413037198E-16i,0.9607638652217688-5.782883050083799E-16i
75,0.9613007978606134-1.412452284959025E-16i,0.9619662925549114-1.4134301053287588E-16i
75,0.9932337530258498+5.556687341045034E-16i,0.9939213544449973+5.560534155644135E-16i
75,1.0170616605861398+2.4732782880311377E-16i,1.0177657577224373+2.4749905029610225E-16i
75,1.0472471463429758,1.0479721404562243
75,1.0675590271204365+5.844449015986186E-16i,1.0682980828561432+5.848495043847487E-16i
75,1.0742431632491787-8.008643899556388E-14i,1.074986846316039-8.014188168359179E-14i
75,1.0744562772476878-1.2889986186957817E-13i,1.075200107850299-1.2898909738707783E-13i
76,9.238711637327245E-8+3.8668324456331595E-6i,9.2451074643051E-8+3.8695093980314465E-6i
76,1.6940029923266663E-7+4.725574125941662E-6i,1.6951757261952194E-7+4.728845572834586E-6i
76,8.073841037978599E-7+1.0113907815669878E-6i,8.07943044182112E-7+1.0120909528354324E-6i
76,1.0263914991598457E-6-1.0654395431452272E-6i,1.0271020552089863E-6-1.0661771315927105E-6i
76,3.6487589904046715E-6-5.4607202008335865E-9i,3.6512849736913704E-6-5.464500578763978E-9i
76,4.95640431733317E-6-1.210843855915979E-7i,4.9598355646423595E-6-1.2116821056745653E-7i
76,5.77980423102664E-6-1.5410450161187845E-7i,5.783805506234556E-6-1.542111859383852E-7i
76,0.2791793289118297-1.0487497919275241E-14i,0.27937260073950526-1.0494758263006644E-14i
76,0.33753961875889643-1.3996024223262037E-15i,0.3377732925745214-1.400571346921146E-15i
76,0.35622510039330835-1.6502197435745925E-15i,0.3564717098986943-1.6513621669307565E-15i
76,0.3628534728778935-2.695352231412818E-16i,0.3631046711100652-2.6972181849346104E-16i
76,0.5110215802398406-1.2578727742616216E-15i,0.5113753531182968-1.2587435814629015E-15i
76,0.5350947029587566+1.879375683893295E-16i,0.5354651413132847+1.8806767486058253E-16i
76,0.5873350558159898,0.5877416594142502
76,0.6176832087577183+6.588843839639945E-16i,0.6181108219450787+6.593405201314248E-16i
76,0.6572016571229349-1.6767321025090844E-16i,0.6576566283628138-1.6778928799894135E-16i
76,0.6699219285120873-1.341949657066196E-15i,0.6703857058126065-1.3428786694822683E-15i
76,0.6976404785787862+1.6142423195103145E-15i,0.6981234450322158+1.6153598362140728E-15i
76,0.7165108596041094,0.7170068897504848
76,0.8637515481917587+5.456804788682062E-16i,0.864349510945761+5.460582456029026E-16i
76,0.9092632597529561+1.3641773339021767E-15i,0.9098927296092513+1.3651217342187207E-15i
76,0.9420468500379694-1.3952612777657222E-15i,0.9426990155015534-1.3962271970488218E-15i
76,0.9574740548203219+5.4022106477426E-16i,0.9581369003155394+5.405950520352249E-16i
76,0.9637403109060854-1.3628188496780947E-16i,0.9644074944401222-1.36376230953558E-16i
76,0.989302706439954-6.844371181302936E-16i,0.9899875864521787-6.849109440874863E-16i
76,1.020708976106961+1.4642276047256856E-15i,1.0214155982272517+1.465241268403442E-15i
76,1.050941482271842,1.051669033920635
76,1.0631261399291712,1.0638621268409338
76,1.0677606638628914-3.644795368454025E-14i,1.0684998591888104-3.647318607782346E-14i
76,1.0682734367643762-3.406083152107338E-14i,1.0690129870755882-3.408441134407061E-14i
77,5.0299720381911086E-8+3.9448629468097594E-6i,5.033454215373665E-8+3.947593918599939E-6i
77,1.7767628281536588E-7+4.7248238664710766E-6i,1.7779928554643545E-7+4.728094793970176E-6i
77,7.500228368190127E-7+1.0417595730087934E-6i,7.505420668244556E-7+1.0424807681540741E-6i
77,1.0050556233538687E-6-1.1126308676374268E-6i,1.0057514088835438E-6-1.1134011259590392E-6i
77,3.6054753250236337E-6-8.74828736824093E-8i,3.607971343652315E-6-8.754343681562125E-8i
77,4.897597397322004E-6-1.989688432036745E-7i,4.900987933447615E-6-1.9910658646756999E-7i
77,5.772315260266866E-6-1.192314714095659E-7i,5.776311350968207E-6-1.1931401363962854E-7i
77,0.2730205396038121-2.819877933326541E-15i,0.2732095477903705-2.821830094197907E-15i
77,0.3298493316040991-1.5460107789835136E-15i,0.33007768154470957-1.5470810599746777E-15i
77,0.35778195542798563+4.4276079398299024E-15i,0.3580296427216848+4.430673109024546E-15i
77,0.3659468954512511+1.0892284521893238E-14i,0.3662002352153079+1.0899825093558463E-14i
77,0.5102545154116767-1.386587238137581E-15i,0.5106077572622023-1.3875471525080004E-15i
77,0.5366959593221508+2.4237759710557447E-16i,0.5370675062033923+2.425453916244695E-16i
77,0.5977294019549209-4.994015038102926E-15i,0.5981432014092771-4.997472322772302E-15i
77,0.614332393004848-3.238040605121576E-16i,0.614757686470733-3.2402822539867653E-16i
77,0.6521892981448243+2.478452478517858E-16i,0.6526407994007885+2.4801682754652797E-16i
77,0.6745771108043603-3.396620351339328E-16i,0.6750441108205201-3.3989717826783966E-16i
77,0.7009451657123427+7.850893755016437E-15i,0.7014304199530689+7.856328815666641E-15i
77,0.7214048090241076-7.158748436734006E-16i,0.7219042271811663-7.163704335151091E-16i
77,0.8592796246774621,0.8598744915832359
77,0.9047231439646025+1.292840830390594E-15i,0.9053494707641403+1.293735845473398E-15i
77,0.9458120017618235-4.7759005191912354E-15i,0.946466773785707-4.779206806321227E-15i
77,0.9534757196467479-1.1752907566625353E-16i,0.954135797152123-1.1761043935226705E-16i
77,0.9674097880086464+1.702868869551739E-15i,0.9680795118688207+1.7040477411393776E-15i
77,0.9852103211348018+3.229192562141717E-16i,0.9858923680476328+3.2314280856342123E-16i
77,1.024412553841016-9.361931425424906E-16i,1.0251217398948202-9.368412555687013E-16i
77,1.0546053144060845-2.7587342116441205E-16i,1.0553354024730845-2.7606440435977744E-16i
77,1.0585996077407966+8.886907090281089E-15i,1.0593324609995325+8.893059368038962E-15i
77,1.0610750781088862-4.623179164674768E-14i,1.0618096451000973-4.6263797250110617E-14i
77,1.0619803675377963-2.3191667387196364E-14i,1.0627155612478378-2.320772264443994E-14i
78,1.4993872405021472E-7+3.988846851291949E-6i,1.5004252446892581E-7+3.991608272505589E-6i
78,1.603220712173684E-7+4.7829019566204985E-6i,1.6043305987774554E-7+4.786213090744763E-6i
78,8.916074473024472E-7+1.153316311755872E-6i,8.922246942941244E-7+1.1541147360243518E-6i
78,1.017803673077842E-6-1.18009686021285E-6i,1.0185082838986983E-6-1.1809138242692383E-6i
78,3.376093421812662E-6-4.989753683965425E-9i,3.378430642654121E-6-4.993208018560718E-9i
78,4.860056826294343E-6-1.474345996118834E-7i,4.863421373623425E-6-1.475366664613191E-7i
78,5.768537779130141E-6-8.426883790660257E-8i,5.7725312547357085E-6-8.432717600914686E-8i
78,0.26633439886993937-4.367556012405888E-15i,0.26651877833758514-4.370579608516256E-15i
78,0.3213842809599796-4.3363792022115963E-16i,0.32160677066797283-4.3393812150653865E-16i
78,0.3595615913424866+3.907663501719802E-15i,0.3598105106524927+3.910368720870024E-15i
78,0.3692135088890061-1.4769891527934342E-16i,0.36946911008248856-1.4780116511070812E-16i
78,0.5102332779614815-1.3048687040732195E-15i,0.5105865051096263-1.3057720458797059E-15i
78,0.5385291358954388-8.092652922067881E-17i,0.538901951858414-8.098255349106762E-17i
78,0.60842670409374-1.671914113858691E-15i,0.6088479091362665-1.6730715559148833E-15i
78,0.610758873675407+2.959638402096872E-16i,0.6111816932453388+2.961687317127443E-16i
78,0.6471554741879877+6.214782095504196E-16i,0.6476034906001414+6.219084499621597E-16i
78,0.6798153589146815+1.1821212464141455E-15i,0.6802859852945481+1.1829396119239386E-15i
78,0.7044646743862268,0.7049523651321076
78,0.7262971874613734,0.7267999925415468
78,0.8545371400647517-9.919488378825623E-16i,0.8551287238167462-9.926355497734657E-16i
78,0.900032074996944+2.5238695902006466E-16i,0.9006551542370129+2.5256168287602283E-16i
78,0.9493586043454778,0.950015831631239
78,0.949734516160917+3.139792370384024E-15i,0.9503920036850129+3.141966003411624E-15i
78,0.9710773581925709-3.4044006612709114E-16i,0.9717496210587501-3.4067574788064656E-16i
78,0.9810043782239452,0.9816835134230879
78,1.028003832259193+5.397098719697348E-16i,1.0287155045033116+5.400835053392852E-16i
78,1.0541862242518776-1.813290484005484E-13i,1.0549160221888014-1.8145457988861252E-13i
78,1.0543163250798224-8.047693136039371E-14i,1.055046213083675-8.053264438066055E-14i
78,1.0557001367729228+7.205718726967E-14i,1.056430982769676+7.210707142239382E-14i
78,1.057801978467069-5.338968149822868E-15i,1.0585342795385486-5.34266424056225E-15i
79,8.198440223852255E-8+4.875940681058146E-6i,8.204115885916237E-8+4.879316224551065E-6i
79,1.1135215891768673E-7+3.98198898049188E-6i,1.1142924641321702E-7+3.984745654100357E-6i
79,8.452383387616502E-7+1.1423802792234242E-6i,8.458234850874569E-7+1.1431711326341213E-6i
79,9.568853790658885E-7-1.1546955826495362E-6i,9.575478170293614E-7-1.1554949617673865E-6i
79,3.419326025344095E-6-7.755699437719402E-8i,3.4216931754941896E-6-7.761068596715066E-8i
79,4.87990954039146E-6-2.3253680532282347E-7i,4.883287831468522E-6-2.326977872033293E-7i
79,5.766157730523092E-6-5.145803782279324E-8i,5.770149558455294E-6-5.149366148109694E-8i
79,0.2591822568125899+5.594257200650227E-15i,0.25936168495531986+5.59813002432192E-15i
79,0.3122575870683744-2.83806430587491E-15i,0.31247375849766146-2.8400290569100073E-15i
79,0.3615570432213429+2.4639788154002574E-15i,0.36180734395393915+2.4656845924392043E-15i
79,0.3726303181081966-2.7451410905883086E-16i,0.3728882847094805-2.747041512220072E-16i
79,0.5108899763513958-1.348565524493378E-15i,0.5112436581223758-1.3494991169791647E-15i
79,0.5405879717450375+4.659022778962271E-16i,0.5409622130104129+4.662248153316389E-16i
79,0.6070089653118552-2.429116068501253E-16i,0.6074291888742464-2.430797710562738E-16i
79,0.6193705011925675-3.89620711534774E-15i,0.6197992824681742-3.898904403406713E-15i
79,0.6421015427540396-1.3859761550200485E-15i,0.6425460604022664-1.3869356463464286E-15i
79,0.6855870374192145-5.147691662109804E-16i,0.6860616594489657-5.151255334892184E-16i
79,0.7081524607544776+9.376731955136611E-17i,0.7086427045017365+9.383223331592228E-17i
79,0.7311893752272401+8.089222677280552E-16i,0.7316955670985292+8.094822729610381E-16i
79,0.8495715079484627-8.73920840194344E-16i,0.8501596540648758-8.7452584300270545E-16i
79,0.8952029333386032-2.857146497219017E-16i,0.8958226694334683-2.8591244585802926E-16i
79,0.9451575267657858,0.9458118457060574
79,0.953766531498346-1.9623176019723573E-15i,0.9544268103285767-1.9636760861799504E-15i
79,0.9747205647930736-3.0516073458688757E-16i,0.9753953497986999-3.0537199296743574E-16i
79,0.9767153326621114,0.9773914986167977
79,1.0311425735947912-7.002710830970448E-16i,1.031856418744321-7.007558706800871E-16i
79,1.0475773645908932-8.697889668648818E-15i,1.0483025873094778-8.703911092368592E-15i
79,1.049522703332728-1.1289311457756985E-14i,1.0502492727812998-1.1297126885450517E-14i
79,1.0502575608544473-4.005431004742047E-15i,1.0509846390342952-4.008203906926218E-15i
79,1.0587219118721556-3.410618152691925E-16i,1.0594548498002796-3.412979274507224E-16i
80,9.966880735284786E-9+4.930601329988417E-6i,9.973780663239487E-9+4.9340147142611745E-6i
80,2.0281971046091742E-7+3.889000246094969E-6i,2.0296011962474127E-7+3.891692544942177E-6i
80,8.129653248627369E-7+1.0833918249961074E-6i,8.135281290459317E-7+1.0841418415497038E-6i
80,9.073242493840514E-7-1.2347405605461046E-6i,9.079523768914006E-7-1.235595353649061E-6i
80,3.402103424904728E-6+1.994551993374048E-8i,3.404458652096639E-6+1.995932792986454E-8i
80,5.0588707866857076E-6-1.682486092836715E-7i,5.062372970055545E-6-1.6836508537216585E-7i
80,5.771362448779018E-6-5.901914855810685E-8i,5.775357879862694E-6-5.9060006664450684E-8i
80,0.25161450083939957+3.932940602046307E-15i,0.25178868993368697+3.935663320168955E-15i
80,0.30257040972378124+4.652795545530415E-16i,0.3027798748597417+4.656016608860535E-16i
80,0.36376053785416596-1.071282935158944E-15i,0.364012364034354-1.0720245689025412E-15i
80,0.3761845099382095-4.5351950927740845E-16i,0.37644493705529725-4.538334743004861E-16i
80,0.5121591349627798-1.2178833185831559E-15i,0.5125136953539836-1.2187264416603394E-15i
80,0.5428653060384054+3.380156713367902E-16i,0.5432411238695058+3.3824967471675706E-16i
80,0.6031185160937363-2.8035844845260473E-16i,0.6035360463541778-2.805525365677525E-16i
80,0.630511471823082-1.68788217541729E-16i,0.6309479658321644-1.6890506719324704E-16i
80,0.6370270150692581-1.0114501365105236E-15i,0.6374680196950698-1.0121503488695403E-15i
80,0.6918438556856593+1.0618703480260014E-15i,0.6923228092205634+1.0626054655711199E-15i
80,0.7119724908950239+4.659935864177773E-16i,0.7124653791941196+4.663161870647632E-16i
80,0.7360830353888553-1.2548623040529025E-15i,0.7365926150705785-1.2557310271490244E-15i
80,0.8444187178374776-5.686528657853448E-16i,0.8450032967515254-5.690465359725742E-16i
80,0.8902438590788273-1.496252419063488E-16i,0.8908601620780205-1.4972882530588758E-16i
80,0.940896194940235+4.486525756294038E-16i,0.9415475638218705+4.489631713444277E-16i
80,0.9578725236236786-8.637471222546181E-16i,0.9585356449731085-8.643450819446079E-16i
80,0.9723631972075168-2.0909993467429654E-16i,0.9730363502415229-2.0924469154687325E-16i
80,0.9783180260703944-1.3560281995301243E-15i,0.9789953015466396-1.3569669583183351E-15i
80,1.0329719703577445,1.0336870819722999
80,1.0409272766200253-7.778547141057184E-16i,1.0416478955785058-7.783932117188736E-16i
80,1.043519482132089-1.3884010673191034E-15i,1.0442418956371033-1.389362237377336E-15i
80,1.0476962069265825-1.1847164606974844E-16i,1.048421511918004-1.1855366228367403E-16i
80,1.0553252418186283-1.9995880344440122E-16i,1.056055828281005-2.0009723204351044E-16i
81,3.1590744765461947E-8+4.986667990827605E-6i,3.161261458298122E-8+4.99012018924199E-6i
81,1.9881959796496166E-7+3.831103405919495E-6i,1.9895723790852835E-7+3.833755623618285E-6i
81,7.320551060823706E-7-1.2015235489990825E-6i,7.325618972866594E-7-1.2023553464434545E-6i
81,8.404266680176416E-7+1.0466947346239889E-6i,8.41008483293107E-7+1.0474193463105623E-6i
81,3.4632073237959087E-6+1.6088066945445913E-7i,3.4656048523367876E-6+1.609920448243489E-7i
81,5.095574989928726E-6-1.23267324594437E-7i,5.099102583089725E-6-1.2335266078752088E-7i
81,5.779476807851421E-6-2.508734283850648E-8i,5.7834778563889905E-6-2.5104710444556758E-8i
81,0.2436737237798237+1.1248449529149783E-13i,0.24384241558854394+1.125623666871878E-13i
81,0.292410664995714+1.5726503689936162E-15i,0.29261309668675584+1.5737390921891864E-15i
81,0.3661635235569786-2.0038050333529286E-14i,0.3664170132895524-2.0051922387116174E-14i
81,0.3798693556128335-1.7924097737691706E-14i,0.3801323336954996-1.7936506332349133E-14i
81,0.5139805346065298-1.0413722139959909E-15i,0.5143363559264688-1.042093140978207E-15i
81,0.5453530418246414+3.8213190120758873E-16i,0.5457305818793894+3.8239644561797683E-16i
81,0.5991153591811766-1.3476994343267378E-16i,0.5995301181137551-1.3486324272307788E-16i
81,0.6319310223402466+6.70570864169135E-16i,0.6323684990837026+6.710350907184612E-16i
81,0.6418052129818399+1.6608027430481926E-15i,0.6422495254852341+1.661952492862438E-15i
81,0.6985382400329382-1.425500464526303E-14i,0.6990218279936897-1.426487317962785E-14i
81,0.7158968196907113+1.0344878439692045E-15i,0.7163924247461001+1.0352040050012243E-15i
81,0.7409802369053589-4.592735935050236E-16i,0.7414932068491451-4.595915419977212E-16i
81,0.8391083068979112+1.8279603819741532E-16i,0.8396892094909649+1.8292258526138302E-16i
81,0.8851611071362676-3.287466129131641E-16i,0.8857738914195108-3.289741994575101E-16i
81,0.9365913238564615+1.2220392447181749E-15i,0.9372397125378599+1.222885244883153E-15i
81,0.9620246403706709+1.3269702496127917E-15i,0.9626906361707113+1.3278888920008703E-15i
81,0.9679615065657906-8.078633683433672E-16i,0.9686316123727742-8.084226405155601E-16i
81,0.9818436041312878+1.7153429507684202E-16i,0.9825233203144367+1.716530457982789E-16i
81,1.0322118161881524+1.5415733087684537E-14i,1.032926401558927+1.542640517762912E-14i
81,1.034419973752663-3.423268980942641E-16i,1.0351360877991096-3.4256388607440955E-16i
81,1.0377543852043+4.710969478758933E-16i,1.0384728076157608+4.714230815065E-16i
81,1.0478039440376212+1.0358771776054834E-15i,1.0485293236138928+1.0365943004531654E-15i
81,1.050198416995718+1.5469864967465854E-14i,1.0509254542311246+1.548057453213101E-14i
82,7.552465335288883E-9-4.969648777699338E-6i,7.557693798243132E-9-4.973089193957645E-6i
82,1.7985344459488245E-7+3.765142207015537E-6i,1.799779545436888E-7+3.7677487607265326E-6i
82,6.271404522946385E-7-1.1995582636476285E-6i,6.275746125954627E-7-1.2003887005532625E-6i
82,7.848868170109157E-7+9.390823545544092E-7i,7.854301828476109E-7+9.39732467740475E-7i
82,3.4566550873352714E-6+3.76533288394845E-7i,3.4590480798572366E-6+3.7679395696623397E-7i
82,5.135942727305058E-6-3.483566607032369E-8i,5.139498266469123E-6-3.485978230011745E-8i
82,5.8033492163320765E-6-2.215863452119617E-8i,5.807366791394142E-6-2.2173974624668014E-8i
82,0.235396820006494-4.356421649750242E-15i,0.23555978183396525-4.359437537701741E-15i
82,0.2818532514744474+1.0282853258836203E-15i,0.28204837442019376+1.0289971930017201E-15i
82,0.3687566946941132-1.2996171504284652E-15i,0.3690119796417092-1.3005168566600148E-15i
82,0.38368144652176184-1.6547307396613484E-15i,0.38394706366004894-1.6558762859151194E-15i
82,0.5163002732831031-1.177668759255888E-15i,0.5166577005247107-1.1784840423729617E-15i
82,0.5480420982542779+3.8986309678815723E-16i,0.5484214999040548+3.901329933938737E-16i
82,0.5950213437757138+4.312298538634426E-16i,0.5954332684804037+4.3152838807917165E-16i
82,0.6268126193714073+1.1454954208522769E-15i,0.6272465527182215+1.1462884308306485E-15i
82,0.653209885952585-7.167658858489059E-16i,0.6536620937467863-7.172620925462766E-16i
82,0.7056235256908004-1.6481801260957231E-15i,0.7061120186927454-1.649321137454088E-15i
82,0.719903595123299+1.2232878932132406E-16i,0.7204019740116+1.2241347577995848E-16i
82,0.7458836508583724+1.201480500389261E-15i,0.746400015365002+1.2023122680317003E-15i
82,0.8336674619125352-7.178981649547807E-16i,0.834244597886984-7.183951555126654E-16i
82,0.8799607339654429,0.8805699181052542
82,0.9322551355653929,0.9329005223661024
82,0.9635196606165866,0.9641866913976066
82,0.9661987691689884+1.5743585618887778E-15i,0.9668676546582652+1.5754484676416819E-15i
82,0.9852585839538698-1.5161798295527223E-15i,0.9859406642783552-1.5172294590073267E-15i
82,1.0281004462252283-1.8938051207616562E-15i,1.0288121853538037-1.8951161747654667E-15i
82,1.0291948781070568+1.09394572337387E-15i,1.0299073748950582+1.0947030462392787E-15i
82,1.0322949708563893+3.577973616276591E-16i,1.0330096137939426+3.580450595868483E-16i
82,1.0447609443997805,1.0454842173512389
82,1.0502664414457523+2.0139334812549328E-16i,1.050993525773506+2.0153276983921983E-16i
83,4.198890232670208E-8-4.73927641499652E-6i,4.201797063890988E-8-4.742557347786767E-6i
83,7.984105487721688E-8+3.8651536071151E-6i,7.989632768935455E-8+3.867829397277666E-6i
83,5.91162398873123E-7-1.052500745460093E-6i,5.91571652085847E-7-1.0532293765643293E-6i
83,6.703602777400656E-7+9.096651163966304E-7i,6.708243585034407E-7+9.10294864452491E-7i
83,3.2809910703417753E-6+1.3949676442299831E-7i,3.283262453195312E-6+1.395933360234816E-7i
83,4.823507661548227E-6+1.8327797947181047E-7i,4.826846906417066E-6+1.8340486017677984E-7i
83,5.872357019090782E-6-4.8629054374079E-8i,5.876422367260602E-6-4.8662719567894196E-8i
83,0.22681634097908798+2.9155726092162072E-15i,0.22697336266453502+2.9175910181331587E-15i
83,0.2709611478465285+2.1889922295132745E-15i,0.27114873034584+2.190507637300143E-15i
83,0.3715300079508359-8.690686052946368E-16i,0.37178721282324845-8.696702489706763E-16i
83,0.38761890613565986+3.9205171961568424E-16i,0.38788724912051636+3.923231313734559E-16i
83,0.5190707370267778-1.1457322030846138E-15i,0.5194300822205251-1.1465253769839137E-15i
83,0.5509223485071604+4.784685178766069E-16i,0.5513037441126958+4.787997547389335E-16i
83,0.5908539323679893-1.5159330071847438E-16i,0.5912629720337954-1.5169824657677784E-16i
83,0.6216708924119181-4.827478477036672E-16i,0.6221012662152275-4.830820470843871E-16i
83,0.6646833856048963+1.046936313571482E-15i,0.6651435363376248+1.0476610924996805E-15i
83,0.7130539804352939-3.3567119353445584E-15i,0.7135476174340188-3.359035738662136E-15i
83,0.7239755021678684-2.1667670068103151E-16i,0.7244766999787583-2.168267028395673E-16i
83,0.7507968620168355,0.7513166278687725
83,0.8281249038484091-3.399451342086993E-16i,0.8286982027897536-3.4018047332801745E-16i
83,0.8746496744062113+1.6868710976163834E-16i,0.8752551817759984+1.6880388941769677E-16i
83,0.9278969176098404,0.928539287279042
83,0.9590443557435283,0.959708288335454
83,0.9703702923181863+1.1494733973828117E-15i,0.9710420656928462+1.1502691612570301E-15i
83,0.9884976503966564-4.917512430533726E-16i,0.9891819730801795-4.920916753549944E-16i
83,1.022010338991486-5.487584184897304E-16i,1.0227178620265551-5.491383160376873E-16i
83,1.0252231797467184+8.93415770153509E-16i,1.0259329269851594+8.940342690210462E-16i
83,1.0272285847670561+4.547360298867045E-16i,1.027939720318504+4.550508370894751E-16i
83,1.0393245350461215-2.9793272975346267E-16i,1.0400440444496988-2.9813898429038795E-16i
83,1.0537977539012524,1.0545272829057484
84,3.1715829711089836E-8+4.897259022579884E-6i,3.173778612311505E-8+4.900649324453536E-6i
84,3.5123276296398016E-7+3.821495250241141E-6i,3.514759163460811E-7+3.824140816352165E-6i
84,5.756826453449375E-7-1.1128590037955664E-6i,5.760811821472882E-7-1.113629420052555E-6i
84,8.929328521371595E-7+1.2578164215229554E-6i,8.935510166875107E-7+1.258687189712046E-6i
84,3.451579115661187E-6+3.640730281884226E-7i,3.453968594161085E-6+3.6432507070116746E-7i
84,4.965696222408279E-6+1.2723071441807723E-7i,4.969133902369497E-6+1.273187944088412E-7i
84,5.837985660761316E-6-1.7088230232842526E-8i,5.842027214134901E-6-1.7100060168467468E-8i
84,0.21796137457922024-1.3803330770910191E-14i,0.21811226609898926-1.3812886617958402E-14i
84,0.2597868976025101+1.982418085441715E-15i,0.25996674432934874+1.9837904849244553E-15i
84,0.3744726869302702+3.1637875459163615E-15i,0.37473192897694924+3.165977790458319E-15i
84,0.3916802757990764-9.38923936360507E-16i,0.39195143041164465-9.395739398759393E-16i
84,0.5222499909090331-1.115388279284647E-15i,0.5226115370544443-1.1161604465226208E-15i
84,0.5539825402442009+3.4202544823777185E-16i,0.5543660543763922+3.4226222752852423E-16i
84,0.5866274334786411-7.704211012194254E-17i,0.5870335472001511-7.709544526494646E-17i
84,0.6165050191018178,0.6169318166454518
84,0.6761794532571858+2.5047113043833823E-15i,0.6766475625519429+2.506445279937678E-15i
84,0.7207844649140275-1.3038143308217006E-15i,0.7212834536157952-1.304716942700774E-15i
84,0.7280985777892024+1.3178863144144943E-15i,0.7286026299459498+1.3187986681250943E-15i
84,0.7557248750062731-1.3054823074232342E-15i,0.756248052450612-1.3063860740184806E-15i
84,0.8225153852611852+1.2620268685187076E-16i,0.8230848008136199+1.2629005515395998E-16i
84,0.8692364690004136-5.732436345405089E-16i,0.8698382288860785-5.736404828508149E-16i
84,0.9235240263373634-7.559859905498141E-16i,0.9241633687169308-7.565093487606823E-16i
84,0.9545404908366875,0.9552013054678188
84,0.974507418462078-2.745960616446107E-16i,0.97518205590957-2.7478616054238164E-16i
84,0.9914404979125896-3.373190768210226E-16i,0.9921268578870548-3.37552597958641E-16i
84,1.0161953995540969+6.232753468816095E-16i,1.0168988969903605+6.237068314256352E-16i
84,1.0209453505121644+1.2790779699656978E-15i,1.021652136271051+1.2799634572184912E-15i
84,1.0226921259606578-5.240407961637459E-16i,1.023400120987024-5.244035820578374E-16i
84,1.0339846912247719+1.411359717700364E-15i,1.0347005039313948+1.4123367817015234E-15i
84,1.057763524045046,1.0584957984950836
85,7.91531531031294E-9-4.758485784848804E-6i,7.920794969077847E-9-4.761780016009078E-6i
85,2.5742386197510037E-7+4.005694711158516E-6i,2.57602072806415E-7+4.0084677959028406E-6i
85,7.154850956342088E-7-1.1764942171473685E-6i,7.159804156589644E-7-1.1773086871458603E-6i
85,8.565470659000849E-7+1.0885669460644302E-6i,8.571400410947811E-7+1.0893205452797917E-6i
85,3.315746769848867E-6+2.019631641082662E-7i,3.3180422135724977E-6+2.021029802973891E-7i
85,4.890936986641929E-6+2.3466938075732586E-7i,4.894322911861174E-6+2.348318389890841E-7i
85,5.8821470258158585E-6-4.437692437643754E-8i,5.886219151466303E-6-4.4407645881909614E-8i
85,0.20885813061958977+1.037641749778821E-13i,0.20900272009470275+1.0383600942143991E-13i
85,0.2483741704823209+1.850018406786511E-15i,0.24854611634258078+1.8512991478790083E-15i
85,0.37757321100975977+1.1369256567884612E-14i,0.37783459950459436+1.1377127340426233E-14i
85,0.3958638499219739-3.521655274939633E-15i,0.39613790076264077-3.524093266155114E-15i
85,0.5258009212295632-1.0879577540528493E-15i,0.5261649256328822-1.0887109315333568E-15i
85,0.5572101949054566+5.629811290743393E-16i,0.5575959434964738+5.633708727999481E-16i
85,0.5823539553029062+5.503344255507302E-16i,0.582757110557037+5.507154141456723E-16i
85,0.6113143157000737-4.883838658313956E-15i,0.6117375197945176-4.887219669462754E-15i
85,0.6876416105527776+2.3954827536062208E-15i,0.6881176549339119+2.3971411118083105E-15i
85,0.7287695802908437+6.267559128244315E-15i,0.7292740969729569+6.2718980691412E-15i
85,0.7322613126190485-1.6642104888580173E-15i,0.7327682465771521-1.6653625978055967E-15i
85,0.7606749640592204+1.4801195103162064E-15i,0.761201568378902+1.4811441757312716E-15i
85,0.8168860914824302+1.425976551620815E-16i,0.817451609955875+1.426963734645534E-16i
85,0.8637317703894303-5.932752064651271E-16i,0.8643297194515449-5.936859223441109E-16i
85,0.9191425582128958-1.4904196238011558E-15i,0.9197788673651982-1.491451419836408E-15i
85,0.9500117625247997-4.724608337190349E-16i,0.9506694419825593-4.727879115481632E-16i
85,0.9785562424671481+4.06181659233748E-16i,0.9792336828571733+4.064628529451678E-16i
85,0.9938563777711775-1.9007247169425806E-16i,0.9945444102244668-1.9020405612831465E-16i
85,1.0107208863913104,1.011420593900975
85,1.016605101289641-9.182640412279336E-15i,1.0173088823565146-9.188997421955826E-15i
85,1.0189284331439368+1.747670365625463E-16i,1.019633822619984+1.7488802526434433E-16i
85,1.0287833631820051-5.203269601780923E-15i,1.0294955750841521-5.206871750370307E-15i
85,1.061932888920263-5.365056190261578E-16i,1.0626680497615417-5.368770341375544E-16i
86,1.0885044728195164E-7+4.743385827430488E-6i,1.0892580287855502E-7+4.746669605107766E-6i
86,1.368375169376903E-7+4.029534861107522E-6i,1.369322475794474E-7+4.032324450044225E-6i
86,9.043268920056305E-7-1.1442541690835904E-6i,9.049529444856452E-7-1.1450463197612432E-6i
86,1.0248193450219613E-6+1.0431321046043675E-6i,1.0255288126914399E-6+1.0438542499335E-6i
86,3.438793890822671E-6+9.827935304955067E-8i,3.441174518295591E-6+9.834739042989933E-8i
86,5.029762811243147E-6+1.9874378998431433E-7i,5.033244843580902E-6+1.9888137744710807E-7i
86,5.941239167373124E-6-5.755084086066187E-8i,5.945352201661915E-6-5.759068247873855E-8i
86,0.19953034943537842-1.360600829168593E-15i,0.19966848142194932-1.3615427535224313E-15i
86,0.23675922970179317-4.855238354250016E-16i,0.23692313470587023-4.858599565820314E-16i
86,0.38081928351714545-5.675487670003405E-16i,0.38108291922121545-5.67941672835886E-16i
86,0.40016730286207436-2.509106031071197E-16i,0.4004443329212181-2.5108430490314705E-16i
86,0.5296903180732861-5.665600556050248E-16i,0.5300570150500111-5.669522769699144E-16i
86,0.5605914816628577+6.229145989003261E-16i,0.5609795710699876+6.233458337037211E-16i
86,0.5780441575985165-2.3541563212923526E-16i,0.5784443292417815-2.355786069800681E-16i
86,0.606098282916226,0.6065178760263135
86,0.6989925961517102+3.078870830149792E-16i,0.6994764986566575+3.0810022880726955E-16i
86,0.736453963170599-2.1437323512595637E-16i,0.7369637996402821-2.14521642628471E-16i
86,0.7369620355432572+9.855133191812822E-16i,0.7374722237441248+9.861955758552961E-16i
86,0.7656581540455886-1.2172303693340842E-16i,0.7661882081559123-1.2180730403839085E-16i
86,0.8113073685016892,0.811869024905579
86,0.8581486985261458-5.076309862357914E-16i,0.8587427825080367-5.079824118548619E-16i
86,0.9147578210291135+1.9810853864290493E-16i,0.9153910946910281+1.9824568633034615E-16i
86,0.945461071764675-1.2043007337942074E-16i,0.9461156008447767-1.205134453843606E-16i
86,0.9823968516288955+1.5719328755766445E-16i,0.9830769508173172+1.573021102061858E-16i
86,0.9953369430140594-1.1927190017248684E-16i,0.9960260004413379-1.1935447039079966E-16i
86,1.0057157591785288+5.127704456316305E-16i,1.0064120017107256+5.131254292244041E-16i
86,1.0123077020213815+6.687701692706329E-16i,1.013008508060648+6.69233149224821E-16i
86,1.0163541173721617,1.0170577246864847
86,1.023744335855842-1.735055437529283E-16i,1.0244530593119612-1.7362565914142673E-16i
86,1.0662122625682244,1.0669503859582328
87,9.337076866011027E-8+4.745498497903061E-6i,9.343540789819696E-8+4.7487837381516725E-6i
87,1.3429085119156882E-7+3.9920567309902465E-6i,1.3438381881331598E-7+3.994820374357363E-6i
87,9.023733504449675E-7-1.1153351087273114E-6i,9.029980505163015E-7-1.1161072391560746E-6i
87,1.0480830402671623E-6+1.0636502481056058E-6i,1.048808613057733E-6+1.064386597849909E-6i
87,3.5082847483285794E-6+6.167623380567671E-8i,3.5107134833210975E-6+6.171893137386069E-8i
87,5.1721006549579545E-6+1.677360635031819E-7i,5.175681225734459E-6+1.6785218476361592E-7i
87,5.984930204175955E-6-8.628066584546218E-8i,5.989073485140131E-6-8.634039670750707E-8i
87,0.18999960510705152+2.3270089479022927E-15i,0.19013113909661947+2.328619902675096E-15i
87,0.22497222779042123,0.22512797282287322
87,0.38419777308087805-3.2018094930625224E-16i,0.38446374766460406-3.204026059650762E-16i
87,0.4045874994487326-1.500916664697345E-16i,0.404867589546298-1.5019557276827938E-16i
87,0.5338879901419675-6.15125493985321E-16i,0.5342575931065959-6.155513365035897E-16i
87,0.5641110613455542+4.1020649082072404E-16i,0.5645015873069971+4.104904708650717E-16i
87,0.5737078653460496+1.6853580466633507E-16i,0.5741050350366548+1.6865247957605563E-16i
87,0.6008566553761749+1.9059121011170217E-16i,0.6012726197830249+1.9072315366089244E-16i
87,0.7101142816206323+6.803113121944189E-16i,0.7106058835082159+6.807822819155966E-16i
87,0.7406680124760433,0.741180766271355
87,0.7453096823282284+6.856592710186152E-16i,0.7458256494847129+6.861339430546467E-16i
87,0.7706919038166906,0.7712254427194669
87,0.8058928641463512+4.47004473824736E-16i,0.8064507721668747+4.473139285826223E-16i
87,0.8525030889794185,0.8530932645871483
87,0.9103746859646293,0.9110049252452801
87,0.9408908134059158+2.5570831702593076E-16i,0.941542178561993+2.558853402101904E-16i
87,0.9856850739880189-1.0654537767874593E-15i,0.9863674495654112-1.066191375088688E-15i
87,0.9954083241984328-8.564317981289527E-16i,0.9960974310418771-8.570246935254313E-16i
87,1.0015311359661674+7.945402715975941E-16i,1.0022244815439962+7.950903203818364E-16i
87,1.0081080918799747+4.741208475592683E-16i,1.0088059905896378+4.744490745920651E-16i
87,1.0154480195324647,1.0161509995683058
87,1.018883561616716-2.4492124091438033E-16i,1.0195889200288515-2.4509079636124167E-16i
87,1.0705573974913294-1.5320936965325685E-16i,1.071298528955651-1.533154342928035E-16i
88,5.967305358560426E-8-4.776856303349585E-6i,5.971436438097878E-8-4.780163252155181E-6i
88,4.2220853222835414E-7+3.94734006413425E-6i,4.2250082111307227E-7+3.950072750797069E-6i
88,7.628117830034319E-7-1.142321442915758E-6i,7.633398666120865E-7-1.1431122555949267E-6i
88,1.071059600567893E-6+1.1944513981367412E-6i,1.0718010797001702E-6+1.1952782996329491E-6i
88,3.516637131012108E-6+3.010848809975709E-7i,3.519071648238837E-6+3.01293317723394E-7i
88,5.113482141475155E-6+3.0452745710725176E-7i,5.117022131499207E-6+3.047382770789234E-7i
88,5.903908356789185E-6-6.488307123259475E-8i,5.9079955474955796E-6-6.492798884813314E-8i
88,0.18028554560510968+1.6737040547265156E-14i,0.18041035469122074+1.6748627359329855E-14i
88,0.21303830947399205-1.6060412209867076E-15i,0.2131857928267082-1.6071530601880993E-15i
88,0.3876946203465506-1.9865698023975943E-15i,0.3879630157472646-1.9879450760541753E-15i
88,0.4091204157598115-3.928591838144378E-16i,0.4094036439300399-3.9313115456804233E-16i
88,0.5383659431111981-7.86794603350492E-16i,0.5387386460981597-7.873392899201874E-16i
88,0.5677518952771802+2.635292676774473E-16i,0.5681449417355058+2.6371170519317797E-16i
88,0.5693545951225732+3.6586020124090557E-16i,0.5697487511069139+3.6611348098780947E-16i
88,0.5955894581696379+9.386084495789268E-17i,0.5960017761717387+9.392582346874051E-17i
88,0.720806972138632+9.201714695985454E-16i,0.721305976421827+9.208084910513782E-16i
88,0.7448957298116384,0.7454114103947589
88,0.7537500840523687-3.094504190436779E-16i,0.7542718943773782-3.096646471109802E-16i
88,0.7758051358823899+7.123323693208924E-16i,0.7763422146020663+7.128255067586381E-16i
88,0.8008402149779033+2.734308622752697E-16i,0.8013946251221936+2.736201545223026E-16i
88,0.8468136685971677-4.743532787639593E-16i,0.847399905501126-4.746816667055305E-16i
88,0.9059978730559276-7.860208248192739E-16i,0.9066250823320521-7.865649757132387E-16i
88,0.9363030924105522+1.9684863550054093E-16i,0.9369512815534726+1.9698491097518628E-16i
88,0.9873556626923735-5.697160650691E-16i,0.9880391947942601-5.7011047129387755E-16i
88,0.9940295599974966+6.071476105115796E-16i,0.9947177123423464+6.075679300560452E-16i
88,0.9992372699877169+3.585822027082455E-16i,0.9999290275551731+3.5883044400160874E-16i
88,1.0040399662898736,1.0047350486947941
88,1.0142128459043755-4.3191442547322153E-16i,1.0149149708473075-4.322134336080144E-16i
88,1.0162532312448274-1.1793321055117907E-15i,1.0169567687171375-1.1801485401395159E-15i
88,1.07494440305967-2.600101280592311E-16i,1.0756885715847493-2.6019012932529917E-16i
89,3.561352122281636E-8+4.886368601046502E-6i,3.563817595052677E-8+4.88975136363821E-6i
89,6.094782344910646E-7+3.977104011799316E-6i,6.099001674929372E-7+3.979857303614337E-6i
89,7.347694148983491E-7-1.19166194739583E-6i,7.352780851795301E-7-1.1924869177954735E-6i
89,9.911546340941127E-7+1.3467339631172734E-6i,9.918407961691744E-7+1.3476662876395044E-6i
89,3.5566496501640142E-6+3.707636207338463E-7i,3.55911186748135E-6+3.710202950474287E-7i
89,5.372528438415885E-6+1.6886238847901868E-7i,5.3762477624596066E-6+1.6897928947800812E-7i
89,5.8764522824273145E-6-6.468359995341486E-8i,5.880520465688948E-6-6.472837947786017E-8i
89,0.1704060941244747-5.1013616369643567E-14i,0.1705240638086446-5.104893236137738E-14i
89,0.20097852926800952+1.177848171246093E-15i,0.20111766380861673+1.1786635785675028E-15i
89,0.39129469998109057-1.708502662545465E-14i,0.3915655876650745-1.7096854343268348E-14i
89,0.4137611199560922-2.5504690229327474E-15i,0.4140475608189838-2.5522346758964304E-15i
89,0.543097616928858-8.44638189805239E-16i,0.5434735955854413-8.452229206565687E-16i
89,0.5649940358674841+1.032327219717522E-15i,0.5653851730994688+1.0330418849804974E-15i
89,0.5714950138560206+6.013625275349909E-16i,0.5718906516214166+6.017788421498492E-16i
89,0.5902970741036649-1.0413107133855642E-15i,0.5907057282645164-1.042031597791794E-15i
89,0.7307055105377569-3.40859519248983E-16i,0.7312113674364918-3.410954913838923E-16i
89,0.7491297895078609+1.3724129614216609E-15i,0.7496484012695152+1.373363063144498E-15i
89,0.7622004406442824-4.886253746887588E-15i,0.7627281010294285-4.8896364299674155E-15i
89,0.7810477896487197-2.5411959382488462E-15i,0.7815884977820753-2.542955171589586E-15i
89,0.7965148844862778+1.1973580214283262E-16i,0.7970663002665775+1.1981869351379673E-16i
89,0.8411021892507129-4.280974350836441E-16i,0.8416844721797966-4.283938007709761E-16i
89,0.9016322073357886-1.5635232891640386E-15i,0.9022563943244248-1.5646056938137236E-15i
89,0.9316998951799278+6.682814649279182E-16i,0.9323448975957171+6.687441065591299E-16i
89,0.9860865601013998+4.345166653103471E-16i,0.9867692136218449+4.3481747493829263E-16i
89,0.9917125487196252+3.189262862284726E-16i,0.9923990970309451+3.1914707430212193E-16i
89,1.0001267291275535+1.1736777175680099E-14i,1.000819102454759+1.1744902377444163E-14i
89,1.000159427370858+9.60967933125283E-16i,1.0008518233345864+9.616331973821198E-16i
89,1.0097413257503272+2.990251758658504E-16i,1.010440355124271+2.992321866874821E-16i
89,1.0182575435547057-8.402177271446599E-16i,1.0189624685835548-8.407993977733687E-16i
89,1.0793588462969477,1.080106070877488
90,6.998141925522999E-8+4.96183123734386E-6i,7.002986638365998E-8+4.965266241631595E-6i
90,5.868187989983179E-7+3.914061292820738E-6i,5.872250451994204E-7+3.916770941069576E-6i
90,7.833879761430172E-7-1.1813185501055363E-6i,7.839303043537711E-7-1.1821363599202381E-6i
90,1.091756299716747E-6+1.3391295506823696E-6i,1.0925121068756978E-6+1.3400566107794175E-6i
90,3.6584907545957872E-6+4.091798696098134E-7i,3.661023475042644E-6+4.0946313893908565E-7i
90,5.645326558259799E-6+2.4609893677608146E-7i,5.649234736512083E-6+2.462693075248225E-7i
90,5.885794333051568E-6-1.0150129267348324E-8i,5.889868983680272E-6-1.0157156055621977E-8i
90,0.16037762516427118+1.0524362694339622E-13i,0.16048865228384548+1.0531648559023744E-13i
90,0.1888106044919376-9.214698711854796E-16i,0.18894131535350792-9.221077915030267E-16i
90,0.39498162482125226+9.488861341211404E-15i,0.39525506491019086+9.495430343225717E-15i
90,0.41850377769822844+3.810305567864063E-15i,0.4187935018347544+3.8129433875191715E-15i
90,0.5480571560387774-1.0003829170849722E-15i,0.5484365681128416-1.0010754677674102E-15i
90,0.5606365200677261+1.1823319209413204E-15i,0.5610246406542951+1.1831504322980536E-15i
90,0.5753192401434359+7.419426456105815E-16i,0.5757175253656006+7.424562818160503E-16i
90,0.5849803265681295+1.2421343778587163E-15i,0.5853853000212528+1.2429942895948865E-15i
90,0.7391273903442511+3.183860438575207E-16i,0.7396390775890543+3.1860645792915913E-16i
90,0.7533629142540765-1.1234884211998238E-16i,0.7538844565470121-1.1242661960493587E-16i
90,0.7705397421671811+6.2040027631686635E-15i,0.7710731757306394+6.208297704909571E-15i
90,0.7865080086724242+7.0874792423404256E-15i,0.7870524968367525+7.092385802120903E-15i
90,0.7936019634996134-1.134140749131346E-16i,0.7941513627066762-1.1349258984340551E-16i
90,0.8353935484819163-6.684638757365055E-16i,0.8359718794012319-6.689266436480922E-16i
90,0.8972828756993262-1.5252228118225979E-15i,0.8979040517083249-1.5262787016035586E-15i
90,0.9270832370151662-1.5944747743024412E-15i,0.9277250433850135-1.5955786062194143E-15i
90,0.9830203686358473-3.100623056538573E-16i,0.9837008994761107-3.102769573214453E-16i
90,0.9889866846733159+7.683323850385409E-16i,0.9896713459082241+7.688642904804572E-16i
90,0.9963861759016025-4.538512215762413E-15i,0.9970759596976945-4.541654162389648E-15i
90,1.0031565486324094+1.164343630862723E-15i,1.0038510194600119+1.1651496891853659E-15i
90,1.0054760755259673-8.406109815300792E-15i,1.0061721521286242-8.41192924403134E-15i
90,1.02092916866733-6.544853782478394E-16i,1.0216359432237585-6.549384690469826E-16i
90,1.0837910762354528-1.7335195687604718E-16i,1.0845413691849306-1.7347196593856324E-16i
91,8.392555031010566E-8+5.012320709075158E-6i,8.398365075959215E-8+5.015790666496845E-6i
91,6.256099169865634E-7+3.872869343412499E-6i,6.260430177198421E-7+3.875550475068155E-6i
91,8.00411168377055E-7-1.1981902294020461E-6i,8.009652814985641E-7-1.1990197192372793E-6i
91,1.192906703171141E-6+1.3460005918174313E-6i,1.1937325352972765E-6+1.3469324086372758E-6i
91,3.769430863434152E-6+5.099998766925374E-7i,3.7720403861202056E-6+5.10352942260346E-7i
91,5.8408736637092005E-6-4.342655653280634E-8i,5.844917216405624E-6-4.345662011231084E-8i
91,5.858790649281776E-6+6.083932624064184E-7i,5.862846605649207E-6+6.088144442977465E-7i
91,0.15021512275497245-6.677833538118404E-14i,0.15031911452052515-6.682456506079018E-14i
91,0.1765495284094118-1.011962164741232E-15i,0.17667175110463765-1.0126627315700169E-15i
91,0.3987374749695737-8.244640253356211E-15i,0.3990135151794649-8.250347899035081E-15i
91,0.4233416549488004-2.0204789359190875E-15i,0.42363472827805465-2.021877684380326E-15i
91,0.5532186716131057-4.570972911954583E-16i,0.5536016569300476-4.574137330654179E-16i
91,0.5562935190704333+1.4417950728572728E-16i,0.556678633059975+1.4427932068163698E-16i
91,0.5792008651497685+6.939906278072024E-16i,0.5796018375650082+6.944710675215208E-16i
91,0.5796405854229668-6.7650207343537725E-15i,0.5800418622502173-6.769704060754362E-15i
91,0.7449624335457689+2.876719808782684E-15i,0.7454781603069236+2.8787113204655904E-15i
91,0.7575875096900356-1.1750092898798313E-15i,0.7581119766095339-1.1758227318845673E-15i
91,0.7785849535239289-3.57653000362636E-16i,0.7791239566713136-3.5790059838260105E-16i
91,0.7923351236811014-4.486485601065692E-15i,0.7928836458732075-4.489591530417044E-15i
91,0.793216389065082+1.3209924541282704E-16i,0.7937655213445183+1.3219069581746486E-16i
91,0.8297159229101653-3.953185080707705E-16i,0.8302903232910868-3.9559218137912976E-16i
91,0.8929557131212215+2.9086302056694586E-15i,0.8935738934979025+2.9106438084604433E-15i
91,0.9224553050065879+3.1351178629613053E-15i,0.9230939075257736+3.1372882598947554E-15i
91,0.9795265419382239-7.995614152928618E-16i,0.9802046540525952-8.00114940142552E-16i
91,0.9861632977985708,0.9868460044434181
91,0.9928327180342652+1.341602138629656E-14i,0.9935200418226651+1.3425309104637205E-14i
91,1.001422308369149+5.8478718835376686E-15i,1.0021155786071998+5.851920281000866E-15i
91,1.0068591775376525+2.9991347832935254E-16i,1.0075562116419077+3.001211041099832E-16i
91,1.02395261144503-1.2187044032974229E-15i,1.024661479087339-1.2195480947997258E-15i
91,1.0882339626644666+1.9482279181020646E-15i,1.088987331360217+1.9495766482244838E-15i
92,1.0351387941518042E-7+5.009262236052145E-6i,1.0358554058272582E-7+5.012730076137017E-6i
92,7.00526164622852E-7+3.952571415462599E-6i,7.0101112879516E-7+3.955307723714583E-6i
92,8.487229143247506E-7-1.2794695238848386E-6i,8.493104729720223E-7-1.2803552822047696E-6i
92,1.1976256274487672E-6+1.3695435782750632E-6i,1.1984547264182015E-6+1.370491693565283E-6i
92,3.7847254531158125E-6+5.278376754382532E-7i,3.787345564025976E-6+5.282030898571703E-7i
92,5.801397060057547E-6+8.333649834969944E-7i,5.805413283669946E-6+8.339419100699936E-7i
92,5.883288649931976E-6-5.85499618843907E-8i,5.887361565912351E-6-5.859049517955921E-8i
92,0.13993232482747034-5.61571113094535E-15i,0.14002919796014715-5.6195988068639295E-15i
92,0.16420806761054604+1.1894235342065955E-15i,0.16432174649024628+1.1902469549850338E-15i
92,0.4025424294480139-4.1895734718956503E-16i,0.4028211037730781-4.192473853257159E-16i
92,0.428267093794516+5.721094065975756E-16i,0.4285635769341295+5.725054696982159E-16i
92,0.5519781968371233-9.960468891949665E-17i,0.5523603233912475-9.967364381077589E-17i
92,0.5585554406708617-9.261951133936382E-16i,0.5589421205561431-9.268363049282963E-16i
92,0.5742799076700585+2.4613811081520397E-16i,0.5746774733773241+2.46308508683568E-16i
92,0.5831132746244002+1.5930964431159482E-16i,0.5835169555443589+1.5941993208340968E-16i
92,0.7471780408918773+2.487870262695825E-16i,0.7476953014860807+2.4895925794395656E-16i
92,0.7617952540805074-6.403075588238696E-16i,0.7623226339608323-6.407508345228647E-16i
92,0.786095209481629+6.638487737465261E-16i,0.786639411871024+6.643083466894882E-16i
92,0.796397581256698,0.7969489158296617
92,0.7987343890764922-3.2573112183166014E-16i,0.7992873413878465-3.2595662079497023E-16i
92,0.8241009346411046-5.994047406678931E-16i,0.8246714478465345-5.998196999351061E-16i
92,0.8886575504064989,0.88927275522705
92,0.9178186195597412+1.1030384729671821E-16i,0.9184540121683861+1.103802090612148E-16i
92,0.9760681074421154-4.886365982907904E-16i,0.9767438253321056-4.88974874368711E-16i
92,0.9833991869775787+1.5784824093596164E-15i,0.9840799800683231+1.5795751699927184E-15i
92,0.989478531562968-6.83385756951808E-16i,0.9901635332963926-6.838588550668023E-16i
92,0.9975833559724114-8.573390999891062E-16i,0.9982739685590204-8.579326234975927E-16i
92,1.0108028276512304,1.0115025918876488
92,1.027165385598586-5.455570018338493E-16i,1.02787647739816-5.4593468308717365E-16i
92,1.092681660386363-2.9740944641741964E-16i,1.0934381081591749-2.9761533869282957E-16i
93,1.0124147882848802E-7-4.924822078468486E-6i,1.0131156684584242E-7-4.928231461848668E-6i
93,5.885675722778356E-7+3.843459661795152E-6i,5.889750291294875E-7+3.846120433551885E-6i
93,8.070319007668617E-7-1.3202474306254165E-6i,8.07590597326029E-7-1.3211614189027562E-6i
93,1.1169506094792459E-6+1.1012912507734363E-6i,1.1177238582959072E-6+1.1020536588416473E-6i
93,4.102915924877933E-6+3.33792969067442E-7i,4.105756314467989E-6+3.3402404913145813E-7i
93,5.8460029498238285E-6-1.3886742796081112E-8i,5.850050053451139E-6-1.3896356388072756E-8i
93,6.451446513266208E-6+1.4501494698410792E-6i,6.455912756750747E-6+1.4511533874288583E-6i
93,0.12954185591702624-3.6944830490709296E-15i,0.1296315358777567-3.697040686464764E-15i
93,0.15179716515239977+5.748676632519984E-15i,0.15190225214311406+5.752656358539864E-15i
93,0.40637427173752005,0.4066555987918015
93,0.4332714341541421-6.422638917326416E-16i,0.4335713817264963-6.427085217727274E-16i
93,0.547706059457263-2.669124489864561E-16i,0.5480852284722216-2.670972286298704E-16i
93,0.5640389686401-5.59583482981237E-16i,0.5644294446928014-5.599708745654005E-16i
93,0.5689012321907106+2.4866238513768847E-16i,0.5692950743184246+2.4883453052480235E-16i
93,0.5870265330263916+1.2809123623624562E-16i,0.5874329230387693+1.2817991195386806E-16i
93,0.745945320403605+1.935840148920917E-15i,0.7464617276031723+1.9371803031691848E-15i
93,0.7659765985634455,0.7665068731283214
93,0.7928856501441824+5.709445671997146E-16i,0.7934345534578282+5.7133982389882E-16i
93,0.8029831911064443+6.030357253027713E-16i,0.8035390848022377+6.034531982483408E-16i
93,0.8058517394890361-6.130329202355699E-16i,0.8064096190395518-6.134573140951763E-16i
93,0.8185838615444259-5.980323233797487E-16i,0.8191505553596273-5.984463325422437E-16i
93,0.8843966646661203+3.8835104998264496E-16i,0.8850089197368537+3.886198998201398E-16i
93,0.9131762497590333,0.913808428521941
93,0.9727947325119747-2.188470948528247E-16i,0.9734681842916554-2.1899859954397986E-16i
93,0.9807728134401024-3.156932243997884E-16i,0.9814517883302811-3.1591177427130775E-16i
93,0.9863341904745961-6.592769744951247E-16i,0.9870170154259812-6.597333824473243E-16i
93,0.9939605042740571-1.5428513330461337E-15i,0.9946486088126243-1.5439194267983888E-15i
93,1.0148349239231915-6.81838427972842E-16i,1.0155374795217744-6.823104548942742E-16i
93,1.0304819849645201-5.848775373267021E-16i,1.0311953727980576-5.852824396203144E-16i
93,1.0884669970540697+2.8490874638734033E-15i,1.089220527076171+2.8510598460819885E-15i
94,2.9574383896588E-10-4.920685272164554E-6i,2.9594857816524524E-10-4.924091791693326E-6i
94,3.8618432051041214E-7+3.809547156552613E-6i,3.864516703523063E-7+3.812184451170495E-6i
94,1.2741828484707666E-6-1.285110230251074E-6i,1.2750649469014658E-6-1.2859998935507652E-6i
94,1.3011285793041546E-6+1.0597006815585928E-6i,1.302029331876142E-6+1.0604342970748712E-6i
94,3.7312643811888973E-6+2.9748726853693994E-7i,3.733847481769101E-6+2.9769321468748214E-7i
94,5.997860096592949E-6+9.093880388644751E-8i,6.002012328735384E-6+9.100175951035516E-8i
94,6.7548394152464625E-6+5.688093297328709E-7i,6.759515693266502E-6+5.692031082378371E-7i
94,0.11905534949030433+9.823623480401849E-15i,0.1191377697936994+9.830424233422692E-15i
94,0.1393262677437263+1.5174113138032378E-15i,0.13942272131181463+1.5184617957966482E-15i
94,0.4102077337475296-1.3759590416055997E-15i,0.4104917146523375-1.376911598228665E-15i
94,0.43834484408421115+6.337152611471942E-16i,0.4386483039051748+6.341539730934734E-16i
94,0.5434957421812769+2.813347514322672E-16i,0.5438719964542373+2.8152951542790364E-16i
94,0.5635086610929214,0.5638987700213473
94,0.5696378147015679-7.718448275822359E-16i,0.5700321667547433-7.723791646375266E-16i
94,0.5909069404714499+4.390990747753239E-16i,0.5913160168340024+4.3940305673932977E-16i
94,0.7424191039184471+4.858371494682532E-16i,0.7429330699691389+4.861734875280816E-16i
94,0.7701201180551799-2.946828815139423E-16i,0.7706532611189104-2.9488688622774723E-16i
94,0.7989869237012822-8.958112557320505E-16i,0.7995400508387194-8.964314129597454E-16i
94,0.8118289307347264+1.6781354766052445E-16i,0.8123909482086368+1.6792972256212442E-16i
94,0.8132038880212876-6.3313587574033405E-16i,0.8137668573583204-6.335741865864424E-16i
94,0.8136123717098013-3.1480529176018247E-16i,0.8141756238342072-3.1502322692872656E-16i
94,0.880183389772926-1.1918472964630554E-16i,0.8807927280541453-1.192672395177188E-16i
94,0.9085321451191017,0.9091611088352681
94,0.9697665478711476,0.9704379032822242
94,0.9783244818389017,0.9790017617843825
94,0.9834090335830009+1.6603520710110062E-15i,0.9840898334904085+1.6615015088314925E-15i
94,0.9905527274004688+2.0544955434625087E-16i,0.9912384727841974+2.0559178411311223E-16i
94,1.018890760492138-3.031331897715819E-16i,1.0195961238879512-3.0334304451206227E-16i
94,1.033853748204346-8.785729977402346E-16i,1.0345694702610022-8.791812211702483E-16i
94,1.079778481919993,1.08052599700823
95,2.0366334103723028E-8-4.911207849835569E-6i,2.0380433423434914E-8-4.914607808281389E-6i
95,5.447516735861261E-7+3.6843005583753624E-6i,5.451287973223057E-7+3.686851146577572E-6i
95,1.2093460336685968E-6-1.3642368224689201E-6i,1.210183246506418E-6-1.365181263968542E-6i
95,1.2787795159414283E-6+1.0795262633795841E-6i,1.2796647965788E-6+1.080273603860559E-6i
95,3.955706552435144E-6+3.217362775500321E-7i,3.95844503109729E-6+3.219590109401939E-7i
95,5.922589327382172E-6+1.175113461666814E-8i,5.926689450655398E-6+1.1759269757881773E-8i
95,7.811824421610749E-6+1.4108875660183297E-6i,7.81723243512425E-6+1.4118643031556815E-6i
95,0.10848356078584641-1.735650947648782E-14i,0.10855866239221375-1.7368525137968434E-14i
95,0.1268035920811667-3.051014829529756E-15i,0.12689137638128978-3.0531270031447113E-15i
95,0.41401363734568186+4.808262998822733E-16i,0.41430025302272466+4.811591690031173E-16i
95,0.44347599925568393-5.068793570720705E-16i,0.4437830113014557-5.072302623490986E-16i
95,0.5393699794681592+6.912378801055618E-16i,0.5397433775350271+6.917164141323013E-16i
95,0.5581078843688413+5.613696712773996E-16i,0.5584942544173422+5.617582994139894E-16i
95,0.5753160375850583-8.096910336470968E-16i,0.575714320590138-8.102515710856509E-16i
95,0.5947165947500109+3.6707344057381E-16i,0.5951283084813405+3.673275602288267E-16i
95,0.7376286830001919-7.263291187280814E-16i,0.7381393327114906-7.268319459138108E-16i
95,0.7742116274666516+1.1022626839485397E-16i,0.7747476030234071+1.1030257645259439E-16i
95,0.8045906963057367,0.8051477028542225
95,0.808004372357858-4.71343996249424E-16i,0.8085637421450989-4.716703009080609E-16i
95,0.8217725318454578-1.537093874877593E-15i,0.8223414331311742-1.5381579828244974E-15i
95,0.821917595642846+2.7692086310540145E-16i,0.8224865973541396+2.771125714297337E-16i
95,0.8760309700284509+1.608754346535168E-16i,0.876637433649299+1.609868063994293E-16i
95,0.9038917083688369,0.904517459577489
95,0.9670140890961095-1.5480903963228175E-16i,0.9676835390196269-1.5491621170031075E-16i
95,0.9760752198008382+2.4778623338023897E-16i,0.9767509426146119+2.4795777222011264E-16i
95,0.9807113845977535+5.67312347446639E-16i,0.9813903169616297+5.677050896123333E-16i
95,0.9873563696569412+5.859614903287741E-16i,0.9880399022482491+5.863671430274348E-16i
95,1.0229326051117955+1.2324049603091187E-15i,1.023640766618414+1.233258136509677E-15i
95,1.0372498535302954-1.669429628490458E-16i,1.0379679266617463-1.6705853505732202E-16i
95,1.0710886178165617,1.0718301170370619
96,3.406309270617972E-8-4.938269620156702E-6i,3.4086674094562826E-8-4.941688313076277E-6i
96,6.043196656814221E-7+3.7148350311181926E-6i,6.047380274804198E-7+3.717406757896017E-6i
96,1.2178821421730957E-6-1.4354164104756601E-6i,1.2187252644358673E-6-1.4364101285786781E-6i
96,1.2410040543549855E-6+1.0593774360247948E-6i,1.2418631835844772E-6+1.0601108277628466E-6i
96,4.059082964570196E-6+2.9581318532627493E-7i,4.06189300923327E-6+2.960179725331265E-7i
96,5.904479193299689E-6-2.134692662529E-8i,5.9085667791879765E-6-2.13617047950786E-8i
96,8.390872657005547E-6+1.860403576353828E-6i,8.396681537270906E-6+1.8616915069496122E-6i
96,0.0978364708961016-5.5843368175955044E-14i,0.09790420167551539-5.5882027735289164E-14i
96,0.11423634260981938-4.712393750723516E-16i,0.1143154267841715-4.715656073032546E-16i
96,0.4177577931957099-6.699703149767111E-16i,0.4180470008979111-6.704341257744827E-16i
96,0.4486515077449603-6.748987151906366E-16i,0.44896210272070314-6.753659378488801E-16i
96,0.5353568017193079-3.627167945267313E-16i,0.5357274215210321-3.629678981384495E-16i
96,0.5527068502851765-5.320500825777353E-16i,0.5530894812755861-5.32418413185433E-16i
96,0.5810310569757033-1.1574932257929727E-15i,0.5814332964063792-1.1582945416788697E-15i
96,0.5984130150928952+3.7715303461197216E-16i,0.5988272878027792+3.7741413222473946E-16i
96,0.7321884280937607-8.493753855557392E-17i,0.7326953115949575-8.49963395899445E-17i
96,0.778232938362499-1.5178434747028925E-15i,0.7787716978148587-1.5188942558750684E-15i
96,0.8030330783244484-5.319508018028954E-16i,0.803589006556444-5.3231906367994295E-16i
96,0.8098806025586596,0.8104412712330403
96,0.8300845758621008-2.8769964697981076E-16i,0.8306592314561503-2.8789881730094497E-16i
96,0.832647968572108+2.5705200611457234E-16i,0.8332243987660036+2.572299595154315E-16i
96,0.8719567802271063+7.734849313313425E-16i,0.8725604233450458+7.74020403806832E-16i
96,0.8992628852382076,0.899885431979287
96,0.9645578857021625-4.0305832560312877E-16i,0.9652256352314531-4.033373570756694E-16i
96,0.9740358358155742-2.2084016233112776E-16i,0.9747101467931933-2.2099304679418693E-16i
96,0.9782486869269923+5.642800466615078E-16i,0.9789259144007474+5.646706896090505E-16i
96,0.9843648839527167+1.749391987794658E-15i,0.9850463455815656+1.750603066666865E-15i
96,1.0269260555927777+1.0859452161395217E-15i,1.027636981707636+1.0866970003690234E-15i
96,1.0406478760421545-7.61517733370013E-16i,1.0413683015756396-7.620449211267479E-16i
96,1.0608159904529595-1.6934190624834693E-16i,1.0615503780815188-1.6945913921058039E-16i
97,1.7482580160035255E-7+3.7083890656395615E-6i,1.749468309843397E-7+3.710956329968342E-6i
97,1.795969432164206E-7-5.335964644822728E-6i,1.7972127559301768E-7-5.339658656278865E-6i
97,1.1616226886575228E-6+9.173538850903446E-7i,1.1624268633110737E-6+9.179889559700111E-7i
97,1.1761829262674506E-6-1.599770334225889E-6i,1.1769971807637508E-6-1.6008778321827118E-6i
97,4.1608971743842975E-6+2.423424696068658E-7i,4.163777703558137E-6+2.425102398074996E-7i
97,5.869763951123464E-6-7.917446720410347E-8i,5.873827504149684E-6-7.922927854719762E-8i
97,1.1100021912867107E-5+1.965395506718236E-6i,1.1107706298135531E-5+1.9667561217149457E-6i
97,0.08712338278502066-7.435453878441152E-15i,0.08718369704786301-7.440601336049438E-15i
97,0.10163089058418195+2.6784393680234636E-15i,0.10170124818568514+2.6802936130135703E-15i
97,0.4213996335369024+9.233661277322167E-16i,0.42169136243270905+9.240053608008544E-16i
97,0.453854886677+5.0724043844450643E-17i,0.45416908387702004+5.0759159369296716E-17i
97,0.5314909846104608+1.499052034903948E-16i,0.53185892816269+1.5000898070330522E-16i
97,0.5473168743492868+2.0177020653577727E-16i,0.5476957739370014+2.0190988914315238E-16i
97,0.5867306372860771-7.253457953691122E-16i,0.5871368224540964-7.258479418142455E-16i
97,0.6019489186861698+6.579596657354612E-16i,0.6023656392511747+6.584151617337831E-16i
97,0.7264491266252272+6.893845283625238E-16i,0.726952036890695+6.898617793405501E-16i
97,0.782160073459981+6.777330284276023E-16i,0.782701551611396+6.782022132400698E-16i
97,0.7983422811803014-2.2687735344387797E-16i,0.7988949620410077-2.2703441736737543E-16i
97,0.8149727013064841+3.4393438091548427E-16i,0.8155368951674735+3.4417248173283023E-16i
97,0.8383502488422537+1.298038314215769E-15i,0.838930626642636+1.2989369274417524E-15i
97,0.8436824250350792+6.194933998284633E-16i,0.8442664942242267+6.199222661850252E-16i
97,0.8679840933705663-1.2797060694987542E-16i,0.8685849862546237-1.2805919915758064E-16i
97,0.8946584586172315+1.2244034432034267E-16i,0.8952778177800904+1.2252510800689587E-16i
97,0.9624173017430689-3.5742461509582176E-16i,0.963083569376921-3.5767205500795663E-16i
97,0.9722115092698529+7.072271475976724E-16i,0.9728845572924848+7.077167507639625E-16i
97,0.9760275868070969+1.8167429943702376E-15i,0.9767032766452352+1.818000699374069E-15i
97,0.9815688825028108+2.29652000848499E-15i,0.9822484085001338+2.298109856204244E-15i
97,1.0308065413315404-2.7524847426371703E-16i,1.0315201538507752-2.754390248173458E-16i
97,1.044028398124915-9.924034119234021E-16i,1.0447511639451397-9.930904385093657E-16i
97,1.0498451572794603,1.0505719499582544
98,5.664461248674227E-8+5.110285749535647E-6i,5.66838267359704E-8+5.1138235267436035E-6i
98,3.7089467257820694E-7+3.4152158533888675E-6i,3.711514376170933E-7+3.4175801581261265E-6i
98,1.1256579925161587E-6-1.6315712753250316E-6i,1.126437269328662E-6-1.6327007886152675E-6i
98,1.2571053563501687E-6+1.0483473263420217E-6i,1.2579756322790834E-6+1.0490730820940349E-6i
98,4.280353232057778E-6+2.635591242344068E-7i,4.283316458939515E-6+2.637415824194017E-7i
98,5.860781711561212E-6-7.37288970165255E-8i,5.864839046312378E-6-7.377993846982517E-8i
98,1.5125999624321554E-5+4.204206603743853E-6i,1.5136471135963219E-5+4.207117115411741E-6i
98,0.07635300994764334+9.536585297410052E-15i,0.07640586803652345+9.543187338031751E-15i
98,0.0889929223410339+3.526496222436827E-16i,0.08905453085917915+3.5289375649705237E-16i
98,0.42489060906904835-7.099056879707334E-16i,0.4251847547169265-7.103971454519381E-16i
98,0.45906470997821963-1.98322031636449E-16i,0.45938251386386075-1.9845932712201416E-16i
98,0.5278157227663625,0.528181121987761
98,0.5419545674747219+8.765023635471245E-17i,0.5423297548146344+8.771091535069148E-17i
98,0.5923485920274112-7.573975198079018E-16i,0.5927586664245681-7.579218552001417E-16i
98,0.6052722840238722+3.221595600505433E-16i,0.6056913053068255+3.2238258647308257E-16i
98,0.7206360784244541+3.112317130824625E-16i,0.7211349644003927+3.114471743139674E-16i
98,0.7859606814114684,0.7865047906690183
98,0.7939886128007685+2.1501421325238824E-16i,0.7945382796795727+2.1516306449482617E-16i
98,0.8199293972644498+3.406911503959091E-16i,0.8204970225746471+3.409270059714869E-16i
98,0.8463958674009101+1.82276723147787E-15i,0.8469818150671189+1.8240291069742687E-15i
98,0.8548064110060366+4.88785708364702E-16i,0.8553981811704248+4.891240876693789E-16i
98,0.8641446524922216-5.021089077270947E-16i,0.8647428873866683-5.024565104907622E-16i
98,0.890101529495125-3.9012669506988015E-16i,0.8907177339615978-3.9039677416088977E-16i
98,0.9606170197143875-6.963740687514612E-16i,0.9612820410389251-6.968561584876107E-16i
98,0.9706042577242335+3.1017372555396144E-16i,0.9712761930697738+3.1038845435594125E-16i
98,0.9740539840949044-5.145794284439826E-16i,0.9747283076363158-5.149356643694978E-16i
98,0.9789570607551923-2.4077708039344804E-15i,0.9796347786259442-2.409437668976796E-15i
98,1.0339958568065448-7.378960089121401E-16i,1.0347116772429394-7.384068436893166E-16i
98,1.0393545314371044,1.040074061606751
98,1.0463132588663668+2.065131845331944E-16i,1.0470376064627684+2.0665615063591196E-16i
99,1.1637987939811779E-7+4.989460638433178E-6i,1.1646044751210963E-7+4.992914770157271E-6i
99,5.044028568046368E-7+3.269301594475454E-6i,5.047520476362052E-7+3.2715648848732412E-6i
99,1.1675902170380623E-6-1.5985849894090073E-6i,1.1683985229255455E-6-1.599691666768689E-6i
99,1.3692039309503956E-6+1.1011419266699514E-6i,1.3701518111076651E-6+1.1019042313632365E-6i
99,4.343505102162229E-6+2.0902695816354366E-7i,4.346512048173902E-6+2.0917166451553325E-7i
99,5.830749580156848E-6-3.716407440898466E-8i,5.834786124096072E-6-3.718980256232929E-8i
99,1.8608843560661887E-5+6.423970830595596E-6i,1.8621726194988417E-5+6.428418053060824E-6i
99,0.06553355843653913-1.7717115697258665E-14i,0.0655789263749982-1.772938100123119E-14i
99,0.07632756311717971-6.024922200048301E-15i,0.07638040358958567-6.029093166895113E-15i
99,0.4281725062230985+6.144168949306248E-16i,0.4284689238810989+6.1484224689597575E-16i
99,0.4642511355092392-7.981716527902447E-17i,0.4645725298825621-7.987242155273746E-17i
99,0.5243843729385427,0.524747396685886
99,0.5366453752530367,0.5370168871156559
99,0.5977987251645129-5.122318455718141E-16i,0.5982125726103286-5.125864562995251E-16i
99,0.6083268804460173+2.9602581040623804E-16i,0.6087480163820705+2.9623074481036947E-16i
99,0.7149247745013456+2.1382701567637724E-16i,0.7154197066238527+2.1397504503903553E-16i
99,0.7895903257703601,0.7901369477784128
99,0.7900324638368867,0.7905793919307537
99,0.8247793202302626+4.448853185654569E-16i,0.8253503030722632+4.451933062626848E-16i
99,0.854029614803367-5.853638136790062E-16i,0.8546208472029343-5.857690526147321E-16i
99,0.8604823717898359+4.907992561055606E-16i,0.8610780713401095+4.911390293603322E-16i
99,0.8658471660490986+8.9224773077188E-16i,0.866446579569155+8.928654210225796E-16i
99,0.8856411337002004+4.1751047550440784E-16i,0.8862542502989188+4.17799511992134E-16i
99,0.9591949675911847-8.473595402683397E-16i,0.9598590044495228-8.479461550713923E-16i
99,0.9692143362836044,0.969885309406554
99,0.9723330623987918,0.9730061945709039
99,0.9765190914657528-6.526736479396222E-16i,0.9771951215654858-6.531254845039719E-16i
99,1.026856831510328-5.192499001612241E-16i,1.0275677097023515-5.196093693870284E-16i
99,1.0388976296423988-2.0319778069123114E-16i,1.0396168435055149-2.0333845158762914E-16i
99,1.0390502699347326+7.40816654247257E-16i,1.0397695894685242+7.413295109451255E-16i
100,7.299826350207614E-8+5.009273444967369E-6i,7.304879914831893E-8+5.012741292812011E-6i
100,5.760677292970881E-7+3.29834933424958E-6i,5.764665326875115E-7+3.300632733979165E-6i
100,1.2441947358405E-6-1.605694000372931E-6i,1.2450560739328202E-6-1.6068055991984938E-6i
100,1.4424563805896217E-6+1.0969175357236507E-6i,1.443454972362535E-6+1.0976769159319386E-6i
100,4.363315835092346E-6+6.954559780777533E-8i,4.3663364957890425E-6+6.959374322329548E-8i
100,5.786339448933692E-6+2.6163542378062308E-8i,5.790345248378821E-6+2.618165502155058E-8i
100,2.284929589488635E-5+9.209485619121387E-6i,2.286511413327784E-5+9.215861213347854E-6i
100,0.05467280300397197+4.637288854953363E-14i,0.05471065219790015+4.6404991832249795E-14i
100,0.06363948149382075+4.310154282526222E-15i,0.06368353819009757+4.313138140245898E-15i
100,0.4311760914355598+1.113196998959129E-15i,0.43147458843233455+1.1139676492053002E-15i
100,0.46936906871806183+1.3429334514343554E-16i,0.46969400616281853+1.3438631449170965E-16i
100,0.5212618611619311,0.5216227232393528
100,0.5314304715302236-4.4388680944228543E-16i,0.531798373190119-4.441941058860314E-16i
100,0.6029666414864836-6.331596746492966E-16i,0.6033840666063223-6.335980019710468E-16i
100,0.611053474209342+3.2297666663545463E-16i,0.6114764977269795+3.2320025872911176E-16i
100,0.7094824336849963+1.8086556604571486E-16i,0.709973598153356+1.8099077667162144E-16i
100,0.78653672897368-2.2195620382903186E-16i,0.7870812370206591-2.221098609115429E-16i
100,0.7929873569740343-3.5883440136018297E-16i,0.7935363306978532-3.590828172470399E-16i
100,0.829527197942923,0.8301014676722683
100,0.8570584574842776-3.213174632905989E-16i,0.8576517867080007-3.2153990674168217E-16i
100,0.8609649714646627-1.4406399973519447E-15i,0.8615610051117389-1.4416373316689088E-15i
100,0.8766194065125095+3.8680822363631074E-16i,0.8772262774994588+3.870760053973513E-16i
100,0.8814099315041504+1.2378584905569821E-16i,0.8820201189025413+1.23871544215797E-16i
100,0.9582152982541702-9.422454008068234E-16i,0.9588786569015388-9.428977037242445E-16i
100,0.9680410678938184+3.2496785384836694E-16i,0.9687112287799631+3.251928244122475E-16i
100,0.9708693059115638+7.76375934946076E-16i,0.971541424746146+7.769134088217215E-16i
100,0.9742522764550277+7.761825483708958E-15i,0.9749267372713836+7.767198883678013E-15i
100,1.0159035174317375-6.541407201220991E-16i,1.0166068128022128-6.545935723193867E-16i
100,1.0321523944071351,1.0328669386410665
100,1.0424749141907292+4.136841631207942E-16i,1.0431966045564052+4.1397055070757737E-16i
101,4.835068096742749E-8+5.084452955538718E-6i,4.838415344734338E-8+5.087972849075527E-6i
101,6.730749944969719E-7+3.4033236005406587E-6i,6.735409546196508E-7+3.4056796724425855E-6i
101,1.3342647873341756E-6-1.6107114629582953E-6i,1.335188479625637E-6-1.6118265353009266E-6i
101,1.4827587560595135E-6+1.0990969350875906E-6i,1.4837852485863869E-6+1.0998578240626626E-6i
101,4.350340568484256E-6-8.969346093301028E-8i,4.353352246590796E-6-8.97555544239311E-8i
101,5.771840256846578E-6+9.671322771483551E-8i,5.775836018709894E-6+9.678018088917586E-8i
101,3.0477977787992178E-5+1.3969717224733895E-5i,3.0499077252962962E-5+1.3979388258727204E-5i
101,0.04377815811592349+1.700787450600825E-14i,0.043808465104138966+1.7019648812521078E-14i
101,0.05093297856776639+1.5710146966849552E-14i,0.0509682387351116+1.5721022875281492E-14i
101,0.4338209057889531+9.568385893373631E-17i,0.4341212337526047+9.575009949089811E-17i
101,0.47434391549428323-8.69297036220126E-17i,0.47467229695379787-8.698988380356046E-17i
101,0.5185249313615196-1.272779578633253E-16i,0.5188838987018675-1.2736607056004589E-16i
101,0.5263810540203961-3.3898012462658284E-16i,0.5267454600412891-3.3921479568366874E-16i
101,0.6076998544594738-4.024651859491882E-16i,0.6081205563144692-4.0274380679969087E-16i
101,0.6133919088409654+3.673243703128693E-16i,0.613816551223212+3.6757866368292956E-16i
101,0.7044941762562479+3.612612943279287E-16i,0.7049818874258483+3.6151139031782647E-16i
101,0.7835646936622223-2.6008500677656585E-16i,0.784107144211969-2.602650598800913E-16i
101,0.7960665080427878+5.966059371074513E-16i,0.7966176134185349+5.970189588032777E-16i
101,0.8341529135617004+7.56642669508304E-16i,0.8347303856073328+7.571664823285555E-16i
101,0.8539578070816998-1.097747852046018E-15i,0.8545489897698157-1.0985078070703345E-15i
101,0.8665072623969454-1.1532067630091179E-15i,0.8671071328921944-1.1540051114385783E-15i
101,0.8779289934935169-6.969503496534405E-16i,0.8785367710886678-6.974328383405567E-16i
101,0.8868708529561494-4.832748657518937E-16i,0.8874848208717939-4.836094299796164E-16i
101,0.9577915810769086-5.490745799889034E-16i,0.9584546463909794-5.494546964109118E-16i
101,0.9670833537100789+1.7497400303904441E-16i,0.9677528515844906+1.7509513502075265E-16i
101,0.9696665077669538-1.5006383784573176E-15i,0.9703377939217074-1.5016772487892116E-15i
101,0.9721738925322492+8.125840290397059E-16i,0.9728469145133555+8.131465692572951E-16i
101,1.0050272638239535+3.823401569379315E-16i,1.0057230297207345+3.826048455207617E-16i
101,1.0262601935719289+6.672255568407998E-16i,1.0269706587201026+6.676874674820537E-16i
101,1.0457915002575329,1.0465154866479658
102,6.839141018387043E-8+5.201671195979519E-6i,6.843875657192526E-8+5.205272238015593E-6i
102,7.766173987649301E-7+3.490794642728113E-6i,7.771550398024989E-7+3.493211269572478E-6i
102,1.3434163776300455E-6-1.6276812041707793E-6i,1.344346405435635E-6-1.6288080244207935E-6i
102,1.4921173103019856E-6+1.15628232689627E-6i,1.4931502816211461E-6+1.1570828044943045E-6i
102,4.333799170069313E-6-2.114945577022625E-7i,4.336799396804018E-6-2.1164097233786565E-7i
102,5.7500691979104556E-6+1.5807597064060214E-7i,5.754049887983295E-6+1.581854043579063E-7i
102,4.6922139835531225E-5+2.422307161008368E-5i,4.6954623357000415E-5+2.423984089361282E-5i
102,0.03285674459509352-1.1353163556618525E-13i,0.03287949084605743-1.1361023188200277E-13i
102,0.03821206518721752-1.3202204387269217E-14i,0.03823851884948105-1.3211344083181587E-14i
102,0.4360175580428627-2.0844929108048613E-15i,0.43631940671722563-2.0859359752187575E-15i
102,0.4790402615022868+2.573750279576367E-16i,0.47937189417448933+2.5755320498186446E-16i
102,0.5162598880205529,0.516617287304025
102,0.5216297051089344+5.542632382121954E-16i,0.5219908218394216+5.546469466675463E-16i
102,0.6117991627998995-5.361875937804289E-16i,0.6122227025470062-5.365587887275292E-16i
102,0.6152841626710642+2.2458686596870003E-16i,0.6157101150333784+2.247423442207142E-16i
102,0.7001799488293697+2.986277360263637E-16i,0.7006646733214713+2.988344717061198E-16i
102,0.7811769556657477-7.734898429713002E-16i,0.7817177532188763-7.740253188470474E-16i
102,0.7987128741291019,0.7992658115459681
102,0.8385945930978258-7.313680057926376E-16i,0.8391751400542162-7.318743213272939E-16i
102,0.8512950263875545-7.739059213985627E-16i,0.8518843656709548-7.744416853194111E-16i
102,0.8683065057978303-5.187896170235974E-15i,0.8689076218833666-5.191487676020162E-15i
102,0.8773658386916482+3.6476473473737555E-15i,0.8779732264228423+3.650172561085998E-15i
102,0.8962076028007114+6.195214946859486E-16i,0.8968280344137725+6.199503804921755E-16i
102,0.9581253410783346-1.715559306003779E-16i,0.9587886374496464-1.7167469629977604E-16i
102,0.9663399947000126+5.458685180688331E-16i,0.9670089779576903+5.462464149803592E-16i
102,0.9687277731772637+3.371291810506566E-16i,0.9693984094595838+3.3736257072616875E-16i
102,0.970338697771269+3.3102085851683753E-15i,0.9710104492734792+3.3125001948865323E-15i
102,0.9945250130059127-3.468447633373255E-16i,0.995213508345743-3.470848789704965E-16i
102,1.0214151185454463-6.339760989521721E-16i,1.0221222295179748-6.344149914727062E-16i
102,1.0487705797900135+1.9162699854273783E-16i,1.0494966285542915+1.9175965915333782E-16i
103,1.3543986164249694E-10-4.948507088926407E-6i,1.3553362470762716E-10-4.951932869098135E-6i
103,2.797567779185382E-10+4.426319747798877E-6i,2.7995044950584265E-10+4.429384025196735E-6i
103,9.485934605191225E-10-4.068129586850321E-6i,9.492501581068351E-10-4.070945894359678E-6i
103,1.229863164445434E-9+3.533362619649339E-6i,1.2307145809973318E-9+3.5358087156909117E-6i
103,3.3076965575049293E-9+4.628954402986907E-6i,3.309986428182522E-9+4.632158961437489E-6i
103,3.390830725345417E-9+2.8179015752347027E-6i,3.3931781486098133E-9+2.819852367901833E-6i
103,1.5852441139609268E-8+3.5920285329104154E-7i,1.5863415556247183E-8+3.5945152425186247E-7i
103,2.060206326980736E-8+1.7813944241672726E-6i,2.061632578142512E-8+1.7826276578651679E-6i
103,9.379439345265159E-7+2.8946835174131026E-8i,9.385932596007961E-7+2.8966874651127174E-8i
103,2.374805669413823E-6-8.546658494626849E-9i,2.3764497131683906E-6-8.552575223183413E-9i
103,3.217047161090881E-6-7.798986561128518E-9i,3.2192742764971902E-6-7.804385687176143E-9i
103,3.94504066669411E-6-6.382189487421264E-10i,3.947771761517205E-6-6.386607785264494E-10i
103,4.388264842145265E-6-3.24810960445131E-9i,4.39130277468014E-6-3.250358223939686E-9i
103,4.856076188340966E-6+1.2559079564226524E-10i,4.859437979931736E-6+1.2567774034088466E-10i
103,5.040630153204106E-6+5.519856651995164E-10i,5.044119708846151E-6+5.523677969238803E-10i
103,5.400432349194779E-6+1.3033902889485491E-10i,5.4041709907139606E-6+1.304292607269542E-10i
103,5.869529645135943E-6+2.0208175428742632E-10i,5.873593035955503E-6+2.0222165257482192E-10i
103,0.021915452645620295-5.883110731980074E-15i,0.021930624397782844-5.8871835247904136E-15i
103,0.025480530003159245+6.98310502911694E-15i,0.025498169807019536+6.987939332133171E-15i
103,0.43767415212196825-9.981096609155039E-16i,0.4379771476325481-9.98800637855443E-16i
103,0.4831922777953929,0.48352678484866307
103,0.5145561973265022,0.5149124171694494
103,0.5174400184518481,0.5177982347226173
103,0.6150199260205976-1.9381318938638342E-16i,0.6154456954556852-1.939473634654112E-16i
103,0.6166782793169788+2.5182796556373924E-16i,0.617105196806164+2.520023024365802E-16i
103,0.6967976662234404+4.608011956938688E-16i,0.6972800492100175+4.611202017235559E-16i
103,0.7794274822577651+2.081720226984522E-16i,0.7799670686756554+2.0831613719093513E-16i
103,0.8007815465120768-8.208021102760331E-16i,0.8013359160410334-8.213703397528763E-16i
103,0.8426908142641082-2.1294540421426387E-16i,0.8432741969754036-2.1309282325000703E-16i
103,0.8492147932544543-1.7641703408983494E-15i,0.8498026924224232-1.7653916506115202E-15i
104,1.1656908691274916E-10-4.948486179132712E-6i,1.1664978601237775E-10-4.9519119448288904E-6i
104,2.968690986267393E-10+4.061864213057413E-6i,2.9707461682715773E-10+4.06467618313875E-6i
104,4.409390741577121E-10+4.421244258227582E-6i,4.412443299267843E-10+4.424305021937125E-6i
104,1.752905901086884E-9+3.5230399255822202E-6i,1.7541194125906434E-9+3.525478875371395E-6i
104,4.917087312110329E-9-4.616888805159197E-6i,4.920491340823185E-9-4.620085010770214E-6i
104,7.081904232516081E-9+2.8117119135057875E-6i,7.0868069327975695E-9+2.813658421159268E-6i
104,1.7571755492358777E-8+4.42133598892377E-7i,1.7583920165555443E-8+4.4243968161371517E-7i
104,2.2951006204364556E-8+1.739755273554531E-6i,2.2966894855338108E-8+1.740959681068292E-6i
104,1.0059953019788999E-6+3.03475250512472E-8i,1.0066917380345504E-6+3.036853420566757E-8i
104,2.370157163911974E-6-8.359411193582415E-9i,2.371797989573147E-6-8.365198293529867E-9i
104,3.225759201978705E-6-4.644291923139399E-9i,3.227992348605419E-6-4.6475070995342375E-9i
104,3.951581101410007E-6-1.265622823272271E-9i,3.9543167240818374E-6-1.2664989957208371E-9i
104,4.387216684783968E-6-2.546279694050169E-9i,4.390253891694602E-6-2.548042446801816E-9i
104,4.859459856256999E-6-6.102251733827417E-10i,4.862823990312323E-6-6.106476234796491E-10i
104,5.041741443549655E-6+6.783976047811775E-10i,5.045231768521996E-6+6.788672496702811E-10i
104,5.412822553028381E-6+1.1554962242341224E-10i,5.4165697721071895E-6+1.1562961576246081E-10i
104,5.86996026003673E-6-8.870643339480317E-11i,5.874023948964783E-6-8.876784358077797E-11i
104,0.010961002000171102+3.66512528168576E-13i,0.010968590143956625+3.6676625951201474E-13i
104,0.012742000645148813+3.096403683655389E-14i,0.01275082174864+3.098547279320204E-14i
104,0.4387077703320727+8.413172553481154E-16i,0.43901148140164953+8.418996871643602E-16i
104,0.48627502225953884,0.4866116634523929
104,0.5134950258852355-9.820676724847688E-17i,0.5138505110944807-9.82747543787211E-17i
104,0.5143353221843769+1.3071655008689282E-16i,0.5146913891186451+1.3080704327147497E-16i
104,0.6170991198742097-1.7282978169697892E-16i,0.6175263287052501-1.7294942926514072E-16i
104,0.6175327608280495+1.0559112468838277E-16i,0.6179602698624754+1.0566422390290695E-16i
104,0.6946185764862615,0.6950994509204045
104,0.778359210502304,0.778898057371047
104,0.802113224143671+1.4203425070008727E-16i,0.8026685155738684+1.4213257896576628E-16i
104,0.8459956941523631+7.606647406730868E-16i,0.8465813647843966+7.611913379152656E-16i
104,0.8478762446199841+4.039188970084413E-16i,0.848463217130016+4.041985242421689E-16i
105,1.0227843232259843E-6i,1.0234923820791892E-6i
105,3.1928480060491504E-6i,3.1950583687290263E-6i
105,4.167520759531018E-6i,4.1704058741174376E-6i
105,4.907481207291047E-6i,4.910878585835919E-6i
105,3.2322462873082713E-7,3.234483924850709E-7
105,2.7566421345798124E-6,2.7585505182186527E-6
105,4.1247903060813915E-6,4.127645838990444E-6
105,5.145973100771775E-6,5.1495355838188975E-6
105,5.839378971884918E-6,5.8434214898277225E-6
105,0.43905947123881095,0.4393634257858591
105,0.487468878309252,0.4878063459914512
105,0.5131342575101581,0.5134894929646543
105,0.513134258433202,0.5134894938883372
105,0.6178206990247405,0.6182484073946322
105,0.6178206994991134,0.6182484078693334
105,0.6938632211550089,0.6943435726675374
105,0.7779999126816316,0.7785385108136692
105,0.8025748424906827,0.8031304534926119
105,0.847412343786393,0.8479989951445606
105,0.8474123530845247,0.8479990044491291
105,0.861857452347536,0.8624541038462707
105,0.8831245437033874,0.8837359181031039
105,0.9112494028162069,0.9118802476507333
105,0.9653863645116423,0.9660546875848781
105,0.9653863666497362,0.9660546897244522
105,0.9675166780852159,0.9681864759438503
105,0.9675166789021009,0.9681864767613009
105,0.9711437823140772,0.9718160911647187
105,1.0148156142445985,1.0155181564753692
105,1.0534344493739636,1.0541637268679689
